episode,ga,label,seed,generation,best,mean,std
1,route,覆盖路点巡回,1826701615,0,8144.77,13615,1477.26
1,route,覆盖路点巡回,1826701615,1,8144.77,12835.2,1472.26
1,route,覆盖路点巡回,1826701615,6,8124.55,11576,1760.4
1,route,覆盖路点巡回,1826701615,11,8124.55,11712.3,1613.63
1,route,覆盖路点巡回,1826701615,16,8124.55,11138.5,1734.54
1,route,覆盖路点巡回,1826701615,21,8124.55,10584.6,1744.96
1,route,覆盖路点巡回,1826701615,26,8116.69,10022.4,1620.59
1,route,覆盖路点巡回,1826701615,31,8116.69,10284.4,1651.11
1,route,覆盖路点巡回,1826701615,36,8116.69,10809.2,1643.68
1,route,覆盖路点巡回,1826701615,41,8116.69,11250.2,1766.99
1,route,覆盖路点巡回,1826701615,46,8116.69,10754.2,1830.89
1,route,覆盖路点巡回,1826701615,51,8116.69,10442.7,1633.37
1,route,覆盖路点巡回,1826701615,56,8116.69,10545.3,1984.64
1,route,覆盖路点巡回,1826701615,61,8116.69,10580.9,1602.66
1,route,覆盖路点巡回,1826701615,66,8116.69,10097.4,1671.82
1,route,覆盖路点巡回,1826701615,71,8116.69,9845.44,1560.45
1,route,覆盖路点巡回,1826701615,76,8116.69,9462.03,1478.07
1,route,覆盖路点巡回,1826701615,81,8116.69,9693,1665.09
1,route,覆盖路点巡回,1826701615,86,8116.69,9552.07,1548.86
1,route,覆盖路点巡回,1826701615,91,8116.69,9954.65,1606.71
1,route,覆盖路点巡回,1826701615,96,8116.69,9601.69,1440.02
1,route,覆盖路点巡回,1826701615,101,8116.69,9593.95,1441.09
1,route,覆盖路点巡回,1826701615,106,8116.69,9901.61,1680.69
1,route,覆盖路点巡回,1826701615,111,8116.69,9995.53,1686.1
1,route,覆盖路点巡回,1826701615,116,8116.69,9641.62,1668.27
1,route,覆盖路点巡回,1826701615,121,8116.69,9758.75,1376.38
1,route,覆盖路点巡回,1826701615,126,8116.69,9501.02,1614.63
1,route,覆盖路点巡回,1826701615,131,8116.69,9470.54,1527.98
1,route,覆盖路点巡回,1826701615,136,8116.69,9384.35,1629.17
1,route,覆盖路点巡回,1826701615,141,8116.69,9224.74,1459.7
1,route,覆盖路点巡回,1826701615,146,8116.69,9604.26,1697.76
1,route,覆盖路点巡回,1826701615,151,8116.69,9338.27,1616.16
1,route,覆盖路点巡回,1826701615,156,8116.69,9197.13,1434.01
1,route,覆盖路点巡回,1826701615,161,8116.69,9408.47,1590.57
1,route,覆盖路点巡回,1826701615,166,8116.69,9269.62,1526.15
1,route,覆盖路点巡回,1826701615,171,8116.69,9132.4,1509.02
1,route,覆盖路点巡回,1826701615,176,8116.69,9321.29,1600.4
1,route,覆盖路点巡回,1826701615,181,8116.69,9186.02,1400.98
1,route,覆盖路点巡回,1826701615,186,8116.69,9266.44,1556.22
1,route,覆盖路点巡回,1826701615,191,8116.69,9322.28,1532.42
1,route,覆盖路点巡回,1826701615,196,8116.69,9301,1605.6
1,route,覆盖路点巡回,1826701615,201,8116.69,8905,1254.84
1,route,覆盖路点巡回,1826701615,206,8116.69,8971.69,1426.17
1,route,覆盖路点巡回,1826701615,211,8116.69,9360.94,1568.42
1,route,覆盖路点巡回,1826701615,216,8116.69,9007.84,1341.31
1,route,覆盖路点巡回,1826701615,221,8116.69,9230.15,1440.71
1,route,覆盖路点巡回,1826701615,226,8116.69,9163.44,1510.46
1,route,覆盖路点巡回,1826701615,231,8116.69,9022.87,1457.11
1,route,覆盖路点巡回,1826701615,236,8116.69,8857.84,1188.65
1,route,覆盖路点巡回,1826701615,241,8116.69,8839.63,1254.61
1,route,覆盖路点巡回,1826701615,246,8116.69,9173.04,1573.1
1,route,覆盖路点巡回,1826701615,251,8116.69,8951.83,1498.98
1,route,覆盖路点巡回,1826701615,256,8116.69,8973.72,1401.42
1,route,覆盖路点巡回,1826701615,261,8116.69,9313.34,1683.46
1,route,覆盖路点巡回,1826701615,266,8116.69,8773.41,1187.52
1,route,覆盖路点巡回,1826701615,271,8116.69,9210.02,1421.46
1,route,覆盖路点巡回,1826701615,276,8116.69,9061.21,1364.93
1,route,覆盖路点巡回,1826701615,281,8116.69,8778.95,1234.71
1,route,覆盖路点巡回,1826701615,286,8116.69,8972.17,1466.37
1,route,覆盖路点巡回,1826701615,291,8116.69,8725.95,1182.24
1,route,覆盖路点巡回,1826701615,296,8116.69,8896.65,1333.62
1,route,覆盖路点巡回,1826701615,300,8116.69,9085.36,1453.38
1,localize,频道1,0,0,0.440044,126.491,64.0412
1,localize,频道1,0,1,0.440044,70.7609,39.2377
1,localize,频道1,0,6,0.440044,20.1022,16.8349
1,localize,频道1,0,11,0.440044,21.8587,24.4218
1,localize,频道1,0,16,0.437333,22.9788,23.56
1,localize,频道1,0,21,0.370931,20.742,21.3565
1,localize,频道1,0,26,0.344128,20.0957,23.3988
1,localize,频道1,0,31,0.344128,16.5119,19.8382
1,localize,频道1,0,36,0.344128,19.3878,20.8344
1,localize,频道1,0,41,0.344128,21.5406,24.3983
1,localize,频道1,0,46,0.339994,18.39,20.3327
1,localize,频道1,0,51,0.339038,19.1368,22.6253
1,localize,频道1,0,56,0.339038,19.7161,21.4477
1,localize,频道1,0,61,0.339038,18.1514,19.2405
1,localize,频道1,0,66,0.339038,21.1718,21.1503
1,localize,频道1,0,71,0.339038,17.5616,19.6123
1,localize,频道1,0,76,0.339038,17.7843,22.5665
1,localize,频道1,0,81,0.339038,18.3507,20.9631
1,localize,频道1,0,86,0.339038,15.3361,17.7915
1,localize,频道1,0,91,0.339038,15.5701,18.1923
1,localize,频道1,0,96,0.339038,17.6959,20.8138
1,localize,频道1,0,101,0.339038,15.302,20.6975
1,localize,频道1,0,106,0.339038,10.8314,12.9174
1,localize,频道1,0,111,0.339038,16.1231,19.2688
1,localize,频道1,0,116,0.339038,10.5777,13.3819
1,localize,频道1,0,121,0.339038,10.4531,14.1166
1,localize,频道1,0,126,0.339038,11.081,16.8695
1,localize,频道1,0,131,0.339032,9.3933,11.4636
1,localize,频道1,0,136,0.339032,7.75266,10.3798
1,localize,频道1,0,141,0.339032,7.99803,11.9636
1,localize,频道1,0,146,0.339032,6.88421,8.57956
1,localize,频道1,0,150,0.339032,4.4443,5.87444
1,localize,频道2,0,0,0.136365,125.759,59.5253
1,localize,频道2,0,1,0.136365,67.0981,47.0498
1,localize,频道2,0,6,0.111633,8.24115,8.96956
1,localize,频道2,0,11,0.103404,6.46308,7.36811
1,localize,频道2,0,16,0.0978128,6.48548,7.72874
1,localize,频道2,0,21,0.0978128,7.79914,9.11625
1,localize,频道2,0,26,0.0978128,6.03123,7.14366
1,localize,频道2,0,31,0.0976874,4.67035,5.55199
1,localize,频道2,0,36,0.0976874,5.58202,5.48948
1,localize,频道2,0,41,0.0976874,6.18263,6.72224
1,localize,频道2,0,46,0.0976874,5.0281,6.8158
1,localize,频道2,0,51,0.0976787,4.86331,5.11274
1,localize,频道2,0,56,0.0976787,4.7522,5.40258
1,localize,频道2,0,61,0.0974325,6.03645,6.62979
1,localize,频道2,0,66,0.0974088,5.67,5.24977
1,localize,频道2,0,71,0.0974088,5.07025,5.12401
1,localize,频道2,0,76,0.0973902,3.70052,3.97793
1,localize,频道2,0,81,0.0973902,3.47466,3.55544
1,localize,频道2,0,86,0.0973902,3.8553,4.43935
1,localize,频道2,0,91,0.0973902,3.93238,4.47734
1,localize,频道2,0,96,0.0973902,3.34947,3.42085
1,localize,频道2,0,101,0.0973777,3.21154,3.26187
1,localize,频道2,0,106,0.0973777,2.45661,2.67381
1,localize,频道2,0,111,0.0973777,3.10208,2.99367
1,localize,频道2,0,116,0.0973777,2.16769,2.26769
1,localize,频道2,0,121,0.0973774,1.96774,2.24872
1,localize,频道2,0,126,0.0973774,1.91885,1.91003
1,localize,频道2,0,131,0.0973774,1.89978,1.97312
1,localize,频道2,0,136,0.0973774,1.40119,1.45718
1,localize,频道2,0,141,0.0973774,1.28946,1.39469
1,localize,频道2,0,146,0.0973774,1.13375,1.12946
1,localize,频道2,0,150,0.0973774,0.827262,0.893678
1,localize,频道3,0,0,0.457327,135.137,60.4429
1,localize,频道3,0,1,0.457327,76.2099,36.3746
1,localize,频道3,0,6,0.456201,20.7611,20.2569
1,localize,频道3,0,11,0.451671,19.4508,23.0418
1,localize,频道3,0,16,0.440169,18.9909,21.5817
1,localize,频道3,0,21,0.42287,23.4818,28.6597
1,localize,频道3,0,26,0.42287,20.3628,24.8232
1,localize,频道3,0,31,0.41936,17.4012,24.446
1,localize,频道3,0,36,0.41936,20.5887,23.6426
1,localize,频道3,0,41,0.41936,18.44,22.763
1,localize,频道3,0,46,0.41936,15.1713,17.745
1,localize,频道3,0,51,0.409786,14.7957,19.9715
1,localize,频道3,0,56,0.409786,17.2132,20.7491
1,localize,频道3,0,61,0.409786,23.0738,28.4439
1,localize,频道3,0,66,0.409786,18.1746,20.0016
1,localize,频道3,0,71,0.409786,22.0911,26.1235
1,localize,频道3,0,76,0.409786,14.1326,19.6769
1,localize,频道3,0,81,0.4097,13.7337,14.6977
1,localize,频道3,0,86,0.409525,18.7933,23.1926
1,localize,频道3,0,91,0.409525,16.0388,21.6232
1,localize,频道3,0,96,0.409525,11.9281,13.6681
1,localize,频道3,0,101,0.409525,13.9438,18.8295
1,localize,频道3,0,106,0.409525,9.10183,12.741
1,localize,频道3,0,111,0.409525,10.0067,10.425
1,localize,频道3,0,116,0.409525,8.88699,15.2906
1,localize,频道3,0,121,0.409525,8.52827,14.2502
1,localize,频道3,0,126,0.409525,8.71367,10.5247
1,localize,频道3,0,131,0.409523,8.10142,12.166
1,localize,频道3,0,136,0.409523,4.98962,7.11522
1,localize,频道3,0,141,0.409523,5.27583,7.02842
1,localize,频道3,0,146,0.409523,4.92213,6.84757
1,localize,频道3,0,150,0.409523,3.71096,4.83718
1,localize,频道4,0,0,0.336977,141.701,64.7211
1,localize,频道4,0,1,0.336977,79.8803,45.3506
1,localize,频道4,0,6,0.2945,9.02706,9.29444
1,localize,频道4,0,11,0.267948,6.87124,7.84611
1,localize,频道4,0,16,0.264507,7.01966,8.64172
1,localize,频道4,0,21,0.264507,8.73128,9.93962
1,localize,频道4,0,26,0.258246,6.07798,7.37197
1,localize,频道4,0,31,0.258246,5.18617,6.50168
1,localize,频道4,0,36,0.258085,5.55546,5.99718
1,localize,频道4,0,41,0.258054,6.46353,7.4532
1,localize,频道4,0,46,0.258054,5.26764,6.57453
1,localize,频道4,0,51,0.258054,5.1992,5.31572
1,localize,频道4,0,56,0.258054,4.66929,5.27587
1,localize,频道4,0,61,0.258001,6.22638,7.28386
1,localize,频道4,0,66,0.25797,5.49268,5.52157
1,localize,频道4,0,71,0.25797,5.72317,5.96022
1,localize,频道4,0,76,0.25797,3.62802,4.07963
1,localize,频道4,0,81,0.257963,3.61343,3.60437
1,localize,频道4,0,86,0.257963,4.09441,4.91979
1,localize,频道4,0,91,0.257963,4.07211,4.85343
1,localize,频道4,0,96,0.257963,3.17767,3.15232
1,localize,频道4,0,101,0.25796,3.29195,3.50121
1,localize,频道4,0,106,0.25796,2.35111,2.89427
1,localize,频道4,0,111,0.25796,2.934,2.86076
1,localize,频道4,0,116,0.25796,2.15164,2.46546
1,localize,频道4,0,121,0.25796,2.00363,2.26988
1,localize,频道4,0,126,0.25796,1.97988,1.94034
1,localize,频道4,0,131,0.25796,2.10767,2.17655
1,localize,频道4,0,136,0.25796,1.36624,1.28455
1,localize,频道4,0,141,0.25796,1.31036,1.23949
1,localize,频道4,0,146,0.25796,1.23282,1.173
1,localize,频道4,0,150,0.25796,0.917816,0.839448
1,localize,频道5,0,0,0,124.456,50.9049
1,localize,频道5,0,1,0,80.6314,37.8682
1,localize,频道6,0,0,0.0471335,129.297,67.8747
1,localize,频道6,0,1,0.0471335,65.0302,44.6521
1,localize,频道6,0,6,0.0442034,8.64961,9.46821
1,localize,频道6,0,11,0.0429334,7.11603,7.54304
1,localize,频道6,0,16,0.0426528,7.60141,8.94584
1,localize,频道6,0,21,0.0426528,8.68427,10.2357
1,localize,频道6,0,26,0.0426528,6.04492,6.85471
1,localize,频道6,0,31,0.0426528,5.2112,6.67429
1,localize,频道6,0,36,0.0426528,6.17775,7.25242
1,localize,频道6,0,41,0.0426528,6.82783,7.63813
1,localize,频道6,0,46,0.0426438,5.55851,6.36743
1,localize,频道6,0,51,0.0426438,5.36095,5.54453
1,localize,频道6,0,56,0.0426438,4.83055,5.36414
1,localize,频道6,0,61,0.0426438,6.8589,7.76011
1,localize,频道6,0,66,0.0426438,5.77729,5.47689
1,localize,频道6,0,71,0.0426438,5.85849,6.25198
1,localize,频道6,0,76,0.0426438,4.02073,4.40316
1,localize,频道6,0,81,0.0426438,3.8606,3.98909
1,localize,频道6,0,86,0.0426438,4.2576,5.30164
1,localize,频道6,0,91,0.0426438,4.44819,5.10878
1,localize,频道6,0,96,0.0426438,3.72017,3.59903
1,localize,频道6,0,101,0.0426438,3.43568,3.75223
1,localize,频道6,0,106,0.0426438,2.62025,3.29918
1,localize,频道6,0,111,0.0426438,3.35795,3.52486
1,localize,频道6,0,116,0.0426438,2.39835,2.66324
1,localize,频道6,0,121,0.0426438,2.22109,2.71437
1,localize,频道6,0,126,0.0426438,2.03883,2.08579
1,localize,频道6,0,131,0.0426266,2.17792,2.4315
1,localize,频道6,0,136,0.0426266,1.5082,1.74854
1,localize,频道6,0,141,0.0426266,1.43054,1.47294
1,localize,频道6,0,146,0.0426266,1.24123,1.29005
1,localize,频道6,0,150,0.0426266,0.919289,1.01702
1,localize,频道7,0,0,0.00848367,149.335,70.0877
1,localize,频道7,0,1,0.00848367,89.9739,50.3788
1,localize,频道7,0,6,0.00848367,8.29637,9.2893
1,localize,频道7,0,11,0.0073626,6.67599,8.39004
1,localize,频道7,0,16,0.00727733,6.99426,8.88697
1,localize,频道7,0,21,0.00727733,7.19034,7.99188
1,localize,频道7,0,26,0.0064599,5.88443,7.00336
1,localize,频道7,0,31,0.0064599,4.67893,5.67676
1,localize,频道7,0,36,0.0064599,5.60915,6.43711
1,localize,频道7,0,41,0.0064599,6.31512,6.72371
1,localize,频道7,0,46,0.0064599,5.40468,7.50701
1,localize,频道7,0,51,0.0064599,4.94593,5.36132
1,localize,频道7,0,56,0.0064599,4.66428,5.70258
1,localize,频道7,0,61,0.00610685,5.45725,5.77244
1,localize,频道7,0,66,0.00610685,5.54384,4.99245
1,localize,频道7,0,71,0.00610685,4.95593,5.08229
1,localize,频道7,0,76,0.00610685,3.84686,4.26288
1,localize,频道7,0,81,0.00610685,3.78738,3.98821
1,localize,频道7,0,86,0.00600247,3.90552,4.34774
1,localize,频道7,0,91,0.00600247,3.85574,4.22457
1,localize,频道7,0,96,0.00600247,3.29802,3.70238
1,localize,频道7,0,101,0.00600247,3.21772,3.53176
1,localize,频道7,0,106,0.00600247,2.57053,2.94516
1,localize,频道7,0,111,0.00600247,3.0101,2.90571
1,localize,频道7,0,116,0.00600247,1.99013,2.15796
1,localize,频道7,0,121,0.00600247,1.93533,2.28324
1,localize,频道7,0,126,0.00600247,1.9413,1.96332
1,localize,频道7,0,131,0.00600247,1.93701,2.11691
1,localize,频道7,0,136,0.00600247,1.27492,1.41928
1,localize,频道7,0,141,0.00600247,1.28271,1.44906
1,localize,频道7,0,146,0.00600247,1.11534,1.2077
1,localize,频道7,0,150,0.00600247,0.769469,0.891939
1,localize,频道8,0,0,0.425692,136.206,71.9489
1,localize,频道8,0,1,0.425692,69.3505,50.2316
1,localize,频道8,0,6,0.332718,6.75882,7.52193
1,localize,频道8,0,11,0.332718,5.88001,6.64649
1,localize,频道8,0,16,0.31657,5.71276,6.25096
1,localize,频道8,0,21,0.31657,6.70405,8.24179
1,localize,频道8,0,26,0.316038,4.85915,6.06043
1,localize,频道8,0,31,0.315972,3.92186,4.87445
1,localize,频道8,0,36,0.315958,4.82406,6.02614
1,localize,频道8,0,41,0.315958,5.21531,5.88538
1,localize,频道8,0,46,0.315952,4.17155,5.05325
1,localize,频道8,0,51,0.315929,3.90174,4.3099
1,localize,频道8,0,56,0.315929,3.74193,4.56454
1,localize,频道8,0,61,0.315929,5.08248,5.90215
1,localize,频道8,0,66,0.315929,4.47269,4.95564
1,localize,频道8,0,71,0.315929,4.27834,4.43716
1,localize,频道8,0,76,0.315929,3.33194,3.5803
1,localize,频道8,0,81,0.31589,2.61072,2.98025
1,localize,频道8,0,86,0.31589,3.21242,4.03392
1,localize,频道8,0,91,0.31589,3.35679,3.97969
1,localize,频道8,0,96,0.31589,2.80353,2.98617
1,localize,频道8,0,101,0.31589,2.57771,2.74505
1,localize,频道8,0,106,0.31589,1.95846,2.21478
1,localize,频道8,0,111,0.31589,2.34478,2.08917
1,localize,频道8,0,116,0.31589,1.7292,1.90023
1,localize,频道8,0,121,0.31589,1.6608,1.85018
1,localize,频道8,0,126,0.31589,1.5948,1.66365
1,localize,频道8,0,131,0.315889,1.58992,1.51064
1,localize,频道8,0,136,0.315889,1.08489,1.09407
1,localize,频道8,0,141,0.315889,1.08302,0.983001
1,localize,频道8,0,146,0.315889,0.949208,0.750079
1,localize,频道8,0,150,0.315888,0.727367,0.624416
1,localize,频道9,0,0,0.129704,124.873,58.2952
1,localize,频道9,0,1,0.129704,70.5596,46.3855
1,localize,频道9,0,6,0.129704,8.79618,9.28505
1,localize,频道9,0,11,0.102597,6.85044,7.77567
1,localize,频道9,0,16,0.102368,6.8554,8.43472
1,localize,频道9,0,21,0.102359,8.07076,9.18305
1,localize,频道9,0,26,0.102359,6.27694,8.4049
1,localize,频道9,0,31,0.0972903,4.95004,5.9906
1,localize,频道9,0,36,0.0972903,5.80087,6.33503
1,localize,频道9,0,41,0.0972903,6.73665,7.10825
1,localize,频道9,0,46,0.0972337,5.46765,7.25907
1,localize,频道9,0,51,0.0972337,4.7353,5.37145
1,localize,频道9,0,56,0.0972337,4.76991,5.54413
1,localize,频道9,0,61,0.0972337,6.0558,6.87225
1,localize,频道9,0,66,0.0972337,5.55699,5.33463
1,localize,频道9,0,71,0.0972337,5.34115,5.32984
1,localize,频道9,0,76,0.0972337,3.95743,4.18494
1,localize,频道9,0,81,0.0972337,3.78612,4.04296
1,localize,频道9,0,86,0.0970499,4.0881,4.50055
1,localize,频道9,0,91,0.0970031,4.1494,4.48224
1,localize,频道9,0,96,0.0970031,3.34009,3.76848
1,localize,频道9,0,101,0.0970031,3.39513,3.76261
1,localize,频道9,0,106,0.0970031,2.66749,3.11002
1,localize,频道9,0,111,0.0970031,3.13903,3.25144
1,localize,频道9,0,116,0.0970031,2.12153,2.31723
1,localize,频道9,0,121,0.0970031,1.95824,2.20463
1,localize,频道9,0,126,0.0970031,1.97776,1.92505
1,localize,频道9,0,131,0.0970024,2.0715,2.12193
1,localize,频道9,0,136,0.0970024,1.38705,1.47497
1,localize,频道9,0,141,0.0970024,1.30865,1.4053
1,localize,频道9,0,146,0.0970024,1.13337,1.26338
1,localize,频道9,0,150,0.0970022,0.839295,0.912779
1,localize,频道10,0,0,0.0257349,136.274,74.6373
1,localize,频道10,0,1,0.0257349,63.4798,47.1724
1,localize,频道10,0,6,0.0257349,7.1131,7.7724
1,localize,频道10,0,11,0.0247528,5.8698,7.10277
1,localize,频道10,0,16,0.0247528,6.20187,7.4025
1,localize,频道10,0,21,0.0228275,6.59024,7.39062
1,localize,频道10,0,26,0.0228275,5.30731,7.37444
1,localize,频道10,0,31,0.0201884,4.0905,5.41856
1,localize,频道10,0,36,0.0201884,4.96596,5.90223
1,localize,频道10,0,41,0.0201884,5.62342,6.72012
1,localize,频道10,0,46,0.0200252,4.1961,4.99813
1,localize,频道10,0,51,0.0193718,4.32293,5.04583
1,localize,频道10,0,56,0.0193718,3.73101,4.4941
1,localize,频道10,0,61,0.0193718,5.19596,6.20117
1,localize,频道10,0,66,0.0193718,4.69452,5.11106
1,localize,频道10,0,71,0.0193718,4.24992,4.7896
1,localize,频道10,0,76,0.0193718,3.35553,4.1373
1,localize,频道10,0,81,0.0193718,3.0945,3.44247
1,localize,频道10,0,86,0.0193718,3.35915,3.78731
1,localize,频道10,0,91,0.0193718,3.49656,4.1759
1,localize,频道10,0,96,0.0193718,2.85149,2.97571
1,localize,频道10,0,101,0.0193718,2.52929,3.21914
1,localize,频道10,0,106,0.0193718,1.92389,2.48781
1,localize,频道10,0,111,0.0192258,2.36596,2.75222
1,localize,频道10,0,116,0.0192258,1.66857,1.9649
1,localize,频道10,0,121,0.0192258,1.44858,1.73003
1,localize,频道10,0,126,0.0191952,1.5384,1.84556
1,localize,频道10,0,131,0.0191952,1.58555,1.76596
1,localize,频道10,0,136,0.0191952,1.11553,1.247
1,localize,频道10,0,141,0.0191952,0.983741,1.05486
1,localize,频道10,0,146,0.0191952,0.82277,0.909545
1,localize,频道10,0,150,0.0191952,0.575442,0.645895
1,localize,频道12,0,0,0.0499414,133.957,73.4388
1,localize,频道12,0,1,0.0499414,70.1444,49.1525
1,localize,频道12,0,6,0.0499414,19.4029,24.3004
1,localize,频道12,0,11,0.0409146,13.7361,19.4933
1,localize,频道12,0,16,0.0409146,15.6074,21.207
1,localize,频道12,0,21,0.0409146,15.8916,21.0995
1,localize,频道12,0,26,0.0409146,13.3247,17.372
1,localize,频道12,0,31,0.0401231,12.0679,20.9764
1,localize,频道12,0,36,0.0401231,12.9321,17.6247
1,localize,频道12,0,41,0.0401231,14.4913,21.9799
1,localize,频道12,0,46,0.0401231,11.3265,15.7729
1,localize,频道12,0,51,0.0401231,14.4805,21.8305
1,localize,频道12,0,56,0.0401231,9.82738,16.2149
1,localize,频道12,0,61,0.0401231,15.4692,18.7375
1,localize,频道12,0,66,0.0401231,12.5465,15.1118
1,localize,频道12,0,71,0.0401231,14.6463,20.4635
1,localize,频道12,0,76,0.0401231,9.32441,12.4403
1,localize,频道12,0,81,0.0401231,7.27956,11.0004
1,localize,频道12,0,86,0.0401231,8.3067,11.523
1,localize,频道12,0,91,0.0401231,10.0023,16.0458
1,localize,频道12,0,96,0.0401231,6.13612,6.32369
1,localize,频道12,0,101,0.0401231,7.56043,9.08459
1,localize,频道12,0,106,0.0400986,5.59895,8.91479
1,localize,频道12,0,111,0.0400756,8.04967,13.4219
1,localize,频道12,0,116,0.0400756,4.79816,6.63674
1,localize,频道12,0,121,0.0400756,4.04658,5.17742
1,localize,频道12,0,126,0.0400756,4.73009,6.12641
1,localize,频道12,0,131,0.0400756,4.39137,5.96604
1,localize,频道12,0,136,0.0400756,3.20664,4.52461
1,localize,频道12,0,141,0.0400756,2.91065,3.70665
1,localize,频道12,0,146,0.0400756,2.40799,2.54653
1,localize,频道12,0,150,0.0400756,1.65628,2.20716
1,localize,频道13,0,0,0.507591,114.825,56.5023
1,localize,频道13,0,1,0.507591,61.0235,37.6778
1,localize,频道13,0,6,0.507591,8.82539,9.2462
1,localize,频道13,0,11,0.461992,6.83221,7.45179
1,localize,频道13,0,16,0.460998,7.29263,8.63988
1,localize,频道13,0,21,0.455,7.70199,7.75113
1,localize,频道13,0,26,0.455,6.2832,7.86064
1,localize,频道13,0,31,0.455,5.08212,6.44709
1,localize,频道13,0,36,0.454931,5.90857,6.5854
1,localize,频道13,0,41,0.454898,6.61007,7.17359
1,localize,频道13,0,46,0.454898,5.23159,5.96972
1,localize,频道13,0,51,0.454834,5.10531,5.28003
1,localize,频道13,0,56,0.454834,4.90121,5.17901
1,localize,频道13,0,61,0.454834,6.29743,7.27941
1,localize,频道13,0,66,0.454834,5.88478,6.02607
1,localize,频道13,0,71,0.454834,5.38777,5.54072
1,localize,频道13,0,76,0.454834,3.90969,4.27053
1,localize,频道13,0,81,0.454834,3.99139,4.05699
1,localize,频道13,0,86,0.454826,4.0355,4.28956
1,localize,频道13,0,91,0.454826,4.21183,4.43605
1,localize,频道13,0,96,0.454826,3.42261,3.48123
1,localize,频道13,0,101,0.454826,3.56123,3.72744
1,localize,频道13,0,106,0.454826,2.66252,2.95588
1,localize,频道13,0,111,0.454804,3.14097,2.89196
1,localize,频道13,0,116,0.454804,2.10576,2.07333
1,localize,频道13,0,121,0.454804,1.97655,1.94071
1,localize,频道13,0,126,0.454802,2.11379,1.96966
1,localize,频道13,0,131,0.454801,2.13388,1.9188
1,localize,频道13,0,136,0.454801,1.4764,1.40522
1,localize,频道13,0,141,0.454801,1.40798,1.28477
1,localize,频道13,0,146,0.454801,1.29656,1.05091
1,localize,频道13,0,150,0.454801,0.998977,0.758654
1,localize,频道14,0,0,0.149372,120.894,60.6258
1,localize,频道14,0,1,0.149372,62.0699,39.4448
1,localize,频道14,0,6,0.148299,12.4152,16.049
1,localize,频道14,0,11,0.144587,8.34374,9.93171
1,localize,频道14,0,16,0.142105,8.52098,10.435
1,localize,频道14,0,21,0.142084,11.9282,17.2871
1,localize,频道14,0,26,0.142084,7.52029,10.2012
1,localize,频道14,0,31,0.142084,6.72317,8.26239
1,localize,频道14,0,36,0.142084,7.36227,8.18746
1,localize,频道14,0,41,0.142084,8.57309,10.1487
1,localize,频道14,0,46,0.142084,6.93025,8.70637
1,localize,频道14,0,51,0.142084,6.06099,7.10903
1,localize,频道14,0,56,0.142084,6.19874,7.54922
1,localize,频道14,0,61,0.141999,8.59538,12.1871
1,localize,频道14,0,66,0.141999,7.13788,7.73847
1,localize,频道14,0,71,0.141999,7.24137,8.17719
1,localize,频道14,0,76,0.141999,4.55809,5.48251
1,localize,频道14,0,81,0.141999,5.08998,5.7454
1,localize,频道14,0,86,0.141999,5.90628,7.88883
1,localize,频道14,0,91,0.141999,5.72244,7.39778
1,localize,频道14,0,96,0.141999,4.0174,4.79474
1,localize,频道14,0,101,0.141999,3.99508,4.56379
1,localize,频道14,0,106,0.141999,3.56252,4.91642
1,localize,频道14,0,111,0.141999,4.10339,4.18902
1,localize,频道14,0,116,0.141999,2.61723,3.2043
1,localize,频道14,0,121,0.141999,2.48706,3.03213
1,localize,频道14,0,126,0.141999,2.58501,2.43282
1,localize,频道14,0,131,0.141994,2.70847,3.03364
1,localize,频道14,0,136,0.141994,1.76161,1.91371
1,localize,频道14,0,141,0.141994,1.65725,1.88525
1,localize,频道14,0,146,0.141994,1.54172,1.91518
1,localize,频道14,0,150,0.141994,1.07996,1.27187
1,localize,频道16,0,0,0.265327,115.767,53.4834
1,localize,频道16,0,1,0.265327,65.0608,38.5481
1,localize,频道16,0,6,0.240042,15.2978,19.0071
1,localize,频道16,0,11,0.226186,12.1081,19.5724
1,localize,频道16,0,16,0.214446,10.8908,14.6258
1,localize,频道16,0,21,0.213989,11.7054,16.5497
1,localize,频道16,0,26,0.213989,12.622,23.3044
1,localize,频道16,0,31,0.213866,7.39291,11.0368
1,localize,频道16,0,36,0.213866,8.98915,13.327
1,localize,频道16,0,41,0.213666,11.3974,18.3524
1,localize,频道16,0,46,0.213666,8.75032,13.2298
1,localize,频道16,0,51,0.213666,8.4955,14.8823
1,localize,频道16,0,56,0.213666,7.45744,10.8158
1,localize,频道16,0,61,0.213655,7.94946,11.5695
1,localize,频道16,0,66,0.213653,8.8895,14.7975
1,localize,频道16,0,71,0.213653,6.49683,7.9497
1,localize,频道16,0,76,0.213653,5.46237,9.63004
1,localize,频道16,0,81,0.213653,6.12772,7.03941
1,localize,频道16,0,86,0.213653,6.11661,7.32083
1,localize,频道16,0,91,0.213653,6.28614,7.22842
1,localize,频道16,0,96,0.213653,5.20316,8.19778
1,localize,频道16,0,101,0.213653,4.53528,6.52916
1,localize,频道16,0,106,0.213653,4.13728,6.04693
1,localize,频道16,0,111,0.213653,4.86925,6.40634
1,localize,频道16,0,116,0.213653,2.63302,3.78848
1,localize,频道16,0,121,0.213653,2.76682,3.997
1,localize,频道16,0,126,0.213653,2.74403,3.23016
1,localize,频道16,0,131,0.213653,3.22117,4.08443
1,localize,频道16,0,136,0.213653,1.85558,2.33916
1,localize,频道16,0,141,0.213653,1.81661,2.38007
1,localize,频道16,0,146,0.213653,1.76374,2.39658
1,localize,频道16,0,150,0.213653,1.19955,1.66839
1,localize,频道18,0,0,0.353316,128.124,57.6088
1,localize,频道18,0,1,0.353316,70.0468,36.188
1,localize,频道18,0,6,0.353316,15.6435,19.5818
1,localize,频道18,0,11,0.250038,10.9831,13.9655
1,localize,频道18,0,16,0.237198,11.5785,15.2544
1,localize,频道18,0,21,0.23486,14.5802,20.3467
1,localize,频道18,0,26,0.23486,10.3045,15.9828
1,localize,频道18,0,31,0.231761,8.74931,12.6935
1,localize,频道18,0,36,0.231761,9.54487,12.6574
1,localize,频道18,0,41,0.231761,11.6255,13.4337
1,localize,频道18,0,46,0.231761,8.55229,10.1386
1,localize,频道18,0,51,0.231761,8.81095,10.8258
1,localize,频道18,0,56,0.231761,8.18773,9.84499
1,localize,频道18,0,61,0.231761,10.3181,17.5387
1,localize,频道18,0,66,0.231761,9.48822,13.3144
1,localize,频道18,0,71,0.231761,8.42285,9.96108
1,localize,频道18,0,76,0.231761,5.92494,7.46602
1,localize,频道18,0,81,0.231748,6.69804,7.29486
1,localize,频道18,0,86,0.231735,6.52803,7.2462
1,localize,频道18,0,91,0.231735,6.97651,7.82502
1,localize,频道18,0,96,0.231735,6.03836,6.74569
1,localize,频道18,0,101,0.231735,4.75599,5.74978
1,localize,频道18,0,106,0.231734,4.5243,6.01319
1,localize,频道18,0,111,0.231734,5.15401,5.73435
1,localize,频道18,0,116,0.231734,3.13699,3.78844
1,localize,频道18,0,121,0.231734,2.82591,3.34188
1,localize,频道18,0,126,0.231734,3.08505,3.30837
1,localize,频道18,0,131,0.231734,3.13836,3.78562
1,localize,频道18,0,136,0.231734,2.05918,2.45401
1,localize,频道18,0,141,0.231734,2.08898,2.55679
1,localize,频道18,0,146,0.231734,1.82329,2.18134
1,localize,频道18,0,150,0.231734,1.33094,1.53592
1,localize,频道20,0,0,0.0315258,140.64,65.8826
1,localize,频道20,0,1,0.0315258,79.7599,45.8218
1,localize,频道20,0,6,0.0315258,9.957,10.9924
1,localize,频道20,0,11,0.0295591,7.414,8.53347
1,localize,频道20,0,16,0.0295591,7.09377,8.32747
1,localize,频道20,0,21,0.0294475,9.24854,12.2254
1,localize,频道20,0,26,0.0294475,6.21453,7.51716
1,localize,频道20,0,31,0.0294475,5.07435,6.15554
1,localize,频道20,0,36,0.0294475,6.45236,7.5112
1,localize,频道20,0,41,0.0294475,6.72041,7.2802
1,localize,频道20,0,46,0.0293337,5.65638,7.30543
1,localize,频道20,0,51,0.0293337,5.27829,5.54275
1,localize,频道20,0,56,0.0293337,4.94574,5.87242
1,localize,频道20,0,61,0.0293072,6.51199,8.14278
1,localize,频道20,0,66,0.0292984,5.82824,6.156
1,localize,频道20,0,71,0.0292984,5.80551,6.01825
1,localize,频道20,0,76,0.0292984,3.86116,4.288
1,localize,频道20,0,81,0.0292984,4.05399,4.60667
1,localize,频道20,0,86,0.0292984,4.49589,5.42364
1,localize,频道20,0,91,0.0292984,4.35036,4.56032
1,localize,频道20,0,96,0.0292984,3.63905,4.2323
1,localize,频道20,0,101,0.0292984,3.63349,4.16456
1,localize,频道20,0,106,0.0292984,2.90995,3.39467
1,localize,频道20,0,111,0.0292984,3.21575,3.04584
1,localize,频道20,0,116,0.0292984,2.20942,2.33766
1,localize,频道20,0,121,0.0292984,1.9865,2.45319
1,localize,频道20,0,126,0.0292984,1.99432,1.92218
1,localize,频道20,0,131,0.0292827,2.10146,2.16947
1,localize,频道20,0,136,0.0292779,1.38455,1.48584
1,localize,频道20,0,141,0.0292779,1.36687,1.51841
1,localize,频道20,0,146,0.0292779,1.17097,1.35704
1,localize,频道20,0,150,0.0292779,0.838858,0.99262
1,route,清除顺序,1367864807,0,9935.46,26900,3046.97
1,route,清除顺序,1367864807,1,9935.46,24754.1,3811.97
1,route,清除顺序,1367864807,6,9935.46,17356.7,3610.72
1,route,清除顺序,1367864807,11,9935.46,14398.2,3035.7
1,route,清除顺序,1367864807,16,9935.46,13020.3,2769.83
1,route,清除顺序,1367864807,21,9935.46,12704.6,2565.21
1,route,清除顺序,1367864807,26,9935.46,13098.5,3103.05
1,route,清除顺序,1367864807,31,9935.46,12049,2550.77
1,route,清除顺序,1367864807,36,9935.46,12304.4,2763.48
1,route,清除顺序,1367864807,41,9935.46,13303.6,3383.26
1,route,清除顺序,1367864807,46,9935.46,12716,2802.8
1,route,清除顺序,1367864807,51,9935.46,13002.3,2990.13
1,route,清除顺序,1367864807,56,9935.46,12367.5,2747.07
1,route,清除顺序,1367864807,61,9935.46,12624.4,3094.86
1,route,清除顺序,1367864807,66,9935.46,12208.8,2892.25
1,route,清除顺序,1367864807,71,9935.46,12304.4,2691.9
1,route,清除顺序,1367864807,76,9935.46,12129.8,2609.9
1,route,清除顺序,1367864807,81,9935.46,11690.2,2285.04
1,route,清除顺序,1367864807,86,9935.46,12266.6,2680.05
1,route,清除顺序,1367864807,91,9935.46,12387.5,2842.81
1,route,清除顺序,1367864807,96,9935.46,11613.5,2437.1
1,route,清除顺序,1367864807,101,9935.46,12319.7,2696.76
1,route,清除顺序,1367864807,106,9935.46,12242.4,2570.6
1,route,清除顺序,1367864807,111,9935.46,11836.1,2417.13
1,route,清除顺序,1367864807,116,9935.46,11920.7,2488.81
1,route,清除顺序,1367864807,121,9935.46,11968.9,2603.29
1,route,清除顺序,1367864807,126,9935.46,11789.4,2438.57
1,route,清除顺序,1367864807,131,9935.46,11590.3,2217.95
1,route,清除顺序,1367864807,136,9935.46,12463.9,2858.87
1,route,清除顺序,1367864807,141,9935.46,11394.3,2316.41
1,route,清除顺序,1367864807,146,9935.46,11639.7,2485.22
1,route,清除顺序,1367864807,151,9935.46,11663.6,2257.75
1,route,清除顺序,1367864807,156,9935.46,12006.3,2521.64
1,route,清除顺序,1367864807,161,9935.46,11635,2069.8
1,route,清除顺序,1367864807,166,9935.46,11519.9,2413.35
1,route,清除顺序,1367864807,171,9935.46,11828.7,2489.37
1,route,清除顺序,1367864807,176,9935.46,11417.7,2114.07
1,route,清除顺序,1367864807,181,9935.46,11750.7,2656.39
1,route,清除顺序,1367864807,186,9935.46,11859.3,2476.45
1,route,清除顺序,1367864807,191,9935.46,11431.5,2231.84
1,route,清除顺序,1367864807,196,9935.46,11503.4,2501.59
1,route,清除顺序,1367864807,201,9935.46,11837.8,2451.87
1,route,清除顺序,1367864807,206,9935.46,11712.7,2565.02
1,route,清除顺序,1367864807,211,9935.46,11624.3,2260.52
1,route,清除顺序,1367864807,216,9935.46,11284.2,2117.49
1,route,清除顺序,1367864807,221,9935.46,11536.2,2172.01
1,route,清除顺序,1367864807,226,9935.46,11336.3,2282.84
1,route,清除顺序,1367864807,231,9935.46,11094,1778.12
1,route,清除顺序,1367864807,236,9935.46,11221.9,2234.28
1,route,清除顺序,1367864807,241,9935.46,11149.3,2111.66
1,route,清除顺序,1367864807,246,9935.46,11369.1,2113.44
1,route,清除顺序,1367864807,251,9935.46,11173.5,2040.23
1,route,清除顺序,1367864807,256,9935.46,11516.2,2419.71
1,route,清除顺序,1367864807,261,9935.46,11410.2,2345.05
1,route,清除顺序,1367864807,266,9935.46,10906.8,1907.85
1,route,清除顺序,1367864807,271,9935.46,10777.8,1708.44
1,route,清除顺序,1367864807,276,9935.46,11187.3,2204.41
1,route,清除顺序,1367864807,281,9935.46,11114.1,1988.44
1,route,清除顺序,1367864807,286,9935.46,10878.4,2086.12
1,route,清除顺序,1367864807,291,9935.46,11450.8,2381.28
1,route,清除顺序,1367864807,296,9935.46,11509.3,2554.1
1,route,清除顺序,1367864807,300,9935.46,11020.2,1938.21
2,route,覆盖路点巡回,1016164991,0,8144.77,13769.1,1462.97
2,route,覆盖路点巡回,1016164991,1,8144.77,13134.1,1690.72
2,route,覆盖路点巡回,1016164991,6,8144.77,11831.1,1698
2,route,覆盖路点巡回,1016164991,11,8124.55,11359.6,1714.63
2,route,覆盖路点巡回,1016164991,16,8124.55,11615.7,1652.51
2,route,覆盖路点巡回,1016164991,21,8116.69,11260.4,1638.77
2,route,覆盖路点巡回,1016164991,26,8116.69,11186.3,1889.61
2,route,覆盖路点巡回,1016164991,31,8116.69,10729,1561.38
2,route,覆盖路点巡回,1016164991,36,8116.69,10775.7,1691.19
2,route,覆盖路点巡回,1016164991,41,8116.69,9681.12,1373.7
2,route,覆盖路点巡回,1016164991,46,8116.69,10034.7,1569.02
2,route,覆盖路点巡回,1016164991,51,8116.69,9737.08,1542.06
2,route,覆盖路点巡回,1016164991,56,8116.69,10122.7,1816.56
2,route,覆盖路点巡回,1016164991,61,8116.69,9989.28,1630.84
2,route,覆盖路点巡回,1016164991,66,8116.69,9710.52,1742.98
2,route,覆盖路点巡回,1016164991,71,8116.69,9809.42,1773.86
2,route,覆盖路点巡回,1016164991,76,8116.69,9880.53,1787.24
2,route,覆盖路点巡回,1016164991,81,8116.69,9973.73,1775.07
2,route,覆盖路点巡回,1016164991,86,8116.69,9439.9,1434.45
2,route,覆盖路点巡回,1016164991,91,8116.69,10072.4,1729.28
2,route,覆盖路点巡回,1016164991,96,8116.69,9938.94,1572.96
2,route,覆盖路点巡回,1016164991,101,8116.69,9849.28,1672.69
2,route,覆盖路点巡回,1016164991,106,8116.69,9590.72,1563.06
2,route,覆盖路点巡回,1016164991,111,8116.69,9744.66,1796.8
2,route,覆盖路点巡回,1016164991,116,8116.69,9568.89,1617.51
2,route,覆盖路点巡回,1016164991,121,8116.69,9471.29,1482.09
2,route,覆盖路点巡回,1016164991,126,8116.69,9423.89,1639.97
2,route,覆盖路点巡回,1016164991,131,8116.69,9404.85,1568.45
2,route,覆盖路点巡回,1016164991,136,8116.69,9537.81,1599.5
2,route,覆盖路点巡回,1016164991,141,8116.69,9347.4,1480.62
2,route,覆盖路点巡回,1016164991,146,8116.69,9290.59,1533.6
2,route,覆盖路点巡回,1016164991,151,8116.69,9181.83,1471.93
2,route,覆盖路点巡回,1016164991,156,8116.69,9630.66,1615.62
2,route,覆盖路点巡回,1016164991,161,8116.69,9570.2,1767.92
2,route,覆盖路点巡回,1016164991,166,8116.69,9413.72,1561.59
2,route,覆盖路点巡回,1016164991,171,8116.69,9524.97,1726.56
2,route,覆盖路点巡回,1016164991,176,8116.69,9372.84,1595.38
2,route,覆盖路点巡回,1016164991,181,8116.69,9450.66,1549.28
2,route,覆盖路点巡回,1016164991,186,8116.69,9424.13,1508.19
2,route,覆盖路点巡回,1016164991,191,8116.69,9270.41,1597.35
2,route,覆盖路点巡回,1016164991,196,8116.69,9206.17,1530.45
2,route,覆盖路点巡回,1016164991,201,8116.69,8905.73,1213.68
2,route,覆盖路点巡回,1016164991,206,8116.69,9062.76,1429
2,route,覆盖路点巡回,1016164991,211,8116.69,9712.54,1755.06
2,route,覆盖路点巡回,1016164991,216,8116.69,9029.04,1397.86
2,route,覆盖路点巡回,1016164991,221,8116.69,9489.52,1661.86
2,route,覆盖路点巡回,1016164991,226,8116.69,9114.85,1453.62
2,route,覆盖路点巡回,1016164991,231,8116.69,8963.03,1349.03
2,route,覆盖路点巡回,1016164991,236,8116.69,9150.3,1437.76
2,route,覆盖路点巡回,1016164991,241,8116.69,9044.97,1597.12
2,route,覆盖路点巡回,1016164991,246,8116.69,9147.18,1523.58
2,route,覆盖路点巡回,1016164991,251,8116.69,9276.7,1635.56
2,route,覆盖路点巡回,1016164991,256,8116.69,9028.53,1470.82
2,route,覆盖路点巡回,1016164991,261,8116.69,8867.82,1337.96
2,route,覆盖路点巡回,1016164991,266,8116.69,9053.66,1510.82
2,route,覆盖路点巡回,1016164991,271,8116.69,9070.96,1547.35
2,route,覆盖路点巡回,1016164991,276,8116.69,8892.85,1173.1
2,route,覆盖路点巡回,1016164991,281,8116.69,8885.34,1377
2,route,覆盖路点巡回,1016164991,286,8116.69,8815.48,1293.71
2,route,覆盖路点巡回,1016164991,291,8116.69,8956.69,1313.87
2,route,覆盖路点巡回,1016164991,296,8116.69,8840.24,1302.07
2,route,覆盖路点巡回,1016164991,300,8116.69,8777.91,1189.42
2,localize,频道3,1,0,0,129.939,50.935
2,localize,频道3,1,1,0,78.8561,44.7237
2,localize,频道4,1,0,0,105.486,38.22
2,localize,频道4,1,1,0,67.6237,30.3321
2,localize,频道7,1,0,0.0630218,135.617,67.5446
2,localize,频道7,1,1,0.0630218,69.2666,49.2571
2,localize,频道7,1,6,0.0630218,8.12646,10.0463
2,localize,频道7,1,11,0.0528222,7.27473,7.14198
2,localize,频道7,1,16,0.0528222,5.83063,6.6098
2,localize,频道7,1,21,0.0511483,5.70816,7.51419
2,localize,频道7,1,26,0.0511097,4.28729,7.14172
2,localize,频道7,1,31,0.0486211,6.22423,7.83401
2,localize,频道7,1,36,0.0486211,4.62151,5.19501
2,localize,频道7,1,41,0.0486211,4.0982,4.4034
2,localize,频道7,1,46,0.0486211,5.50172,6.34242
2,localize,频道7,1,51,0.0486211,5.33536,6.60754
2,localize,频道7,1,56,0.0485602,6.05364,6.15923
2,localize,频道7,1,61,0.0485602,4.97439,5.0382
2,localize,频道7,1,66,0.0485602,4.45491,5.23238
2,localize,频道7,1,71,0.0485602,4.08829,4.67567
2,localize,频道7,1,76,0.0485602,6.52677,6.29954
2,localize,频道7,1,81,0.0485602,4.09277,4.622
2,localize,频道7,1,86,0.0485602,4.00312,3.89413
2,localize,频道7,1,91,0.0485602,3.80227,4.11489
2,localize,频道7,1,96,0.0485602,2.71081,3.34559
2,localize,频道7,1,101,0.0485602,1.86754,2.44459
2,localize,频道7,1,106,0.0485602,2.93459,2.90364
2,localize,频道7,1,111,0.0485127,2.37716,2.45199
2,localize,频道7,1,116,0.0485127,2.91919,3.16301
2,localize,频道7,1,121,0.0485077,1.72546,2.26236
2,localize,频道7,1,126,0.0485077,1.7679,1.70972
2,localize,频道7,1,131,0.0485033,1.67726,2.12123
2,localize,频道7,1,136,0.0485033,1.61313,1.71774
2,localize,频道7,1,141,0.0485033,1.25254,1.21803
2,localize,频道7,1,146,0.0485033,0.886375,0.935767
2,localize,频道7,1,150,0.0485033,0.763383,0.862678
2,localize,频道8,1,0,0,124.645,50.7509
2,localize,频道8,1,1,0,80.8288,49.2173
2,localize,频道9,1,0,0,131.057,52.0135
2,localize,频道9,1,1,0,77.9864,47.1815
2,localize,频道11,1,0,0.547953,119.305,63.9467
2,localize,频道11,1,1,0.547953,58.8755,36.779
2,localize,频道11,1,6,0.464877,7.71079,10.3238
2,localize,频道11,1,11,0.464877,6.52471,6.86667
2,localize,频道11,1,16,0.464877,5.6335,6.07059
2,localize,频道11,1,21,0.464877,5.57662,7.17044
2,localize,频道11,1,26,0.464768,4.10973,6.7862
2,localize,频道11,1,31,0.464519,5.88903,8.09928
2,localize,频道11,1,36,0.464519,4.32479,5.08636
2,localize,频道11,1,41,0.464519,3.50435,4.17813
2,localize,频道11,1,46,0.464505,4.59882,5.78679
2,localize,频道11,1,51,0.464505,5.10584,6.36891
2,localize,频道11,1,56,0.464505,5.74443,6.30457
2,localize,频道11,1,61,0.464505,4.38348,4.78324
2,localize,频道11,1,66,0.464505,4.29732,5.67962
2,localize,频道11,1,71,0.464479,3.88382,4.6933
2,localize,频道11,1,76,0.464479,5.94136,6.89975
2,localize,频道11,1,81,0.464479,3.94361,4.2451
2,localize,频道11,1,86,0.464479,3.48651,3.52665
2,localize,频道11,1,91,0.464479,3.53076,3.98141
2,localize,频道11,1,96,0.464479,2.3328,2.58816
2,localize,频道11,1,101,0.464479,1.9295,2.38969
2,localize,频道11,1,106,0.464479,3.12083,3.19015
2,localize,频道11,1,111,0.464479,2.20156,2.38264
2,localize,频道11,1,116,0.464479,2.99915,3.00695
2,localize,频道11,1,121,0.464479,1.78908,1.99178
2,localize,频道11,1,126,0.464479,1.68726,1.63207
2,localize,频道11,1,131,0.464479,1.58109,1.56213
2,localize,频道11,1,136,0.464479,1.52137,1.40595
2,localize,频道11,1,141,0.464479,1.24591,0.973288
2,localize,频道11,1,146,0.464479,0.965906,0.662159
2,localize,频道11,1,150,0.464479,0.806822,0.569642
2,localize,频道13,1,0,0,136.504,58.5616
2,localize,频道13,1,1,0,78.5719,51.5658
2,localize,频道14,1,0,0,134.281,57.3384
2,localize,频道14,1,1,0,73.3995,47.6984
2,localize,频道16,1,0,0.0757387,134.674,67.0036
2,localize,频道16,1,1,0.0757387,71.906,46.6572
2,localize,频道16,1,6,0.0757387,9.27483,15.4493
2,localize,频道16,1,11,0.0704514,8.25531,11.0716
2,localize,频道16,1,16,0.0571301,6.40132,7.47282
2,localize,频道16,1,21,0.0567812,7.46427,10.0125
2,localize,频道16,1,26,0.0567744,4.64842,7.40721
2,localize,频道16,1,31,0.0566656,6.57576,9.44164
2,localize,频道16,1,36,0.0566533,5.77635,8.3636
2,localize,频道16,1,41,0.0566533,4.06244,5.42346
2,localize,频道16,1,46,0.0566533,5.52028,7.38309
2,localize,频道16,1,51,0.0566533,5.63738,6.41217
2,localize,频道16,1,56,0.0566533,7.10646,7.75887
2,localize,频道16,1,61,0.0566533,5.21378,6.60022
2,localize,频道16,1,66,0.0566533,5.18603,7.62392
2,localize,频道16,1,71,0.0566533,4.89116,6.3194
2,localize,频道16,1,76,0.0566533,6.41353,7.48404
2,localize,频道16,1,81,0.0566533,5.38327,6.98408
2,localize,频道16,1,86,0.0566463,3.99361,4.28953
2,localize,频道16,1,91,0.0566463,4.42249,6.13383
2,localize,频道16,1,96,0.0566463,2.77497,3.38204
2,localize,频道16,1,101,0.0566463,2.2122,2.87793
2,localize,频道16,1,106,0.0566463,3.8017,4.33366
2,localize,频道16,1,111,0.0566463,2.62918,3.34442
2,localize,频道16,1,116,0.0566463,3.82227,4.57116
2,localize,频道16,1,121,0.0566463,2.122,2.53084
2,localize,频道16,1,126,0.0566463,2.06136,2.58763
2,localize,频道16,1,131,0.0566463,1.75744,2.0337
2,localize,频道16,1,136,0.0566359,1.62694,1.90801
2,localize,频道16,1,141,0.0566359,1.47965,1.64089
2,localize,频道16,1,146,0.0566359,1.005,1.13118
2,localize,频道16,1,150,0.0566359,0.745779,0.899491
2,localize,频道17,1,0,0,137.787,54.0579
2,localize,频道17,1,1,0,85.1943,44.1033
2,localize,频道19,1,0,0,132.05,54.8146
2,localize,频道19,1,1,0,74.3841,48.2958
2,route,清除顺序,1099128569,0,10349,22716.8,2693.77
2,route,清除顺序,1099128569,1,10349,21520.7,2567.33
2,route,清除顺序,1099128569,6,10095,17339.3,3247.76
2,route,清除顺序,1099128569,11,10095,16347.9,3063.9
2,route,清除顺序,1099128569,16,10095,14605.4,2835.33
2,route,清除顺序,1099128569,21,10095,13689.1,2785.91
2,route,清除顺序,1099128569,26,10095,12852.4,2920.66
2,route,清除顺序,1099128569,31,10095,13304.3,3225.55
2,route,清除顺序,1099128569,36,10095,12801.1,2833.93
2,route,清除顺序,1099128569,41,10095,12859.8,2676.38
2,route,清除顺序,1099128569,46,10095,12408.1,2762.68
2,route,清除顺序,1099128569,51,10095,12671.5,2809.68
2,route,清除顺序,1099128569,56,10095,13295,2846.53
2,route,清除顺序,1099128569,61,10095,12773.2,2922.94
2,route,清除顺序,1099128569,66,10095,13128.2,3008.91
2,route,清除顺序,1099128569,71,10095,13605.4,3047.16
2,route,清除顺序,1099128569,76,10095,12698.2,2921.37
2,route,清除顺序,1099128569,81,10095,12309.2,2454.02
2,route,清除顺序,1099128569,86,10095,12712.4,3243.64
2,route,清除顺序,1099128569,91,10095,12351.5,2851.21
2,route,清除顺序,1099128569,96,10095,12300.4,2514.86
2,route,清除顺序,1099128569,101,10095,12221.3,3014.97
2,route,清除顺序,1099128569,106,10095,12139.4,2470.85
2,route,清除顺序,1099128569,111,10095,12019.1,2401.03
2,route,清除顺序,1099128569,116,10095,12946.5,3047.82
2,route,清除顺序,1099128569,121,10095,11559.3,2103.39
2,route,清除顺序,1099128569,126,10095,12633.9,2987.94
2,route,清除顺序,1099128569,131,10095,12761.6,2614.56
2,route,清除顺序,1099128569,136,10095,12617.8,2955.89
2,route,清除顺序,1099128569,141,10095,12560.9,3248.86
2,route,清除顺序,1099128569,146,10095,12370.2,2755.42
2,route,清除顺序,1099128569,151,10095,11798.5,2410.77
2,route,清除顺序,1099128569,156,10095,11570.2,2299.12
2,route,清除顺序,1099128569,161,10095,12118.3,2820.6
2,route,清除顺序,1099128569,166,10095,11805.6,2719.82
2,route,清除顺序,1099128569,171,10095,12213,2823.51
2,route,清除顺序,1099128569,176,10095,11824.4,2604.74
2,route,清除顺序,1099128569,181,10095,11599.8,2255.03
2,route,清除顺序,1099128569,186,10095,11791.8,2415.51
2,route,清除顺序,1099128569,191,10095,11940.3,2448.89
2,route,清除顺序,1099128569,196,10095,12246.2,2965.94
2,route,清除顺序,1099128569,201,10095,11997.6,2657.07
2,route,清除顺序,1099128569,206,10095,11710.3,2280.24
2,route,清除顺序,1099128569,211,10095,12054.5,2677.72
2,route,清除顺序,1099128569,216,10095,11756.8,2488.69
2,route,清除顺序,1099128569,221,10095,11907.3,2541.78
2,route,清除顺序,1099128569,226,10095,11693.9,2454.73
2,route,清除顺序,1099128569,231,10095,11645.5,2262.33
2,route,清除顺序,1099128569,236,10095,12118.6,2853.19
2,route,清除顺序,1099128569,241,10095,11785.5,2614.69
2,route,清除顺序,1099128569,246,10095,11314.4,2141.84
2,route,清除顺序,1099128569,251,10095,11242.1,1955.53
2,route,清除顺序,1099128569,256,10095,11763.7,2687.03
2,route,清除顺序,1099128569,261,10095,11241.6,2401.5
2,route,清除顺序,1099128569,266,10095,11614.4,2437.08
2,route,清除顺序,1099128569,271,10095,11567.5,2277.27
2,route,清除顺序,1099128569,276,10095,11364.9,2587.57
2,route,清除顺序,1099128569,281,10095,11328.1,2131.77
2,route,清除顺序,1099128569,286,10095,11414.4,2060.09
2,route,清除顺序,1099128569,291,10095,11438.1,2314.77
2,route,清除顺序,1099128569,296,10095,11013.2,1798.01
2,route,清除顺序,1099128569,300,10095,11165.9,1951.62
3,route,覆盖路点巡回,1798679648,0,8144.77,13526.7,1577.63
3,route,覆盖路点巡回,1798679648,1,8144.77,12679.5,1376.89
3,route,覆盖路点巡回,1798679648,6,8124.55,11522.8,1571.29
3,route,覆盖路点巡回,1798679648,11,8124.55,10984.4,1715.6
3,route,覆盖路点巡回,1798679648,16,8124.55,10931.8,1710.12
3,route,覆盖路点巡回,1798679648,21,8116.69,10953.9,2023.8
3,route,覆盖路点巡回,1798679648,26,8116.69,11011.8,1742.96
3,route,覆盖路点巡回,1798679648,31,8116.69,10585.4,1783.36
3,route,覆盖路点巡回,1798679648,36,8116.69,10045.2,1702.29
3,route,覆盖路点巡回,1798679648,41,8116.69,10155.6,1721.63
3,route,覆盖路点巡回,1798679648,46,8116.69,10024.2,1720.43
3,route,覆盖路点巡回,1798679648,51,8116.69,9697.33,1588.61
3,route,覆盖路点巡回,1798679648,56,8116.69,10324.3,1860.28
3,route,覆盖路点巡回,1798679648,61,8116.69,10137.5,1816.37
3,route,覆盖路点巡回,1798679648,66,8116.69,10351.8,1770.94
3,route,覆盖路点巡回,1798679648,71,8116.69,10082.6,1648.7
3,route,覆盖路点巡回,1798679648,76,8116.69,9684.95,1507.62
3,route,覆盖路点巡回,1798679648,81,8116.69,10111.4,1757.52
3,route,覆盖路点巡回,1798679648,86,8116.69,9922.31,1807.31
3,route,覆盖路点巡回,1798679648,91,8116.69,9430.88,1618.35
3,route,覆盖路点巡回,1798679648,96,8116.69,9464.27,1575.98
3,route,覆盖路点巡回,1798679648,101,8116.69,9820.85,1680.91
3,route,覆盖路点巡回,1798679648,106,8116.69,9531.11,1569.11
3,route,覆盖路点巡回,1798679648,111,8116.69,9633.37,1735.92
3,route,覆盖路点巡回,1798679648,116,8116.69,9769.77,1626.41
3,route,覆盖路点巡回,1798679648,121,8116.69,9670.14,1689.72
3,route,覆盖路点巡回,1798679648,126,8116.69,9552.59,1622.54
3,route,覆盖路点巡回,1798679648,131,8116.69,9378.4,1718.34
3,route,覆盖路点巡回,1798679648,136,8116.69,9628.68,1587.23
3,route,覆盖路点巡回,1798679648,141,8116.69,9710.08,1762.12
3,route,覆盖路点巡回,1798679648,146,8116.69,9695.81,1719.76
3,route,覆盖路点巡回,1798679648,151,8116.69,9999.52,1813.31
3,route,覆盖路点巡回,1798679648,156,8116.69,9797.79,1547.75
3,route,覆盖路点巡回,1798679648,161,8116.69,9633.41,1457.27
3,route,覆盖路点巡回,1798679648,166,8116.69,9438.27,1603.08
3,route,覆盖路点巡回,1798679648,171,8116.69,9219.98,1411.13
3,route,覆盖路点巡回,1798679648,176,8116.69,9458.02,1638.13
3,route,覆盖路点巡回,1798679648,181,8116.69,9613.76,1623.18
3,route,覆盖路点巡回,1798679648,186,8116.69,9065.37,1365.53
3,route,覆盖路点巡回,1798679648,191,8116.69,9256.33,1619.7
3,route,覆盖路点巡回,1798679648,196,8116.69,9469.81,1655.17
3,route,覆盖路点巡回,1798679648,201,8116.69,9425.48,1527.28
3,route,覆盖路点巡回,1798679648,206,8116.69,9284.57,1430.38
3,route,覆盖路点巡回,1798679648,211,8116.69,9051.35,1266.27
3,route,覆盖路点巡回,1798679648,216,8116.69,8984.9,1253.07
3,route,覆盖路点巡回,1798679648,221,8116.69,8979.31,1271.04
3,route,覆盖路点巡回,1798679648,226,8116.69,9023.94,1477.37
3,route,覆盖路点巡回,1798679648,231,8116.69,9247.09,1578.58
3,route,覆盖路点巡回,1798679648,236,8116.69,8857.08,1220.54
3,route,覆盖路点巡回,1798679648,241,8116.69,9212.96,1481.84
3,route,覆盖路点巡回,1798679648,246,8116.69,9125.87,1222.59
3,route,覆盖路点巡回,1798679648,251,8116.69,8914.5,1408.24
3,route,覆盖路点巡回,1798679648,256,8116.69,8892.14,1327.57
3,route,覆盖路点巡回,1798679648,261,8116.69,8883.97,1264.96
3,route,覆盖路点巡回,1798679648,266,8116.69,9280.58,1563.87
3,route,覆盖路点巡回,1798679648,271,8116.69,8998.49,1362.02
3,route,覆盖路点巡回,1798679648,276,8116.69,9070.09,1263.68
3,route,覆盖路点巡回,1798679648,281,8116.69,8843.03,1310.36
3,route,覆盖路点巡回,1798679648,286,8116.69,9020.71,1491.6
3,route,覆盖路点巡回,1798679648,291,8116.69,8681.16,1267.59
3,route,覆盖路点巡回,1798679648,296,8116.69,8867.22,1218.26
3,route,覆盖路点巡回,1798679648,300,8116.69,8883.63,1371.83
3,localize,频道1,2,0,0,126.272,51.2807
3,localize,频道1,2,1,0,82.3341,45.9839
3,localize,频道2,2,0,0,137.904,62.6855
3,localize,频道2,2,1,0,88.697,47.5617
3,localize,频道3,2,0,0.275403,118.162,54.8574
3,localize,频道3,2,1,0.275403,78.8604,39.4112
3,localize,频道3,2,6,0.275403,26.0714,23.3878
3,localize,频道3,2,11,0.254376,20.3424,23.8609
3,localize,频道3,2,16,0.254376,23.5155,24.6236
3,localize,频道3,2,21,0.233792,24.3117,28.4537
3,localize,频道3,2,26,0.231484,21.7915,27.6658
3,localize,频道3,2,31,0.231484,21.8561,25.9944
3,localize,频道3,2,36,0.231484,16.6231,23.1857
3,localize,频道3,2,41,0.231484,23.1415,23.8904
3,localize,频道3,2,46,0.231484,19.6039,24.2899
3,localize,频道3,2,51,0.231484,20.8871,26.8891
3,localize,频道3,2,56,0.230315,19.7656,26.3797
3,localize,频道3,2,61,0.230315,22.2447,24.8546
3,localize,频道3,2,66,0.230315,23.7865,30.969
3,localize,频道3,2,71,0.230315,17.6147,24.5523
3,localize,频道3,2,76,0.230315,22.9221,30.4473
3,localize,频道3,2,81,0.230315,12.3588,15.7524
3,localize,频道3,2,86,0.230315,13.371,19.52
3,localize,频道3,2,91,0.230248,10.1661,15.2915
3,localize,频道3,2,96,0.230248,15.3627,22.6149
3,localize,频道3,2,101,0.230248,15.5059,21.9198
3,localize,频道3,2,106,0.230237,15.2511,22.3234
3,localize,频道3,2,111,0.230237,12.8071,20.0193
3,localize,频道3,2,116,0.230237,10.9912,16.7001
3,localize,频道3,2,121,0.230237,15.0332,22.0407
3,localize,频道3,2,126,0.230237,8.58266,14.2681
3,localize,频道3,2,131,0.230237,8.8491,11.0064
3,localize,频道3,2,136,0.230237,9.99378,16.9611
3,localize,频道3,2,141,0.230237,5.72163,8.13771
3,localize,频道3,2,146,0.230237,7.08269,9.50334
3,localize,频道3,2,150,0.230237,4.29788,8.0424
3,localize,频道4,2,0,0.069554,139.395,60.7511
3,localize,频道4,2,1,0.069554,93.48,44.6668
3,localize,频道4,2,6,0.069554,13.3913,18.0175
3,localize,频道4,2,11,0.069554,8.54419,13.3358
3,localize,频道4,2,16,0.0657362,9.36525,9.89297
3,localize,频道4,2,21,0.0657362,8.68982,10.4545
3,localize,频道4,2,26,0.0652876,6.07511,6.31805
3,localize,频道4,2,31,0.0652876,7.64594,9.78885
3,localize,频道4,2,36,0.0652876,6.20372,8.65643
3,localize,频道4,2,41,0.0652876,6.93583,7.41405
3,localize,频道4,2,46,0.0652876,7.70519,9.15869
3,localize,频道4,2,51,0.0652876,6.37849,9.72164
3,localize,频道4,2,56,0.0652598,6.39454,7.66964
3,localize,频道4,2,61,0.0652598,5.90265,5.88006
3,localize,频道4,2,66,0.0644823,6.34217,6.61864
3,localize,频道4,2,71,0.0642814,5.08039,5.70488
3,localize,频道4,2,76,0.0642814,5.89462,6.76427
3,localize,频道4,2,81,0.0642814,4.16782,5.5181
3,localize,频道4,2,86,0.0642814,4.40888,4.91322
3,localize,频道4,2,91,0.0642159,2.71244,3.40777
3,localize,频道4,2,96,0.0642159,3.83272,4.71336
3,localize,频道4,2,101,0.0642159,3.85356,4.40569
3,localize,频道4,2,106,0.0642159,3.30048,3.93039
3,localize,频道4,2,111,0.0642159,2.99753,4.13535
3,localize,频道4,2,116,0.0642159,3.02403,3.67567
3,localize,频道4,2,121,0.0642137,3.00629,3.70113
3,localize,频道4,2,126,0.0642137,1.97528,2.31443
3,localize,频道4,2,131,0.0642137,2.16385,2.50676
3,localize,频道4,2,136,0.0642137,2.35412,2.29664
3,localize,频道4,2,141,0.0642137,1.13463,1.3653
3,localize,频道4,2,146,0.0642137,1.5645,1.87436
3,localize,频道4,2,150,0.0641882,1.02027,1.38286
3,localize,频道5,2,0,0,116.633,50.2855
3,localize,频道5,2,1,0,77.5516,35.1089
3,localize,频道6,2,0,0.375663,121.922,54.5783
3,localize,频道6,2,1,0.375663,77.3861,41.4016
3,localize,频道6,2,6,0.375663,9.44727,8.93405
3,localize,频道6,2,11,0.340189,6.9971,8.87295
3,localize,频道6,2,16,0.337777,7.41628,7.98547
3,localize,频道6,2,21,0.337118,7.48847,12.5782
3,localize,频道6,2,26,0.33681,4.72295,5.51015
3,localize,频道6,2,31,0.33681,5.57761,7.57908
3,localize,频道6,2,36,0.33681,4.70461,6.07341
3,localize,频道6,2,41,0.33681,6.14216,6.57937
3,localize,频道6,2,46,0.33681,6.16254,6.59089
3,localize,频道6,2,51,0.33681,5.04394,6.52372
3,localize,频道6,2,56,0.336809,5.05006,6.32319
3,localize,频道6,2,61,0.3368,5.23296,4.93506
3,localize,频道6,2,66,0.3368,5.3103,5.92583
3,localize,频道6,2,71,0.3368,3.94289,4.8949
3,localize,频道6,2,76,0.3368,4.45961,5.44731
3,localize,频道6,2,81,0.3368,3.29773,4.01053
3,localize,频道6,2,86,0.3368,3.76672,4.57127
3,localize,频道6,2,91,0.3368,2.25253,2.84874
3,localize,频道6,2,96,0.3368,2.91576,3.06437
3,localize,频道6,2,101,0.3368,2.91143,3.10045
3,localize,频道6,2,106,0.3368,2.593,3.19008
3,localize,频道6,2,111,0.3368,2.28129,2.74603
3,localize,频道6,2,116,0.3368,1.9561,2.1098
3,localize,频道6,2,121,0.3368,2.56012,2.74
3,localize,频道6,2,126,0.3368,1.55937,1.94207
3,localize,频道6,2,131,0.3368,1.87635,1.89774
3,localize,频道6,2,136,0.3368,1.62599,1.47797
3,localize,频道6,2,141,0.3368,1.1298,1.19495
3,localize,频道6,2,146,0.3368,1.32448,1.19315
3,localize,频道6,2,150,0.3368,0.876517,0.794709
3,localize,频道10,2,0,0.152418,123.868,55.1708
3,localize,频道10,2,1,0.152418,82.024,43.3068
3,localize,频道10,2,6,0.152378,10.4148,11.7797
3,localize,频道10,2,11,0.120118,7.63983,9.6368
3,localize,频道10,2,16,0.120118,9.02354,9.45587
3,localize,频道10,2,21,0.120001,7.9652,10.5471
3,localize,频道10,2,26,0.120001,5.56182,5.72414
3,localize,频道10,2,31,0.120001,6.3004,7.15677
3,localize,频道10,2,36,0.119757,5.20166,5.54861
3,localize,频道10,2,41,0.119757,7.00537,7.44046
3,localize,频道10,2,46,0.119753,6.3299,7.62999
3,localize,频道10,2,51,0.119753,5.49605,6.86212
3,localize,频道10,2,56,0.119753,6.18828,7.22968
3,localize,频道10,2,61,0.119753,5.43697,5.46229
3,localize,频道10,2,66,0.119753,5.98568,6.57695
3,localize,频道10,2,71,0.119753,4.39257,5.26464
3,localize,频道10,2,76,0.119753,5.05194,6.50349
3,localize,频道10,2,81,0.119753,4.08939,5.414
3,localize,频道10,2,86,0.119753,4.03646,4.80187
3,localize,频道10,2,91,0.119753,2.30984,2.90266
3,localize,频道10,2,96,0.119753,3.25182,3.85657
3,localize,频道10,2,101,0.119753,3.28597,3.49442
3,localize,频道10,2,106,0.119753,3.07411,3.9221
3,localize,频道10,2,111,0.119753,2.66846,3.5632
3,localize,频道10,2,116,0.119751,2.19752,2.46344
3,localize,频道10,2,121,0.119751,2.64305,3.142
3,localize,频道10,2,126,0.119751,1.79682,2.43289
3,localize,频道10,2,131,0.119751,2.00379,2.17772
3,localize,频道10,2,136,0.119751,1.84223,1.78097
3,localize,频道10,2,141,0.11975,1.17785,1.51756
3,localize,频道10,2,146,0.11975,1.43853,1.53263
3,localize,频道10,2,150,0.11975,0.874574,1.02369
3,localize,频道11,2,0,0,146.256,49.1682
3,localize,频道11,2,1,0,105.513,44.9516
3,localize,频道12,2,0,0.256043,126.956,61.375
3,localize,频道12,2,1,0.256043,79.1606,43.3231
3,localize,频道12,2,6,0.256043,17.6934,22.5426
3,localize,频道12,2,11,0.247051,10.0643,14.9645
3,localize,频道12,2,16,0.247016,10.9416,12.7346
3,localize,频道12,2,21,0.243072,11.0156,16.3368
3,localize,频道12,2,26,0.242767,9.96108,13.7048
3,localize,频道12,2,31,0.242767,9.33604,12.1148
3,localize,频道12,2,36,0.242767,8.60289,14.9607
3,localize,频道12,2,41,0.242767,11.519,16.6533
3,localize,频道12,2,46,0.242767,8.67777,10.6692
3,localize,频道12,2,51,0.242767,9.466,14.6298
3,localize,频道12,2,56,0.242742,10.1731,16.645
3,localize,频道12,2,61,0.242742,10.62,13.1989
3,localize,频道12,2,66,0.242742,9.54572,12.6814
3,localize,频道12,2,71,0.242731,7.18189,11.0895
3,localize,频道12,2,76,0.242723,8.2989,11.6621
3,localize,频道12,2,81,0.242713,4.97013,6.73477
3,localize,频道12,2,86,0.242704,5.25618,7.50451
3,localize,频道12,2,91,0.242704,3.21096,4.62252
3,localize,频道12,2,96,0.242704,5.04323,8.66906
3,localize,频道12,2,101,0.242704,4.86779,6.56953
3,localize,频道12,2,106,0.242704,4.13534,6.32855
3,localize,频道12,2,111,0.242704,3.44465,4.31276
3,localize,频道12,2,116,0.242704,3.15815,4.48905
3,localize,频道12,2,121,0.242704,4.21085,5.09828
3,localize,频道12,2,126,0.242704,2.6277,3.83857
3,localize,频道12,2,131,0.242704,3.078,3.60491
3,localize,频道12,2,136,0.242704,2.38375,2.78238
3,localize,频道12,2,141,0.242704,1.92868,2.61631
3,localize,频道12,2,146,0.242704,2.08241,2.42166
3,localize,频道12,2,150,0.242704,1.14345,1.45034
3,localize,频道13,2,0,0.512061,121.168,56.6603
3,localize,频道13,2,1,0.512061,81.3152,45.1614
3,localize,频道13,2,6,0.457517,20.5163,21.0119
3,localize,频道13,2,11,0.371784,16.2262,20.3518
3,localize,频道13,2,16,0.371784,17.816,20.5079
3,localize,频道13,2,21,0.369026,15.3672,18.4933
3,localize,频道13,2,26,0.363765,13.1606,15.3732
3,localize,频道13,2,31,0.36318,12.2565,14.0176
3,localize,频道13,2,36,0.362435,10.2554,12.5987
3,localize,频道13,2,41,0.362366,13.5108,16.0823
3,localize,频道13,2,46,0.362366,13.0913,15.9821
3,localize,频道13,2,51,0.362366,12.4398,17.1692
3,localize,频道13,2,56,0.362366,11.7436,15.9075
3,localize,频道13,2,61,0.36206,13.0215,12.9081
3,localize,频道13,2,66,0.361971,13.8129,16.9024
3,localize,频道13,2,71,0.361971,10.027,13.0668
3,localize,频道13,2,76,0.361971,12.7387,17.4809
3,localize,频道13,2,81,0.361936,7.67354,10.0417
3,localize,频道13,2,86,0.361936,8.48486,11.2368
3,localize,频道13,2,91,0.361924,4.61668,5.20216
3,localize,频道13,2,96,0.361924,7.43179,10.033
3,localize,频道13,2,101,0.361924,7.21833,8.34496
3,localize,频道13,2,106,0.361924,6.82149,8.97804
3,localize,频道13,2,111,0.361924,5.29918,7.38927
3,localize,频道13,2,116,0.361924,5.79834,6.54115
3,localize,频道13,2,121,0.361924,6.10091,7.24435
3,localize,频道13,2,126,0.361924,4.19014,5.27837
3,localize,频道13,2,131,0.361924,3.55106,3.69792
3,localize,频道13,2,136,0.361924,4.08897,4.49198
3,localize,频道13,2,141,0.361916,2.13029,2.5219
3,localize,频道13,2,146,0.361916,2.74001,3.11508
3,localize,频道13,2,150,0.361916,1.77367,2.25775
3,localize,频道14,2,0,0.311355,119.717,62.2562
3,localize,频道14,2,1,0.311355,65.4485,47.953
3,localize,频道14,2,6,0.267988,8.26277,8.66155
3,localize,频道14,2,11,0.251418,6.49725,8.13646
3,localize,频道14,2,16,0.250707,6.9107,7.34071
3,localize,频道14,2,21,0.249809,6.89562,8.55867
3,localize,频道14,2,26,0.248488,5.07076,5.40993
3,localize,频道14,2,31,0.248321,5.34745,6.93758
3,localize,频道14,2,36,0.248321,4.1158,5.39426
3,localize,频道14,2,41,0.248321,5.78872,6.69725
3,localize,频道14,2,46,0.248321,5.19889,5.49436
3,localize,频道14,2,51,0.24828,4.44351,5.69007
3,localize,频道14,2,56,0.24827,4.96291,6.3424
3,localize,频道14,2,61,0.24827,4.84866,4.80192
3,localize,频道14,2,66,0.24827,4.8944,5.29983
3,localize,频道14,2,71,0.24827,3.96942,4.7635
3,localize,频道14,2,76,0.24827,4.581,5.24283
3,localize,频道14,2,81,0.24827,3.37451,4.25862
3,localize,频道14,2,86,0.248222,3.66209,4.18186
3,localize,频道14,2,91,0.248222,1.94432,2.4266
3,localize,频道14,2,96,0.248218,2.97545,3.76298
3,localize,频道14,2,101,0.248218,2.86859,2.73151
3,localize,频道14,2,106,0.248218,2.48836,2.90343
3,localize,频道14,2,111,0.248218,2.08081,2.24534
3,localize,频道14,2,116,0.248218,2.18153,2.33024
3,localize,频道14,2,121,0.248216,2.46639,2.6165
3,localize,频道14,2,126,0.248216,1.65217,1.74412
3,localize,频道14,2,131,0.248216,1.62683,1.5824
3,localize,频道14,2,136,0.248215,1.64491,1.53027
3,localize,频道14,2,141,0.248215,1.03058,1.05091
3,localize,频道14,2,146,0.248215,1.16678,1.12624
3,localize,频道14,2,150,0.248215,0.795158,0.815771
3,localize,频道15,2,0,0.168294,117.543,62.8011
3,localize,频道15,2,1,0.168294,66.0785,47.8311
3,localize,频道15,2,6,0.168294,10.842,10.8971
3,localize,频道15,2,11,0.160789,7.45861,9.87042
3,localize,频道15,2,16,0.148297,7.71079,9.06137
3,localize,频道15,2,21,0.146718,8.16373,10.4854
3,localize,频道15,2,26,0.142495,6.21805,7.73132
3,localize,频道15,2,31,0.141834,8.62908,14.4285
3,localize,频道15,2,36,0.141573,5.6325,7.9338
3,localize,频道15,2,41,0.141573,6.32509,6.90754
3,localize,频道15,2,46,0.14153,6.74501,7.70657
3,localize,频道15,2,51,0.14153,5.81038,7.57269
3,localize,频道15,2,56,0.141525,6.23262,7.63843
3,localize,频道15,2,61,0.141525,5.73266,6.03927
3,localize,频道15,2,66,0.141525,5.95073,6.82039
3,localize,频道15,2,71,0.141525,4.19499,4.92709
3,localize,频道15,2,76,0.141523,5.68748,6.71667
3,localize,频道15,2,81,0.141523,3.66554,4.15632
3,localize,频道15,2,86,0.141523,4.42756,5.05144
3,localize,频道15,2,91,0.141523,2.81018,3.41967
3,localize,频道15,2,96,0.141349,3.61325,4.65859
3,localize,频道15,2,101,0.141349,3.28172,3.76028
3,localize,频道15,2,106,0.141349,3.0688,3.24206
3,localize,频道15,2,111,0.141292,2.81919,3.70998
3,localize,频道15,2,116,0.141268,2.48638,2.70348
3,localize,频道15,2,121,0.141264,2.79876,3.33745
3,localize,频道15,2,126,0.141264,2.00217,2.10121
3,localize,频道15,2,131,0.141264,2.07058,2.33297
3,localize,频道15,2,136,0.141264,1.91891,2.05191
3,localize,频道15,2,141,0.141262,1.18581,1.30132
3,localize,频道15,2,146,0.141262,1.47181,1.57699
3,localize,频道15,2,150,0.141262,0.961518,1.18416
3,localize,频道16,2,0,0,127.836,44.1481
3,localize,频道16,2,1,0,96.108,38.5498
3,localize,频道17,2,0,0,121.648,50.6705
3,localize,频道17,2,1,0,78.6962,40.2647
3,localize,频道17,2,0,0,121.648,50.6705
3,localize,频道17,2,1,0,78.6962,40.2647
3,localize,频道17,2,0,0.128676,124.686,60.2259
3,localize,频道17,2,1,0.128676,76.2878,38.2374
3,localize,频道17,2,6,0.128676,30.0105,28.1159
3,localize,频道17,2,11,0.128676,19.962,25.3947
3,localize,频道17,2,16,0.128412,22.0401,23.8695
3,localize,频道17,2,21,0.128412,21.3647,25.4319
3,localize,频道17,2,26,0.127245,21.1809,29.7348
3,localize,频道17,2,31,0.127167,20.9581,27.6193
3,localize,频道17,2,36,0.127167,18.5329,26.9267
3,localize,频道17,2,41,0.127167,18.3971,21.5954
3,localize,频道17,2,46,0.127167,20.7087,25.7313
3,localize,频道17,2,51,0.127167,18.6282,26.4461
3,localize,频道17,2,56,0.127167,18.409,25.3388
3,localize,频道17,2,61,0.127167,18.9643,22.3539
3,localize,频道17,2,66,0.127167,21.4179,27.9647
3,localize,频道17,2,71,0.127167,15.6566,23.1174
3,localize,频道17,2,76,0.127167,19.6935,27.0514
3,localize,频道17,2,81,0.127167,11.0664,18.1039
3,localize,频道17,2,86,0.127167,12.4117,18.3312
3,localize,频道17,2,91,0.127166,6.83476,9.49481
3,localize,频道17,2,96,0.127166,10.9252,18.0193
3,localize,频道17,2,101,0.127166,10.9462,14.6489
3,localize,频道17,2,106,0.127166,8.51476,11.064
3,localize,频道17,2,111,0.127166,8.38928,11.9946
3,localize,频道17,2,116,0.127166,7.34071,9.75971
3,localize,频道17,2,121,0.127126,9.50274,12.793
3,localize,频道17,2,126,0.127119,5.37592,6.0571
3,localize,频道17,2,131,0.127119,5.80691,6.27607
3,localize,频道17,2,136,0.127119,5.26278,5.34714
3,localize,频道17,2,141,0.127119,3.43821,4.32181
3,localize,频道17,2,146,0.127119,4.11451,4.36453
3,localize,频道17,2,150,0.127119,2.49731,3.05343
3,localize,频道17,2,0,0.128676,124.686,60.2259
3,localize,频道17,2,1,0.128676,76.2878,38.2374
3,localize,频道17,2,6,0.128676,30.0105,28.1159
3,localize,频道17,2,11,0.128676,19.962,25.3947
3,localize,频道17,2,16,0.128412,22.0401,23.8695
3,localize,频道17,2,21,0.128412,21.3647,25.4319
3,localize,频道17,2,26,0.127245,21.1809,29.7348
3,localize,频道17,2,31,0.127167,20.9581,27.6193
3,localize,频道17,2,36,0.127167,18.5329,26.9267
3,localize,频道17,2,41,0.127167,18.3971,21.5954
3,localize,频道17,2,46,0.127167,20.7087,25.7313
3,localize,频道17,2,51,0.127167,18.6282,26.4461
3,localize,频道17,2,56,0.127167,18.409,25.3388
3,localize,频道17,2,61,0.127167,18.9643,22.3539
3,localize,频道17,2,66,0.127167,21.4179,27.9647
3,localize,频道17,2,71,0.127167,15.6566,23.1174
3,localize,频道17,2,76,0.127167,19.6935,27.0514
3,localize,频道17,2,81,0.127167,11.0664,18.1039
3,localize,频道17,2,86,0.127167,12.4117,18.3312
3,localize,频道17,2,91,0.127166,6.83476,9.49481
3,localize,频道17,2,96,0.127166,10.9252,18.0193
3,localize,频道17,2,101,0.127166,10.9462,14.6489
3,localize,频道17,2,106,0.127166,8.51476,11.064
3,localize,频道17,2,111,0.127166,8.38928,11.9946
3,localize,频道17,2,116,0.127166,7.34071,9.75971
3,localize,频道17,2,121,0.127126,9.50274,12.793
3,localize,频道17,2,126,0.127119,5.37592,6.0571
3,localize,频道17,2,131,0.127119,5.80691,6.27607
3,localize,频道17,2,136,0.127119,5.26278,5.34714
3,localize,频道17,2,141,0.127119,3.43821,4.32181
3,localize,频道17,2,146,0.127119,4.11451,4.36453
3,localize,频道17,2,150,0.127119,2.49731,3.05343
3,localize,频道19,2,0,0,123.575,52.915
3,localize,频道19,2,1,0,73.5978,46.5429
3,localize,频道20,2,0,2.00972e-14,151.359,45.9406
3,localize,频道20,2,1,2.00972e-14,118.358,37.5202
3,route,清除顺序,561807780,0,11635.4,28712.6,3470.76
3,route,清除顺序,561807780,1,11635.4,26370.2,4118.68
3,route,清除顺序,561807780,6,11291,18848.2,4066.83
3,route,清除顺序,561807780,11,10546.6,17632.8,3438.96
3,route,清除顺序,561807780,16,9834.01,16537.2,3063.57
3,route,清除顺序,561807780,21,9834.01,14698.6,3453.32
3,route,清除顺序,561807780,26,9461.57,13027.2,3091.79
3,route,清除顺序,561807780,31,9288.15,12398.5,2868.14
3,route,清除顺序,561807780,36,9180.83,12675.9,3459.43
3,route,清除顺序,561807780,41,9180.83,12112.2,2821.65
3,route,清除顺序,561807780,46,9180.83,13190.5,3959.61
3,route,清除顺序,561807780,51,9180.83,11880.6,3454.99
3,route,清除顺序,561807780,56,9180.83,11688.7,2924.4
3,route,清除顺序,561807780,61,9180.83,12398.3,3199.25
3,route,清除顺序,561807780,66,9180.83,12197.6,3491.9
3,route,清除顺序,561807780,71,9180.83,11639.7,2908.65
3,route,清除顺序,561807780,76,9180.83,12999.2,3660.13
3,route,清除顺序,561807780,81,9180.83,11978.2,3322.92
3,route,清除顺序,561807780,86,9180.83,11625.2,3184.92
3,route,清除顺序,561807780,91,9180.83,11564.4,2791.16
3,route,清除顺序,561807780,96,9180.83,12359.1,3573.67
3,route,清除顺序,561807780,101,9180.83,11796.1,3021.99
3,route,清除顺序,561807780,106,9180.83,12731.5,3371.47
3,route,清除顺序,561807780,111,9180.83,11550.6,3083.78
3,route,清除顺序,561807780,116,9180.83,12136.9,3138.06
3,route,清除顺序,561807780,121,9180.83,11001.7,2515.12
3,route,清除顺序,561807780,126,9180.83,11381.6,2967.58
3,route,清除顺序,561807780,131,9180.83,11761.7,3214.48
3,route,清除顺序,561807780,136,9180.83,11538.1,2988.05
3,route,清除顺序,561807780,141,9180.83,11434.1,3089.13
3,route,清除顺序,561807780,146,9180.83,11090.7,2530.32
3,route,清除顺序,561807780,151,9180.83,11658.6,2942.8
3,route,清除顺序,561807780,156,9180.83,11310.8,2723.02
3,route,清除顺序,561807780,161,9180.83,11273.5,3206.79
3,route,清除顺序,561807780,166,9180.83,11253.6,2723.34
3,route,清除顺序,561807780,171,9180.83,11201.9,2834.78
3,route,清除顺序,561807780,176,9180.83,11221.1,2750.93
3,route,清除顺序,561807780,181,9180.83,10884.5,2233.61
3,route,清除顺序,561807780,186,9180.83,10628.3,2108.27
3,route,清除顺序,561807780,191,9180.83,11957.1,3192.36
3,route,清除顺序,561807780,196,9180.83,11081.4,3002.76
3,route,清除顺序,561807780,201,9180.83,10584.2,2256.68
3,route,清除顺序,561807780,206,9180.83,11018,2779.4
3,route,清除顺序,561807780,211,9180.83,11373.3,2996.49
3,route,清除顺序,561807780,216,9180.83,10653.2,2694.04
3,route,清除顺序,561807780,221,9180.83,11276,3095.75
3,route,清除顺序,561807780,226,9180.83,11125.6,2666.92
3,route,清除顺序,561807780,231,9180.83,10679.5,2391.45
3,route,清除顺序,561807780,236,9180.83,10897.6,2402.07
3,route,清除顺序,561807780,241,9180.83,10954.5,2558.21
3,route,清除顺序,561807780,246,9180.83,10585.9,2197.67
3,route,清除顺序,561807780,251,9180.83,10364.6,2242.01
3,route,清除顺序,561807780,256,9180.83,10368,1863.55
3,route,清除顺序,561807780,261,9180.83,10847.8,2780.06
3,route,清除顺序,561807780,266,9180.83,11245.3,3108.03
3,route,清除顺序,561807780,271,9180.83,10671.2,2246.39
3,route,清除顺序,561807780,276,9180.83,10860,2632.43
3,route,清除顺序,561807780,281,9180.83,10757.7,2578.62
3,route,清除顺序,561807780,286,9180.83,10751.4,2635.24
3,route,清除顺序,561807780,291,9180.83,10705.5,3074.25
3,route,清除顺序,561807780,296,9180.83,10281.1,2097.56
3,route,清除顺序,561807780,300,9180.83,10402.8,2404.82
4,route,覆盖路点巡回,1742692732,0,8124.55,13505,1679.76
4,route,覆盖路点巡回,1742692732,1,8124.55,12910.7,1615.09
4,route,覆盖路点巡回,1742692732,6,8124.55,11492.5,1566.62
4,route,覆盖路点巡回,1742692732,11,8124.55,10891.7,1522.78
4,route,覆盖路点巡回,1742692732,16,8124.55,10315.4,1795.43
4,route,覆盖路点巡回,1742692732,21,8116.69,9913.49,1681.02
4,route,覆盖路点巡回,1742692732,26,8116.69,10538.2,1527.16
4,route,覆盖路点巡回,1742692732,31,8116.69,11112.5,1603.7
4,route,覆盖路点巡回,1742692732,36,8116.69,10154,1714.22
4,route,覆盖路点巡回,1742692732,41,8116.69,9835.13,1735.15
4,route,覆盖路点巡回,1742692732,46,8116.69,9850.92,1702.7
4,route,覆盖路点巡回,1742692732,51,8116.69,9982.06,1567.93
4,route,覆盖路点巡回,1742692732,56,8116.69,9678.82,1592.56
4,route,覆盖路点巡回,1742692732,61,8116.69,9957.2,1809.99
4,route,覆盖路点巡回,1742692732,66,8116.69,9990.39,1734.53
4,route,覆盖路点巡回,1742692732,71,8116.69,9797.88,1599.98
4,route,覆盖路点巡回,1742692732,76,8116.69,9841.43,1633.38
4,route,覆盖路点巡回,1742692732,81,8116.69,10050.4,1675.21
4,route,覆盖路点巡回,1742692732,86,8116.69,9986.32,1757.42
4,route,覆盖路点巡回,1742692732,91,8116.69,9936.53,1919.64
4,route,覆盖路点巡回,1742692732,96,8116.69,9532.26,1608.41
4,route,覆盖路点巡回,1742692732,101,8116.69,9771.96,1581.47
4,route,覆盖路点巡回,1742692732,106,8116.69,9879.77,1688.46
4,route,覆盖路点巡回,1742692732,111,8116.69,9923.8,1789.35
4,route,覆盖路点巡回,1742692732,116,8116.69,9382.78,1491.98
4,route,覆盖路点巡回,1742692732,121,8116.69,9786.16,1589.8
4,route,覆盖路点巡回,1742692732,126,8116.69,9529.43,1523.98
4,route,覆盖路点巡回,1742692732,131,8116.69,9470.01,1606.47
4,route,覆盖路点巡回,1742692732,136,8116.69,9695.78,1829.78
4,route,覆盖路点巡回,1742692732,141,8116.69,9420.08,1462.82
4,route,覆盖路点巡回,1742692732,146,8116.69,9186.63,1511.18
4,route,覆盖路点巡回,1742692732,151,8116.69,9257.59,1404.33
4,route,覆盖路点巡回,1742692732,156,8116.69,9205.44,1517.85
4,route,覆盖路点巡回,1742692732,161,8116.69,9115.31,1321.72
4,route,覆盖路点巡回,1742692732,166,8116.69,9385.22,1518.78
4,route,覆盖路点巡回,1742692732,171,8116.69,9211.18,1541.46
4,route,覆盖路点巡回,1742692732,176,8116.69,9378.05,1701.34
4,route,覆盖路点巡回,1742692732,181,8116.69,9444.43,1637.78
4,route,覆盖路点巡回,1742692732,186,8116.69,9425.04,1701.44
4,route,覆盖路点巡回,1742692732,191,8116.69,9082.79,1248.79
4,route,覆盖路点巡回,1742692732,196,8116.69,9453.46,1590.45
4,route,覆盖路点巡回,1742692732,201,8116.69,9383.42,1668.22
4,route,覆盖路点巡回,1742692732,206,8116.69,9572.66,1690.22
4,route,覆盖路点巡回,1742692732,211,8116.69,9212.35,1496.23
4,route,覆盖路点巡回,1742692732,216,8116.69,9269.09,1549.41
4,route,覆盖路点巡回,1742692732,221,8116.69,9305.37,1483.85
4,route,覆盖路点巡回,1742692732,226,8116.69,9222,1521.38
4,route,覆盖路点巡回,1742692732,231,8116.69,9077.87,1416.55
4,route,覆盖路点巡回,1742692732,236,8116.69,9004.83,1390.98
4,route,覆盖路点巡回,1742692732,241,8116.69,9119.58,1506.64
4,route,覆盖路点巡回,1742692732,246,8116.69,9075.75,1381.63
4,route,覆盖路点巡回,1742692732,251,8116.69,8885.74,1338.09
4,route,覆盖路点巡回,1742692732,256,8116.69,9329.78,1538.31
4,route,覆盖路点巡回,1742692732,261,8116.69,9011.84,1286.5
4,route,覆盖路点巡回,1742692732,266,8116.69,9011.44,1374.37
4,route,覆盖路点巡回,1742692732,271,8116.69,9067.12,1463.51
4,route,覆盖路点巡回,1742692732,276,8116.69,9059.54,1413.47
4,route,覆盖路点巡回,1742692732,281,8116.69,8963.87,1318.5
4,route,覆盖路点巡回,1742692732,286,8116.69,8626,1001.85
4,route,覆盖路点巡回,1742692732,291,8116.69,8976.46,1390.54
4,route,覆盖路点巡回,1742692732,296,8116.69,9041.03,1387.17
4,route,覆盖路点巡回,1742692732,300,8116.69,8874.21,1486.83
4,localize,频道1,3,0,0.104678,105.903,49.2191
4,localize,频道1,3,1,0.104678,64.0848,39.43
4,localize,频道1,3,6,0.104678,8.16767,7.25216
4,localize,频道1,3,11,0.0920702,5.42987,7.36779
4,localize,频道1,3,16,0.0897651,5.6679,7.18314
4,localize,频道1,3,21,0.0897651,6.21058,8.8628
4,localize,频道1,3,26,0.0895445,5.8681,6.68807
4,localize,频道1,3,31,0.0895445,6.78555,7.68016
4,localize,频道1,3,36,0.0895445,5.27902,7.42321
4,localize,频道1,3,41,0.0895445,5.02114,6.58589
4,localize,频道1,3,46,0.0895445,5.3532,6.49439
4,localize,频道1,3,51,0.0895445,5.77166,6.32679
4,localize,频道1,3,56,0.089526,6.20933,7.01286
4,localize,频道1,3,61,0.089526,5.12033,5.36715
4,localize,频道1,3,66,0.0894874,4.67002,5.22808
4,localize,频道1,3,71,0.0894874,3.16589,3.91653
4,localize,频道1,3,76,0.0894874,3.41351,3.83271
4,localize,频道1,3,81,0.0894874,3.65248,4.20224
4,localize,频道1,3,86,0.0894874,3.81172,3.87129
4,localize,频道1,3,91,0.0894874,3.67732,3.67647
4,localize,频道1,3,96,0.0894874,3.04417,3.28978
4,localize,频道1,3,101,0.0894874,2.96882,3.25801
4,localize,频道1,3,106,0.0894874,2.58068,2.6862
4,localize,频道1,3,111,0.0894874,2.0298,2.31773
4,localize,频道1,3,116,0.0894874,2.57139,2.88357
4,localize,频道1,3,121,0.0894874,1.94778,2.11487
4,localize,频道1,3,126,0.08948,2.02092,2.14873
4,localize,频道1,3,131,0.0894692,1.58819,1.75879
4,localize,频道1,3,136,0.0894692,1.42411,1.66653
4,localize,频道1,3,141,0.0894677,1.3993,1.41377
4,localize,频道1,3,146,0.0894677,0.97702,1.06773
4,localize,频道1,3,150,0.0894677,0.813628,0.824744
4,localize,频道2,3,0,0.665201,114.761,47.4808
4,localize,频道2,3,1,0.665201,75.1098,40.2512
4,localize,频道2,3,6,0.49624,12.6773,14.55
4,localize,频道2,3,11,0.466483,8.45412,14.5419
4,localize,频道2,3,16,0.458558,10.2529,16.8897
4,localize,频道2,3,21,0.454233,8.82969,12.6027
4,localize,频道2,3,26,0.454109,8.16683,12.7237
4,localize,频道2,3,31,0.454109,10.7438,14.4063
4,localize,频道2,3,36,0.454109,8.28099,14.261
4,localize,频道2,3,41,0.453864,7.63602,9.01512
4,localize,频道2,3,46,0.453864,7.33193,9.96961
4,localize,频道2,3,51,0.453864,9.52199,15.2443
4,localize,频道2,3,56,0.453864,8.73664,9.79988
4,localize,频道2,3,61,0.453864,7.50314,8.50081
4,localize,频道2,3,66,0.453864,6.00372,6.95791
4,localize,频道2,3,71,0.453864,5.39065,6.91587
4,localize,频道2,3,76,0.453864,5.69341,8.04196
4,localize,频道2,3,81,0.453864,4.81537,5.85273
4,localize,频道2,3,86,0.453864,5.36784,5.77614
4,localize,频道2,3,91,0.453864,4.99494,4.973
4,localize,频道2,3,96,0.453864,4.43766,5.32451
4,localize,频道2,3,101,0.453864,4.40536,5.21995
4,localize,频道2,3,106,0.453864,4.01095,4.51433
4,localize,频道2,3,111,0.453864,2.9364,3.89179
4,localize,频道2,3,116,0.453864,3.31648,3.81439
4,localize,频道2,3,121,0.453864,2.64582,2.91426
4,localize,频道2,3,126,0.453864,2.41035,2.61583
4,localize,频道2,3,131,0.453864,2.5593,2.63942
4,localize,频道2,3,136,0.453864,2.0751,2.25687
4,localize,频道2,3,141,0.453864,1.94866,1.79059
4,localize,频道2,3,146,0.453864,1.48938,1.59658
4,localize,频道2,3,150,0.453864,1.36089,1.29561
4,localize,频道5,3,0,0.657131,106.452,45.6921
4,localize,频道5,3,1,0.657131,62.2692,36.2674
4,localize,频道5,3,6,0.513845,7.84872,8.12224
4,localize,频道5,3,11,0.478441,6.31539,8.71549
4,localize,频道5,3,16,0.478441,6.52391,7.94738
4,localize,频道5,3,21,0.478415,6.11917,7.95488
4,localize,频道5,3,26,0.478327,6.85732,7.57378
4,localize,频道5,3,31,0.478327,7.20962,8.17061
4,localize,频道5,3,36,0.478327,5.8208,7.80779
4,localize,频道5,3,41,0.478327,5.56539,6.92259
4,localize,频道5,3,46,0.478316,5.89559,6.86316
4,localize,频道5,3,51,0.478316,6.52532,7.25641
4,localize,频道5,3,56,0.478315,6.53487,6.72757
4,localize,频道5,3,61,0.478315,5.40088,5.4642
4,localize,频道5,3,66,0.478315,5.08922,5.82996
4,localize,频道5,3,71,0.47831,3.39125,4.12272
4,localize,频道5,3,76,0.47831,3.75728,4.36023
4,localize,频道5,3,81,0.47831,4.19496,4.64232
4,localize,频道5,3,86,0.47831,4.28891,4.37293
4,localize,频道5,3,91,0.47831,4.19175,4.20154
4,localize,频道5,3,96,0.47831,3.41834,3.59054
4,localize,频道5,3,101,0.47831,3.32571,3.61177
4,localize,频道5,3,106,0.47831,3.00117,2.92841
4,localize,频道5,3,111,0.47831,2.54709,2.63555
4,localize,频道5,3,116,0.47831,2.98885,3.0491
4,localize,频道5,3,121,0.47831,2.46882,2.57401
4,localize,频道5,3,126,0.47831,2.30635,2.46417
4,localize,频道5,3,131,0.47831,1.88318,1.84291
4,localize,频道5,3,136,0.47831,1.65198,1.74111
4,localize,频道5,3,141,0.47831,1.69819,1.54736
4,localize,频道5,3,146,0.47831,1.24696,1.07659
4,localize,频道5,3,150,0.47831,1.08546,0.825631
4,localize,频道8,3,0,0,111.507,53.7195
4,localize,频道8,3,1,0,58.7413,40.8073
4,localize,频道10,3,0,0,102.303,53.1183
4,localize,频道10,3,1,0,51.8059,29.1866
4,localize,频道10,3,0,0,102.303,53.1183
4,localize,频道10,3,1,0,51.8059,29.1866
4,localize,频道10,3,0,0.236101,127.122,61.6895
4,localize,频道10,3,1,0.236101,75.6484,45.9633
4,localize,频道10,3,6,0.236101,19.0395,20.5198
4,localize,频道10,3,11,0.233853,14.5269,20.8862
4,localize,频道10,3,16,0.231672,16.0142,22.4565
4,localize,频道10,3,21,0.227868,14.231,17.3676
4,localize,频道10,3,26,0.227722,13.9094,18.6103
4,localize,频道10,3,31,0.227722,16.2035,19.1756
4,localize,频道10,3,36,0.227701,13.4056,20.9831
4,localize,频道10,3,41,0.227701,13.283,16.1002
4,localize,频道10,3,46,0.227701,13.7887,18.1112
4,localize,频道10,3,51,0.227701,15.3067,19.4372
4,localize,频道10,3,56,0.227701,15.4672,17.8243
4,localize,频道10,3,61,0.227701,13.0458,16.6184
4,localize,频道10,3,66,0.227701,10.9166,13.4703
4,localize,频道10,3,71,0.227701,7.89937,9.90152
4,localize,频道10,3,76,0.227701,9.02413,10.2319
4,localize,频道10,3,81,0.227701,9.49018,12.6866
4,localize,频道10,3,86,0.227701,9.1673,9.77978
4,localize,频道10,3,91,0.227701,9.08768,9.72437
4,localize,频道10,3,96,0.227701,7.37592,8.80145
4,localize,频道10,3,101,0.227701,7.25796,8.97465
4,localize,频道10,3,106,0.227701,6.40613,6.71763
4,localize,频道10,3,111,0.227701,4.96233,5.85719
4,localize,频道10,3,116,0.2277,6.44495,8.71046
4,localize,频道10,3,121,0.2277,5.03674,5.92828
4,localize,频道10,3,126,0.2277,4.71242,5.03558
4,localize,频道10,3,131,0.2277,3.97787,4.40248
4,localize,频道10,3,136,0.2277,3.20038,3.8237
4,localize,频道10,3,141,0.227694,3.13823,3.35651
4,localize,频道10,3,146,0.227694,2.40064,2.47785
4,localize,频道10,3,150,0.227694,1.91986,1.86814
4,localize,频道10,3,0,0.236101,127.122,61.6895
4,localize,频道10,3,1,0.236101,75.6484,45.9633
4,localize,频道10,3,6,0.236101,19.0395,20.5198
4,localize,频道10,3,11,0.233853,14.5269,20.8862
4,localize,频道10,3,16,0.231672,16.0142,22.4565
4,localize,频道10,3,21,0.227868,14.231,17.3676
4,localize,频道10,3,26,0.227722,13.9094,18.6103
4,localize,频道10,3,31,0.227722,16.2035,19.1756
4,localize,频道10,3,36,0.227701,13.4056,20.9831
4,localize,频道10,3,41,0.227701,13.283,16.1002
4,localize,频道10,3,46,0.227701,13.7887,18.1112
4,localize,频道10,3,51,0.227701,15.3067,19.4372
4,localize,频道10,3,56,0.227701,15.4672,17.8243
4,localize,频道10,3,61,0.227701,13.0458,16.6184
4,localize,频道10,3,66,0.227701,10.9166,13.4703
4,localize,频道10,3,71,0.227701,7.89937,9.90152
4,localize,频道10,3,76,0.227701,9.02413,10.2319
4,localize,频道10,3,81,0.227701,9.49018,12.6866
4,localize,频道10,3,86,0.227701,9.1673,9.77978
4,localize,频道10,3,91,0.227701,9.08768,9.72437
4,localize,频道10,3,96,0.227701,7.37592,8.80145
4,localize,频道10,3,101,0.227701,7.25796,8.97465
4,localize,频道10,3,106,0.227701,6.40613,6.71763
4,localize,频道10,3,111,0.227701,4.96233,5.85719
4,localize,频道10,3,116,0.2277,6.44495,8.71046
4,localize,频道10,3,121,0.2277,5.03674,5.92828
4,localize,频道10,3,126,0.2277,4.71242,5.03558
4,localize,频道10,3,131,0.2277,3.97787,4.40248
4,localize,频道10,3,136,0.2277,3.20038,3.8237
4,localize,频道10,3,141,0.227694,3.13823,3.35651
4,localize,频道10,3,146,0.227694,2.40064,2.47785
4,localize,频道10,3,150,0.227694,1.91986,1.86814
4,localize,频道11,3,0,2.00972e-14,137.131,56.4334
4,localize,频道11,3,1,2.00972e-14,83.3007,45.5711
4,localize,频道12,3,0,2.00972e-14,114.849,36.4416
4,localize,频道12,3,1,2.00972e-14,85.263,34.1681
4,localize,频道12,3,0,2.00972e-14,114.849,36.4416
4,localize,频道12,3,1,2.00972e-14,85.263,34.1681
4,localize,频道12,3,0,0.0753368,115.323,45.1547
4,localize,频道12,3,1,0.0753368,79.903,35.3656
4,localize,频道12,3,6,0.0753368,29.9112,19.0501
4,localize,频道12,3,11,0.0753368,23.7124,25.8093
4,localize,频道12,3,16,0.0753368,25.6414,27.5367
4,localize,频道12,3,21,0.0753368,29.264,31.3983
4,localize,频道12,3,26,0.0753368,28.4871,29.1295
4,localize,频道12,3,31,0.0753368,33.2145,33.2163
4,localize,频道12,3,36,0.0753368,26.6524,32.885
4,localize,频道12,3,41,0.0753368,27.1806,30.6434
4,localize,频道12,3,46,0.0753368,29.8624,30.5013
4,localize,频道12,3,51,0.0753368,31.3416,30.3925
4,localize,频道12,3,56,0.0753368,30.0765,31.2059
4,localize,频道12,3,61,0.0753368,26.8065,28.1541
4,localize,频道12,3,66,0.0753368,28.0648,30.7374
4,localize,频道12,3,71,0.0753368,21.5844,27.7531
4,localize,频道12,3,76,0.0753368,21.1758,24.204
4,localize,频道12,3,81,0.0753368,20.5468,26.4117
4,localize,频道12,3,86,0.0753368,25.4782,27.7677
4,localize,频道12,3,91,0.0753368,20.8795,23.1979
4,localize,频道12,3,96,0.0753368,17.9265,22.2
4,localize,频道12,3,101,0.0753368,17.1883,21.8227
4,localize,频道12,3,106,0.0753368,19.7292,22.3462
4,localize,频道12,3,111,0.0753368,15.1624,21.357
4,localize,频道12,3,116,0.075143,18.7517,23.8724
4,localize,频道12,3,121,0.075143,13.9112,20.413
4,localize,频道12,3,126,0.0751373,15.8415,21.5346
4,localize,频道12,3,131,0.0751373,11.9157,16.0644
4,localize,频道12,3,136,0.0751373,12.0842,18.976
4,localize,频道12,3,141,0.0751373,9.74201,13.0162
4,localize,频道12,3,146,0.0751373,5.71622,7.35269
4,localize,频道12,3,150,0.0751373,6.45354,9.78971
4,localize,频道12,3,0,0.0753368,115.323,45.1547
4,localize,频道12,3,1,0.0753368,79.903,35.3656
4,localize,频道12,3,6,0.0753368,29.9112,19.0501
4,localize,频道12,3,11,0.0753368,23.7124,25.8093
4,localize,频道12,3,16,0.0753368,25.6414,27.5367
4,localize,频道12,3,21,0.0753368,29.264,31.3983
4,localize,频道12,3,26,0.0753368,28.4871,29.1295
4,localize,频道12,3,31,0.0753368,33.2145,33.2163
4,localize,频道12,3,36,0.0753368,26.6524,32.885
4,localize,频道12,3,41,0.0753368,27.1806,30.6434
4,localize,频道12,3,46,0.0753368,29.8624,30.5013
4,localize,频道12,3,51,0.0753368,31.3416,30.3925
4,localize,频道12,3,56,0.0753368,30.0765,31.2059
4,localize,频道12,3,61,0.0753368,26.8065,28.1541
4,localize,频道12,3,66,0.0753368,28.0648,30.7374
4,localize,频道12,3,71,0.0753368,21.5844,27.7531
4,localize,频道12,3,76,0.0753368,21.1758,24.204
4,localize,频道12,3,81,0.0753368,20.5468,26.4117
4,localize,频道12,3,86,0.0753368,25.4782,27.7677
4,localize,频道12,3,91,0.0753368,20.8795,23.1979
4,localize,频道12,3,96,0.0753368,17.9265,22.2
4,localize,频道12,3,101,0.0753368,17.1883,21.8227
4,localize,频道12,3,106,0.0753368,19.7292,22.3462
4,localize,频道12,3,111,0.0753368,15.1624,21.357
4,localize,频道12,3,116,0.075143,18.7517,23.8724
4,localize,频道12,3,121,0.075143,13.9112,20.413
4,localize,频道12,3,126,0.0751373,15.8415,21.5346
4,localize,频道12,3,131,0.0751373,11.9157,16.0644
4,localize,频道12,3,136,0.0751373,12.0842,18.976
4,localize,频道12,3,141,0.0751373,9.74201,13.0162
4,localize,频道12,3,146,0.0751373,5.71622,7.35269
4,localize,频道12,3,150,0.0751373,6.45354,9.78971
4,localize,频道14,3,0,0.326018,113.364,46.7414
4,localize,频道14,3,1,0.326018,79.9497,39.2865
4,localize,频道14,3,6,0.326018,13.1827,15.891
4,localize,频道14,3,11,0.229518,11.0182,16.6814
4,localize,频道14,3,16,0.224751,11.1253,17.206
4,localize,频道14,3,21,0.224751,9.83505,12.8783
4,localize,频道14,3,26,0.224151,10.3064,16.3556
4,localize,频道14,3,31,0.224151,12.5487,17.2916
4,localize,频道14,3,36,0.224046,9.03996,14.8904
4,localize,频道14,3,41,0.224046,9.52096,13.4454
4,localize,频道14,3,46,0.224046,9.06864,13.1694
4,localize,频道14,3,51,0.224046,10.935,16.8902
4,localize,频道14,3,56,0.224046,9.75264,12.1495
4,localize,频道14,3,61,0.224046,9.62188,14.3895
4,localize,频道14,3,66,0.224046,7.66824,11.1315
4,localize,频道14,3,71,0.224046,5.88249,7.86029
4,localize,频道14,3,76,0.224046,5.52605,6.95179
4,localize,频道14,3,81,0.224046,5.22357,6.41705
4,localize,频道14,3,86,0.224046,5.50156,6.19858
4,localize,频道14,3,91,0.224046,5.52635,5.88243
4,localize,频道14,3,96,0.224046,5.13338,6.85533
4,localize,频道14,3,101,0.224046,6.16919,11.2803
4,localize,频道14,3,106,0.224046,4.56577,5.42335
4,localize,频道14,3,111,0.224046,3.48464,4.7106
4,localize,频道14,3,116,0.224046,3.55056,4.37279
4,localize,频道14,3,121,0.224046,3.16906,3.95115
4,localize,频道14,3,126,0.224045,2.94916,3.28733
4,localize,频道14,3,131,0.224045,2.75393,3.28805
4,localize,频道14,3,136,0.224045,2.26603,2.67842
4,localize,频道14,3,141,0.224045,2.1473,2.21581
4,localize,频道14,3,146,0.224045,1.49146,1.89639
4,localize,频道14,3,150,0.224045,1.42995,1.55896
4,localize,频道16,3,0,0.30747,105.612,55.6956
4,localize,频道16,3,1,0.30747,55.1323,38.0491
4,localize,频道16,3,6,0.305483,6.42988,6.39453
4,localize,频道16,3,11,0.213217,5.21345,7.21563
4,localize,频道16,3,16,0.205029,5.30244,6.86767
4,localize,频道16,3,21,0.204859,5.1143,7.03495
4,localize,频道16,3,26,0.204859,5.17493,5.75441
4,localize,频道16,3,31,0.204859,5.88036,6.63934
4,localize,频道16,3,36,0.20477,4.85634,6.80355
4,localize,频道16,3,41,0.204747,4.48211,5.49572
4,localize,频道16,3,46,0.204747,4.7577,5.19574
4,localize,频道16,3,51,0.204747,5.15291,5.61852
4,localize,频道16,3,56,0.204747,5.58651,5.82784
4,localize,频道16,3,61,0.204747,4.61728,5.07404
4,localize,频道16,3,66,0.204747,4.18063,4.66093
4,localize,频道16,3,71,0.204747,2.94555,3.54787
4,localize,频道16,3,76,0.204747,3.17073,3.63128
4,localize,频道16,3,81,0.204747,3.3393,3.78792
4,localize,频道16,3,86,0.204747,3.40998,3.32966
4,localize,频道16,3,91,0.204747,3.2592,3.2727
4,localize,频道16,3,96,0.204747,2.61175,2.8599
4,localize,频道16,3,101,0.204747,2.48402,2.69647
4,localize,频道16,3,106,0.204747,2.4202,2.31268
4,localize,频道16,3,111,0.204746,1.86779,2.06422
4,localize,频道16,3,116,0.204746,2.25222,2.36263
4,localize,频道16,3,121,0.204746,1.89254,1.9783
4,localize,频道16,3,126,0.204746,1.79531,1.86839
4,localize,频道16,3,131,0.204746,1.49698,1.50699
4,localize,频道16,3,136,0.204746,1.25964,1.21965
4,localize,频道16,3,141,0.204746,1.21065,1.11546
4,localize,频道16,3,146,0.204746,0.864008,0.822652
4,localize,频道16,3,150,0.204746,0.777117,0.681858
4,localize,频道18,3,0,0,137.166,56.564
4,localize,频道18,3,1,0,78.8513,48.4061
4,localize,频道19,3,0,0,115.059,46.8874
4,localize,频道19,3,1,0,68.8299,37.8428
4,route,清除顺序,183930185,0,9555.43,17786.9,2419.29
4,route,清除顺序,183930185,1,9555.43,16249.4,2313.51
4,route,清除顺序,183930185,6,9022.75,14495,2491.5
4,route,清除顺序,183930185,11,8559.43,12937.1,2498.6
4,route,清除顺序,183930185,16,8310.6,12139.3,2481.15
4,route,清除顺序,183930185,21,7475.84,11177.8,2889.39
4,route,清除顺序,183930185,26,7402.08,10466.1,3017.37
4,route,清除顺序,183930185,31,7402.08,10067.6,2753.12
4,route,清除顺序,183930185,36,7402.08,9845.86,2477.98
4,route,清除顺序,183930185,41,7402.08,9739.97,2477.95
4,route,清除顺序,183930185,46,7402.08,10013.6,2851.62
4,route,清除顺序,183930185,51,7402.08,9989.06,2826.73
4,route,清除顺序,183930185,56,7402.08,9623.67,2330.49
4,route,清除顺序,183930185,61,7402.08,9983.33,2734.58
4,route,清除顺序,183930185,66,7402.08,9478.29,2546.21
4,route,清除顺序,183930185,71,7402.08,9191.92,2246.74
4,route,清除顺序,183930185,76,7402.08,9446.56,2321.02
4,route,清除顺序,183930185,81,7402.08,9243.2,2425.75
4,route,清除顺序,183930185,86,7402.08,9347.88,2446.2
4,route,清除顺序,183930185,91,7402.08,9068.09,2166.03
4,route,清除顺序,183930185,96,7402.08,9683.77,2628.62
4,route,清除顺序,183930185,101,7402.08,8937.85,2055.93
4,route,清除顺序,183930185,106,7402.08,9574.52,2559.39
4,route,清除顺序,183930185,111,7402.08,8831.79,1866.54
4,route,清除顺序,183930185,116,7402.08,9453.85,2510.59
4,route,清除顺序,183930185,121,7402.08,9212.56,2358.03
4,route,清除顺序,183930185,126,7402.08,9377.32,2405.79
4,route,清除顺序,183930185,131,7402.08,9571.35,2701.72
4,route,清除顺序,183930185,136,7402.08,8910.37,1979.26
4,route,清除顺序,183930185,141,7402.08,8694.8,2080.72
4,route,清除顺序,183930185,146,7402.08,9019.77,2574.84
4,route,清除顺序,183930185,151,7402.08,9423.87,2587.38
4,route,清除顺序,183930185,156,7402.08,9254.1,2541.29
4,route,清除顺序,183930185,161,7402.08,8839.29,2193.05
4,route,清除顺序,183930185,166,7402.08,8709.69,1824.98
4,route,清除顺序,183930185,171,7402.08,8803.07,1949.08
4,route,清除顺序,183930185,176,7402.08,8804.51,2306.97
4,route,清除顺序,183930185,181,7402.08,9178.25,2462.13
4,route,清除顺序,183930185,186,7402.08,8783.64,2199.3
4,route,清除顺序,183930185,191,7402.08,8987.55,2166.22
4,route,清除顺序,183930185,196,7402.08,8934.81,2258.78
4,route,清除顺序,183930185,201,7402.08,8667.43,2056.2
4,route,清除顺序,183930185,206,7402.08,8732.88,2223.58
4,route,清除顺序,183930185,211,7402.08,8487.62,1900.74
4,route,清除顺序,183930185,216,7402.08,8462.17,1819.95
4,route,清除顺序,183930185,221,7402.08,8756.66,2248.27
4,route,清除顺序,183930185,226,7402.08,9382.15,2623.84
4,route,清除顺序,183930185,231,7402.08,8811.28,2398.39
4,route,清除顺序,183930185,236,7402.08,8590.14,2060.53
4,route,清除顺序,183930185,241,7402.08,8760.14,2230.72
4,route,清除顺序,183930185,246,7402.08,8528.98,1985.3
4,route,清除顺序,183930185,251,7402.08,8613.91,2135.92
4,route,清除顺序,183930185,256,7402.08,8827.95,2175.78
4,route,清除顺序,183930185,261,7402.08,8555.56,2064.36
4,route,清除顺序,183930185,266,7402.08,8346.53,2015.95
4,route,清除顺序,183930185,271,7402.08,8602.54,2123.21
4,route,清除顺序,183930185,276,7402.08,8548.11,2113.54
4,route,清除顺序,183930185,281,7402.08,8370.34,1855.94
4,route,清除顺序,183930185,286,7402.08,8573.77,2363.81
4,route,清除顺序,183930185,291,7402.08,8673.25,2436.75
4,route,清除顺序,183930185,296,7402.08,8672.4,2076.13
4,route,清除顺序,183930185,300,7402.08,8516.42,2204.32
5,route,覆盖路点巡回,1560023975,0,8144.77,13701,1589.06
5,route,覆盖路点巡回,1560023975,1,8144.77,12909.9,1455.85
5,route,覆盖路点巡回,1560023975,6,8124.55,11613.5,1648.7
5,route,覆盖路点巡回,1560023975,11,8116.69,10774.8,1896.58
5,route,覆盖路点巡回,1560023975,16,8116.69,10629.2,1625.72
5,route,覆盖路点巡回,1560023975,21,8116.69,11229,1888.91
5,route,覆盖路点巡回,1560023975,26,8116.69,11056.5,1726.74
5,route,覆盖路点巡回,1560023975,31,8116.69,10701.8,1731.21
5,route,覆盖路点巡回,1560023975,36,8116.69,11072.3,1574.96
5,route,覆盖路点巡回,1560023975,41,8116.69,10422.8,1760.42
5,route,覆盖路点巡回,1560023975,46,8116.69,10007.1,1726.97
5,route,覆盖路点巡回,1560023975,51,8116.69,9881.33,1722.58
5,route,覆盖路点巡回,1560023975,56,8116.69,10356.7,1867.42
5,route,覆盖路点巡回,1560023975,61,8116.69,9874.71,1714.59
5,route,覆盖路点巡回,1560023975,66,8116.69,10166.7,1734.73
5,route,覆盖路点巡回,1560023975,71,8116.69,9502.48,1484.01
5,route,覆盖路点巡回,1560023975,76,8116.69,9641.32,1697.55
5,route,覆盖路点巡回,1560023975,81,8116.69,9804.28,1688.53
5,route,覆盖路点巡回,1560023975,86,8116.69,10145.3,1606.92
5,route,覆盖路点巡回,1560023975,91,8116.69,9758.21,1519.98
5,route,覆盖路点巡回,1560023975,96,8116.69,9963.97,1661.27
5,route,覆盖路点巡回,1560023975,101,8116.69,9697.7,1645.74
5,route,覆盖路点巡回,1560023975,106,8116.69,9683.12,1769.16
5,route,覆盖路点巡回,1560023975,111,8116.69,9446.46,1518.77
5,route,覆盖路点巡回,1560023975,116,8116.69,9875.46,1786.95
5,route,覆盖路点巡回,1560023975,121,8116.69,9577.12,1629.93
5,route,覆盖路点巡回,1560023975,126,8116.69,9166.31,1428.47
5,route,覆盖路点巡回,1560023975,131,8116.69,9523.21,1551.29
5,route,覆盖路点巡回,1560023975,136,8116.69,9447.11,1617.25
5,route,覆盖路点巡回,1560023975,141,8116.69,9546.32,1636.2
5,route,覆盖路点巡回,1560023975,146,8116.69,9548.51,1696.19
5,route,覆盖路点巡回,1560023975,151,8116.69,9845.86,1716.86
5,route,覆盖路点巡回,1560023975,156,8116.69,9594.01,1714.77
5,route,覆盖路点巡回,1560023975,161,8116.69,9703.78,1701.74
5,route,覆盖路点巡回,1560023975,166,8116.69,9567.43,1434.12
5,route,覆盖路点巡回,1560023975,171,8116.69,9208.71,1332.08
5,route,覆盖路点巡回,1560023975,176,8116.69,9235.88,1534.02
5,route,覆盖路点巡回,1560023975,181,8116.69,9266.48,1344.29
5,route,覆盖路点巡回,1560023975,186,8116.69,9237.85,1463.02
5,route,覆盖路点巡回,1560023975,191,8116.69,8995.22,1286.17
5,route,覆盖路点巡回,1560023975,196,8116.69,9305.24,1617.67
5,route,覆盖路点巡回,1560023975,201,8116.69,9319.18,1563.59
5,route,覆盖路点巡回,1560023975,206,8116.69,9128.08,1310.73
5,route,覆盖路点巡回,1560023975,211,8116.69,8956.97,1344.01
5,route,覆盖路点巡回,1560023975,216,8116.69,9151.8,1580.58
5,route,覆盖路点巡回,1560023975,221,8116.69,8955.15,1185.74
5,route,覆盖路点巡回,1560023975,226,8116.69,8943.7,1248.61
5,route,覆盖路点巡回,1560023975,231,8116.69,9302.73,1511.79
5,route,覆盖路点巡回,1560023975,236,8116.69,8926.62,1419.79
5,route,覆盖路点巡回,1560023975,241,8116.69,9096.09,1419.65
5,route,覆盖路点巡回,1560023975,246,8116.69,9099.11,1348.25
5,route,覆盖路点巡回,1560023975,251,8116.69,9072.64,1306.7
5,route,覆盖路点巡回,1560023975,256,8116.69,9042.74,1499.36
5,route,覆盖路点巡回,1560023975,261,8116.69,9123.09,1511.48
5,route,覆盖路点巡回,1560023975,266,8116.69,9180.68,1423.81
5,route,覆盖路点巡回,1560023975,271,8116.69,8844.56,1270.46
5,route,覆盖路点巡回,1560023975,276,8116.69,8950.32,1346.65
5,route,覆盖路点巡回,1560023975,281,8116.69,8905.41,1378.81
5,route,覆盖路点巡回,1560023975,286,8116.69,8680.72,1181.58
5,route,覆盖路点巡回,1560023975,291,8116.69,9137.42,1403.8
5,route,覆盖路点巡回,1560023975,296,8116.69,9083.7,1489.88
5,route,覆盖路点巡回,1560023975,300,8116.69,8567.82,1012.44
5,localize,频道1,4,0,0.207713,138.166,63.9333
5,localize,频道1,4,1,0.207713,89.0215,54.3933
5,localize,频道1,4,6,0.207713,14.7082,12.5398
5,localize,频道1,4,11,0.207713,12.8198,15.3412
5,localize,频道1,4,16,0.206417,10.9478,15.2866
5,localize,频道1,4,21,0.198827,15.4536,22.904
5,localize,频道1,4,26,0.198827,14.1387,17.9118
5,localize,频道1,4,31,0.198827,13.1427,17.4183
5,localize,频道1,4,36,0.198647,15.096,18.1766
5,localize,频道1,4,41,0.198647,11.0941,14.9787
5,localize,频道1,4,46,0.197952,13.0495,19.7596
5,localize,频道1,4,51,0.197588,9.53448,11.8606
5,localize,频道1,4,56,0.197588,8.43181,12.27
5,localize,频道1,4,61,0.19733,10.1443,12.7318
5,localize,频道1,4,66,0.19733,8.63342,12.0076
5,localize,频道1,4,71,0.197264,9.98082,11.2283
5,localize,频道1,4,76,0.197264,10.8292,13.6782
5,localize,频道1,4,81,0.197264,7.98902,11.7166
5,localize,频道1,4,86,0.197264,6.37714,7.4385
5,localize,频道1,4,91,0.197237,5.66418,7.18807
5,localize,频道1,4,96,0.197237,5.88643,7.69247
5,localize,频道1,4,101,0.197237,6.10791,8.68383
5,localize,频道1,4,106,0.197237,5.19554,6.282
5,localize,频道1,4,111,0.197237,6.20449,8.7971
5,localize,频道1,4,116,0.197223,4.51305,5.38858
5,localize,频道1,4,121,0.197222,5.90713,5.44224
5,localize,频道1,4,126,0.197222,3.94753,5.35715
5,localize,频道1,4,131,0.197222,2.91674,3.91121
5,localize,频道1,4,136,0.197218,2.98456,3.6301
5,localize,频道1,4,141,0.197218,2.51973,2.59733
5,localize,频道1,4,146,0.197218,2.29195,2.63651
5,localize,频道1,4,150,0.197218,1.62493,1.80042
5,localize,频道2,4,0,0.400962,106.926,48.0494
5,localize,频道2,4,1,0.400962,61.8452,40.3446
5,localize,频道2,4,6,0.400962,14.9168,18.6301
5,localize,频道2,4,11,0.378235,12.5775,16.0739
5,localize,频道2,4,16,0.376721,8.19731,9.15561
5,localize,频道2,4,21,0.37536,10.9549,15.9365
5,localize,频道2,4,26,0.374658,10.5941,11.9698
5,localize,频道2,4,31,0.374211,11.718,14.2375
5,localize,频道2,4,36,0.374211,13.4894,15.1389
5,localize,频道2,4,41,0.374211,11.2088,14.4916
5,localize,频道2,4,46,0.374211,9.1234,11.2393
5,localize,频道2,4,51,0.374211,8.4746,11.14
5,localize,频道2,4,56,0.374205,7.78989,9.29527
5,localize,频道2,4,61,0.374168,7.24326,8.67265
5,localize,频道2,4,66,0.374167,7.81599,11.3832
5,localize,频道2,4,71,0.374167,8.27535,9.03031
5,localize,频道2,4,76,0.374167,9.64818,12.4807
5,localize,频道2,4,81,0.374167,6.12537,6.87929
5,localize,频道2,4,86,0.374167,6.81186,7.83408
5,localize,频道2,4,91,0.374167,5.0106,5.98089
5,localize,频道2,4,96,0.374167,4.82182,5.15159
5,localize,频道2,4,101,0.374167,5.57239,9.2164
5,localize,频道2,4,106,0.374167,4.67461,5.85651
5,localize,频道2,4,111,0.374167,4.67589,5.39739
5,localize,频道2,4,116,0.374167,3.83524,4.17171
5,localize,频道2,4,121,0.374167,5.00281,4.91131
5,localize,频道2,4,126,0.374167,3.04195,3.58629
5,localize,频道2,4,131,0.374167,2.32691,2.77576
5,localize,频道2,4,136,0.374167,2.48594,2.72092
5,localize,频道2,4,141,0.374167,2.23444,2.43628
5,localize,频道2,4,146,0.374167,1.65977,1.52691
5,localize,频道2,4,150,0.374167,1.33212,1.26948
5,localize,频道4,4,0,0.145269,133.601,63.7343
5,localize,频道4,4,1,0.145269,83.3384,54.955
5,localize,频道4,4,6,0.145269,7.35388,7.15291
5,localize,频道4,4,11,0.107296,6.27526,7.64353
5,localize,频道4,4,16,0.0962926,4.92055,5.47467
5,localize,频道4,4,21,0.0962926,6.01943,8.85208
5,localize,频道4,4,26,0.0962926,5.85241,5.93154
5,localize,频道4,4,31,0.0962926,6.38927,7.31035
5,localize,频道4,4,36,0.0962825,6.84418,7.61348
5,localize,频道4,4,41,0.0962825,5.20952,5.99415
5,localize,频道4,4,46,0.0962825,4.50869,4.74377
5,localize,频道4,4,51,0.0962825,4.5572,4.97
5,localize,频道4,4,56,0.0962825,4.38808,4.92887
5,localize,频道4,4,61,0.0962825,4.4486,5.10239
5,localize,频道4,4,66,0.0962618,3.90031,4.68606
5,localize,频道4,4,71,0.0962618,4.27544,4.52825
5,localize,频道4,4,76,0.0962618,4.5271,4.88914
5,localize,频道4,4,81,0.0962618,3.18537,3.68043
5,localize,频道4,4,86,0.0962618,3.06619,2.81607
5,localize,频道4,4,91,0.0962618,2.59898,2.97283
5,localize,频道4,4,96,0.0962618,2.6052,2.97333
5,localize,频道4,4,101,0.0962618,2.59276,3.46128
5,localize,频道4,4,106,0.0962618,2.25217,2.4154
5,localize,频道4,4,111,0.0962618,2.54647,2.44368
5,localize,频道4,4,116,0.0962618,1.93069,2.02159
5,localize,频道4,4,121,0.0962618,2.44929,2.15679
5,localize,频道4,4,126,0.0962618,1.56097,2.01626
5,localize,频道4,4,131,0.0962618,1.24156,1.60623
5,localize,频道4,4,136,0.0962618,1.26604,1.38237
5,localize,频道4,4,141,0.0962618,1.16351,1.12036
5,localize,频道4,4,146,0.0962618,0.998209,1.00327
5,localize,频道4,4,150,0.0962618,0.696503,0.758254
5,localize,频道5,4,0,0.428711,110.925,51.8798
5,localize,频道5,4,1,0.428711,59.8882,35.2568
5,localize,频道5,4,6,0.428711,10.1353,12.4172
5,localize,频道5,4,11,0.368651,8.17337,9.46262
5,localize,频道5,4,16,0.363271,6.50283,7.01461
5,localize,频道5,4,21,0.363175,6.55031,9.49795
5,localize,频道5,4,26,0.362633,6.75859,7.3623
5,localize,频道5,4,31,0.362627,7.77113,8.94112
5,localize,频道5,4,36,0.362627,7.5793,7.78413
5,localize,频道5,4,41,0.362627,6.46529,7.11963
5,localize,频道5,4,46,0.362627,5.84666,6.31448
5,localize,频道5,4,51,0.362627,5.79122,7.37929
5,localize,频道5,4,56,0.362626,5.13295,6.03142
5,localize,频道5,4,61,0.362625,5.40615,6.46111
5,localize,频道5,4,66,0.362625,5.00965,6.68096
5,localize,频道5,4,71,0.362625,5.21544,5.00409
5,localize,频道5,4,76,0.362625,5.48705,5.81307
5,localize,频道5,4,81,0.362625,3.96544,4.15605
5,localize,频道5,4,86,0.362625,3.79376,3.84277
5,localize,频道5,4,91,0.362625,3.20664,3.44149
5,localize,频道5,4,96,0.362625,3.3265,3.65402
5,localize,频道5,4,101,0.362625,3.30267,3.95673
5,localize,频道5,4,106,0.362625,2.9432,3.19615
5,localize,频道5,4,111,0.362625,3.13562,2.9634
5,localize,频道5,4,116,0.362625,2.42763,2.22272
5,localize,频道5,4,121,0.362625,3.00682,2.69836
5,localize,频道5,4,126,0.362625,1.91126,2.05621
5,localize,频道5,4,131,0.362625,1.65899,1.91428
5,localize,频道5,4,136,0.362625,1.64181,1.563
5,localize,频道5,4,141,0.362625,1.3951,1.20621
5,localize,频道5,4,146,0.362625,1.226,1.07145
5,localize,频道5,4,150,0.362625,0.944347,0.783436
5,localize,频道7,4,0,0.30411,123.756,56.7455
5,localize,频道7,4,1,0.30411,76.4491,43.5167
5,localize,频道7,4,6,0.30411,12.6129,12.3688
5,localize,频道7,4,11,0.30411,10.4524,13.7525
5,localize,频道7,4,16,0.256604,8.69353,11.5405
5,localize,频道7,4,21,0.243117,11.1055,18.1756
5,localize,频道7,4,26,0.243117,10.7779,13.8728
5,localize,频道7,4,31,0.242872,10.9043,13.5661
5,localize,频道7,4,36,0.242872,11.6889,14.4187
5,localize,频道7,4,41,0.242872,8.39439,10.8372
5,localize,频道7,4,46,0.242872,8.44595,12.089
5,localize,频道7,4,51,0.242841,7.62128,9.76905
5,localize,频道7,4,56,0.242841,6.64191,8.62877
5,localize,频道7,4,61,0.242841,7.72307,9.92688
5,localize,频道7,4,66,0.242841,6.69656,8.75173
5,localize,频道7,4,71,0.242841,7.49376,8.46603
5,localize,频道7,4,76,0.242841,7.55679,8.8321
5,localize,频道7,4,81,0.242841,5.96165,7.67612
5,localize,频道7,4,86,0.242841,5.03195,4.99735
5,localize,频道7,4,91,0.242841,4.4826,5.21731
5,localize,频道7,4,96,0.242841,4.63578,5.64018
5,localize,频道7,4,101,0.242841,4.33777,5.9219
5,localize,频道7,4,106,0.242841,3.82011,4.02653
5,localize,频道7,4,111,0.242841,4.08571,4.8025
5,localize,频道7,4,116,0.242841,3.31802,3.70756
5,localize,频道7,4,121,0.242841,4.14456,3.59014
5,localize,频道7,4,126,0.242841,2.74638,3.56715
5,localize,频道7,4,131,0.242841,1.96756,2.39723
5,localize,频道7,4,136,0.242841,2.1807,2.4018
5,localize,频道7,4,141,0.242841,1.92731,1.82246
5,localize,频道7,4,146,0.242841,1.524,1.52823
5,localize,频道7,4,150,0.242841,1.21573,1.20851
5,localize,频道9,4,0,0.495407,112.194,49.1518
5,localize,频道9,4,1,0.495407,70.0941,40.452
5,localize,频道9,4,6,0.441613,9.64508,11.096
5,localize,频道9,4,11,0.425269,8.05695,9.41282
5,localize,频道9,4,16,0.422362,6.33378,6.60393
5,localize,频道9,4,21,0.422001,6.64819,9.92626
5,localize,频道9,4,26,0.421853,7.43618,7.4374
5,localize,频道9,4,31,0.421853,7.5382,9.17279
5,localize,频道9,4,36,0.421809,8.04768,9.37224
5,localize,频道9,4,41,0.421809,5.83864,7.20269
5,localize,频道9,4,46,0.421809,6.01029,7.00268
5,localize,频道9,4,51,0.421809,5.32322,6.1651
5,localize,频道9,4,56,0.421787,4.73828,5.53806
5,localize,频道9,4,61,0.421779,5.1964,6.04076
5,localize,频道9,4,66,0.421775,4.77747,5.63223
5,localize,频道9,4,71,0.421762,5.13583,5.42171
5,localize,频道9,4,76,0.421762,5.46425,6.22635
5,localize,频道9,4,81,0.421759,4.20454,4.60959
5,localize,频道9,4,86,0.421759,3.89791,3.90083
5,localize,频道9,4,91,0.421747,2.96024,3.27242
5,localize,频道9,4,96,0.421747,3.31603,3.57871
5,localize,频道9,4,101,0.421747,3.11603,4.00337
5,localize,频道9,4,106,0.421747,2.93378,3.35696
5,localize,频道9,4,111,0.421747,3.13501,3.3203
5,localize,频道9,4,116,0.421747,2.62622,2.71979
5,localize,频道9,4,121,0.421747,3.17938,3.08792
5,localize,频道9,4,126,0.421746,2.01485,2.34405
5,localize,频道9,4,131,0.421746,1.7329,2.1848
5,localize,频道9,4,136,0.421746,1.67891,1.65579
5,localize,频道9,4,141,0.421746,1.5374,1.3702
5,localize,频道9,4,146,0.421746,1.31707,1.25577
5,localize,频道9,4,150,0.421746,0.928939,0.721899
5,localize,频道10,4,0,0.188971,121.088,58.8734
5,localize,频道10,4,1,0.188971,73.875,39.7995
5,localize,频道10,4,6,0.188971,12.4557,16.0713
5,localize,频道10,4,11,0.188971,12.5531,20.0512
5,localize,频道10,4,16,0.188971,11.798,15.7289
5,localize,频道10,4,21,0.186171,13.0779,21.5015
5,localize,频道10,4,26,0.185526,11.786,14.8915
5,localize,频道10,4,31,0.185344,15.1622,21.5781
5,localize,频道10,4,36,0.185344,12.992,16.1311
5,localize,频道10,4,41,0.185344,10.0306,16.3889
5,localize,频道10,4,46,0.185344,10.1221,14.439
5,localize,频道10,4,51,0.185344,9.40058,15.2129
5,localize,频道10,4,56,0.185344,9.24824,12.7621
5,localize,频道10,4,61,0.185343,10.3524,18.1803
5,localize,频道10,4,66,0.185341,8.01278,13.0259
5,localize,频道10,4,71,0.18533,9.05908,13.5322
5,localize,频道10,4,76,0.18533,9.14968,13.7406
5,localize,频道10,4,81,0.18533,7.57151,13.3449
5,localize,频道10,4,86,0.18533,5.78255,6.3216
5,localize,频道10,4,91,0.18533,4.69688,6.02359
5,localize,频道10,4,96,0.18533,4.99997,6.92734
5,localize,频道10,4,101,0.18533,5.30999,8.65829
5,localize,频道10,4,106,0.18533,4.82587,6.36553
5,localize,频道10,4,111,0.18533,4.50142,6.02877
5,localize,频道10,4,116,0.18533,3.77689,4.43493
5,localize,频道10,4,121,0.18533,4.95865,5.7374
5,localize,频道10,4,126,0.18533,3.07614,4.47561
5,localize,频道10,4,131,0.18533,1.81582,2.45291
5,localize,频道10,4,136,0.185325,2.45713,3.32437
5,localize,频道10,4,141,0.185325,2.28538,2.88159
5,localize,频道10,4,146,0.185325,1.55711,1.70019
5,localize,频道10,4,150,0.185325,1.19264,1.43851
5,localize,频道13,4,0,0.245358,125.84,59.8198
5,localize,频道13,4,1,0.245358,75.1212,49.9052
5,localize,频道13,4,6,0.245358,8.62741,10.5977
5,localize,频道13,4,11,0.184716,7.01958,8.81771
5,localize,频道13,4,16,0.176274,5.15985,6.02598
5,localize,频道13,4,21,0.175676,5.95081,9.4182
5,localize,频道13,4,26,0.175261,6.02854,6.58413
5,localize,频道13,4,31,0.175261,6.6424,7.80179
5,localize,频道13,4,36,0.175261,6.5721,7.25788
5,localize,频道13,4,41,0.175219,5.2042,5.82966
5,localize,频道13,4,46,0.175219,4.70195,5.18076
5,localize,频道13,4,51,0.175207,4.71159,5.96229
5,localize,频道13,4,56,0.175207,4.11445,5.55547
5,localize,频道13,4,61,0.175207,4.62972,5.34667
5,localize,频道13,4,66,0.175207,4.22242,5.63235
5,localize,频道13,4,71,0.175207,4.44661,4.64642
5,localize,频道13,4,76,0.175207,4.63529,4.83623
5,localize,频道13,4,81,0.175206,3.17835,3.46012
5,localize,频道13,4,86,0.175206,3.11967,3.16271
5,localize,频道13,4,91,0.175206,2.54761,2.87964
5,localize,频道13,4,96,0.175206,2.75059,2.98694
5,localize,频道13,4,101,0.175206,2.55047,3.33798
5,localize,频道13,4,106,0.175206,2.34353,2.6397
5,localize,频道13,4,111,0.175206,2.38765,2.45475
5,localize,频道13,4,116,0.175206,1.92749,1.92465
5,localize,频道13,4,121,0.175206,2.53186,2.25762
5,localize,频道13,4,126,0.175206,1.57503,1.75398
5,localize,频道13,4,131,0.175206,1.26669,1.63428
5,localize,频道13,4,136,0.175206,1.31577,1.35392
5,localize,频道13,4,141,0.175205,1.22051,1.13785
5,localize,频道13,4,146,0.175205,0.928558,0.87108
5,localize,频道13,4,150,0.175205,0.774847,0.716499
5,localize,频道15,4,0,0.18379,124.417,57.9169
5,localize,频道15,4,1,0.18379,77.9797,42.4204
5,localize,频道15,4,6,0.18379,14.1913,14.6346
5,localize,频道15,4,11,0.173597,13.3332,21.869
5,localize,频道15,4,16,0.164017,9.80548,13.6759
5,localize,频道15,4,21,0.155268,13.6779,23.8339
5,localize,频道15,4,26,0.155161,10.6408,14.4356
5,localize,频道15,4,31,0.155161,14.3432,21.5575
5,localize,频道15,4,36,0.155161,12.8226,18.5101
5,localize,频道15,4,41,0.155161,9.27085,14.8128
5,localize,频道15,4,46,0.15511,9.03163,14.8018
5,localize,频道15,4,51,0.15485,7.24022,10.1254
5,localize,频道15,4,56,0.154549,8.39139,14.1722
5,localize,频道15,4,61,0.154548,10.2107,20.2904
5,localize,频道15,4,66,0.154497,7.33126,13.5748
5,localize,频道15,4,71,0.154469,8.03103,12.5881
5,localize,频道15,4,76,0.154469,8.37001,12.9604
5,localize,频道15,4,81,0.154469,5.6428,7.07352
5,localize,频道15,4,86,0.154437,5.17522,6.03424
5,localize,频道15,4,91,0.154432,4.26274,5.2307
5,localize,频道15,4,96,0.154428,4.7765,6.55804
5,localize,频道15,4,101,0.154428,4.23469,5.66165
5,localize,频道15,4,106,0.154428,4.16788,5.72091
5,localize,频道15,4,111,0.154428,4.40255,5.93603
5,localize,频道15,4,116,0.154428,3.52772,4.30456
5,localize,频道15,4,121,0.154428,4.53974,4.68351
5,localize,频道15,4,126,0.154422,2.71286,3.89065
5,localize,频道15,4,131,0.154422,1.77333,2.29
5,localize,频道15,4,136,0.154422,2.28371,2.96324
5,localize,频道15,4,141,0.154422,2.07904,2.40774
5,localize,频道15,4,146,0.15442,1.37225,1.34657
5,localize,频道15,4,150,0.15442,1.20683,1.40983
5,localize,频道16,4,0,0.292344,122.924,53.8013
5,localize,频道16,4,1,0.292344,72.7966,42.4408
5,localize,频道16,4,6,0.292344,14.2412,12.2043
5,localize,频道16,4,11,0.292344,11.7746,14.1158
5,localize,频道16,4,16,0.273388,9.84015,12.1472
5,localize,频道16,4,21,0.269956,12.4257,19.2768
5,localize,频道16,4,26,0.269956,12.5685,15.2202
5,localize,频道16,4,31,0.269956,12.1659,15.8326
5,localize,频道16,4,36,0.269944,13.8421,14.8812
5,localize,频道16,4,41,0.269944,9.41886,12.7514
5,localize,频道16,4,46,0.269944,10.5843,16.4023
5,localize,频道16,4,51,0.269937,8.67007,10.0922
5,localize,频道16,4,56,0.269868,7.93077,10.4808
5,localize,频道16,4,61,0.269868,8.75166,10.4336
5,localize,频道16,4,66,0.269868,7.76616,9.53468
5,localize,频道16,4,71,0.269868,8.53515,9.32542
5,localize,频道16,4,76,0.269868,9.13268,10.7641
5,localize,频道16,4,81,0.269868,7.17514,11.0463
5,localize,频道16,4,86,0.269868,6.10742,6.82519
5,localize,频道16,4,91,0.269868,5.18436,6.62668
5,localize,频道16,4,96,0.269868,5.17257,5.58445
5,localize,频道16,4,101,0.269868,5.12757,6.92421
5,localize,频道16,4,106,0.269868,4.15109,4.5781
5,localize,频道16,4,111,0.269868,5.08718,5.3882
5,localize,频道16,4,116,0.269868,4.03672,4.31234
5,localize,频道16,4,121,0.269868,4.63227,4.3961
5,localize,频道16,4,126,0.269868,3.31245,4.38379
5,localize,频道16,4,131,0.269868,2.4356,3.09632
5,localize,频道16,4,136,0.269854,2.52024,2.85149
5,localize,频道16,4,141,0.269854,2.37742,2.32153
5,localize,频道16,4,146,0.269854,1.9936,2.19977
5,localize,频道16,4,150,0.269854,1.36937,1.477
5,localize,频道17,4,0,0,126.921,56.9229
5,localize,频道17,4,1,0,81.4291,53.0834
5,route,清除顺序,2025197565,0,8213.54,17770.4,2543.51
5,route,清除顺序,2025197565,1,8213.54,16538.6,2346.61
5,route,清除顺序,2025197565,6,8213.54,12849.5,2709.42
5,route,清除顺序,2025197565,11,7736.1,11380.4,2748.25
5,route,清除顺序,2025197565,16,7498.93,10078.4,2375.23
5,route,清除顺序,2025197565,21,7498.93,10297.5,2263.95
5,route,清除顺序,2025197565,26,7498.93,9476.93,2150.24
5,route,清除顺序,2025197565,31,7498.93,9333.75,2198.07
5,route,清除顺序,2025197565,36,7498.93,9814.95,2605.16
5,route,清除顺序,2025197565,41,7498.93,9469.6,2219.86
5,route,清除顺序,2025197565,46,7498.93,10136.6,2583.36
5,route,清除顺序,2025197565,51,7498.93,9378.15,2286.96
5,route,清除顺序,2025197565,56,7498.93,9633.3,2472.15
5,route,清除顺序,2025197565,61,7498.93,9668.42,2425.16
5,route,清除顺序,2025197565,66,7498.93,9300.44,1823.51
5,route,清除顺序,2025197565,71,7498.93,9902.31,2831.28
5,route,清除顺序,2025197565,76,7498.93,9277.35,2404.09
5,route,清除顺序,2025197565,81,7498.93,9489.35,2414.43
5,route,清除顺序,2025197565,86,7498.93,9214.33,2075.95
5,route,清除顺序,2025197565,91,7498.93,9402.18,2278.3
5,route,清除顺序,2025197565,96,7498.93,9845.99,2660.04
5,route,清除顺序,2025197565,101,7498.93,9139.41,2344.35
5,route,清除顺序,2025197565,106,7498.93,9325.53,2363.43
5,route,清除顺序,2025197565,111,7498.93,9331.23,2126.36
5,route,清除顺序,2025197565,116,7498.93,8680.32,1839.11
5,route,清除顺序,2025197565,121,7498.93,9058.79,1874.89
5,route,清除顺序,2025197565,126,7498.93,8903.07,2008.99
5,route,清除顺序,2025197565,131,7498.93,9488.22,2312.03
5,route,清除顺序,2025197565,136,7498.93,9195.46,2289.42
5,route,清除顺序,2025197565,141,7498.93,8763.9,2018.55
5,route,清除顺序,2025197565,146,7498.93,9005.66,2232.8
5,route,清除顺序,2025197565,151,7498.93,9097.29,1972.02
5,route,清除顺序,2025197565,156,7498.93,9774.91,2510.57
5,route,清除顺序,2025197565,161,7498.93,8953.99,2172.55
5,route,清除顺序,2025197565,166,7498.93,8929.15,2000.91
5,route,清除顺序,2025197565,171,7498.93,9128.98,2347.63
5,route,清除顺序,2025197565,176,7498.93,9210.45,2022.43
5,route,清除顺序,2025197565,181,7498.93,8669.75,2178.73
5,route,清除顺序,2025197565,186,7498.93,9418.04,2612.53
5,route,清除顺序,2025197565,191,7498.93,8889.61,2032.06
5,route,清除顺序,2025197565,196,7498.93,8922.39,2202.91
5,route,清除顺序,2025197565,201,7498.93,8997.67,1946.05
5,route,清除顺序,2025197565,206,7498.93,8956.58,2208.97
5,route,清除顺序,2025197565,211,7498.93,8863.88,2276.41
5,route,清除顺序,2025197565,216,7498.93,8921.44,2233.86
5,route,清除顺序,2025197565,221,7498.93,8813.86,2181.59
5,route,清除顺序,2025197565,226,7498.93,8772.37,1880.21
5,route,清除顺序,2025197565,231,7498.93,8571.93,1978.92
5,route,清除顺序,2025197565,236,7498.93,8837.67,2256.29
5,route,清除顺序,2025197565,241,7498.93,8889.57,2111.53
5,route,清除顺序,2025197565,246,7498.93,8692.29,2056.26
5,route,清除顺序,2025197565,251,7498.93,8835.08,1977.8
5,route,清除顺序,2025197565,256,7498.93,8612.04,1937.8
5,route,清除顺序,2025197565,261,7498.93,8622.62,1942.08
5,route,清除顺序,2025197565,266,7498.93,8644.77,2042.21
5,route,清除顺序,2025197565,271,7498.93,8774.2,1912.21
5,route,清除顺序,2025197565,276,7498.93,8900.79,2000.49
5,route,清除顺序,2025197565,281,7498.93,8456.71,2046.87
5,route,清除顺序,2025197565,286,7498.93,8021.32,1168.43
5,route,清除顺序,2025197565,291,7498.93,8299.78,1605.41
5,route,清除顺序,2025197565,296,7498.93,8598.77,2033.7
5,route,清除顺序,2025197565,300,7498.93,8209.25,1634.97
6,route,覆盖路点巡回,1440510676,0,8144.77,13825.6,1456.23
6,route,覆盖路点巡回,1440510676,1,8144.77,12909,1680.66
6,route,覆盖路点巡回,1440510676,6,8124.55,11667.3,1619.54
6,route,覆盖路点巡回,1440510676,11,8124.55,10333,1938.56
6,route,覆盖路点巡回,1440510676,16,8124.55,10069.5,1735.53
6,route,覆盖路点巡回,1440510676,21,8124.55,10166.4,1621.26
6,route,覆盖路点巡回,1440510676,26,8124.55,10146.8,1740.5
6,route,覆盖路点巡回,1440510676,31,8124.55,10398.3,1754.43
6,route,覆盖路点巡回,1440510676,36,8124.55,10245,1731.63
6,route,覆盖路点巡回,1440510676,41,8124.55,10366.6,1772.45
6,route,覆盖路点巡回,1440510676,46,8124.55,9755.24,1555.99
6,route,覆盖路点巡回,1440510676,51,8124.55,9865.58,1626.88
6,route,覆盖路点巡回,1440510676,56,8124.55,9955.04,1781.62
6,route,覆盖路点巡回,1440510676,61,8124.55,9929.27,1506.4
6,route,覆盖路点巡回,1440510676,66,8124.55,9493.28,1456.48
6,route,覆盖路点巡回,1440510676,71,8124.55,9548.91,1411.27
6,route,覆盖路点巡回,1440510676,76,8116.69,9706.12,1766.17
6,route,覆盖路点巡回,1440510676,81,8116.69,10585.2,1425.95
6,route,覆盖路点巡回,1440510676,86,8116.69,10854.3,1685.02
6,route,覆盖路点巡回,1440510676,91,8116.69,10106.5,1657.1
6,route,覆盖路点巡回,1440510676,96,8116.69,9843.83,1765.63
6,route,覆盖路点巡回,1440510676,101,8116.69,10014.5,1921.91
6,route,覆盖路点巡回,1440510676,106,8116.69,9698.62,1545.78
6,route,覆盖路点巡回,1440510676,111,8116.69,9558.87,1554.07
6,route,覆盖路点巡回,1440510676,116,8116.69,9814.08,1631.08
6,route,覆盖路点巡回,1440510676,121,8116.69,9237.07,1380.54
6,route,覆盖路点巡回,1440510676,126,8116.69,9448.8,1503.8
6,route,覆盖路点巡回,1440510676,131,8116.69,9497.23,1579.11
6,route,覆盖路点巡回,1440510676,136,8116.69,9396.79,1387.31
6,route,覆盖路点巡回,1440510676,141,8116.69,9362.23,1581.62
6,route,覆盖路点巡回,1440510676,146,8116.69,9494.88,1646.71
6,route,覆盖路点巡回,1440510676,151,8116.69,9318.24,1467.97
6,route,覆盖路点巡回,1440510676,156,8116.69,9534.18,1724.44
6,route,覆盖路点巡回,1440510676,161,8116.69,9565.1,1590.74
6,route,覆盖路点巡回,1440510676,166,8116.69,9466.45,1497.93
6,route,覆盖路点巡回,1440510676,171,8116.69,9223.1,1597.45
6,route,覆盖路点巡回,1440510676,176,8116.69,9093.62,1479.15
6,route,覆盖路点巡回,1440510676,181,8116.69,9374.32,1612.81
6,route,覆盖路点巡回,1440510676,186,8116.69,9117.22,1625.35
6,route,覆盖路点巡回,1440510676,191,8116.69,9732.12,1674.88
6,route,覆盖路点巡回,1440510676,196,8116.69,8929.92,1376.74
6,route,覆盖路点巡回,1440510676,201,8116.69,9233.15,1481.81
6,route,覆盖路点巡回,1440510676,206,8116.69,9307.06,1540.35
6,route,覆盖路点巡回,1440510676,211,8116.69,9525.94,1582.31
6,route,覆盖路点巡回,1440510676,216,8116.69,9155,1518.64
6,route,覆盖路点巡回,1440510676,221,8116.69,9105.2,1479.07
6,route,覆盖路点巡回,1440510676,226,8116.69,8906.91,1177.65
6,route,覆盖路点巡回,1440510676,231,8116.69,9291.39,1518.19
6,route,覆盖路点巡回,1440510676,236,8116.69,9251.15,1610.47
6,route,覆盖路点巡回,1440510676,241,8116.69,9019.09,1385.21
6,route,覆盖路点巡回,1440510676,246,8116.69,9141.85,1386.14
6,route,覆盖路点巡回,1440510676,251,8116.69,8841.01,1144.95
6,route,覆盖路点巡回,1440510676,256,8116.69,9029.94,1426.31
6,route,覆盖路点巡回,1440510676,261,8116.69,9088.85,1382.61
6,route,覆盖路点巡回,1440510676,266,8116.69,8978.31,1486.55
6,route,覆盖路点巡回,1440510676,271,8116.69,9104.54,1327.05
6,route,覆盖路点巡回,1440510676,276,8116.69,9115.42,1621.58
6,route,覆盖路点巡回,1440510676,281,8116.69,8858.16,1349.45
6,route,覆盖路点巡回,1440510676,286,8116.69,9120.94,1523.17
6,route,覆盖路点巡回,1440510676,291,8116.69,8690.48,1084.12
6,route,覆盖路点巡回,1440510676,296,8116.69,8829.18,1370.07
6,route,覆盖路点巡回,1440510676,300,8116.69,8765,1236.45
6,localize,频道1,5,0,0.165913,118.331,58.3856
6,localize,频道1,5,1,0.165913,67.3769,43.4506
6,localize,频道1,5,6,0.165913,11.9434,12.9414
6,localize,频道1,5,11,0.141073,9.64527,10.1097
6,localize,频道1,5,16,0.136034,11.3248,15.6999
6,localize,频道1,5,21,0.135876,7.64787,9.13238
6,localize,频道1,5,26,0.135876,7.86751,10.4499
6,localize,频道1,5,31,0.135876,12.5174,15.8492
6,localize,频道1,5,36,0.135876,6.67398,8.15872
6,localize,频道1,5,41,0.135839,8.62661,10.1716
6,localize,频道1,5,46,0.135764,11.0274,12.6654
6,localize,频道1,5,51,0.135764,9.74722,13.1218
6,localize,频道1,5,56,0.13573,6.56612,7.44982
6,localize,频道1,5,61,0.135729,5.69916,7.39362
6,localize,频道1,5,66,0.135704,6.63594,9.22895
6,localize,频道1,5,71,0.135626,6.56246,7.70956
6,localize,频道1,5,76,0.135626,7.31183,7.12269
6,localize,频道1,5,81,0.135626,6.85004,7.1809
6,localize,频道1,5,86,0.135626,5.3726,6.06825
6,localize,频道1,5,91,0.135626,7.72917,7.88195
6,localize,频道1,5,96,0.135626,3.73957,4.0619
6,localize,频道1,5,101,0.135626,5.17914,5.49976
6,localize,频道1,5,106,0.135617,3.46525,4.30562
6,localize,频道1,5,111,0.135617,4.15205,4.39592
6,localize,频道1,5,116,0.135617,2.76809,2.85359
6,localize,频道1,5,121,0.135617,3.46357,3.43158
6,localize,频道1,5,126,0.135617,3.09207,2.9347
6,localize,频道1,5,131,0.135617,2.19452,2.41255
6,localize,频道1,5,136,0.135617,2.12247,2.43019
6,localize,频道1,5,141,0.135617,1.57036,1.8563
6,localize,频道1,5,146,0.135615,1.33612,1.36819
6,localize,频道1,5,150,0.135615,0.945904,0.980669
6,localize,频道2,5,0,0,133.859,53.3459
6,localize,频道2,5,1,0,86.3257,47.0864
6,localize,频道3,5,0,0,129.742,63.5672
6,localize,频道3,5,1,0,78.7284,49.2915
6,localize,频道4,5,0,0,126.391,60.1274
6,localize,频道4,5,1,0,69.2121,47.563
6,localize,频道6,5,0,0,133.37,52.8526
6,localize,频道6,5,1,0,82.2895,49.473
6,localize,频道7,5,0,0.475038,113.938,53.2906
6,localize,频道7,5,1,0.475038,67.5123,45.4752
6,localize,频道7,5,6,0.406493,8.859,9.82615
6,localize,频道7,5,11,0.389334,7.78628,9.24816
6,localize,频道7,5,16,0.371722,7.00933,7.44911
6,localize,频道7,5,21,0.371722,6.03513,6.7051
6,localize,频道7,5,26,0.370941,5.55941,8.0911
6,localize,频道7,5,31,0.370562,8.13123,9.46482
6,localize,频道7,5,36,0.370315,5.3033,6.07014
6,localize,频道7,5,41,0.3703,6.23838,7.01275
6,localize,频道7,5,46,0.3703,6.87892,6.5695
6,localize,频道7,5,51,0.3703,5.74518,5.86188
6,localize,频道7,5,56,0.3703,5.16408,6.30961
6,localize,频道7,5,61,0.3703,4.31229,5.3224
6,localize,频道7,5,66,0.3703,4.82677,6.09559
6,localize,频道7,5,71,0.3703,4.68707,5.15002
6,localize,频道7,5,76,0.3703,5.28259,4.71013
6,localize,频道7,5,81,0.3703,5.04151,5.38881
6,localize,频道7,5,86,0.370296,3.70334,4.08483
6,localize,频道7,5,91,0.370296,5.41254,5.17174
6,localize,频道7,5,96,0.370296,2.77357,3.2541
6,localize,频道7,5,101,0.370295,3.71251,4.14798
6,localize,频道7,5,106,0.370289,2.65696,3.12705
6,localize,频道7,5,111,0.370289,3.20309,3.34407
6,localize,频道7,5,116,0.370289,1.97325,1.90638
6,localize,频道7,5,121,0.370289,2.40822,2.42707
6,localize,频道7,5,126,0.370289,2.20512,1.94409
6,localize,频道7,5,131,0.370289,1.64296,1.76065
6,localize,频道7,5,136,0.370289,1.59876,1.71012
6,localize,频道7,5,141,0.370289,1.34657,1.41481
6,localize,频道7,5,146,0.370289,1.08865,0.929858
6,localize,频道7,5,150,0.370289,0.873986,0.674111
6,localize,频道8,5,0,0,125.277,62.0508
6,localize,频道8,5,1,0,67.496,45.759
6,localize,频道9,5,0,0.531768,124.949,58.1479
6,localize,频道9,5,1,0.531768,75.599,42.2005
6,localize,频道9,5,6,0.531768,17.2766,17.2193
6,localize,频道9,5,11,0.507926,13.4258,15.4777
6,localize,频道9,5,16,0.489134,16.8461,20.8242
6,localize,频道9,5,21,0.481554,12.9737,16.2468
6,localize,频道9,5,26,0.480921,11.6093,15.9948
6,localize,频道9,5,31,0.48006,19.1352,23.2926
6,localize,频道9,5,36,0.48006,11.0523,13.8013
6,localize,频道9,5,41,0.479892,14.4905,17.8982
6,localize,频道9,5,46,0.479892,17.7994,19.8895
6,localize,频道9,5,51,0.479892,15.5801,20.2268
6,localize,频道9,5,56,0.479728,11.487,15.6281
6,localize,频道9,5,61,0.479701,9.41246,12.8754
6,localize,频道9,5,66,0.479701,12.2202,18.1385
6,localize,频道9,5,71,0.479701,10.5967,12.1611
6,localize,频道9,5,76,0.479701,12.9347,14.8197
6,localize,频道9,5,81,0.479701,11.4218,14.0798
6,localize,频道9,5,86,0.479701,8.24961,12.009
6,localize,频道9,5,91,0.479701,13.9282,17.7459
6,localize,频道9,5,96,0.479701,6.37854,7.44299
6,localize,频道9,5,101,0.479701,8.08639,9.06371
6,localize,频道9,5,106,0.4797,5.78902,7.6594
6,localize,频道9,5,111,0.4797,7.38801,8.31649
6,localize,频道9,5,116,0.4797,4.42774,5.18232
6,localize,频道9,5,121,0.4797,5.60367,6.39973
6,localize,频道9,5,126,0.4797,5.24541,5.82462
6,localize,频道9,5,131,0.4797,3.56168,4.15774
6,localize,频道9,5,136,0.4797,3.3583,4.34595
6,localize,频道9,5,141,0.4797,2.81021,3.54315
6,localize,频道9,5,146,0.4797,2.29161,2.36122
6,localize,频道9,5,150,0.4797,1.69487,1.59929
6,localize,频道11,5,0,0.0391747,107.376,51.7393
6,localize,频道11,5,1,0.0391747,61.0744,39.4664
6,localize,频道11,5,6,0.0391747,11.6027,13.5365
6,localize,频道11,5,11,0.0351306,9.65909,13.0442
6,localize,频道11,5,16,0.0351306,8.69924,10.0013
6,localize,频道11,5,21,0.0351306,6.82959,9.00419
6,localize,频道11,5,26,0.0348018,7.56109,11.5995
6,localize,频道11,5,31,0.0348018,11.1172,14.9367
6,localize,频道11,5,36,0.0339895,6.3128,8.44813
6,localize,频道11,5,41,0.0339489,7.45588,9.07404
6,localize,频道11,5,46,0.0339244,8.57175,8.2318
6,localize,频道11,5,51,0.0337477,8.19683,9.36618
6,localize,频道11,5,56,0.0336971,5.75953,6.38907
6,localize,频道11,5,61,0.0336962,5.47425,7.37592
6,localize,频道11,5,66,0.0336962,5.83754,7.59532
6,localize,频道11,5,71,0.0336962,5.08554,5.61682
6,localize,频道11,5,76,0.0336962,5.87718,5.7165
6,localize,频道11,5,81,0.0336962,5.16985,5.23288
6,localize,频道11,5,86,0.0336962,4.23194,5.40583
6,localize,频道11,5,91,0.0336962,5.63235,5.34445
6,localize,频道11,5,96,0.0336962,3.39147,4.11603
6,localize,频道11,5,101,0.0336962,4.11203,4.23303
6,localize,频道11,5,106,0.0336962,2.74225,3.28734
6,localize,频道11,5,111,0.0336962,3.34988,3.53854
6,localize,频道11,5,116,0.0336962,2.64079,2.69893
6,localize,频道11,5,121,0.0336962,2.97931,3.30102
6,localize,频道11,5,126,0.0336962,2.82144,2.59137
6,localize,频道11,5,131,0.0336962,1.77464,1.95701
6,localize,频道11,5,136,0.0336962,1.80162,1.95639
6,localize,频道11,5,141,0.0336962,1.3853,1.76223
6,localize,频道11,5,146,0.0336962,1.1148,1.10722
6,localize,频道11,5,150,0.0336938,0.803119,0.952845
6,localize,频道12,5,0,0.0854288,107.849,48.179
6,localize,频道12,5,1,0.0854288,59.382,37.0856
6,localize,频道12,5,6,0.0854288,18.1099,20.5015
6,localize,频道12,5,11,0.0854288,19.9112,24.7826
6,localize,频道12,5,16,0.0854288,17.5503,20.5825
6,localize,频道12,5,21,0.0854288,13.0462,16.3334
6,localize,频道12,5,26,0.0854288,13.8092,17.2951
6,localize,频道12,5,31,0.0854288,16.1734,18.9497
6,localize,频道12,5,36,0.0854288,14.6872,19.8472
6,localize,频道12,5,41,0.0854288,16.8237,21.6839
6,localize,频道12,5,46,0.0854288,19.2688,20.5471
6,localize,频道12,5,51,0.0854288,15.953,16.2068
6,localize,频道12,5,56,0.084972,13.5862,17.5604
6,localize,频道12,5,61,0.084972,13.4637,17.7737
6,localize,频道12,5,66,0.084972,12.8878,17.077
6,localize,频道12,5,71,0.084972,14.6036,18.8063
6,localize,频道12,5,76,0.084972,16.0107,21.0398
6,localize,频道12,5,81,0.084972,15.6548,18.5047
6,localize,频道12,5,86,0.084972,11.0175,14.4129
6,localize,频道12,5,91,0.084972,12.5662,15.0774
6,localize,频道12,5,96,0.084972,8.97662,12.4159
6,localize,频道12,5,101,0.084972,10.939,16.2698
6,localize,频道12,5,106,0.084972,6.74981,8.77347
6,localize,频道12,5,111,0.084972,12.7324,19.2728
6,localize,频道12,5,116,0.084972,6.94995,8.35169
6,localize,频道12,5,121,0.084972,8.63204,12.8579
6,localize,频道12,5,126,0.084972,6.94692,6.86447
6,localize,频道12,5,131,0.084972,6.38202,9.01318
6,localize,频道12,5,136,0.084972,5.41318,7.1165
6,localize,频道12,5,141,0.084972,3.918,5.6963
6,localize,频道12,5,146,0.084972,3.72774,4.33905
6,localize,频道12,5,150,0.0849457,2.43125,3.0197
6,localize,频道13,5,0,0.0827108,119.388,63.447
6,localize,频道13,5,1,0.0827108,56.0243,43.5794
6,localize,频道13,5,6,0.0827108,8.93831,10.334
6,localize,频道13,5,11,0.0702518,7.51146,8.99496
6,localize,频道13,5,16,0.065527,7.77506,12.5601
6,localize,频道13,5,21,0.0631924,5.69984,6.43804
6,localize,频道13,5,26,0.0631924,5.13858,7.10217
6,localize,频道13,5,31,0.0631924,8.53987,13.2734
6,localize,频道13,5,36,0.0630768,4.56341,5.29032
6,localize,频道13,5,41,0.0630768,5.67232,6.35949
6,localize,频道13,5,46,0.0630768,6.78085,7.5701
6,localize,频道13,5,51,0.063056,5.33021,5.40802
6,localize,频道13,5,56,0.063056,4.84799,5.98442
6,localize,频道13,5,61,0.063056,3.94159,5.09231
6,localize,频道13,5,66,0.063056,4.60115,6.33105
6,localize,频道13,5,71,0.063056,4.44367,5.37302
6,localize,频道13,5,76,0.063056,4.85924,4.69588
6,localize,频道13,5,81,0.063056,4.67889,5.23254
6,localize,频道13,5,86,0.063056,3.06579,3.82468
6,localize,频道13,5,91,0.063056,5.42606,5.96857
6,localize,频道13,5,96,0.063056,2.53242,3.24692
6,localize,频道13,5,101,0.063056,3.34242,3.92192
6,localize,频道13,5,106,0.0630437,2.39012,3.05706
6,localize,频道13,5,111,0.0630414,2.9765,3.34019
6,localize,频道13,5,116,0.0630414,1.78184,1.95277
6,localize,频道13,5,121,0.0630414,2.28623,2.61553
6,localize,频道13,5,126,0.0630413,1.96026,2.01291
6,localize,频道13,5,131,0.0630413,1.46023,1.83254
6,localize,频道13,5,136,0.0630413,1.42319,1.75761
6,localize,频道13,5,141,0.0630413,1.14112,1.52083
6,localize,频道13,5,146,0.0630413,0.933555,1.03169
6,localize,频道13,5,150,0.0630413,0.655056,0.742813
6,localize,频道15,5,0,0.390363,117.652,53.1243
6,localize,频道15,5,1,0.390363,64.2407,37.0638
6,localize,频道15,5,6,0.384675,16.3472,20.5495
6,localize,频道15,5,11,0.310464,14.0713,18.4818
6,localize,频道15,5,16,0.294103,12.9201,16.4424
6,localize,频道15,5,21,0.294103,8.64513,11.2945
6,localize,频道15,5,26,0.294103,8.25303,12.6984
6,localize,频道15,5,31,0.294103,11.4578,14.9551
6,localize,频道15,5,36,0.2935,7.51675,8.74589
6,localize,频道15,5,41,0.2934,10.9897,13.0039
6,localize,频道15,5,46,0.2934,13.1214,15.7431
6,localize,频道15,5,51,0.2934,9.52327,10.5889
6,localize,频道15,5,56,0.293395,9.49669,14.5652
6,localize,频道15,5,61,0.293385,6.76052,8.66097
6,localize,频道15,5,66,0.293385,7.54854,12.0813
6,localize,频道15,5,71,0.293385,9.57403,14.2719
6,localize,频道15,5,76,0.293385,7.57968,7.61478
6,localize,频道15,5,81,0.293385,8.81037,13.0038
6,localize,频道15,5,86,0.293346,5.50029,6.96253
6,localize,频道15,5,91,0.293346,8.54328,11.0376
6,localize,频道15,5,96,0.293346,4.96785,6.61677
6,localize,频道15,5,101,0.293343,5.7594,7.32619
6,localize,频道15,5,106,0.293343,3.61012,4.38219
6,localize,频道15,5,111,0.293343,5.28405,6.72049
6,localize,频道15,5,116,0.293343,3.49504,3.85358
6,localize,频道15,5,121,0.293343,3.98327,4.46656
6,localize,频道15,5,126,0.293343,3.84528,3.80771
6,localize,频道15,5,131,0.293343,2.53274,2.85618
6,localize,频道15,5,136,0.293343,2.55345,2.95866
6,localize,频道15,5,141,0.293341,1.98276,2.29048
6,localize,频道15,5,146,0.293341,1.5638,1.50023
6,localize,频道15,5,150,0.293341,1.30231,1.45182
6,localize,频道17,5,0,0.330974,112.184,49.8241
6,localize,频道17,5,1,0.330974,65.5114,41.7936
6,localize,频道17,5,6,0.328364,11.4592,14.0419
6,localize,频道17,5,11,0.293109,8.71213,13.0141
6,localize,频道17,5,16,0.292934,8.37142,12.494
6,localize,频道17,5,21,0.292934,7.03622,8.31747
6,localize,频道17,5,26,0.292934,5.85866,8.58593
6,localize,频道17,5,31,0.292729,10.1789,14.1402
6,localize,频道17,5,36,0.292729,5.72476,6.65097
6,localize,频道17,5,41,0.292591,6.71942,7.69122
6,localize,频道17,5,46,0.29259,8.19269,10.9824
6,localize,频道17,5,51,0.29259,6.70699,7.45076
6,localize,频道17,5,56,0.292589,5.31835,7.24546
6,localize,频道17,5,61,0.292589,4.72325,6.1951
6,localize,频道17,5,66,0.292589,5.33788,7.641
6,localize,频道17,5,71,0.292589,5.00736,6.50964
6,localize,频道17,5,76,0.292589,5.86895,5.84728
6,localize,频道17,5,81,0.292589,5.39218,6.36865
6,localize,频道17,5,86,0.292589,3.96837,4.74173
6,localize,频道17,5,91,0.292589,6.24932,6.6095
6,localize,频道17,5,96,0.292589,3.0646,3.86784
6,localize,频道17,5,101,0.292589,3.97273,4.89938
6,localize,频道17,5,106,0.292589,2.94527,3.74258
6,localize,频道17,5,111,0.292589,3.4386,4.00415
6,localize,频道17,5,116,0.292589,1.98519,2.2436
6,localize,频道17,5,121,0.292589,2.50032,2.743
6,localize,频道17,5,126,0.292589,2.17767,2.27944
6,localize,频道17,5,131,0.292589,1.81003,2.23981
6,localize,频道17,5,136,0.292589,1.70411,2.07188
6,localize,频道17,5,141,0.292589,1.39851,1.73528
6,localize,频道17,5,146,0.292589,1.10581,1.18738
6,localize,频道17,5,150,0.292589,0.86956,0.84072
6,localize,频道18,5,0,0,134.304,59.958
6,localize,频道18,5,1,0,77.0361,49.0757
6,route,清除顺序,1728730615,0,9880.53,21382.9,2285.06
6,route,清除顺序,1728730615,1,9880.53,19672.8,2737.11
6,route,清除顺序,1728730615,6,9880.53,15368.1,2324.6
6,route,清除顺序,1728730615,11,9880.53,14028.3,2602.82
6,route,清除顺序,1728730615,16,9554.45,13300.5,2188.2
6,route,清除顺序,1728730615,21,9297.26,13312.5,2422.41
6,route,清除顺序,1728730615,26,9188.31,12303.9,2690.8
6,route,清除顺序,1728730615,31,9188.31,11381.4,2359.08
6,route,清除顺序,1728730615,36,9188.31,11457.7,2176.47
6,route,清除顺序,1728730615,41,9188.31,11585.8,2432.27
6,route,清除顺序,1728730615,46,9188.31,11514.6,2574.56
6,route,清除顺序,1728730615,51,9188.31,11194.9,2266.18
6,route,清除顺序,1728730615,56,9188.31,11053.2,1888.76
6,route,清除顺序,1728730615,61,9188.31,11280.2,2084.97
6,route,清除顺序,1728730615,66,9188.31,11270.4,2452.3
6,route,清除顺序,1728730615,71,9188.31,11273.7,2217.32
6,route,清除顺序,1728730615,76,9188.31,11132.8,1968.04
6,route,清除顺序,1728730615,81,9188.31,11930.9,2660.98
6,route,清除顺序,1728730615,86,9188.31,11227.4,2392.21
6,route,清除顺序,1728730615,91,9188.31,10747.8,2296.93
6,route,清除顺序,1728730615,96,9188.31,10816.1,2087.85
6,route,清除顺序,1728730615,101,9188.31,11704.6,2545.93
6,route,清除顺序,1728730615,106,9188.31,11282.8,2205.43
6,route,清除顺序,1728730615,111,9188.31,10819.4,2021.06
6,route,清除顺序,1728730615,116,9188.31,11048.9,2184.66
6,route,清除顺序,1728730615,121,9188.31,10764.1,2226.03
6,route,清除顺序,1728730615,126,9188.31,11085.9,2186.74
6,route,清除顺序,1728730615,131,9188.31,11082.4,2265.5
6,route,清除顺序,1728730615,136,9188.31,10987.4,2415.45
6,route,清除顺序,1728730615,141,9188.31,10849.4,2054.81
6,route,清除顺序,1728730615,146,9188.31,10408.5,1765.14
6,route,清除顺序,1728730615,151,9188.31,10637.8,1905.04
6,route,清除顺序,1728730615,156,9188.31,10563.9,2015.06
6,route,清除顺序,1728730615,161,9188.31,10707.7,1814.56
6,route,清除顺序,1728730615,166,9188.31,10682.4,2019.6
6,route,清除顺序,1728730615,171,9188.31,10815.5,2218.43
6,route,清除顺序,1728730615,176,9188.31,10351.8,1787.73
6,route,清除顺序,1728730615,181,9188.31,10665.3,2080.74
6,route,清除顺序,1728730615,186,9188.31,10503.6,1807.36
6,route,清除顺序,1728730615,191,9188.31,10472.7,2035.91
6,route,清除顺序,1728730615,196,9188.31,10394.9,1771.19
6,route,清除顺序,1728730615,201,9188.31,10585.7,2054.04
6,route,清除顺序,1728730615,206,9188.31,10382.7,1817.55
6,route,清除顺序,1728730615,211,9188.31,10677,2069.04
6,route,清除顺序,1728730615,216,9188.31,10316.4,1793.9
6,route,清除顺序,1728730615,221,9188.31,10449.9,1666.23
6,route,清除顺序,1728730615,226,9188.31,10767.7,2121.67
6,route,清除顺序,1728730615,231,9188.31,10418.1,2023.87
6,route,清除顺序,1728730615,236,9188.31,10620.9,1956.97
6,route,清除顺序,1728730615,241,9188.31,10433.9,1930.94
6,route,清除顺序,1728730615,246,9188.31,10646.6,2206.75
6,route,清除顺序,1728730615,251,9188.31,10601.1,2126.64
6,route,清除顺序,1728730615,256,9188.31,10590.6,1941.03
6,route,清除顺序,1728730615,261,9188.31,10229.5,1716.33
6,route,清除顺序,1728730615,266,9188.31,10415.7,2005.18
6,route,清除顺序,1728730615,271,9188.31,10334.2,1971.43
6,route,清除顺序,1728730615,276,9188.31,10150.8,1798.57
6,route,清除顺序,1728730615,281,9188.31,10314,1960.86
6,route,清除顺序,1728730615,286,9188.31,10418.2,1993.8
6,route,清除顺序,1728730615,291,9188.31,10227.3,1844.37
6,route,清除顺序,1728730615,296,9188.31,9966.74,1332.77
6,route,清除顺序,1728730615,300,9188.31,10134.4,1736.68
7,route,覆盖路点巡回,955728255,0,8144.77,13604.3,1522.47
7,route,覆盖路点巡回,955728255,1,8144.77,12919.7,1776.35
7,route,覆盖路点巡回,955728255,6,8144.77,11680,1745.01
7,route,覆盖路点巡回,955728255,11,8124.55,11014.4,1673.39
7,route,覆盖路点巡回,955728255,16,8124.55,11101,1633.6
7,route,覆盖路点巡回,955728255,21,8116.69,10610.8,1797.11
7,route,覆盖路点巡回,955728255,26,8116.69,10833,1660.78
7,route,覆盖路点巡回,955728255,31,8116.69,11162.8,1686.94
7,route,覆盖路点巡回,955728255,36,8116.69,11397.8,1774.5
7,route,覆盖路点巡回,955728255,41,8116.69,11135.8,1577.03
7,route,覆盖路点巡回,955728255,46,8116.69,10466.5,1695.91
7,route,覆盖路点巡回,955728255,51,8116.69,9782.96,1560.38
7,route,覆盖路点巡回,955728255,56,8116.69,9795.02,1786.39
7,route,覆盖路点巡回,955728255,61,8116.69,10001.8,1780
7,route,覆盖路点巡回,955728255,66,8116.69,9983.2,1746.98
7,route,覆盖路点巡回,955728255,71,8116.69,9551.34,1564.8
7,route,覆盖路点巡回,955728255,76,8116.69,9350.31,1537.53
7,route,覆盖路点巡回,955728255,81,8116.69,9399.67,1455
7,route,覆盖路点巡回,955728255,86,8116.69,9902.08,1761.34
7,route,覆盖路点巡回,955728255,91,8116.69,9944.26,1723.92
7,route,覆盖路点巡回,955728255,96,8116.69,9877.42,1737.64
7,route,覆盖路点巡回,955728255,101,8116.69,9465.36,1616.97
7,route,覆盖路点巡回,955728255,106,8116.69,9861.54,1652.25
7,route,覆盖路点巡回,955728255,111,8116.69,9375.89,1484.73
7,route,覆盖路点巡回,955728255,116,8116.69,9547.71,1540.86
7,route,覆盖路点巡回,955728255,121,8116.69,9558.03,1566.78
7,route,覆盖路点巡回,955728255,126,8116.69,9694.01,1744.86
7,route,覆盖路点巡回,955728255,131,8116.69,9378.28,1513.89
7,route,覆盖路点巡回,955728255,136,8116.69,9861.81,1755.98
7,route,覆盖路点巡回,955728255,141,8116.69,9874.56,1699.21
7,route,覆盖路点巡回,955728255,146,8116.69,9908.8,1725.24
7,route,覆盖路点巡回,955728255,151,8116.69,9555.87,1663.56
7,route,覆盖路点巡回,955728255,156,8116.69,9491.8,1596.41
7,route,覆盖路点巡回,955728255,161,8116.69,9374.19,1619.28
7,route,覆盖路点巡回,955728255,166,8116.69,9348.09,1468.31
7,route,覆盖路点巡回,955728255,171,8116.69,9625.39,1691.63
7,route,覆盖路点巡回,955728255,176,8116.69,9300.18,1559.72
7,route,覆盖路点巡回,955728255,181,8116.69,9354.36,1545.62
7,route,覆盖路点巡回,955728255,186,8116.69,9526.82,1622.46
7,route,覆盖路点巡回,955728255,191,8116.69,8957.4,1148.68
7,route,覆盖路点巡回,955728255,196,8116.69,9175.53,1546.23
7,route,覆盖路点巡回,955728255,201,8116.69,9140.37,1392.22
7,route,覆盖路点巡回,955728255,206,8116.69,9327.83,1531.16
7,route,覆盖路点巡回,955728255,211,8116.69,9455.13,1786.68
7,route,覆盖路点巡回,955728255,216,8116.69,8964.77,1340.27
7,route,覆盖路点巡回,955728255,221,8116.69,9228.99,1517.91
7,route,覆盖路点巡回,955728255,226,8116.69,9170.99,1524.57
7,route,覆盖路点巡回,955728255,231,8116.69,9358.32,1734.67
7,route,覆盖路点巡回,955728255,236,8116.69,9059.16,1376.34
7,route,覆盖路点巡回,955728255,241,8116.69,8943.03,1237.45
7,route,覆盖路点巡回,955728255,246,8116.69,8950.85,1346.81
7,route,覆盖路点巡回,955728255,251,8116.69,9116.67,1379.88
7,route,覆盖路点巡回,955728255,256,8116.69,9076.24,1454.87
7,route,覆盖路点巡回,955728255,261,8116.69,8989.32,1400.97
7,route,覆盖路点巡回,955728255,266,8116.69,8865.7,1176.21
7,route,覆盖路点巡回,955728255,271,8116.69,8975.03,1310.78
7,route,覆盖路点巡回,955728255,276,8116.69,8876.12,1309.83
7,route,覆盖路点巡回,955728255,281,8116.69,8769.96,1138
7,route,覆盖路点巡回,955728255,286,8116.69,8993.02,1456.88
7,route,覆盖路点巡回,955728255,291,8116.69,8928.36,1324.33
7,route,覆盖路点巡回,955728255,296,8116.69,8736.07,1320.1
7,route,覆盖路点巡回,955728255,300,8116.69,9333.94,1572.96
7,localize,频道1,6,0,0.08473,122.634,57.3306
7,localize,频道1,6,1,0.08473,73.7415,35.8671
7,localize,频道1,6,6,0.08473,16.303,14.2372
7,localize,频道1,6,11,0.08473,14.9248,15.7637
7,localize,频道1,6,16,0.08473,12.0184,15.3707
7,localize,频道1,6,21,0.0761565,10.1297,13.3611
7,localize,频道1,6,26,0.0756012,9.08776,10.6986
7,localize,频道1,6,31,0.0756012,10.1253,12.4902
7,localize,频道1,6,36,0.0756012,12.5051,15.7103
7,localize,频道1,6,41,0.0756012,9.5265,12.2219
7,localize,频道1,6,46,0.0756012,9.41661,12.1701
7,localize,频道1,6,51,0.075453,10.1572,11.0235
7,localize,频道1,6,56,0.0754146,11.934,17.2957
7,localize,频道1,6,61,0.0754127,6.27636,7.80536
7,localize,频道1,6,66,0.0754127,5.81298,7.2562
7,localize,频道1,6,71,0.0754127,5.70148,7.36673
7,localize,频道1,6,76,0.0754127,9.73473,10.6743
7,localize,频道1,6,81,0.0754127,6.85,8.8501
7,localize,频道1,6,86,0.0754127,5.3475,8.25649
7,localize,频道1,6,91,0.0754052,5.02361,5.14436
7,localize,频道1,6,96,0.0753855,6.3324,6.27668
7,localize,频道1,6,101,0.0753855,4.68802,5.16418
7,localize,频道1,6,106,0.0753855,4.43503,5.63877
7,localize,频道1,6,111,0.0753855,5.53955,5.48876
7,localize,频道1,6,116,0.0753855,3.43802,4.44094
7,localize,频道1,6,121,0.0753855,3.56154,5.49022
7,localize,频道1,6,126,0.0753855,4.09808,3.87669
7,localize,频道1,6,131,0.0753855,3.20347,3.17295
7,localize,频道1,6,136,0.0753855,3.12755,3.19742
7,localize,频道1,6,141,0.0753855,2.2176,2.11144
7,localize,频道1,6,146,0.0753855,1.85761,1.9632
7,localize,频道1,6,150,0.0753855,1.24116,1.44039
7,localize,频道2,6,0,0.0447653,150.941,63.9878
7,localize,频道2,6,1,0.0447653,99.2766,49.749
7,localize,频道2,6,6,0.0447653,14.6908,14.0633
7,localize,频道2,6,11,0.0447653,13.2788,14.8218
7,localize,频道2,6,16,0.0447653,12.0881,17.0106
7,localize,频道2,6,21,0.0447653,9.26395,13.4756
7,localize,频道2,6,26,0.043917,7.93778,9.38412
7,localize,频道2,6,31,0.043917,10.9125,16.4406
7,localize,频道2,6,36,0.043917,11.7157,17.413
7,localize,频道2,6,41,0.043917,8.07284,10.2442
7,localize,频道2,6,46,0.043917,7.76181,9.30169
7,localize,频道2,6,51,0.043917,8.87786,9.47567
7,localize,频道2,6,56,0.0437628,9.39896,11.1734
7,localize,频道2,6,61,0.0437259,4.83773,7.29217
7,localize,频道2,6,66,0.0437259,5.11376,5.78895
7,localize,频道2,6,71,0.0437259,4.45567,5.00055
7,localize,频道2,6,76,0.0437259,7.86358,7.47536
7,localize,频道2,6,81,0.0436153,5.41308,6.53534
7,localize,频道2,6,86,0.0434423,4.78184,6.70487
7,localize,频道2,6,91,0.0434423,4.32524,4.5511
7,localize,频道2,6,96,0.0434423,5.6633,6.04398
7,localize,频道2,6,101,0.0434423,4.74135,5.766
7,localize,频道2,6,106,0.0434423,3.93122,4.3196
7,localize,频道2,6,111,0.0434423,4.88124,4.70928
7,localize,频道2,6,116,0.0434423,3.24878,4.37377
7,localize,频道2,6,121,0.0434371,3.1669,4.51343
7,localize,频道2,6,126,0.0434371,3.42179,3.3701
7,localize,频道2,6,131,0.0434371,2.50927,2.55421
7,localize,频道2,6,136,0.0434371,2.46998,2.23593
7,localize,频道2,6,141,0.0429404,1.84769,1.87878
7,localize,频道2,6,146,0.0429404,1.53453,1.67103
7,localize,频道2,6,150,0.0429404,1.09104,1.22596
7,localize,频道3,6,0,0,133.877,58.288
7,localize,频道3,6,1,0,83.2655,46.2408
7,localize,频道4,6,0,0.450202,148.288,74.831
7,localize,频道4,6,1,0.450202,83.8177,55.6279
7,localize,频道4,6,6,0.450202,10.4169,10.5981
7,localize,频道4,6,11,0.339929,10.2658,11.2366
7,localize,频道4,6,16,0.332474,7.30921,10.0399
7,localize,频道4,6,21,0.331722,6.74763,9.33617
7,localize,频道4,6,26,0.331647,5.18264,6.8773
7,localize,频道4,6,31,0.331647,7.28391,9.03787
7,localize,频道4,6,36,0.331647,8.52363,11.7823
7,localize,频道4,6,41,0.331647,6.21327,7.64422
7,localize,频道4,6,46,0.331647,6.37169,8.14805
7,localize,频道4,6,51,0.331647,7.17961,7.4565
7,localize,频道4,6,56,0.331647,7.23962,9.19802
7,localize,频道4,6,61,0.331647,3.98684,5.39538
7,localize,频道4,6,66,0.331642,3.94383,4.59244
7,localize,频道4,6,71,0.331632,3.48258,4.48951
7,localize,频道4,6,76,0.331632,5.37713,5.91577
7,localize,频道4,6,81,0.33163,4.54354,6.5576
7,localize,频道4,6,86,0.33163,3.42342,5.14958
7,localize,频道4,6,91,0.33163,3.44566,3.76528
7,localize,频道4,6,96,0.33163,3.95726,4.16744
7,localize,频道4,6,101,0.33163,2.81521,3.09071
7,localize,频道4,6,106,0.33163,3.03894,3.97363
7,localize,频道4,6,111,0.33163,3.28552,2.81285
7,localize,频道4,6,116,0.33163,2.34868,2.9827
7,localize,频道4,6,121,0.33163,2.2176,3.06447
7,localize,频道4,6,126,0.33163,2.82707,2.7384
7,localize,频道4,6,131,0.331625,1.96039,1.93108
7,localize,频道4,6,136,0.331623,1.76775,1.43692
7,localize,频道4,6,141,0.331623,1.43603,1.34102
7,localize,频道4,6,146,0.331623,1.2786,1.18951
7,localize,频道4,6,150,0.331622,0.884369,0.651796
7,localize,频道6,6,0,0.48113,135.584,65.1508
7,localize,频道6,6,1,0.48113,74.9064,46.6465
7,localize,频道6,6,6,0.48113,10.4975,8.9339
7,localize,频道6,6,11,0.421938,9.20557,9.42489
7,localize,频道6,6,16,0.419521,7.29583,8.95795
7,localize,频道6,6,21,0.410557,6.3163,8.01533
7,localize,频道6,6,26,0.410283,5.76523,5.7151
7,localize,频道6,6,31,0.410283,6.50502,8.05483
7,localize,频道6,6,36,0.409928,7.6776,9.58944
7,localize,频道6,6,41,0.409928,5.32556,5.84417
7,localize,频道6,6,46,0.409928,5.47186,6.29994
7,localize,频道6,6,51,0.409928,6.5127,5.96394
7,localize,频道6,6,56,0.409928,5.80983,6.26114
7,localize,频道6,6,61,0.409928,3.85319,4.4838
7,localize,频道6,6,66,0.409928,3.77239,4.18333
7,localize,频道6,6,71,0.409928,3.49361,3.9032
7,localize,频道6,6,76,0.409928,5.34753,5.14554
7,localize,频道6,6,81,0.409921,3.67221,4.09883
7,localize,频道6,6,86,0.409918,2.93018,3.61541
7,localize,频道6,6,91,0.409918,3.18607,3.07423
7,localize,频道6,6,96,0.409918,3.72689,3.66828
7,localize,频道6,6,101,0.409918,2.858,2.9045
7,localize,频道6,6,106,0.409918,3.03195,3.38982
7,localize,频道6,6,111,0.409918,3.36646,2.89069
7,localize,频道6,6,116,0.409918,2.2826,2.50429
7,localize,频道6,6,121,0.409918,2.16934,2.57818
7,localize,频道6,6,126,0.409918,2.53597,2.27429
7,localize,频道6,6,131,0.409918,2.035,1.68503
7,localize,频道6,6,136,0.409918,1.89157,1.66186
7,localize,频道6,6,141,0.409918,1.40856,1.16728
7,localize,频道6,6,146,0.409918,1.28231,1.06014
7,localize,频道6,6,150,0.409918,0.94391,0.77731
7,localize,频道8,6,0,0.0193169,133.187,63.1299
7,localize,频道8,6,1,0.0193169,76.2764,43.0414
7,localize,频道8,6,6,0.0193169,19.5075,22.0722
7,localize,频道8,6,11,0.0193169,21.7996,27.51
7,localize,频道8,6,16,0.0193169,17.9551,24.8217
7,localize,频道8,6,21,0.0193169,19.7931,28.4628
7,localize,频道8,6,26,0.0183626,15.7291,21.9773
7,localize,频道8,6,31,0.0182441,19.6721,29.1258
7,localize,频道8,6,36,0.0182441,18.3487,25.6867
7,localize,频道8,6,41,0.0182441,20.1889,33.2159
7,localize,频道8,6,46,0.0182441,16.3417,24.0984
7,localize,频道8,6,51,0.0182441,19.5862,24.7367
7,localize,频道8,6,56,0.0182441,24.2243,32.7657
7,localize,频道8,6,61,0.0182441,12.9123,19.316
7,localize,频道8,6,66,0.0178276,13.6984,23.4694
7,localize,频道8,6,71,0.0177141,11.9785,23.1304
7,localize,频道8,6,76,0.0177141,26.953,32.1134
7,localize,频道8,6,81,0.0175023,16.0122,27.1352
7,localize,频道8,6,86,0.0174764,13.6758,26.7831
7,localize,频道8,6,91,0.0174764,10.7349,20.124
7,localize,频道8,6,96,0.0174764,14.307,21.5755
7,localize,频道8,6,101,0.0174764,15.3526,25.0151
7,localize,频道8,6,106,0.0174764,9.33273,15.6977
7,localize,频道8,6,111,0.0174764,13.638,20.5968
7,localize,频道8,6,116,0.0174764,7.74429,17.2928
7,localize,频道8,6,121,0.0174764,8.06618,15.0146
7,localize,频道8,6,126,0.0174764,8.88002,14.9269
7,localize,频道8,6,131,0.0174764,9.13148,12.7784
7,localize,频道8,6,136,0.0174764,8.60703,10.2119
7,localize,频道8,6,141,0.0174764,4.53003,6.81451
7,localize,频道8,6,146,0.0174764,4.50722,6.39803
7,localize,频道8,6,150,0.0174764,3.40573,5.29726
7,localize,频道9,6,0,0.573105,132.841,62.3356
7,localize,频道9,6,1,0.573105,71.7413,44.7991
7,localize,频道9,6,6,0.573105,12.357,12.7705
7,localize,频道9,6,11,0.536252,11.8404,14.3174
7,localize,频道9,6,16,0.459667,9.70123,13.0738
7,localize,频道9,6,21,0.455389,8.88311,11.7825
7,localize,频道9,6,26,0.455377,7.80118,9.05447
7,localize,频道9,6,31,0.455377,8.78558,12.9393
7,localize,频道9,6,36,0.455377,10.9228,12.3091
7,localize,频道9,6,41,0.455377,6.57245,9.22959
7,localize,频道9,6,46,0.455377,6.80871,8.28039
7,localize,频道9,6,51,0.455377,9.67863,12.7946
7,localize,频道9,6,56,0.45521,7.3615,8.65363
7,localize,频道9,6,61,0.455206,5.03141,5.86986
7,localize,频道9,6,66,0.455195,5.37141,6.0892
7,localize,频道9,6,71,0.455195,4.03938,5.16477
7,localize,频道9,6,76,0.455195,6.41071,6.26995
7,localize,频道9,6,81,0.455195,4.58548,4.96385
7,localize,频道9,6,86,0.455195,3.8946,4.7653
7,localize,频道9,6,91,0.455195,4.16335,5.21554
7,localize,频道9,6,96,0.455195,5.33992,6.02326
7,localize,频道9,6,101,0.455195,4.4446,4.71334
7,localize,频道9,6,106,0.455195,3.82796,4.75441
7,localize,频道9,6,111,0.455195,4.56313,4.61044
7,localize,频道9,6,116,0.455195,2.92335,3.34535
7,localize,频道9,6,121,0.455195,2.7624,3.45029
7,localize,频道9,6,126,0.455188,3.56548,3.83389
7,localize,频道9,6,131,0.455178,2.66393,2.51323
7,localize,频道9,6,136,0.455178,2.44853,2.0772
7,localize,频道9,6,141,0.455178,1.88467,1.67114
7,localize,频道9,6,146,0.455178,1.57684,1.42535
7,localize,频道9,6,150,0.455178,1.21586,1.03853
7,localize,频道10,6,0,0.437453,119.949,52.7186
7,localize,频道10,6,1,0.437453,69.2131,36.6193
7,localize,频道10,6,6,0.437453,16.4679,19.7086
7,localize,频道10,6,11,0.414019,15.366,20.7526
7,localize,频道10,6,16,0.378612,13.9819,23.7479
7,localize,频道10,6,21,0.364389,9.43163,12.0087
7,localize,频道10,6,26,0.364345,8.61539,13.6063
7,localize,频道10,6,31,0.364345,10.3319,15.129
7,localize,频道10,6,36,0.364345,12.3993,18.2077
7,localize,频道10,6,41,0.364345,8.58686,13.3428
7,localize,频道10,6,46,0.364345,9.14308,13.8037
7,localize,频道10,6,51,0.364345,10.9351,13.785
7,localize,频道10,6,56,0.364322,10.3652,13.5025
7,localize,频道10,6,61,0.364321,6.185,12.6308
7,localize,频道10,6,66,0.364302,6.23969,10.0783
7,localize,频道10,6,71,0.364302,5.56009,11.3669
7,localize,频道10,6,76,0.364302,8.0885,9.67094
7,localize,频道10,6,81,0.364302,6.76612,12.7682
7,localize,频道10,6,86,0.364302,4.48533,6.80357
7,localize,频道10,6,91,0.364302,6.09515,12.3528
7,localize,频道10,6,96,0.364302,5.34564,6.32989
7,localize,频道10,6,101,0.364302,4.05545,4.79856
7,localize,频道10,6,106,0.364302,4.71388,7.59959
7,localize,频道10,6,111,0.364302,4.85337,4.22336
7,localize,频道10,6,116,0.364302,3.28693,4.16118
7,localize,频道10,6,121,0.364302,3.11107,4.25702
7,localize,频道10,6,126,0.364301,3.85907,4.43702
7,localize,频道10,6,131,0.364301,2.59886,2.94632
7,localize,频道10,6,136,0.364301,2.16299,2.04649
7,localize,频道10,6,141,0.364301,2.11447,2.14341
7,localize,频道10,6,146,0.364301,1.74309,1.9285
7,localize,频道10,6,150,0.364301,1.16069,0.96186
7,localize,频道11,6,0,0.18216,111.851,55.4135
7,localize,频道11,6,1,0.18216,62.368,39.9177
7,localize,频道11,6,6,0.18216,7.8486,6.93617
7,localize,频道11,6,11,0.159975,7.654,7.92793
7,localize,频道11,6,16,0.159975,5.6736,7.05647
7,localize,频道11,6,21,0.157029,5.75008,7.7344
7,localize,频道11,6,26,0.156168,4.83404,5.405
7,localize,频道11,6,31,0.155659,5.3198,7.65216
7,localize,频道11,6,36,0.155568,6.93283,8.80007
7,localize,频道11,6,41,0.155568,4.99717,5.78764
7,localize,频道11,6,46,0.155568,4.99292,5.9123
7,localize,频道11,6,51,0.155568,5.70787,5.16073
7,localize,频道11,6,56,0.155531,4.74282,4.93626
7,localize,频道11,6,61,0.155456,3.01525,3.84946
7,localize,频道11,6,66,0.155456,3.17991,3.51427
7,localize,频道11,6,71,0.155456,2.66722,3.16427
7,localize,频道11,6,76,0.15545,4.45571,4.38213
7,localize,频道11,6,81,0.15545,3.22066,3.77253
7,localize,频道11,6,86,0.15545,2.7048,3.72605
7,localize,频道11,6,91,0.15545,2.87702,3.20819
7,localize,频道11,6,96,0.15545,3.39167,3.52793
7,localize,频道11,6,101,0.15545,2.57379,2.77759
7,localize,频道11,6,106,0.15545,2.45981,2.86176
7,localize,频道11,6,111,0.15545,2.85362,2.21607
7,localize,频道11,6,116,0.15545,1.88833,2.28728
7,localize,频道11,6,121,0.15545,1.69828,2.25921
7,localize,频道11,6,126,0.15545,2.2526,2.2651
7,localize,频道11,6,131,0.15545,1.53221,1.55277
7,localize,频道11,6,136,0.15545,1.43009,1.21517
7,localize,频道11,6,141,0.15545,1.22865,1.24465
7,localize,频道11,6,146,0.15545,1.05777,1.11299
7,localize,频道11,6,150,0.15545,0.701492,0.61317
7,localize,频道12,6,0,0.394222,126.233,55.7976
7,localize,频道12,6,1,0.394222,77.3102,46.0929
7,localize,频道12,6,6,0.394222,9.40146,8.3199
7,localize,频道12,6,11,0.298658,8.41639,8.41067
7,localize,频道12,6,16,0.292908,6.80875,8.32037
7,localize,频道12,6,21,0.285514,6.14827,7.55709
7,localize,频道12,6,26,0.285311,5.13165,5.49501
7,localize,频道12,6,31,0.285311,5.88453,7.48112
7,localize,频道12,6,36,0.285311,7.50471,8.82998
7,localize,频道12,6,41,0.285311,4.73237,5.48118
7,localize,频道12,6,46,0.285311,5.30693,6.40313
7,localize,频道12,6,51,0.285311,5.86111,5.81517
7,localize,频道12,6,56,0.285311,5.12207,5.33062
7,localize,频道12,6,61,0.285311,3.5062,4.44143
7,localize,频道12,6,66,0.285293,3.52931,4.23798
7,localize,频道12,6,71,0.285293,3.01609,3.64251
7,localize,频道12,6,76,0.285293,4.92713,4.59393
7,localize,频道12,6,81,0.285293,3.38361,3.60198
7,localize,频道12,6,86,0.285292,2.84566,3.59746
7,localize,频道12,6,91,0.285292,2.8784,2.9503
7,localize,频道12,6,96,0.285292,3.48754,3.42879
7,localize,频道12,6,101,0.285292,2.8517,2.83382
7,localize,频道12,6,106,0.285292,2.65658,3.06071
7,localize,频道12,6,111,0.285292,3.10345,2.76248
7,localize,频道12,6,116,0.285292,2.05077,2.44811
7,localize,频道12,6,121,0.285284,1.78785,2.1542
7,localize,频道12,6,126,0.285284,2.54847,2.32203
7,localize,频道12,6,131,0.285284,1.82819,1.7171
7,localize,频道12,6,136,0.285282,1.69043,1.51804
7,localize,频道12,6,141,0.285282,1.19808,1.11637
7,localize,频道12,6,146,0.285282,1.16292,1.04569
7,localize,频道12,6,150,0.285282,0.834796,0.722794
7,localize,频道14,6,0,0,124.792,61.0972
7,localize,频道14,6,1,0,69.583,49.5087
7,localize,频道15,6,0,0.26976,137.651,67.3771
7,localize,频道15,6,1,0.26976,75.5225,50.2901
7,localize,频道15,6,6,0.26976,7.5592,6.73526
7,localize,频道15,6,11,0.234192,6.96437,7.14683
7,localize,频道15,6,16,0.215963,5.19813,6.24706
7,localize,频道15,6,21,0.214675,4.91194,6.48253
7,localize,频道15,6,26,0.214561,3.82967,4.24914
7,localize,频道15,6,31,0.214272,4.95204,6.45445
7,localize,频道15,6,36,0.214272,5.93711,6.91512
7,localize,频道15,6,41,0.214262,3.98736,4.63648
7,localize,频道15,6,46,0.214262,4.19336,4.91965
7,localize,频道15,6,51,0.214262,4.63823,4.57263
7,localize,频道15,6,56,0.214262,4.45875,4.78399
7,localize,频道15,6,61,0.214262,2.67316,3.2618
7,localize,频道15,6,66,0.214262,2.85285,3.29683
7,localize,频道15,6,71,0.214262,2.33598,2.75121
7,localize,频道15,6,76,0.214262,3.93423,3.53052
7,localize,频道15,6,81,0.214262,2.66412,2.88701
7,localize,频道15,6,86,0.214262,2.30732,2.90769
7,localize,频道15,6,91,0.214262,2.33634,2.47908
7,localize,频道15,6,96,0.214262,2.78347,2.81
7,localize,频道15,6,101,0.214262,2.22924,2.36527
7,localize,频道15,6,106,0.214262,2.1268,2.34971
7,localize,频道15,6,111,0.214262,2.30462,1.93247
7,localize,频道15,6,116,0.214262,1.73178,2.04659
7,localize,频道15,6,121,0.214261,1.52171,2.0046
7,localize,频道15,6,126,0.21426,1.83576,1.66177
7,localize,频道15,6,131,0.21426,1.32261,1.17725
7,localize,频道15,6,136,0.21426,1.34941,1.09231
7,localize,频道15,6,141,0.21426,1.05133,0.947629
7,localize,频道15,6,146,0.21426,0.882312,0.797957
7,localize,频道15,6,150,0.21426,0.625875,0.518596
7,localize,频道16,6,0,0.350434,133.398,60.7293
7,localize,频道16,6,1,0.350434,81.6899,49.0312
7,localize,频道16,6,6,0.341007,12.9353,12.7815
7,localize,频道16,6,11,0.247107,12.3165,14.5888
7,localize,频道16,6,16,0.242237,10.7991,15.4481
7,localize,频道16,6,21,0.240152,8.20525,11.8825
7,localize,频道16,6,26,0.240152,7.47507,9.10344
7,localize,频道16,6,31,0.239723,8.74375,11.4836
7,localize,频道16,6,36,0.239723,10.3107,15.6638
7,localize,频道16,6,41,0.239723,6.99883,9.07971
7,localize,频道16,6,46,0.239723,7.77059,9.45638
7,localize,频道16,6,51,0.239723,8.03839,7.9969
7,localize,频道16,6,56,0.239711,8.32199,10.5217
7,localize,频道16,6,61,0.239711,5.53869,7.37636
7,localize,频道16,6,66,0.239711,4.78641,6.09466
7,localize,频道16,6,71,0.239711,4.31984,5.33746
7,localize,频道16,6,76,0.239711,7.7364,8.56476
7,localize,频道16,6,81,0.239711,4.67161,5.78221
7,localize,频道16,6,86,0.239711,4.10683,6.24003
7,localize,频道16,6,91,0.239711,3.9951,4.3103
7,localize,频道16,6,96,0.239711,4.87676,4.91252
7,localize,频道16,6,101,0.239711,4.09287,4.19086
7,localize,频道16,6,106,0.2397,3.60943,4.28649
7,localize,频道16,6,111,0.2397,4.58931,4.45256
7,localize,频道16,6,116,0.2397,2.70556,3.33491
7,localize,频道16,6,121,0.2397,2.83199,3.67665
7,localize,频道16,6,126,0.239697,3.27178,2.93138
7,localize,频道16,6,131,0.239697,2.66306,2.84325
7,localize,频道16,6,136,0.239697,2.84127,2.64963
7,localize,频道16,6,141,0.239697,1.92117,1.78045
7,localize,频道16,6,146,0.239697,1.51319,1.56182
7,localize,频道16,6,150,0.239697,1.19259,1.27374
7,localize,频道18,6,0,0.606984,135.037,66.1509
7,localize,频道18,6,1,0.606984,73.6843,50.8029
7,localize,频道18,6,6,0.430198,9.84672,9.8892
7,localize,频道18,6,11,0.386896,9.13975,11.8678
7,localize,频道18,6,16,0.383238,7.7231,10.3279
7,localize,频道18,6,21,0.382099,6.58949,10.6743
7,localize,频道18,6,26,0.382099,5.9715,6.34696
7,localize,频道18,6,31,0.382099,6.5775,10.3599
7,localize,频道18,6,36,0.382056,8.16097,11.8215
7,localize,频道18,6,41,0.382056,4.7643,5.54284
7,localize,频道18,6,46,0.382056,5.04285,6.14689
7,localize,频道18,6,51,0.382056,5.90835,6.16202
7,localize,频道18,6,56,0.382056,6.08294,7.2866
7,localize,频道18,6,61,0.382055,3.72544,4.80236
7,localize,频道18,6,66,0.382055,3.75823,4.51536
7,localize,频道18,6,71,0.382055,3.11238,3.84923
7,localize,频道18,6,76,0.382055,5.02478,4.95495
7,localize,频道18,6,81,0.382055,3.41703,4.12696
7,localize,频道18,6,86,0.382054,2.78048,3.27357
7,localize,频道18,6,91,0.382054,2.64765,2.80524
7,localize,频道18,6,96,0.382054,3.60898,3.56147
7,localize,频道18,6,101,0.382054,3.30704,3.75105
7,localize,频道18,6,106,0.382053,2.81939,3.27312
7,localize,频道18,6,111,0.382053,3.49725,3.50902
7,localize,频道18,6,116,0.382053,2.22287,2.73891
7,localize,频道18,6,121,0.382053,2.25134,2.76769
7,localize,频道18,6,126,0.382053,2.51282,2.41535
7,localize,频道18,6,131,0.382053,1.94819,1.85102
7,localize,频道18,6,136,0.382053,2.10545,1.912
7,localize,频道18,6,141,0.382053,1.39994,1.34044
7,localize,频道18,6,146,0.382053,1.2523,1.16327
7,localize,频道18,6,150,0.382053,1.05527,1.0128
7,localize,频道19,6,0,0,123.832,58.0337
7,localize,频道19,6,1,0,76.2966,43.6513
7,localize,频道20,6,0,0.184053,135.18,56.8986
7,localize,频道20,6,1,0.184053,85.3414,39.6789
7,localize,频道20,6,6,0.184053,15.1945,20.4298
7,localize,频道20,6,11,0.180578,13.8955,18.9076
7,localize,频道20,6,16,0.175263,11.66,21.7068
7,localize,频道20,6,21,0.173904,9.43388,12.6098
7,localize,频道20,6,26,0.172595,8.31126,12.4018
7,localize,频道20,6,31,0.172595,11.3518,19.9802
7,localize,频道20,6,36,0.172595,12.4918,18.4706
7,localize,频道20,6,41,0.172595,10.1113,16.8431
7,localize,频道20,6,46,0.172595,8.13637,11.0613
7,localize,频道20,6,51,0.172562,11.3012,17.277
7,localize,频道20,6,56,0.172386,9.85257,15.5681
7,localize,频道20,6,61,0.172386,4.63034,6.96986
7,localize,频道20,6,66,0.172358,5.3835,7.57413
7,localize,频道20,6,71,0.172358,4.40531,5.8275
7,localize,频道20,6,76,0.172358,8.45786,12.7865
7,localize,频道20,6,81,0.172357,5.53136,7.39617
7,localize,频道20,6,86,0.172357,4.54325,7.16597
7,localize,频道20,6,91,0.172357,4.97875,6.21233
7,localize,频道20,6,96,0.172357,5.65282,7.17637
7,localize,频道20,6,101,0.172357,4.18544,5.86432
7,localize,频道20,6,106,0.172357,3.91344,5.33579
7,localize,频道20,6,111,0.172357,4.17749,4.08195
7,localize,频道20,6,116,0.172357,3.1538,4.55098
7,localize,频道20,6,121,0.172357,2.93091,4.12175
7,localize,频道20,6,126,0.172357,3.69255,4.5021
7,localize,频道20,6,131,0.172357,2.46008,3.25687
7,localize,频道20,6,136,0.172357,2.15879,2.22567
7,localize,频道20,6,141,0.172357,2.09941,2.56605
7,localize,频道20,6,146,0.172357,1.72512,2.09809
7,localize,频道20,6,150,0.172357,1.01685,1.06285
7,route,清除顺序,1155699144,0,9504.53,26553,3105.83
7,route,清除顺序,1155699144,1,9504.53,25332.8,3757.35
7,route,清除顺序,1155699144,6,9504.53,18090.4,3518.48
7,route,清除顺序,1155699144,11,9504.53,16799.9,3250.42
7,route,清除顺序,1155699144,16,9504.53,15384.6,3463.46
7,route,清除顺序,1155699144,21,9499.69,14032.8,3417.58
7,route,清除顺序,1155699144,26,9298.8,13209.7,3168.15
7,route,清除顺序,1155699144,31,9298.8,12709.9,3015.08
7,route,清除顺序,1155699144,36,9298.8,11940.3,2724.21
7,route,清除顺序,1155699144,41,9298.8,12252.5,3132.04
7,route,清除顺序,1155699144,46,9298.8,11828.4,2843.47
7,route,清除顺序,1155699144,51,9298.8,11577.4,2824.9
7,route,清除顺序,1155699144,56,9298.8,11583,2771.22
7,route,清除顺序,1155699144,61,9298.8,12113.3,3078.25
7,route,清除顺序,1155699144,66,9298.8,11775.6,2633.16
7,route,清除顺序,1155699144,71,9298.8,11961.9,2708.35
7,route,清除顺序,1155699144,76,9298.8,11819.9,2878.07
7,route,清除顺序,1155699144,81,9298.8,11686.5,2850.44
7,route,清除顺序,1155699144,86,9298.8,11267.5,2964.63
7,route,清除顺序,1155699144,91,9298.8,11734.2,2771
7,route,清除顺序,1155699144,96,9298.8,12291.9,2883.61
7,route,清除顺序,1155699144,101,9298.8,11861.8,2729.79
7,route,清除顺序,1155699144,106,9298.8,11529.1,2814.44
7,route,清除顺序,1155699144,111,9298.8,12333.9,3192.62
7,route,清除顺序,1155699144,116,9298.8,11801.5,3182.59
7,route,清除顺序,1155699144,121,9298.8,11776.3,3180.38
7,route,清除顺序,1155699144,126,9298.8,11984.2,2766.25
7,route,清除顺序,1155699144,131,9298.8,11571,2671.34
7,route,清除顺序,1155699144,136,9298.8,11894.3,3374.72
7,route,清除顺序,1155699144,141,9298.8,11487.3,2305.2
7,route,清除顺序,1155699144,146,9298.8,11137.7,2520.73
7,route,清除顺序,1155699144,151,9298.8,11175.4,2721.14
7,route,清除顺序,1155699144,156,9298.8,11645.6,2856.98
7,route,清除顺序,1155699144,161,9298.8,10921.8,2497.51
7,route,清除顺序,1155699144,166,9298.8,11297.8,2469.61
7,route,清除顺序,1155699144,171,9298.8,11420.8,2525.15
7,route,清除顺序,1155699144,176,9298.8,11611.9,2736.67
7,route,清除顺序,1155699144,181,9298.8,10909.9,2256.29
7,route,清除顺序,1155699144,186,9298.8,11002.5,2608.81
7,route,清除顺序,1155699144,191,9298.8,11132.9,2526.65
7,route,清除顺序,1155699144,196,9298.8,11230,2520.79
7,route,清除顺序,1155699144,201,9298.8,11551.4,2540.77
7,route,清除顺序,1155699144,206,9298.8,11225.4,2839.43
7,route,清除顺序,1155699144,211,9298.8,10933.4,2820.19
7,route,清除顺序,1155699144,216,9298.8,11626.5,3276.17
7,route,清除顺序,1155699144,221,9298.8,11040.9,2639.28
7,route,清除顺序,1155699144,226,9298.8,10925.8,2487.3
7,route,清除顺序,1155699144,231,9298.8,11365.6,2730.41
7,route,清除顺序,1155699144,236,9298.8,10231.2,1802.06
7,route,清除顺序,1155699144,241,9298.8,10557.5,2145.26
7,route,清除顺序,1155699144,246,9298.8,10730.7,2304.04
7,route,清除顺序,1155699144,251,9298.8,10629.1,2216.84
7,route,清除顺序,1155699144,256,9298.8,10640.6,2240.32
7,route,清除顺序,1155699144,261,9298.8,10751.7,2447.29
7,route,清除顺序,1155699144,266,9298.8,10847.1,2234.31
7,route,清除顺序,1155699144,271,9298.8,10408,1996.06
7,route,清除顺序,1155699144,276,9298.8,10670.7,2292.29
7,route,清除顺序,1155699144,281,9298.8,10575.2,2113.05
7,route,清除顺序,1155699144,286,9298.8,10493.4,2179.87
7,route,清除顺序,1155699144,291,9298.8,10434,2067.93
7,route,清除顺序,1155699144,296,9298.8,10865.6,2812.45
7,route,清除顺序,1155699144,300,9298.8,10222.6,1798.93
8,route,覆盖路点巡回,2029167941,0,8144.77,13404.3,1547.43
8,route,覆盖路点巡回,2029167941,1,8144.77,12765,1369.53
8,route,覆盖路点巡回,2029167941,6,8144.77,12010.5,1589.78
8,route,覆盖路点巡回,2029167941,11,8144.77,11460.4,1768.87
8,route,覆盖路点巡回,2029167941,16,8124.55,10202.7,1832.85
8,route,覆盖路点巡回,2029167941,21,8124.55,10780.8,1768.29
8,route,覆盖路点巡回,2029167941,26,8124.55,11157.1,1542.7
8,route,覆盖路点巡回,2029167941,31,8116.69,11018.6,1529.97
8,route,覆盖路点巡回,2029167941,36,8116.69,11474.2,1684.38
8,route,覆盖路点巡回,2029167941,41,8116.69,10610.5,1768.21
8,route,覆盖路点巡回,2029167941,46,8116.69,9923.27,1622.24
8,route,覆盖路点巡回,2029167941,51,8116.69,9886.6,1667.92
8,route,覆盖路点巡回,2029167941,56,8116.69,10400.4,1940.15
8,route,覆盖路点巡回,2029167941,61,8116.69,9719.75,1499.81
8,route,覆盖路点巡回,2029167941,66,8116.69,9806.24,1765.18
8,route,覆盖路点巡回,2029167941,71,8116.69,9728.03,1836.98
8,route,覆盖路点巡回,2029167941,76,8116.69,9817.29,1502.7
8,route,覆盖路点巡回,2029167941,81,8116.69,10015.1,1687.17
8,route,覆盖路点巡回,2029167941,86,8116.69,9684.82,1763.6
8,route,覆盖路点巡回,2029167941,91,8116.69,9747.56,1631.22
8,route,覆盖路点巡回,2029167941,96,8116.69,9909.38,1607.44
8,route,覆盖路点巡回,2029167941,101,8116.69,9954.39,1733.09
8,route,覆盖路点巡回,2029167941,106,8116.69,9688.52,1864.15
8,route,覆盖路点巡回,2029167941,111,8116.69,9636.92,1562.42
8,route,覆盖路点巡回,2029167941,116,8116.69,9611.8,1423.62
8,route,覆盖路点巡回,2029167941,121,8116.69,9480.66,1604.06
8,route,覆盖路点巡回,2029167941,126,8116.69,9984.17,1582.07
8,route,覆盖路点巡回,2029167941,131,8116.69,9716.05,1607.99
8,route,覆盖路点巡回,2029167941,136,8116.69,9209.36,1419.38
8,route,覆盖路点巡回,2029167941,141,8116.69,9311.02,1278.64
8,route,覆盖路点巡回,2029167941,146,8116.69,9446.4,1670.92
8,route,覆盖路点巡回,2029167941,151,8116.69,9515.56,1514.59
8,route,覆盖路点巡回,2029167941,156,8116.69,9288.54,1431.79
8,route,覆盖路点巡回,2029167941,161,8116.69,9436.61,1475.72
8,route,覆盖路点巡回,2029167941,166,8116.69,9304.14,1474.91
8,route,覆盖路点巡回,2029167941,171,8116.69,9031.98,1388.04
8,route,覆盖路点巡回,2029167941,176,8116.69,9470.44,1723.82
8,route,覆盖路点巡回,2029167941,181,8116.69,9340.98,1555.73
8,route,覆盖路点巡回,2029167941,186,8116.69,9427.57,1549.69
8,route,覆盖路点巡回,2029167941,191,8116.69,9279.56,1469.18
8,route,覆盖路点巡回,2029167941,196,8116.69,9523.27,1634.62
8,route,覆盖路点巡回,2029167941,201,8116.69,9253.5,1550.65
8,route,覆盖路点巡回,2029167941,206,8116.69,9315.34,1477.73
8,route,覆盖路点巡回,2029167941,211,8116.69,9344.14,1638.71
8,route,覆盖路点巡回,2029167941,216,8116.69,8948.04,1445.18
8,route,覆盖路点巡回,2029167941,221,8116.69,9421.54,1448.35
8,route,覆盖路点巡回,2029167941,226,8116.69,9155.55,1485.77
8,route,覆盖路点巡回,2029167941,231,8116.69,8989.53,1248.21
8,route,覆盖路点巡回,2029167941,236,8116.69,9149.63,1514.84
8,route,覆盖路点巡回,2029167941,241,8116.69,9026.15,1339.89
8,route,覆盖路点巡回,2029167941,246,8116.69,8981.6,1346.47
8,route,覆盖路点巡回,2029167941,251,8116.69,8921.04,1330.27
8,route,覆盖路点巡回,2029167941,256,8116.69,9066.31,1380.67
8,route,覆盖路点巡回,2029167941,261,8116.69,9072.43,1441
8,route,覆盖路点巡回,2029167941,266,8116.69,9071.42,1289.91
8,route,覆盖路点巡回,2029167941,271,8116.69,9004.88,1460.64
8,route,覆盖路点巡回,2029167941,276,8116.69,8748.77,1194.53
8,route,覆盖路点巡回,2029167941,281,8116.69,8903.67,1138.33
8,route,覆盖路点巡回,2029167941,286,8116.69,9117.72,1386.08
8,route,覆盖路点巡回,2029167941,291,8116.69,8932.54,1327.74
8,route,覆盖路点巡回,2029167941,296,8116.69,8801.66,1281.23
8,route,覆盖路点巡回,2029167941,300,8116.69,8962.75,1359.56
8,localize,频道1,7,0,0.00957771,116.486,55.4667
8,localize,频道1,7,1,0.00957771,65.074,40.0577
8,localize,频道1,7,6,0.00941239,4.4133,4.71887
8,localize,频道1,7,11,0.00941239,5.09313,6.48445
8,localize,频道1,7,16,0.00905525,5.78268,6.29201
8,localize,频道1,7,21,0.00905525,3.19954,4.71981
8,localize,频道1,7,26,0.00905287,5.29722,5.48457
8,localize,频道1,7,31,0.00905287,4.89935,6.16262
8,localize,频道1,7,36,0.00905287,4.84452,5.14207
8,localize,频道1,7,41,0.00905287,2.90703,4.40078
8,localize,频道1,7,46,0.00905287,4.20921,4.85532
8,localize,频道1,7,51,0.00876622,3.32159,5.19947
8,localize,频道1,7,56,0.00872004,3.62048,4.78127
8,localize,频道1,7,61,0.00862655,3.0176,4.18945
8,localize,频道1,7,66,0.00859975,3.49864,4.07779
8,localize,频道1,7,71,0.00859975,2.52586,3.73473
8,localize,频道1,7,76,0.00859975,3.16194,3.75778
8,localize,频道1,7,81,0.00859975,3.17036,3.57372
8,localize,频道1,7,86,0.00859975,3.0019,3.22786
8,localize,频道1,7,91,0.00859975,2.48854,3.18219
8,localize,频道1,7,96,0.00859975,2.30148,2.91654
8,localize,频道1,7,101,0.00859975,2.70834,3.59687
8,localize,频道1,7,106,0.00859975,1.52408,1.92853
8,localize,频道1,7,111,0.00859975,2.15366,2.57389
8,localize,频道1,7,116,0.00859975,1.58235,1.96639
8,localize,频道1,7,121,0.00859975,1.70535,1.85141
8,localize,频道1,7,126,0.00859975,1.70747,1.87299
8,localize,频道1,7,131,0.00859975,1.38089,1.71026
8,localize,频道1,7,136,0.00859975,1.06125,1.29554
8,localize,频道1,7,141,0.00859975,0.824356,0.910588
8,localize,频道1,7,146,0.00859975,0.841689,1.063
8,localize,频道1,7,150,0.00859785,0.525191,0.83087
8,localize,频道2,7,0,0.0397491,110.888,51.2213
8,localize,频道2,7,1,0.0397491,61.8328,39.2019
8,localize,频道2,7,6,0.0354724,8.947,7.93628
8,localize,频道2,7,11,0.0354724,9.19623,11.6992
8,localize,频道2,7,16,0.0354724,8.49204,10.1805
8,localize,频道2,7,21,0.0290374,5.72861,7.41875
8,localize,频道2,7,26,0.0283763,9.0425,10.4711
8,localize,频道2,7,31,0.0283763,9.37858,12.9355
8,localize,频道2,7,36,0.0283763,8.3251,8.93781
8,localize,频道2,7,41,0.0283252,5.1121,7.02182
8,localize,频道2,7,46,0.0281582,7.25176,8.22765
8,localize,频道2,7,51,0.0281582,6.42265,10.2314
8,localize,频道2,7,56,0.0281582,5.7861,7.69352
8,localize,频道2,7,61,0.0281582,5.79024,7.64586
8,localize,频道2,7,66,0.0281582,5.46239,6.18199
8,localize,频道2,7,71,0.0281582,4.38626,6.33046
8,localize,频道2,7,76,0.0281582,5.31697,6.26155
8,localize,频道2,7,81,0.0279723,6.50973,6.90891
8,localize,频道2,7,86,0.0279723,5.46366,6.07286
8,localize,频道2,7,91,0.0279723,5.0967,5.49888
8,localize,频道2,7,96,0.0279723,4.56559,5.90023
8,localize,频道2,7,101,0.0279723,4.64574,5.58218
8,localize,频道2,7,106,0.0279723,2.91087,3.35901
8,localize,频道2,7,111,0.027735,3.73919,4.47677
8,localize,频道2,7,116,0.027735,2.94287,2.89283
8,localize,频道2,7,121,0.027735,3.23047,3.3593
8,localize,频道2,7,126,0.027735,3.27857,3.23438
8,localize,频道2,7,131,0.027735,2.48474,3.00331
8,localize,频道2,7,136,0.027735,1.74719,1.74091
8,localize,频道2,7,141,0.027735,1.5986,1.68016
8,localize,频道2,7,146,0.0277297,1.66324,2.00079
8,localize,频道2,7,150,0.0276747,0.960148,1.28942
8,localize,频道3,7,0,0.350959,114.396,49.7685
8,localize,频道3,7,1,0.350959,74.7085,38.5038
8,localize,频道3,7,6,0.350959,9.32832,8.58606
8,localize,频道3,7,11,0.287667,9.45195,11.5852
8,localize,频道3,7,16,0.263207,10.506,10.893
8,localize,频道3,7,21,0.262813,6.20188,7.65226
8,localize,频道3,7,26,0.261713,9.54436,9.72109
8,localize,频道3,7,31,0.261713,9.869,11.4676
8,localize,频道3,7,36,0.261081,9.51885,8.80328
8,localize,频道3,7,41,0.261081,6.30462,7.89161
8,localize,频道3,7,46,0.261081,7.87998,8.15096
8,localize,频道3,7,51,0.260752,6.51952,10.1672
8,localize,频道3,7,56,0.260752,6.89364,8.56487
8,localize,频道3,7,61,0.260752,6.78329,7.99237
8,localize,频道3,7,66,0.260752,6.25251,6.25792
8,localize,频道3,7,71,0.260752,5.12458,6.74556
8,localize,频道3,7,76,0.260752,5.79614,6.11475
8,localize,频道3,7,81,0.260752,6.93589,6.55415
8,localize,频道3,7,86,0.260752,5.66683,5.71534
8,localize,频道3,7,91,0.260752,5.26279,5.40746
8,localize,频道3,7,96,0.260752,4.60381,5.41302
8,localize,频道3,7,101,0.260752,5.54738,6.04082
8,localize,频道3,7,106,0.260752,3.2949,3.24007
8,localize,频道3,7,111,0.260752,4.33654,4.63428
8,localize,频道3,7,116,0.260752,3.29032,3.24274
8,localize,频道3,7,121,0.260749,3.60165,3.36276
8,localize,频道3,7,126,0.260749,3.59228,3.36369
8,localize,频道3,7,131,0.260749,2.88086,3.04503
8,localize,频道3,7,136,0.260749,2.09273,1.90508
8,localize,频道3,7,141,0.260749,1.87496,1.79748
8,localize,频道3,7,146,0.260745,1.94134,1.9906
8,localize,频道3,7,150,0.260745,1.13015,1.28787
8,localize,频道4,7,0,0.696002,134.356,66.7969
8,localize,频道4,7,1,0.696002,71.168,51.8301
8,localize,频道4,7,6,0.506475,5.92644,4.91857
8,localize,频道4,7,11,0.4916,5.72893,6.95332
8,localize,频道4,7,16,0.478454,6.48112,6.95583
8,localize,频道4,7,21,0.476464,3.85105,4.63595
8,localize,频道4,7,26,0.476396,5.93365,6.46643
8,localize,频道4,7,31,0.476396,5.73076,6.46341
8,localize,频道4,7,36,0.476396,5.54023,5.54766
8,localize,频道4,7,41,0.476356,3.79527,4.69802
8,localize,频道4,7,46,0.476308,4.72098,4.8775
8,localize,频道4,7,51,0.476271,4.08142,5.33846
8,localize,频道4,7,56,0.47627,4.20513,4.72019
8,localize,频道4,7,61,0.47627,4.15512,4.67075
8,localize,频道4,7,66,0.47627,3.97564,4.12525
8,localize,频道4,7,71,0.47627,3.14859,4.08426
8,localize,频道4,7,76,0.47627,3.41498,3.29564
8,localize,频道4,7,81,0.47627,4.40435,4.42608
8,localize,频道4,7,86,0.47627,3.71494,3.48761
8,localize,频道4,7,91,0.47627,3.11461,2.97435
8,localize,频道4,7,96,0.47627,2.80724,3.05863
8,localize,频道4,7,101,0.47627,3.2263,3.30148
8,localize,频道4,7,106,0.47627,2.08186,1.86896
8,localize,频道4,7,111,0.47627,2.49811,2.76984
8,localize,频道4,7,116,0.47627,2.11651,2.10429
8,localize,频道4,7,121,0.47627,2.18367,1.89274
8,localize,频道4,7,126,0.47627,2.1975,1.86924
8,localize,频道4,7,131,0.47627,1.76618,1.53492
8,localize,频道4,7,136,0.47627,1.35513,1.09209
8,localize,频道4,7,141,0.47627,1.24533,0.982183
8,localize,频道4,7,146,0.47627,1.36164,1.06738
8,localize,频道4,7,150,0.47627,0.862976,0.587601
8,localize,频道5,7,0,2.00972e-14,125.486,51.9897
8,localize,频道5,7,1,2.00972e-14,76.6473,44.7243
8,localize,频道6,7,0,0.0909857,111.492,51.0403
8,localize,频道6,7,1,0.0909857,64.8023,37.4398
8,localize,频道6,7,6,0.0909857,8.292,9.04119
8,localize,频道6,7,11,0.0781616,8.16592,10.4162
8,localize,频道6,7,16,0.0767408,9.33469,10.1336
8,localize,频道6,7,21,0.0766741,4.75986,5.7678
8,localize,频道6,7,26,0.0766464,9.0326,11.0114
8,localize,频道6,7,31,0.0766464,7.43823,9.19522
8,localize,频道6,7,36,0.0766464,7.40127,7.71862
8,localize,频道6,7,41,0.0766464,4.69411,6.58222
8,localize,频道6,7,46,0.0764811,6.95295,8.79909
8,localize,频道6,7,51,0.0764811,5.08399,7.22414
8,localize,频道6,7,56,0.0764811,5.56123,6.80313
8,localize,频道6,7,61,0.0763701,4.88821,6.73711
8,localize,频道6,7,66,0.0763701,5.3617,6.44765
8,localize,频道6,7,71,0.0763701,4.29082,6.44773
8,localize,频道6,7,76,0.0763701,4.97063,5.49811
8,localize,频道6,7,81,0.0763701,5.15243,5.56147
8,localize,频道6,7,86,0.0763701,4.42561,5.07333
8,localize,频道6,7,91,0.0763701,4.03326,4.6937
8,localize,频道6,7,96,0.0763701,3.78934,4.58612
8,localize,频道6,7,101,0.0763701,4.40891,5.36021
8,localize,频道6,7,106,0.0763701,2.47877,2.94102
8,localize,频道6,7,111,0.0763701,3.49064,3.88693
8,localize,频道6,7,116,0.0763701,2.80349,3.29849
8,localize,频道6,7,121,0.0763701,2.81264,2.97654
8,localize,频道6,7,126,0.0763701,2.74143,3.00452
8,localize,频道6,7,131,0.0763701,2.13236,2.71067
8,localize,频道6,7,136,0.0763701,1.77952,2.20559
8,localize,频道6,7,141,0.0763701,1.46014,1.55866
8,localize,频道6,7,146,0.0763654,1.23714,1.47151
8,localize,频道6,7,150,0.0763654,0.869003,1.2858
8,localize,频道9,7,0,2.00972e-14,130.196,52.0575
8,localize,频道9,7,1,2.00972e-14,82.5323,45.257
8,localize,频道10,7,0,2.00972e-14,130.193,52.993
8,localize,频道10,7,1,2.00972e-14,80.727,41.222
8,localize,频道13,7,0,0.381793,138.983,70.2863
8,localize,频道13,7,1,0.381793,74.2137,52.3564
8,localize,频道13,7,6,0.288959,6.44805,5.59278
8,localize,频道13,7,11,0.288959,6.37148,7.24577
8,localize,频道13,7,16,0.286145,6.96875,7.22737
8,localize,频道13,7,21,0.271444,4.39307,5.09393
8,localize,频道13,7,26,0.270128,6.2976,6.14739
8,localize,频道13,7,31,0.269841,5.96279,6.79217
8,localize,频道13,7,36,0.269841,5.73183,5.90444
8,localize,频道13,7,41,0.269239,4.03473,4.8716
8,localize,频道13,7,46,0.269239,5.28547,5.43611
8,localize,频道13,7,51,0.26923,4.31824,5.98968
8,localize,频道13,7,56,0.269217,4.83161,5.53508
8,localize,频道13,7,61,0.269212,4.00394,4.85843
8,localize,频道13,7,66,0.269186,4.32974,4.59532
8,localize,频道13,7,71,0.269185,3.14773,4.01492
8,localize,频道13,7,76,0.269185,3.92974,4.08863
8,localize,频道13,7,81,0.269185,4.35537,4.12577
8,localize,频道13,7,86,0.269185,4.24948,4.20171
8,localize,频道13,7,91,0.269185,3.38912,3.51077
8,localize,频道13,7,96,0.269185,3.14181,3.30623
8,localize,频道13,7,101,0.269185,3.53389,3.71478
8,localize,频道13,7,106,0.269185,2.26178,2.27782
8,localize,频道13,7,111,0.269185,2.75532,2.69843
8,localize,频道13,7,116,0.269185,2.19414,2.16507
8,localize,频道13,7,121,0.269185,2.33622,2.06944
8,localize,频道13,7,126,0.269185,2.30922,2.00005
8,localize,频道13,7,131,0.269185,1.85451,1.91371
8,localize,频道13,7,136,0.269185,1.39338,1.28584
8,localize,频道13,7,141,0.269185,1.21606,0.991298
8,localize,频道13,7,146,0.269184,1.25137,1.16097
8,localize,频道13,7,150,0.269184,0.797947,0.84669
8,localize,频道16,7,0,0.327651,124.536,60.4293
8,localize,频道16,7,1,0.327651,68.1371,46.4193
8,localize,频道16,7,6,0.27542,6.75946,6.45533
8,localize,频道16,7,11,0.225918,6.24851,8.09806
8,localize,频道16,7,16,0.207635,6.68881,7.64938
8,localize,频道16,7,21,0.207635,3.93925,5.19548
8,localize,频道16,7,26,0.207596,6.10836,7.03958
8,localize,频道16,7,31,0.207596,5.991,7.1018
8,localize,频道16,7,36,0.207596,5.71527,6.02301
8,localize,频道16,7,41,0.207596,4.17637,5.81629
8,localize,频道16,7,46,0.207596,5.15524,5.43726
8,localize,频道16,7,51,0.207595,4.11482,6.39729
8,localize,频道16,7,56,0.207542,4.22873,5.65101
8,localize,频道16,7,61,0.20753,4.43477,5.26415
8,localize,频道16,7,66,0.20753,4.04304,4.47869
8,localize,频道16,7,71,0.20753,3.29473,4.74761
8,localize,频道16,7,76,0.20753,3.6539,4.2032
8,localize,频道16,7,81,0.20753,4.62397,5.0129
8,localize,频道16,7,86,0.20753,3.9881,4.52562
8,localize,频道16,7,91,0.20753,3.48159,3.85968
8,localize,频道16,7,96,0.20753,2.96507,3.44004
8,localize,频道16,7,101,0.20753,3.38663,3.55825
8,localize,频道16,7,106,0.20753,2.04419,2.2622
8,localize,频道16,7,111,0.20753,2.67866,3.19786
8,localize,频道16,7,116,0.20753,1.96716,2.23524
8,localize,频道16,7,121,0.20753,2.20236,2.17987
8,localize,频道16,7,126,0.20753,2.10125,2.08542
8,localize,频道16,7,131,0.20753,1.76169,1.82922
8,localize,频道16,7,136,0.20753,1.28018,1.21886
8,localize,频道16,7,141,0.20753,1.2025,1.1304
8,localize,频道16,7,146,0.20753,1.32287,1.27242
8,localize,频道16,7,150,0.207529,0.733417,0.756422
8,localize,频道18,7,0,0.144921,132.382,66.9372
8,localize,频道18,7,1,0.144921,74.2683,50.7934
8,localize,频道18,7,6,0.144921,7.01998,6.4757
8,localize,频道18,7,11,0.122752,6.46075,8.5318
8,localize,频道18,7,16,0.122739,9.16358,14.5762
8,localize,频道18,7,21,0.122271,4.25798,6.0146
8,localize,频道18,7,26,0.120854,6.65877,7.86619
8,localize,频道18,7,31,0.120651,6.39222,7.92141
8,localize,频道18,7,36,0.120651,5.57419,6.16938
8,localize,频道18,7,41,0.120048,4.28834,6.1835
8,localize,频道18,7,46,0.120048,5.38021,6.72028
8,localize,频道18,7,51,0.120048,4.49958,6.70651
8,localize,频道18,7,56,0.119982,4.65181,6.00523
8,localize,频道18,7,61,0.119963,4.73208,6.14739
8,localize,频道18,7,66,0.119692,4.66218,5.40273
8,localize,频道18,7,71,0.11969,3.77521,5.26424
8,localize,频道18,7,76,0.11969,3.71835,4.30805
8,localize,频道18,7,81,0.11969,4.96456,5.7781
8,localize,频道18,7,86,0.11969,4.47167,5.56139
8,localize,频道18,7,91,0.11969,3.43969,4.02993
8,localize,频道18,7,96,0.11969,3.04723,3.84428
8,localize,频道18,7,101,0.11969,3.67678,4.01201
8,localize,频道18,7,106,0.11969,2.31579,2.6561
8,localize,频道18,7,111,0.11969,2.99289,3.66383
8,localize,频道18,7,116,0.11969,2.30797,2.71093
8,localize,频道18,7,121,0.11969,2.37043,2.61617
8,localize,频道18,7,126,0.119689,2.28603,2.38939
8,localize,频道18,7,131,0.119689,1.88,2.28819
8,localize,频道18,7,136,0.119689,1.26567,1.39119
8,localize,频道18,7,141,0.119689,1.2977,1.46326
8,localize,频道18,7,146,0.119689,1.35411,1.56532
8,localize,频道18,7,150,0.119689,0.684786,0.877297
8,localize,频道19,7,0,0.231871,109.206,48.8933
8,localize,频道19,7,1,0.231871,70.2888,39.1032
8,localize,频道19,7,6,0.231871,7.08498,5.20673
8,localize,频道19,7,11,0.18511,7.12001,8.5783
8,localize,频道19,7,16,0.18511,7.42155,8.00447
8,localize,频道19,7,21,0.18511,4.79291,6.01995
8,localize,频道19,7,26,0.18499,7.23739,6.94124
8,localize,频道19,7,31,0.184803,6.6986,7.64237
8,localize,频道19,7,36,0.184803,6.06864,5.41554
8,localize,频道19,7,41,0.184498,4.56881,6.50289
8,localize,频道19,7,46,0.184498,5.47491,5.24961
8,localize,频道19,7,51,0.184498,4.65453,6.25078
8,localize,频道19,7,56,0.184498,5.20962,6.17476
8,localize,频道19,7,61,0.184498,4.3781,5.10487
8,localize,频道19,7,66,0.184487,4.71562,4.92375
8,localize,频道19,7,71,0.184459,3.71339,5.10818
8,localize,频道19,7,76,0.184454,4.13337,4.54849
8,localize,频道19,7,81,0.184454,4.80993,4.58036
8,localize,频道19,7,86,0.184454,4.04595,3.99298
8,localize,频道19,7,91,0.184454,3.75431,3.91673
8,localize,频道19,7,96,0.184448,3.34391,3.38988
8,localize,频道19,7,101,0.184448,3.91094,4.01763
8,localize,频道19,7,106,0.184448,2.30954,2.53405
8,localize,频道19,7,111,0.184448,2.96746,2.95696
8,localize,频道19,7,116,0.184448,2.56371,2.6008
8,localize,频道19,7,121,0.184447,2.53174,2.40704
8,localize,频道19,7,126,0.184447,2.42839,2.23017
8,localize,频道19,7,131,0.184447,1.98364,1.99373
8,localize,频道19,7,136,0.184447,1.54672,1.52189
8,localize,频道19,7,141,0.184447,1.37287,1.22697
8,localize,频道19,7,146,0.184447,1.42027,1.41813
8,localize,频道19,7,150,0.184447,0.799464,0.915725
8,route,清除顺序,1342382292,0,8168.39,18201.9,1937.47
8,route,清除顺序,1342382292,1,8168.39,16987.9,2219.52
8,route,清除顺序,1342382292,6,8168.39,14242.7,2542.55
8,route,清除顺序,1342382292,11,8168.39,12113.2,2358.85
8,route,清除顺序,1342382292,16,8168.39,10764.7,2209.53
8,route,清除顺序,1342382292,21,8168.39,10855.6,2190.3
8,route,清除顺序,1342382292,26,8168.39,10764.1,2138.25
8,route,清除顺序,1342382292,31,8168.39,10506,2348.41
8,route,清除顺序,1342382292,36,8168.39,10149.8,2032.43
8,route,清除顺序,1342382292,41,8168.39,9988.72,1973.97
8,route,清除顺序,1342382292,46,8168.39,10504.7,2189.26
8,route,清除顺序,1342382292,51,8168.39,9785.46,1987.98
8,route,清除顺序,1342382292,56,8168.39,10626.5,2468.23
8,route,清除顺序,1342382292,61,8168.39,10067.4,1852.9
8,route,清除顺序,1342382292,66,8168.39,10077.4,1942.43
8,route,清除顺序,1342382292,71,8168.39,9933.74,2121.38
8,route,清除顺序,1342382292,76,8168.39,10248.3,1989.9
8,route,清除顺序,1342382292,81,8168.39,10196.3,2017.05
8,route,清除顺序,1342382292,86,8168.39,10021.8,2026.94
8,route,清除顺序,1342382292,91,8168.39,9848.3,2029.32
8,route,清除顺序,1342382292,96,8168.39,9816.9,2158.05
8,route,清除顺序,1342382292,101,8168.39,10061.9,1950.62
8,route,清除顺序,1342382292,106,8168.39,9816.39,1940.72
8,route,清除顺序,1342382292,111,8168.39,10368.5,2097.72
8,route,清除顺序,1342382292,116,8168.39,9646.41,1992.02
8,route,清除顺序,1342382292,121,8168.39,9946.22,2015.37
8,route,清除顺序,1342382292,126,8168.39,9538.66,1782.86
8,route,清除顺序,1342382292,131,8168.39,9766.64,1993.27
8,route,清除顺序,1342382292,136,8168.39,9659.35,1983.05
8,route,清除顺序,1342382292,141,8168.39,9714.92,1973.85
8,route,清除顺序,1342382292,146,8168.39,9479.43,1883.54
8,route,清除顺序,1342382292,151,8168.39,9734.16,1813.4
8,route,清除顺序,1342382292,156,8168.39,9314.48,1903.58
8,route,清除顺序,1342382292,161,8168.39,9658.47,2018.11
8,route,清除顺序,1342382292,166,8168.39,9456.11,1864.45
8,route,清除顺序,1342382292,171,8168.39,9269.86,1761.96
8,route,清除顺序,1342382292,176,8168.39,9959.17,2250.61
8,route,清除顺序,1342382292,181,8168.39,9380.7,1784.09
8,route,清除顺序,1342382292,186,8168.39,10073.1,2101.9
8,route,清除顺序,1342382292,191,8168.39,9261.11,1559.11
8,route,清除顺序,1342382292,196,8168.39,9295.85,1826.61
8,route,清除顺序,1342382292,201,8168.39,9194.86,1558.28
8,route,清除顺序,1342382292,206,8168.39,9397.26,1878.22
8,route,清除顺序,1342382292,211,8168.39,9242.2,1778.26
8,route,清除顺序,1342382292,216,8168.39,9572.89,1949.77
8,route,清除顺序,1342382292,221,8168.39,9172.61,1632
8,route,清除顺序,1342382292,226,8168.39,9208.88,1684.54
8,route,清除顺序,1342382292,231,8168.39,9066.74,1393.94
8,route,清除顺序,1342382292,236,8168.39,9111.14,1649.34
8,route,清除顺序,1342382292,241,8168.39,9375.67,1726.01
8,route,清除顺序,1342382292,246,8168.39,9255.28,1747.65
8,route,清除顺序,1342382292,251,8168.39,9235.7,1961.36
8,route,清除顺序,1342382292,256,8168.39,9071.75,1618.36
8,route,清除顺序,1342382292,261,8168.39,9327.33,1838.92
8,route,清除顺序,1342382292,266,8168.39,9085.51,1649.01
8,route,清除顺序,1342382292,271,8168.39,8959.81,1433.87
8,route,清除顺序,1342382292,276,8168.39,9431.43,1778.01
8,route,清除顺序,1342382292,281,8168.39,9230.46,1796.75
8,route,清除顺序,1342382292,286,8168.39,8972.01,1610.94
8,route,清除顺序,1342382292,291,8168.39,9004.24,1439.6
8,route,清除顺序,1342382292,296,8168.39,9045.29,1598
8,route,清除顺序,1342382292,300,8168.39,9024,1342.9
9,route,覆盖路点巡回,1545220602,0,8144.77,13803.6,1497.72
9,route,覆盖路点巡回,1545220602,1,8144.77,13056.6,1464.09
9,route,覆盖路点巡回,1545220602,6,8144.77,12001.9,1679.31
9,route,覆盖路点巡回,1545220602,11,8144.77,10932,1633.26
9,route,覆盖路点巡回,1545220602,16,8144.77,10513.5,1667.33
9,route,覆盖路点巡回,1545220602,21,8124.55,10764.6,1943.97
9,route,覆盖路点巡回,1545220602,26,8124.55,11271.8,1652.05
9,route,覆盖路点巡回,1545220602,31,8124.55,10934.7,1796.52
9,route,覆盖路点巡回,1545220602,36,8124.55,9993.19,1647.02
9,route,覆盖路点巡回,1545220602,41,8124.55,10145.3,1738
9,route,覆盖路点巡回,1545220602,46,8124.55,10423.4,1661.7
9,route,覆盖路点巡回,1545220602,51,8124.55,9913.72,1722.61
9,route,覆盖路点巡回,1545220602,56,8124.55,10223.5,1754.62
9,route,覆盖路点巡回,1545220602,61,8124.55,10041.9,1696.59
9,route,覆盖路点巡回,1545220602,66,8124.55,9927.01,1680.88
9,route,覆盖路点巡回,1545220602,71,8124.55,9517.96,1563.77
9,route,覆盖路点巡回,1545220602,76,8124.55,9874.99,1525.42
9,route,覆盖路点巡回,1545220602,81,8124.55,10044.3,1684.46
9,route,覆盖路点巡回,1545220602,86,8124.55,9801.88,1560.6
9,route,覆盖路点巡回,1545220602,91,8116.69,10187.7,1846.53
9,route,覆盖路点巡回,1545220602,96,8116.69,10678.4,1682.7
9,route,覆盖路点巡回,1545220602,101,8116.69,10744.8,1807.18
9,route,覆盖路点巡回,1545220602,106,8116.69,10141.4,1677.47
9,route,覆盖路点巡回,1545220602,111,8116.69,9725.9,1735.84
9,route,覆盖路点巡回,1545220602,116,8116.69,9980.74,1849.2
9,route,覆盖路点巡回,1545220602,121,8116.69,10013.8,1724.56
9,route,覆盖路点巡回,1545220602,126,8116.69,9848.18,1764.02
9,route,覆盖路点巡回,1545220602,131,8116.69,9645.81,1691.28
9,route,覆盖路点巡回,1545220602,136,8116.69,9458.7,1556.26
9,route,覆盖路点巡回,1545220602,141,8116.69,9405.23,1528.81
9,route,覆盖路点巡回,1545220602,146,8116.69,9377.5,1446.14
9,route,覆盖路点巡回,1545220602,151,8116.69,9300.96,1448.19
9,route,覆盖路点巡回,1545220602,156,8116.69,9389.38,1614.85
9,route,覆盖路点巡回,1545220602,161,8116.69,9410.86,1613.74
9,route,覆盖路点巡回,1545220602,166,8116.69,9519.18,1629.48
9,route,覆盖路点巡回,1545220602,171,8116.69,9407.64,1484.06
9,route,覆盖路点巡回,1545220602,176,8116.69,9277.47,1514.14
9,route,覆盖路点巡回,1545220602,181,8116.69,9174.69,1432.96
9,route,覆盖路点巡回,1545220602,186,8116.69,9426.17,1529.25
9,route,覆盖路点巡回,1545220602,191,8116.69,9217.08,1548.32
9,route,覆盖路点巡回,1545220602,196,8116.69,9338.13,1426.85
9,route,覆盖路点巡回,1545220602,201,8116.69,9418.55,1605.71
9,route,覆盖路点巡回,1545220602,206,8116.69,9151.48,1433.96
9,route,覆盖路点巡回,1545220602,211,8116.69,9198.88,1424.8
9,route,覆盖路点巡回,1545220602,216,8116.69,9121.57,1326.91
9,route,覆盖路点巡回,1545220602,221,8116.69,9064.94,1356.59
9,route,覆盖路点巡回,1545220602,226,8116.69,9054.63,1316.93
9,route,覆盖路点巡回,1545220602,231,8116.69,9658.44,1713.61
9,route,覆盖路点巡回,1545220602,236,8116.69,9246.9,1534.98
9,route,覆盖路点巡回,1545220602,241,8116.69,8951.73,1369.2
9,route,覆盖路点巡回,1545220602,246,8116.69,9093.91,1264.85
9,route,覆盖路点巡回,1545220602,251,8116.69,9210.06,1529.12
9,route,覆盖路点巡回,1545220602,256,8116.69,8987.18,1346.75
9,route,覆盖路点巡回,1545220602,261,8116.69,8958.44,1283.39
9,route,覆盖路点巡回,1545220602,266,8116.69,8849.29,1228.94
9,route,覆盖路点巡回,1545220602,271,8116.69,9506.08,1694.14
9,route,覆盖路点巡回,1545220602,276,8116.69,8854.83,1338.97
9,route,覆盖路点巡回,1545220602,281,8116.69,8682.62,1128.52
9,route,覆盖路点巡回,1545220602,286,8116.69,8994.85,1546.36
9,route,覆盖路点巡回,1545220602,291,8116.69,8833.28,1333.35
9,route,覆盖路点巡回,1545220602,296,8116.69,8644.29,1038.98
9,route,覆盖路点巡回,1545220602,300,8116.69,8874,1327.49
9,localize,频道2,8,0,0.481454,111.887,54.0721
9,localize,频道2,8,1,0.481454,56.7133,32.57
9,localize,频道2,8,6,0.481454,8.72316,10.3691
9,localize,频道2,8,11,0.410325,7.22971,9.62669
9,localize,频道2,8,16,0.407342,8.65168,8.76769
9,localize,频道2,8,21,0.406542,7.64154,10.2157
9,localize,频道2,8,26,0.406525,5.76414,7.96622
9,localize,频道2,8,31,0.406525,6.49382,7.783
9,localize,频道2,8,36,0.406436,7.19214,9.13757
9,localize,频道2,8,41,0.406436,6.3756,10.1976
9,localize,频道2,8,46,0.406436,8.78243,10.7295
9,localize,频道2,8,51,0.406436,5.63091,8.13208
9,localize,频道2,8,56,0.406434,5.84064,7.12173
9,localize,频道2,8,61,0.406434,6.88052,9.01042
9,localize,频道2,8,66,0.406434,6.78258,9.12568
9,localize,频道2,8,71,0.406434,4.49764,4.7481
9,localize,频道2,8,76,0.406418,4.628,5.26172
9,localize,频道2,8,81,0.406415,4.10321,4.47338
9,localize,频道2,8,86,0.406415,4.10857,5.23531
9,localize,频道2,8,91,0.406415,5.56391,5.06821
9,localize,频道2,8,96,0.406415,3.72351,4.15438
9,localize,频道2,8,101,0.406415,3.49995,3.78246
9,localize,频道2,8,106,0.406415,3.2131,2.87249
9,localize,频道2,8,111,0.406409,3.53765,3.63924
9,localize,频道2,8,116,0.406409,3.0432,2.97954
9,localize,频道2,8,121,0.406409,2.86691,3.03246
9,localize,频道2,8,126,0.406409,2.01701,2.04563
9,localize,频道2,8,131,0.406409,1.59422,1.64445
9,localize,频道2,8,136,0.406409,1.66056,1.64961
9,localize,频道2,8,141,0.406409,1.35876,1.34555
9,localize,频道2,8,146,0.406409,1.1136,0.942763
9,localize,频道2,8,150,0.406408,1.36511,1.29767
9,localize,频道3,8,0,0.207958,125.07,60.7412
9,localize,频道3,8,1,0.207958,74.3485,40.7177
9,localize,频道3,8,6,0.207958,12.9139,12.2264
9,localize,频道3,8,11,0.207958,10.6266,12.3366
9,localize,频道3,8,16,0.207958,13.2805,14.933
9,localize,频道3,8,21,0.207958,10.9908,13.8832
9,localize,频道3,8,26,0.206858,9.16697,13.5249
9,localize,频道3,8,31,0.203922,11.98,16.4515
9,localize,频道3,8,36,0.203922,10.31,12.123
9,localize,频道3,8,41,0.203922,8.89675,12.1343
9,localize,频道3,8,46,0.203922,12.5591,15.6884
9,localize,频道3,8,51,0.203922,9.74094,12.5563
9,localize,频道3,8,56,0.203922,8.56259,10.1361
9,localize,频道3,8,61,0.203922,7.56754,10.3171
9,localize,频道3,8,66,0.203922,10.6406,14.5798
9,localize,频道3,8,71,0.203922,7.7299,9.5229
9,localize,频道3,8,76,0.203252,8.57399,11.8454
9,localize,频道3,8,81,0.203252,7.91927,9.25077
9,localize,频道3,8,86,0.203252,5.72169,7.92061
9,localize,频道3,8,91,0.203252,7.3746,7.51431
9,localize,频道3,8,96,0.203252,6.05758,6.96542
9,localize,频道3,8,101,0.203252,5.82122,6.9236
9,localize,频道3,8,106,0.203226,5.23278,5.58328
9,localize,频道3,8,111,0.203226,5.76083,6.51319
9,localize,频道3,8,116,0.203226,4.07268,4.1303
9,localize,频道3,8,121,0.203226,4.04018,4.97133
9,localize,频道3,8,126,0.203226,3.13894,3.80459
9,localize,频道3,8,131,0.203226,2.72215,2.81338
9,localize,频道3,8,136,0.203226,2.55256,2.8362
9,localize,频道3,8,141,0.203226,2.27821,2.38027
9,localize,频道3,8,146,0.203226,1.74909,1.88689
9,localize,频道3,8,150,0.203224,1.56349,1.76992
9,localize,频道4,8,0,0,118.285,50.3594
9,localize,频道4,8,1,0,69.9533,42.3384
9,localize,频道5,8,0,0,141.714,53.4777
9,localize,频道5,8,1,0,98.3242,47.2465
9,localize,频道7,8,0,0.168851,110.359,50.7634
9,localize,频道7,8,1,0.168851,67.8012,37.4877
9,localize,频道7,8,6,0.168851,8.10331,9.01615
9,localize,频道7,8,11,0.127933,6.63911,8.60899
9,localize,频道7,8,16,0.121781,8.75904,9.27066
9,localize,频道7,8,21,0.120747,8.71122,12.2379
9,localize,频道7,8,26,0.120497,6.14111,8.0848
9,localize,频道7,8,31,0.119514,6.63726,7.34769
9,localize,频道7,8,36,0.11928,7.19011,8.49495
9,localize,频道7,8,41,0.11928,5.98268,8.13228
9,localize,频道7,8,46,0.11928,7.97672,8.47691
9,localize,频道7,8,51,0.119258,6.21554,7.54738
9,localize,频道7,8,56,0.119046,5.47377,6.42826
9,localize,频道7,8,61,0.119046,5.22222,6.64701
9,localize,频道7,8,66,0.118981,6.43369,7.76842
9,localize,频道7,8,71,0.118976,4.44252,5.30018
9,localize,频道7,8,76,0.118976,5.14574,5.88039
9,localize,频道7,8,81,0.118976,4.41635,5.45127
9,localize,频道7,8,86,0.118972,3.31589,4.1299
9,localize,频道7,8,91,0.118972,4.83378,4.83294
9,localize,频道7,8,96,0.11897,3.64977,3.8198
9,localize,频道7,8,101,0.11897,3.80432,4.58713
9,localize,频道7,8,106,0.11897,3.42112,3.73413
9,localize,频道7,8,111,0.11897,3.65988,3.7278
9,localize,频道7,8,116,0.11897,2.7873,2.95171
9,localize,频道7,8,121,0.11897,2.78342,3.24925
9,localize,频道7,8,126,0.11897,2.10619,2.32314
9,localize,频道7,8,131,0.11897,1.6039,1.78128
9,localize,频道7,8,136,0.11897,1.58558,1.96951
9,localize,频道7,8,141,0.11897,1.39792,1.43495
9,localize,频道7,8,146,0.11897,0.962383,1.23927
9,localize,频道7,8,150,0.11897,0.933654,0.993988
9,localize,频道9,8,0,0.046719,102.237,47.4422
9,localize,频道9,8,1,0.046719,59.315,37.6391
9,localize,频道9,8,6,0.0438808,8.29179,9.86617
9,localize,频道9,8,11,0.0396665,6.34994,7.86121
9,localize,频道9,8,16,0.0384019,8.23605,7.83108
9,localize,频道9,8,21,0.0371494,7.84721,10.1769
9,localize,频道9,8,26,0.0371494,5.58368,7.15755
9,localize,频道9,8,31,0.0369431,5.86403,7.08082
9,localize,频道9,8,36,0.0369431,7.20315,8.64461
9,localize,频道9,8,41,0.0369431,6.28683,10.3224
9,localize,频道9,8,46,0.0369431,7.71635,8.59541
9,localize,频道9,8,51,0.0369431,6.10961,7.68543
9,localize,频道9,8,56,0.0369431,5.60408,6.87399
9,localize,频道9,8,61,0.0369431,5.48711,7.34411
9,localize,频道9,8,66,0.0369431,6.13003,7.56788
9,localize,频道9,8,71,0.0369406,4.33496,4.36907
9,localize,频道9,8,76,0.0369406,4.3698,4.76325
9,localize,频道9,8,81,0.0369406,3.83897,4.35564
9,localize,频道9,8,86,0.0369406,3.78116,4.80644
9,localize,频道9,8,91,0.0369406,4.62537,4.65318
9,localize,频道9,8,96,0.0369406,3.72893,3.87075
9,localize,频道9,8,101,0.0369406,3.37189,3.83027
9,localize,频道9,8,106,0.0369406,3.22963,3.22918
9,localize,频道9,8,111,0.0369406,3.54949,3.69067
9,localize,频道9,8,116,0.0369406,2.79188,2.64647
9,localize,频道9,8,121,0.0369406,2.51335,2.83638
9,localize,频道9,8,126,0.0369406,1.90216,2.04869
9,localize,频道9,8,131,0.0369406,1.44149,1.59616
9,localize,频道9,8,136,0.0369406,1.56865,1.74309
9,localize,频道9,8,141,0.0369406,1.31771,1.33797
9,localize,频道9,8,146,0.0369406,0.918712,1.01998
9,localize,频道9,8,150,0.0369406,0.915621,0.965416
9,localize,频道12,8,0,0.155172,107.538,50.5787
9,localize,频道12,8,1,0.155172,54.8483,33.0488
9,localize,频道12,8,6,0.155172,9.92299,14.2144
9,localize,频道12,8,11,0.150256,7.26964,9.79261
9,localize,频道12,8,16,0.150256,9.1883,9.80339
9,localize,频道12,8,21,0.143594,9.27355,15.4029
9,localize,频道12,8,26,0.143152,6.14577,7.6515
9,localize,频道12,8,31,0.143143,6.43741,6.79254
9,localize,频道12,8,36,0.143143,8.46245,11.7982
9,localize,频道12,8,41,0.143143,6.61757,8.97731
9,localize,频道12,8,46,0.143143,8.51708,9.1011
9,localize,频道12,8,51,0.143143,6.70596,7.59861
9,localize,频道12,8,56,0.143143,6.37254,9.40013
9,localize,频道12,8,61,0.143143,6.31212,9.33215
9,localize,频道12,8,66,0.143142,6.34421,7.986
9,localize,频道12,8,71,0.143142,4.9037,5.28577
9,localize,频道12,8,76,0.143142,5.16256,5.28504
9,localize,频道12,8,81,0.143142,4.39593,5.67421
9,localize,频道12,8,86,0.143139,3.67181,4.59431
9,localize,频道12,8,91,0.143139,5.33176,5.48516
9,localize,频道12,8,96,0.143121,4.22297,4.3755
9,localize,频道12,8,101,0.143121,4.09671,4.99812
9,localize,频道12,8,106,0.143121,3.75603,3.8452
9,localize,频道12,8,111,0.143121,3.6852,3.9272
9,localize,频道12,8,116,0.143121,3.01736,3.20488
9,localize,频道12,8,121,0.143121,2.86511,3.52264
9,localize,频道12,8,126,0.143121,2.31111,2.49867
9,localize,频道12,8,131,0.143113,1.6788,1.94421
9,localize,频道12,8,136,0.143113,1.73194,2.13857
9,localize,频道12,8,141,0.143113,1.49187,1.4761
9,localize,频道12,8,146,0.14311,1.06513,1.29443
9,localize,频道12,8,150,0.14311,1.02497,0.993836
9,localize,频道13,8,0,0.444992,125.762,55.5411
9,localize,频道13,8,1,0.444992,79.9863,35.3853
9,localize,频道13,8,6,0.444992,13.9318,14.0367
9,localize,频道13,8,11,0.35085,10.796,14.9498
9,localize,频道13,8,16,0.347484,14.0761,14.5853
9,localize,频道13,8,21,0.347378,11.4362,14.3677
9,localize,频道13,8,26,0.337965,9.42628,12.0143
9,localize,频道13,8,31,0.337965,9.23621,11.9258
9,localize,频道13,8,36,0.335968,12.0049,14.7464
9,localize,频道13,8,41,0.335497,11.3363,16.7335
9,localize,频道13,8,46,0.335497,13.6325,14.749
9,localize,频道13,8,51,0.335497,8.82076,11.6616
9,localize,频道13,8,56,0.335361,9.32933,11.8819
9,localize,频道13,8,61,0.335361,9.84908,13.0617
9,localize,频道13,8,66,0.335257,10.5474,13.4478
9,localize,频道13,8,71,0.335257,7.06772,7.23598
9,localize,频道13,8,76,0.335199,8.07928,9.23953
9,localize,频道13,8,81,0.335199,6.22629,7.42384
9,localize,频道13,8,86,0.335187,6.35066,8.45247
9,localize,频道13,8,91,0.335187,8.97552,9.82756
9,localize,频道13,8,96,0.335187,5.84737,6.44205
9,localize,频道13,8,101,0.335187,5.48872,6.26176
9,localize,频道13,8,106,0.335187,4.91975,4.86585
9,localize,频道13,8,111,0.335187,6.20383,6.7934
9,localize,频道13,8,116,0.335184,4.83551,4.5568
9,localize,频道13,8,121,0.335184,4.3289,4.70119
9,localize,频道13,8,126,0.335184,3.09863,3.62936
9,localize,频道13,8,131,0.335184,2.3366,2.66763
9,localize,频道13,8,136,0.335184,2.58761,2.91609
9,localize,频道13,8,141,0.335184,2.15264,2.21685
9,localize,频道13,8,146,0.335184,1.56783,1.51766
9,localize,频道13,8,150,0.335182,1.86662,1.88817
9,localize,频道16,8,0,0.268691,100.065,47.9839
9,localize,频道16,8,1,0.268691,53.6771,36.3496
9,localize,频道16,8,6,0.268691,6.73446,7.48812
9,localize,频道16,8,11,0.199011,5.21422,6.73986
9,localize,频道16,8,16,0.197242,6.84563,6.71738
9,localize,频道16,8,21,0.196656,6.47558,8.2385
9,localize,频道16,8,26,0.19665,4.9182,6.18652
9,localize,频道16,8,31,0.19665,5.28353,5.70095
9,localize,频道16,8,36,0.196621,5.86363,6.9099
9,localize,频道16,8,41,0.196621,4.88798,6.02474
9,localize,频道16,8,46,0.196621,6.76181,6.65204
9,localize,频道16,8,51,0.196621,4.76185,5.73935
9,localize,频道16,8,56,0.196621,4.6267,5.30892
9,localize,频道16,8,61,0.196621,5.21236,5.97821
9,localize,频道16,8,66,0.196621,5.17269,6.12544
9,localize,频道16,8,71,0.19662,3.73082,3.79228
9,localize,频道16,8,76,0.19662,4.12451,4.13863
9,localize,频道16,8,81,0.19662,3.40368,3.74055
9,localize,频道16,8,86,0.19662,3.06497,3.64252
9,localize,频道16,8,91,0.19662,4.1176,4.02033
9,localize,频道16,8,96,0.19662,2.89441,2.99942
9,localize,频道16,8,101,0.19662,2.85521,3.03257
9,localize,频道16,8,106,0.19662,2.62699,2.49697
9,localize,频道16,8,111,0.19662,2.94273,2.91583
9,localize,频道16,8,116,0.19662,2.42012,2.10506
9,localize,频道16,8,121,0.19662,2.2311,2.40254
9,localize,频道16,8,126,0.19662,1.65382,1.65754
9,localize,频道16,8,131,0.19662,1.26634,1.25883
9,localize,频道16,8,136,0.19662,1.35003,1.41734
9,localize,频道16,8,141,0.19662,1.08386,0.990643
9,localize,频道16,8,146,0.19662,0.841886,0.815125
9,localize,频道16,8,150,0.19662,0.906199,0.839077
9,localize,频道17,8,0,4.01944e-14,138.871,54.1201
9,localize,频道17,8,1,4.01944e-14,91.2148,41.3708
9,localize,频道19,8,0,0,143.623,53.2657
9,localize,频道19,8,1,0,100.412,44.6218
9,route,清除顺序,702167617,0,8744.29,16766.8,2486.08
9,route,清除顺序,702167617,1,8744.29,15588.5,2254.51
9,route,清除顺序,702167617,6,8508.1,12054.8,2608.99
9,route,清除顺序,702167617,11,6800.8,10859.2,2325.82
9,route,清除顺序,702167617,16,6281.49,9894.64,2320.55
9,route,清除顺序,702167617,21,6281.49,9277.4,2528.78
9,route,清除顺序,702167617,26,6281.49,8461.25,2422.22
9,route,清除顺序,702167617,31,6281.49,9091.22,2579.9
9,route,清除顺序,702167617,36,6281.49,8888.91,2793.84
9,route,清除顺序,702167617,41,6281.49,8397.82,2453.94
9,route,清除顺序,702167617,46,6281.49,8402.08,2444.37
9,route,清除顺序,702167617,51,6281.49,8764.75,2626.78
9,route,清除顺序,702167617,56,6281.49,8238.52,2135
9,route,清除顺序,702167617,61,6281.49,8420.27,2586.4
9,route,清除顺序,702167617,66,6281.49,8162.88,2085.77
9,route,清除顺序,702167617,71,6281.49,8033.7,2455.49
9,route,清除顺序,702167617,76,6281.49,8279,2316.69
9,route,清除顺序,702167617,81,6281.49,8461.62,2710.92
9,route,清除顺序,702167617,86,6281.49,7930.05,2468.2
9,route,清除顺序,702167617,91,6281.49,8611.72,2456.09
9,route,清除顺序,702167617,96,6281.49,8504.22,2602.2
9,route,清除顺序,702167617,101,6281.49,7976.02,2176.79
9,route,清除顺序,702167617,106,6281.49,8389.84,2557.13
9,route,清除顺序,702167617,111,6281.49,8402.36,2686.69
9,route,清除顺序,702167617,116,6281.49,7956.8,2256.13
9,route,清除顺序,702167617,121,6281.49,8125.35,2279.99
9,route,清除顺序,702167617,126,6281.49,8422.32,2698.89
9,route,清除顺序,702167617,131,6281.49,7965.53,2170.26
9,route,清除顺序,702167617,136,6281.49,8227.91,2754.94
9,route,清除顺序,702167617,141,6281.49,8093.71,2331.89
9,route,清除顺序,702167617,146,6281.49,7955.15,2361.77
9,route,清除顺序,702167617,151,6281.49,8568.24,2462.53
9,route,清除顺序,702167617,156,6281.49,7740.69,2154.3
9,route,清除顺序,702167617,161,6281.49,8387.08,2393.06
9,route,清除顺序,702167617,166,6281.49,7830.07,2090.68
9,route,清除顺序,702167617,171,6281.49,7935.33,2416.69
9,route,清除顺序,702167617,176,6281.49,7867.36,2326.46
9,route,清除顺序,702167617,181,6281.49,8051.73,2418.12
9,route,清除顺序,702167617,186,6281.49,7900.98,2386.55
9,route,清除顺序,702167617,191,6281.49,7301.7,1713.46
9,route,清除顺序,702167617,196,6281.49,8341.54,2550.08
9,route,清除顺序,702167617,201,6281.49,8067.3,2425.61
9,route,清除顺序,702167617,206,6281.49,7891.18,2301.22
9,route,清除顺序,702167617,211,6281.49,7653.39,2205.94
9,route,清除顺序,702167617,216,6281.49,7552.41,2031.58
9,route,清除顺序,702167617,221,6281.49,7536.99,1966.29
9,route,清除顺序,702167617,226,6281.49,7732.23,2147.38
9,route,清除顺序,702167617,231,6281.49,8284.03,2537.4
9,route,清除顺序,702167617,236,6281.49,7812.65,2309.12
9,route,清除顺序,702167617,241,6281.49,7580.69,2086.36
9,route,清除顺序,702167617,246,6281.49,7455.47,2053.14
9,route,清除顺序,702167617,251,6281.49,7195.88,1572.33
9,route,清除顺序,702167617,256,6281.49,7388.15,1902.42
9,route,清除顺序,702167617,261,6281.49,6933.84,1395.37
9,route,清除顺序,702167617,266,6281.49,7080.13,1417.44
9,route,清除顺序,702167617,271,6281.49,7471.3,2118.78
9,route,清除顺序,702167617,276,6281.49,7656.87,1947.14
9,route,清除顺序,702167617,281,6281.49,7266.67,1932.4
9,route,清除顺序,702167617,286,6281.49,7512.73,1987.54
9,route,清除顺序,702167617,291,6281.49,7585.44,2373.86
9,route,清除顺序,702167617,296,6281.49,7926.11,2432.57
9,route,清除顺序,702167617,300,6281.49,7231.86,1983.9
10,route,覆盖路点巡回,905266064,0,8144.77,13608.3,1441.47
10,route,覆盖路点巡回,905266064,1,8144.77,12795.6,1483.9
10,route,覆盖路点巡回,905266064,6,8144.77,11679.1,1558.93
10,route,覆盖路点巡回,905266064,11,8124.55,11188.3,1729.14
10,route,覆盖路点巡回,905266064,16,8124.55,11420.7,1841.37
10,route,覆盖路点巡回,905266064,21,8124.55,11275.8,1809.7
10,route,覆盖路点巡回,905266064,26,8124.55,10329.5,1537.19
10,route,覆盖路点巡回,905266064,31,8116.69,10333,1936.37
10,route,覆盖路点巡回,905266064,36,8116.69,10342.4,1737.42
10,route,覆盖路点巡回,905266064,41,8116.69,10747.2,1784.72
10,route,覆盖路点巡回,905266064,46,8116.69,10764,1658.93
10,route,覆盖路点巡回,905266064,51,8116.69,10403.2,1688.83
10,route,覆盖路点巡回,905266064,56,8116.69,9912.96,1634.84
10,route,覆盖路点巡回,905266064,61,8116.69,9916.76,1787.97
10,route,覆盖路点巡回,905266064,66,8116.69,9963.12,1749.03
10,route,覆盖路点巡回,905266064,71,8116.69,9996.93,1661.13
10,route,覆盖路点巡回,905266064,76,8116.69,9760.76,1521.09
10,route,覆盖路点巡回,905266064,81,8116.69,9892.98,1713.96
10,route,覆盖路点巡回,905266064,86,8116.69,9614.01,1544.85
10,route,覆盖路点巡回,905266064,91,8116.69,9573.11,1581.96
10,route,覆盖路点巡回,905266064,96,8116.69,9503.95,1652.73
10,route,覆盖路点巡回,905266064,101,8116.69,9486.87,1457.8
10,route,覆盖路点巡回,905266064,106,8116.69,9887.67,1585.22
10,route,覆盖路点巡回,905266064,111,8116.69,9694.86,1720.49
10,route,覆盖路点巡回,905266064,116,8116.69,9672.26,1673.14
10,route,覆盖路点巡回,905266064,121,8116.69,9312.01,1596.85
10,route,覆盖路点巡回,905266064,126,8116.69,9476.47,1649.24
10,route,覆盖路点巡回,905266064,131,8116.69,9772.55,1676.7
10,route,覆盖路点巡回,905266064,136,8116.69,9453.67,1645.77
10,route,覆盖路点巡回,905266064,141,8116.69,9270.42,1562.93
10,route,覆盖路点巡回,905266064,146,8116.69,9575.29,1713.13
10,route,覆盖路点巡回,905266064,151,8116.69,9631.5,1728.9
10,route,覆盖路点巡回,905266064,156,8116.69,9389.12,1514.98
10,route,覆盖路点巡回,905266064,161,8116.69,9419.13,1674.98
10,route,覆盖路点巡回,905266064,166,8116.69,9574.86,1464.71
10,route,覆盖路点巡回,905266064,171,8116.69,9477.38,1605.5
10,route,覆盖路点巡回,905266064,176,8116.69,9505.97,1519.65
10,route,覆盖路点巡回,905266064,181,8116.69,9791.13,1837.62
10,route,覆盖路点巡回,905266064,186,8116.69,9277.81,1426.1
10,route,覆盖路点巡回,905266064,191,8116.69,9094.21,1523.66
10,route,覆盖路点巡回,905266064,196,8116.69,9518.65,1675.23
10,route,覆盖路点巡回,905266064,201,8116.69,9109.44,1411.59
10,route,覆盖路点巡回,905266064,206,8116.69,9331.57,1518.73
10,route,覆盖路点巡回,905266064,211,8116.69,9102.82,1441.35
10,route,覆盖路点巡回,905266064,216,8116.69,8956.32,1308.96
10,route,覆盖路点巡回,905266064,221,8116.69,8931.11,1224.18
10,route,覆盖路点巡回,905266064,226,8116.69,8947.13,1457.77
10,route,覆盖路点巡回,905266064,231,8116.69,9063.8,1306.59
10,route,覆盖路点巡回,905266064,236,8116.69,8907.94,1269.07
10,route,覆盖路点巡回,905266064,241,8116.69,9131.26,1238.81
10,route,覆盖路点巡回,905266064,246,8116.69,9318.49,1576.09
10,route,覆盖路点巡回,905266064,251,8116.69,9286.54,1611.91
10,route,覆盖路点巡回,905266064,256,8116.69,9277.38,1718.8
10,route,覆盖路点巡回,905266064,261,8116.69,9029.27,1461.99
10,route,覆盖路点巡回,905266064,266,8116.69,8866.95,1353.59
10,route,覆盖路点巡回,905266064,271,8116.69,9255.7,1437.51
10,route,覆盖路点巡回,905266064,276,8116.69,9091,1556.44
10,route,覆盖路点巡回,905266064,281,8116.69,9131.58,1569.65
10,route,覆盖路点巡回,905266064,286,8116.69,8931.06,1404.49
10,route,覆盖路点巡回,905266064,291,8116.69,8983.92,1380.11
10,route,覆盖路点巡回,905266064,296,8116.69,9077.91,1408.32
10,route,覆盖路点巡回,905266064,300,8116.69,9059.82,1496.48
10,localize,频道1,9,0,0.0563181,103.823,49.7113
10,localize,频道1,9,1,0.0563181,60.9077,34.6612
10,localize,频道1,9,6,0.0563181,9.15283,12.9483
10,localize,频道1,9,11,0.0563181,6.41987,7.47697
10,localize,频道1,9,16,0.0493683,6.1681,8.24514
10,localize,频道1,9,21,0.0481342,5.49977,6.88551
10,localize,频道1,9,26,0.0481342,6.57917,7.33629
10,localize,频道1,9,31,0.0481342,4.27721,4.9991
10,localize,频道1,9,36,0.0481342,5.80309,7.14152
10,localize,频道1,9,41,0.0481342,4.57738,5.1871
10,localize,频道1,9,46,0.0481342,3.77676,4.36699
10,localize,频道1,9,51,0.0481342,4.98784,5.69936
10,localize,频道1,9,56,0.0481342,4.41375,4.67738
10,localize,频道1,9,61,0.0481342,3.88007,4.63771
10,localize,频道1,9,66,0.0481342,4.33644,4.78261
10,localize,频道1,9,71,0.0481342,4.38892,4.65921
10,localize,频道1,9,76,0.0481342,3.21302,4.02376
10,localize,频道1,9,81,0.0481342,3.91679,4.50273
10,localize,频道1,9,86,0.0481342,4.41277,4.68651
10,localize,频道1,9,91,0.0481342,2.5172,2.62375
10,localize,频道1,9,96,0.0481342,2.43704,2.93651
10,localize,频道1,9,101,0.0480832,3.05159,3.69529
10,localize,频道1,9,106,0.0480807,2.41871,2.84966
10,localize,频道1,9,111,0.0480807,2.41545,2.44682
10,localize,频道1,9,116,0.0480807,2.08418,2.27057
10,localize,频道1,9,121,0.0480807,2.11704,2.21477
10,localize,频道1,9,126,0.0480807,2.04064,2.11805
10,localize,频道1,9,131,0.0480807,1.18294,1.32635
10,localize,频道1,9,136,0.0480807,1.36929,1.50637
10,localize,频道1,9,141,0.0480801,1.25308,1.54223
10,localize,频道1,9,146,0.0480801,1.25202,1.1654
10,localize,频道1,9,150,0.0480801,0.855815,0.970761
10,localize,频道2,9,0,0,121.918,47.8832
10,localize,频道2,9,1,0,78.3153,33.6015
10,localize,频道2,9,0,0,121.918,47.8832
10,localize,频道2,9,1,0,78.3153,33.6015
10,localize,频道2,9,0,0.138878,132.917,62.2592
10,localize,频道2,9,1,0.138878,86.9966,34.4956
10,localize,频道2,9,6,0.138878,25.224,24.4564
10,localize,频道2,9,11,0.138878,16.3997,17.8431
10,localize,频道2,9,16,0.134222,16.7532,20.9146
10,localize,频道2,9,21,0.12471,13.3747,16.0283
10,localize,频道2,9,26,0.123907,18.9229,21.4027
10,localize,频道2,9,31,0.123862,12.8003,15.4168
10,localize,频道2,9,36,0.123862,15.5648,19.2547
10,localize,频道2,9,41,0.123059,12.3959,14.5129
10,localize,频道2,9,46,0.122626,11.9876,15.1847
10,localize,频道2,9,51,0.122366,13.4855,15.8739
10,localize,频道2,9,56,0.122366,13.7079,17.4984
10,localize,频道2,9,61,0.122366,11.8109,16.1603
10,localize,频道2,9,66,0.122366,11.7369,13.0006
10,localize,频道2,9,71,0.121832,11.9679,13.2931
10,localize,频道2,9,76,0.121832,8.93366,12.4778
10,localize,频道2,9,81,0.121832,11.3186,15.7541
10,localize,频道2,9,86,0.121832,13.1893,15.0302
10,localize,频道2,9,91,0.121832,6.84314,7.43428
10,localize,频道2,9,96,0.121832,6.49244,8.28722
10,localize,频道2,9,101,0.121832,8.77659,12.2733
10,localize,频道2,9,106,0.121832,6.09726,7.20873
10,localize,频道2,9,111,0.121832,6.49341,6.96952
10,localize,频道2,9,116,0.121832,5.41561,5.7034
10,localize,频道2,9,121,0.121832,5.37742,5.50925
10,localize,频道2,9,126,0.121832,5.11873,4.93159
10,localize,频道2,9,131,0.12175,3.1824,3.46987
10,localize,频道2,9,136,0.12175,3.70562,3.8623
10,localize,频道2,9,141,0.12175,3.08037,3.52353
10,localize,频道2,9,146,0.121748,3.19024,2.85237
10,localize,频道2,9,150,0.121748,2.31112,2.43681
10,localize,频道2,9,0,0.138878,132.917,62.2592
10,localize,频道2,9,1,0.138878,86.9966,34.4956
10,localize,频道2,9,6,0.138878,25.224,24.4564
10,localize,频道2,9,11,0.138878,16.3997,17.8431
10,localize,频道2,9,16,0.134222,16.7532,20.9146
10,localize,频道2,9,21,0.12471,13.3747,16.0283
10,localize,频道2,9,26,0.123907,18.9229,21.4027
10,localize,频道2,9,31,0.123862,12.8003,15.4168
10,localize,频道2,9,36,0.123862,15.5648,19.2547
10,localize,频道2,9,41,0.123059,12.3959,14.5129
10,localize,频道2,9,46,0.122626,11.9876,15.1847
10,localize,频道2,9,51,0.122366,13.4855,15.8739
10,localize,频道2,9,56,0.122366,13.7079,17.4984
10,localize,频道2,9,61,0.122366,11.8109,16.1603
10,localize,频道2,9,66,0.122366,11.7369,13.0006
10,localize,频道2,9,71,0.121832,11.9679,13.2931
10,localize,频道2,9,76,0.121832,8.93366,12.4778
10,localize,频道2,9,81,0.121832,11.3186,15.7541
10,localize,频道2,9,86,0.121832,13.1893,15.0302
10,localize,频道2,9,91,0.121832,6.84314,7.43428
10,localize,频道2,9,96,0.121832,6.49244,8.28722
10,localize,频道2,9,101,0.121832,8.77659,12.2733
10,localize,频道2,9,106,0.121832,6.09726,7.20873
10,localize,频道2,9,111,0.121832,6.49341,6.96952
10,localize,频道2,9,116,0.121832,5.41561,5.7034
10,localize,频道2,9,121,0.121832,5.37742,5.50925
10,localize,频道2,9,126,0.121832,5.11873,4.93159
10,localize,频道2,9,131,0.12175,3.1824,3.46987
10,localize,频道2,9,136,0.12175,3.70562,3.8623
10,localize,频道2,9,141,0.12175,3.08037,3.52353
10,localize,频道2,9,146,0.121748,3.19024,2.85237
10,localize,频道2,9,150,0.121748,2.31112,2.43681
10,localize,频道5,9,0,0,133.634,58.5619
10,localize,频道5,9,1,0,73.8324,47.0324
10,localize,频道6,9,0,0.24692,134.276,67.4764
10,localize,频道6,9,1,0.24692,81.6821,43.0085
10,localize,频道6,9,6,0.223067,11.4165,14.9183
10,localize,频道6,9,11,0.222792,7.64433,9.2075
10,localize,频道6,9,16,0.212956,8.25305,11.4782
10,localize,频道6,9,21,0.212956,7.025,7.96409
10,localize,频道6,9,26,0.212956,8.44692,8.28813
10,localize,频道6,9,31,0.212956,6.30859,6.84878
10,localize,频道6,9,36,0.212956,7.26702,8.61522
10,localize,频道6,9,41,0.212956,6.14779,6.61898
10,localize,频道6,9,46,0.212956,5.04416,6.14562
10,localize,频道6,9,51,0.212908,6.01655,6.99514
10,localize,频道6,9,56,0.212908,5.55103,5.83344
10,localize,频道6,9,61,0.212908,5.11801,6.02552
10,localize,频道6,9,66,0.212908,5.22744,5.55616
10,localize,频道6,9,71,0.212908,5.4523,5.87335
10,localize,频道6,9,76,0.212908,4.01634,4.85778
10,localize,频道6,9,81,0.212908,4.85099,5.29255
10,localize,频道6,9,86,0.212908,6.28424,5.95544
10,localize,频道6,9,91,0.212908,3.42637,3.60915
10,localize,频道6,9,96,0.212908,2.9596,3.44699
10,localize,频道6,9,101,0.212908,3.92425,4.67992
10,localize,频道6,9,106,0.212908,2.99942,3.33999
10,localize,频道6,9,111,0.212908,3.21011,3.16948
10,localize,频道6,9,116,0.2129,2.70509,2.63993
10,localize,频道6,9,121,0.2129,2.59253,2.70364
10,localize,频道6,9,126,0.212899,2.45447,2.29216
10,localize,频道6,9,131,0.212896,1.61823,1.59707
10,localize,频道6,9,136,0.212894,1.81134,1.87452
10,localize,频道6,9,141,0.212894,1.49657,1.60959
10,localize,频道6,9,146,0.212894,1.57359,1.34599
10,localize,频道6,9,150,0.212894,1.09883,1.03475
10,localize,频道8,9,0,0.291701,107.42,51.9173
10,localize,频道8,9,1,0.291701,66.6968,29.072
10,localize,频道8,9,6,0.204595,14.7569,15.9441
10,localize,频道8,9,11,0.203904,10.5756,12.4161
10,localize,频道8,9,16,0.203117,10.3754,13.9647
10,localize,频道8,9,21,0.203117,8.90906,11.9417
10,localize,频道8,9,26,0.203117,11.0161,12.1932
10,localize,频道8,9,31,0.203117,7.61864,9.07444
10,localize,频道8,9,36,0.202959,8.78681,10.9564
10,localize,频道8,9,41,0.202959,7.9028,9.54415
10,localize,频道8,9,46,0.202959,6.94363,8.20912
10,localize,频道8,9,51,0.202959,7.80025,8.93474
10,localize,频道8,9,56,0.202959,7.52589,7.74554
10,localize,频道8,9,61,0.202959,6.20418,7.94929
10,localize,频道8,9,66,0.202959,6.17562,7.026
10,localize,频道8,9,71,0.202928,6.54893,6.53688
10,localize,频道8,9,76,0.202928,5.269,6.95907
10,localize,频道8,9,81,0.202928,6.07718,7.83006
10,localize,频道8,9,86,0.202928,7.59964,8.26775
10,localize,频道8,9,91,0.202928,4.56343,5.20014
10,localize,频道8,9,96,0.202928,3.42981,4.14531
10,localize,频道8,9,101,0.202928,4.96245,6.18664
10,localize,频道8,9,106,0.202928,3.96013,4.03828
10,localize,频道8,9,111,0.202928,3.99466,4.37349
10,localize,频道8,9,116,0.202928,3.37151,3.6868
10,localize,频道8,9,121,0.202928,3.35545,3.68279
10,localize,频道8,9,126,0.202928,3.21968,3.00056
10,localize,频道8,9,131,0.202928,1.98672,2.34651
10,localize,频道8,9,136,0.202928,2.20123,2.46797
10,localize,频道8,9,141,0.202928,1.8092,2.0046
10,localize,频道8,9,146,0.202928,2.00993,1.87121
10,localize,频道8,9,150,0.202928,1.39048,1.36123
10,localize,频道9,9,0,0.125299,118.508,58.5244
10,localize,频道9,9,1,0.125299,68.0784,42.3878
10,localize,频道9,9,6,0.108426,12.3267,16.6374
10,localize,频道9,9,11,0.1035,9.54604,14.203
10,localize,频道9,9,16,0.101683,7.85742,9.83948
10,localize,频道9,9,21,0.100308,8.1666,14.1335
10,localize,频道9,9,26,0.100308,8.33238,7.92579
10,localize,频道9,9,31,0.100308,7.77977,13.2404
10,localize,频道9,9,36,0.100308,7.22483,7.63126
10,localize,频道9,9,41,0.0995401,6.74419,8.86411
10,localize,频道9,9,46,0.0995401,5.3466,6.46073
10,localize,频道9,9,51,0.0995366,6.43042,7.0032
10,localize,频道9,9,56,0.0995366,5.72393,6.33607
10,localize,频道9,9,61,0.0995366,5.25159,6.68022
10,localize,频道9,9,66,0.0995366,5.35334,5.87971
10,localize,频道9,9,71,0.0995313,5.92007,6.12415
10,localize,频道9,9,76,0.0995313,4.2031,5.41341
10,localize,频道9,9,81,0.0995313,4.90793,5.03199
10,localize,频道9,9,86,0.0995313,6.00962,6.84155
10,localize,频道9,9,91,0.0995255,3.67458,3.93845
10,localize,频道9,9,96,0.0995255,3.19027,3.68334
10,localize,频道9,9,101,0.0995255,3.63781,4.38479
10,localize,频道9,9,106,0.0995255,2.98684,3.51308
10,localize,频道9,9,111,0.0995255,3.15009,3.11536
10,localize,频道9,9,116,0.0995255,2.73862,2.8069
10,localize,频道9,9,121,0.0995255,2.9317,3.16877
10,localize,频道9,9,126,0.0995255,2.64038,2.56353
10,localize,频道9,9,131,0.0995255,1.57617,1.666
10,localize,频道9,9,136,0.0995255,1.86778,1.89097
10,localize,频道9,9,141,0.0995191,1.6234,1.93086
10,localize,频道9,9,146,0.0995191,1.69286,1.54089
10,localize,频道9,9,150,0.0995191,1.15746,1.21729
10,localize,频道11,9,0,0,131.658,51.2611
10,localize,频道11,9,1,0,88.0226,40.8594
10,localize,频道12,9,0,0,125.329,42.1267
10,localize,频道12,9,1,0,92.4963,32.8167
10,localize,频道14,9,0,2.00972e-14,97.2061,39.0059
10,localize,频道14,9,1,2.00972e-14,55.969,25.3142
10,localize,频道16,9,0,0,127.352,53.5328
10,localize,频道16,9,1,0,74.9057,41.4054
10,localize,频道18,9,0,0,139.381,57.6562
10,localize,频道18,9,1,0,87.0082,39.7227
10,localize,频道19,9,0,0.407975,110.21,50.4743
10,localize,频道19,9,1,0.407975,64.7596,37.4501
10,localize,频道19,9,6,0.313632,12.1008,14.1527
10,localize,频道19,9,11,0.301848,8.18943,9.23958
10,localize,频道19,9,16,0.298885,8.58257,10.9908
10,localize,频道19,9,21,0.29842,7.0515,9.02205
10,localize,频道19,9,26,0.29842,8.94669,8.25311
10,localize,频道19,9,31,0.29842,6.28879,6.91911
10,localize,频道19,9,36,0.29842,7.60537,8.70087
10,localize,频道19,9,41,0.29842,6.47623,7.38544
10,localize,频道19,9,46,0.29842,5.71675,7.43032
10,localize,频道19,9,51,0.29842,6.57578,7.28982
10,localize,频道19,9,56,0.29842,5.74056,5.6929
10,localize,频道19,9,61,0.29842,5.44928,6.1249
10,localize,频道19,9,66,0.29842,5.66634,5.97989
10,localize,频道19,9,71,0.29842,5.88659,5.8248
10,localize,频道19,9,76,0.29842,4.22261,5.33162
10,localize,频道19,9,81,0.29842,4.7463,5.12924
10,localize,频道19,9,86,0.29842,6.04526,5.95184
10,localize,频道19,9,91,0.298415,3.44707,3.5862
10,localize,频道19,9,96,0.298415,3.17051,3.78162
10,localize,频道19,9,101,0.298414,3.89723,4.60299
10,localize,频道19,9,106,0.298414,3.20119,3.72663
10,localize,频道19,9,111,0.298414,3.17987,3.05201
10,localize,频道19,9,116,0.298414,2.81765,2.84056
10,localize,频道19,9,121,0.298414,2.90863,2.91713
10,localize,频道19,9,126,0.298414,2.60536,2.49701
10,localize,频道19,9,131,0.298414,1.5699,1.49497
10,localize,频道19,9,136,0.298414,1.89305,1.84148
10,localize,频道19,9,141,0.298414,1.67163,1.8517
10,localize,频道19,9,146,0.298414,1.74607,1.45128
10,localize,频道19,9,150,0.298414,1.19626,1.11596
10,localize,频道20,9,0,0.0132688,103.822,49.2279
10,localize,频道20,9,1,0.0132688,65.0067,35.5667
10,localize,频道20,9,6,0.0132688,9.75741,13.083
10,localize,频道20,9,11,0.0129001,6.91622,8.17848
10,localize,频道20,9,16,0.0113125,6.5185,8.50225
10,localize,频道20,9,21,0.0113125,6.37146,8.19591
10,localize,频道20,9,26,0.0113125,6.92175,7.77096
10,localize,频道20,9,31,0.0113125,5.07069,5.51799
10,localize,频道20,9,36,0.0113125,6.72581,7.67242
10,localize,频道20,9,41,0.0113125,4.8382,5.50586
10,localize,频道20,9,46,0.0112518,4.60504,6.86402
10,localize,频道20,9,51,0.0112518,5.56011,6.5669
10,localize,频道20,9,56,0.0112518,4.82919,5.3812
10,localize,频道20,9,61,0.0112518,4.28603,5.14213
10,localize,频道20,9,66,0.0112518,4.80643,5.24452
10,localize,频道20,9,71,0.0112518,4.94851,5.2532
10,localize,频道20,9,76,0.0112518,3.55317,4.37737
10,localize,频道20,9,81,0.0112518,4.23504,4.63886
10,localize,频道20,9,86,0.0112518,4.94845,5.04122
10,localize,频道20,9,91,0.0112518,2.59466,2.74175
10,localize,频道20,9,96,0.0112518,2.76125,3.36838
10,localize,频道20,9,101,0.0112518,3.3427,4.29109
10,localize,频道20,9,106,0.0112518,2.64036,3.3333
10,localize,频道20,9,111,0.0112518,2.52791,2.65139
10,localize,频道20,9,116,0.0112518,2.34015,2.50888
10,localize,频道20,9,121,0.0112518,2.47549,2.59237
10,localize,频道20,9,126,0.0112518,2.32678,2.39795
10,localize,频道20,9,131,0.0112518,1.28497,1.44309
10,localize,频道20,9,136,0.0112062,1.56623,1.74519
10,localize,频道20,9,141,0.0111539,1.33805,1.72911
10,localize,频道20,9,146,0.011124,1.4109,1.31124
10,localize,频道20,9,150,0.011124,0.938569,1.07939
10,route,清除顺序,1868845935,0,9027.4,20310.7,2373.39
10,route,清除顺序,1868845935,1,9027.4,18809.6,2438.24
10,route,清除顺序,1868845935,6,8852.27,13705.2,2745.08
10,route,清除顺序,1868845935,11,8647.22,11373.1,2488.27
10,route,清除顺序,1868845935,16,8643.75,11524.1,2469.76
10,route,清除顺序,1868845935,21,8638.94,10758.5,2419.59
10,route,清除顺序,1868845935,26,8448.72,10674.9,2337.52
10,route,清除顺序,1868845935,31,8412.22,10997.3,2503.15
10,route,清除顺序,1868845935,36,8396.37,11357.8,2676.37
10,route,清除顺序,1868845935,41,8396.37,10453.6,2177.6
10,route,清除顺序,1868845935,46,8396.37,10913.9,2592.87
10,route,清除顺序,1868845935,51,8396.37,10385.9,2183.66
10,route,清除顺序,1868845935,56,8396.37,10205.9,1966.97
10,route,清除顺序,1868845935,61,8396.37,10196.5,1978.49
10,route,清除顺序,1868845935,66,8396.37,10638.1,2465.61
10,route,清除顺序,1868845935,71,8396.37,10478.8,2241.76
10,route,清除顺序,1868845935,76,8396.37,10576.2,2351.67
10,route,清除顺序,1868845935,81,8396.37,9711.04,1957.4
10,route,清除顺序,1868845935,86,8396.37,9912.12,1798.56
10,route,清除顺序,1868845935,91,8396.37,9845.92,2257.79
10,route,清除顺序,1868845935,96,8396.37,9953.84,1858.72
10,route,清除顺序,1868845935,101,8396.37,10282.7,2247.22
10,route,清除顺序,1868845935,106,8396.37,10317.7,2012.28
10,route,清除顺序,1868845935,111,8396.37,10251,2307.32
10,route,清除顺序,1868845935,116,8396.37,10098.6,2172.6
10,route,清除顺序,1868845935,121,8396.37,10519,2334.39
10,route,清除顺序,1868845935,126,8396.37,9928.74,2109.04
10,route,清除顺序,1868845935,131,8396.37,10093.3,2287.69
10,route,清除顺序,1868845935,136,8396.37,10243.1,2367.92
10,route,清除顺序,1868845935,141,8396.37,9953.98,2022.18
10,route,清除顺序,1868845935,146,8396.37,9789.25,2140.08
10,route,清除顺序,1868845935,151,8396.37,10124.1,2279.5
10,route,清除顺序,1868845935,156,8396.37,9961.65,2202.74
10,route,清除顺序,1868845935,161,8396.37,10098.7,2313.02
10,route,清除顺序,1868845935,166,8396.37,9578.77,1739.89
10,route,清除顺序,1868845935,171,8396.37,10016.2,2141.7
10,route,清除顺序,1868845935,176,8396.37,10097.9,2273.07
10,route,清除顺序,1868845935,181,8396.37,9917.91,2020.81
10,route,清除顺序,1868845935,186,8396.37,10141.9,2234.45
10,route,清除顺序,1868845935,191,8396.37,9549.08,1875.61
10,route,清除顺序,1868845935,196,8396.37,9639.11,1913.31
10,route,清除顺序,1868845935,201,8396.37,9992.42,2183.65
10,route,清除顺序,1868845935,206,8396.37,9446.71,1739.58
10,route,清除顺序,1868845935,211,8396.37,9498.51,1674.36
10,route,清除顺序,1868845935,216,8396.37,9764.8,1986.39
10,route,清除顺序,1868845935,221,8396.37,9518.15,1882.77
10,route,清除顺序,1868845935,226,8396.37,9439.48,1936.74
10,route,清除顺序,1868845935,231,8396.37,9614.64,1790.12
10,route,清除顺序,1868845935,236,8396.37,9454.25,1960.69
10,route,清除顺序,1868845935,241,8396.37,9687.54,2017.48
10,route,清除顺序,1868845935,246,8396.37,9437.56,1727.57
10,route,清除顺序,1868845935,251,8396.37,9643.38,1944.82
10,route,清除顺序,1868845935,256,8396.37,9914.52,2190.64
10,route,清除顺序,1868845935,261,8396.37,9307.84,1745.34
10,route,清除顺序,1868845935,266,8396.37,9634.66,1956.65
10,route,清除顺序,1868845935,271,8396.37,9236.2,1746.06
10,route,清除顺序,1868845935,276,8396.37,9374.92,1796.42
10,route,清除顺序,1868845935,281,8396.37,9362.53,1709.79
10,route,清除顺序,1868845935,286,8396.37,9616.42,2036.63
10,route,清除顺序,1868845935,291,8396.37,9395.47,1894.2
10,route,清除顺序,1868845935,296,8396.37,9252.11,1562.13
10,route,清除顺序,1868845935,300,8396.37,9196.65,1538.09
11,route,覆盖路点巡回,1667601612,0,8144.77,13649.1,1732.65
11,route,覆盖路点巡回,1667601612,1,8144.77,12805.2,1570.73
11,route,覆盖路点巡回,1667601612,6,8116.69,11544.2,1563.78
11,route,覆盖路点巡回,1667601612,11,8116.69,11392.5,1587.56
11,route,覆盖路点巡回,1667601612,16,8116.69,10861.6,1681.78
11,route,覆盖路点巡回,1667601612,21,8116.69,10659,1576.02
11,route,覆盖路点巡回,1667601612,26,8116.69,10220.9,1743.73
11,route,覆盖路点巡回,1667601612,31,8116.69,10013.1,1795.69
11,route,覆盖路点巡回,1667601612,36,8116.69,10700.6,1544.71
11,route,覆盖路点巡回,1667601612,41,8116.69,9933.36,1612.24
11,route,覆盖路点巡回,1667601612,46,8116.69,9849.3,1854.07
11,route,覆盖路点巡回,1667601612,51,8116.69,10244.9,1836.55
11,route,覆盖路点巡回,1667601612,56,8116.69,9942.62,1682.35
11,route,覆盖路点巡回,1667601612,61,8116.69,9916.68,1664.45
11,route,覆盖路点巡回,1667601612,66,8116.69,9648.21,1625.87
11,route,覆盖路点巡回,1667601612,71,8116.69,9676.42,1519.91
11,route,覆盖路点巡回,1667601612,76,8116.69,9752.87,1759.01
11,route,覆盖路点巡回,1667601612,81,8116.69,9789.23,1594.31
11,route,覆盖路点巡回,1667601612,86,8116.69,9563.79,1672.51
11,route,覆盖路点巡回,1667601612,91,8116.69,9742.73,1819.33
11,route,覆盖路点巡回,1667601612,96,8116.69,9538.6,1577.48
11,route,覆盖路点巡回,1667601612,101,8116.69,9386.96,1662.44
11,route,覆盖路点巡回,1667601612,106,8116.69,9495.17,1705.38
11,route,覆盖路点巡回,1667601612,111,8116.69,9581.67,1661.96
11,route,覆盖路点巡回,1667601612,116,8116.69,9467.73,1648.55
11,route,覆盖路点巡回,1667601612,121,8116.69,9362.16,1587.01
11,route,覆盖路点巡回,1667601612,126,8116.69,9614,1549.47
11,route,覆盖路点巡回,1667601612,131,8116.69,9572.41,1572.98
11,route,覆盖路点巡回,1667601612,136,8116.69,9435,1541.55
11,route,覆盖路点巡回,1667601612,141,8116.69,9767.12,1658.15
11,route,覆盖路点巡回,1667601612,146,8116.69,9680.9,1744.33
11,route,覆盖路点巡回,1667601612,151,8116.69,9456.05,1570.98
11,route,覆盖路点巡回,1667601612,156,8116.69,9534.71,1560.72
11,route,覆盖路点巡回,1667601612,161,8116.69,9185.63,1351.8
11,route,覆盖路点巡回,1667601612,166,8116.69,9268.29,1517.71
11,route,覆盖路点巡回,1667601612,171,8116.69,9554.45,1694.35
11,route,覆盖路点巡回,1667601612,176,8116.69,9403.05,1576.26
11,route,覆盖路点巡回,1667601612,181,8116.69,9225.56,1492.28
11,route,覆盖路点巡回,1667601612,186,8116.69,9543.83,1578.4
11,route,覆盖路点巡回,1667601612,191,8116.69,9215.92,1504.6
11,route,覆盖路点巡回,1667601612,196,8116.69,9239.14,1570.08
11,route,覆盖路点巡回,1667601612,201,8116.69,9422.86,1523.8
11,route,覆盖路点巡回,1667601612,206,8116.69,9111.51,1317.11
11,route,覆盖路点巡回,1667601612,211,8116.69,9505.08,1638.5
11,route,覆盖路点巡回,1667601612,216,8116.69,9034.45,1411.25
11,route,覆盖路点巡回,1667601612,221,8116.69,9194.53,1441.82
11,route,覆盖路点巡回,1667601612,226,8116.69,9034.64,1496.37
11,route,覆盖路点巡回,1667601612,231,8116.69,9029.36,1383.91
11,route,覆盖路点巡回,1667601612,236,8116.69,9239.8,1376.27
11,route,覆盖路点巡回,1667601612,241,8116.69,8917.62,1319.24
11,route,覆盖路点巡回,1667601612,246,8116.69,8797.81,1143.39
11,route,覆盖路点巡回,1667601612,251,8116.69,9222.36,1600.3
11,route,覆盖路点巡回,1667601612,256,8116.69,8708.44,1177.49
11,route,覆盖路点巡回,1667601612,261,8116.69,9368.79,1611.59
11,route,覆盖路点巡回,1667601612,266,8116.69,9286.61,1603.91
11,route,覆盖路点巡回,1667601612,271,8116.69,8861.51,1284.81
11,route,覆盖路点巡回,1667601612,276,8116.69,8772.49,1226.86
11,route,覆盖路点巡回,1667601612,281,8116.69,9017.08,1481.56
11,route,覆盖路点巡回,1667601612,286,8116.69,8779.16,1185.25
11,route,覆盖路点巡回,1667601612,291,8116.69,8805.86,1270.43
11,route,覆盖路点巡回,1667601612,296,8116.69,8876.93,1289.56
11,route,覆盖路点巡回,1667601612,300,8116.69,9003.58,1409.18
11,localize,频道1,10,0,0.255293,124.529,62.9914
11,localize,频道1,10,1,0.255293,61.042,36.3908
11,localize,频道1,10,6,0.255293,9.74221,10.9262
11,localize,频道1,10,11,0.214617,10.7667,14.0639
11,localize,频道1,10,16,0.214617,8.5552,10.966
11,localize,频道1,10,21,0.213529,8.91661,8.18349
11,localize,频道1,10,26,0.213529,8.22124,8.94945
11,localize,频道1,10,31,0.213529,7.12542,8.7148
11,localize,频道1,10,36,0.213529,7.89274,8.59194
11,localize,频道1,10,41,0.213529,9.92546,11.389
11,localize,频道1,10,46,0.213395,8.32735,9.13482
11,localize,频道1,10,51,0.213395,5.92902,6.32292
11,localize,频道1,10,56,0.213395,6.99161,7.97312
11,localize,频道1,10,61,0.213395,6.08474,7.81537
11,localize,频道1,10,66,0.213395,6.60119,5.74062
11,localize,频道1,10,71,0.213395,4.70986,6.5125
11,localize,频道1,10,76,0.213387,4.34973,5.3741
11,localize,频道1,10,81,0.213387,3.93753,4.17229
11,localize,频道1,10,86,0.213387,4.5728,4.56287
11,localize,频道1,10,91,0.213358,4.04454,5.05711
11,localize,频道1,10,96,0.213358,3.94881,3.8886
11,localize,频道1,10,101,0.213358,4.21995,4.66762
11,localize,频道1,10,106,0.213358,3.85248,4.39311
11,localize,频道1,10,111,0.213358,4.04518,4.16358
11,localize,频道1,10,116,0.213358,3.20709,3.93446
11,localize,频道1,10,121,0.213355,2.01288,2.26574
11,localize,频道1,10,126,0.213355,2.28069,2.33469
11,localize,频道1,10,131,0.213355,1.95593,2.08844
11,localize,频道1,10,136,0.213355,1.71823,2.01659
11,localize,频道1,10,141,0.213355,1.39005,1.42891
11,localize,频道1,10,146,0.213351,1.04956,1.38791
11,localize,频道1,10,150,0.213349,1.04524,0.991373
11,localize,频道2,10,0,0.0456623,111.809,59.1586
11,localize,频道2,10,1,0.0456623,51.8799,36.3686
11,localize,频道2,10,6,0.0456623,7.34491,7.16003
11,localize,频道2,10,11,0.0456623,7.12276,9.68462
11,localize,频道2,10,16,0.0333026,5.25725,6.83458
11,localize,频道2,10,21,0.0326339,6.28916,5.46712
11,localize,频道2,10,26,0.0326339,4.71181,6.1544
11,localize,频道2,10,31,0.0326339,4.95111,5.92745
11,localize,频道2,10,36,0.0326084,5.98278,6.52529
11,localize,频道2,10,41,0.0326024,6.3705,8.37998
11,localize,频道2,10,46,0.0326024,5.38635,6.34877
11,localize,频道2,10,51,0.0326024,3.62941,4.14567
11,localize,频道2,10,56,0.0326024,4.5723,5.24251
11,localize,频道2,10,61,0.0326024,3.97299,4.70657
11,localize,频道2,10,66,0.0326024,4.73077,4.43371
11,localize,频道2,10,71,0.0326024,3.05874,3.9491
11,localize,频道2,10,76,0.0326024,2.95439,3.29748
11,localize,频道2,10,81,0.0326024,2.81271,2.56352
11,localize,频道2,10,86,0.0326024,3.00306,3.45444
11,localize,频道2,10,91,0.0326024,2.97226,3.32173
11,localize,频道2,10,96,0.0326024,2.66414,2.48224
11,localize,频道2,10,101,0.0326024,2.57298,2.91438
11,localize,频道2,10,106,0.0326024,2.55094,2.79381
11,localize,频道2,10,111,0.0326024,2.60234,2.6607
11,localize,频道2,10,116,0.0326024,2.1667,2.44093
11,localize,频道2,10,121,0.0326024,1.44181,1.48966
11,localize,频道2,10,126,0.0326024,1.6691,1.78595
11,localize,频道2,10,131,0.0326024,1.08908,1.24905
11,localize,频道2,10,136,0.0326024,1.18954,1.35401
11,localize,频道2,10,141,0.0325996,0.884516,0.890566
11,localize,频道2,10,146,0.0325996,0.637002,0.921151
11,localize,频道2,10,150,0.0325992,0.689435,0.778559
11,localize,频道3,10,0,0,144.49,56.8699
11,localize,频道3,10,1,0,96.7663,41.999
11,localize,频道5,10,0,0.485876,112.099,45.4983
11,localize,频道5,10,1,0.485876,65.5369,37.4057
11,localize,频道5,10,6,0.485876,15.9501,12.2447
11,localize,频道5,10,11,0.485876,16.8754,17.8222
11,localize,频道5,10,16,0.439294,16.5232,18.1674
11,localize,频道5,10,21,0.428064,19.5741,18.7245
11,localize,频道5,10,26,0.428064,14.926,16.4671
11,localize,频道5,10,31,0.428064,17.6002,20.9467
11,localize,频道5,10,36,0.428064,20.8098,22.8338
11,localize,频道5,10,41,0.428064,19.8248,22.1657
11,localize,频道5,10,46,0.428064,19.8342,24.0241
11,localize,频道5,10,51,0.426555,14.0956,16.7182
11,localize,频道5,10,56,0.426555,17.3094,20.6843
11,localize,频道5,10,61,0.426083,15.7931,17.8059
11,localize,频道5,10,66,0.425088,18.3745,19.4287
11,localize,频道5,10,71,0.425088,12.2953,14.4714
11,localize,频道5,10,76,0.425088,12.4654,14.2759
11,localize,频道5,10,81,0.425088,11.4237,11.9715
11,localize,频道5,10,86,0.425088,11.8871,13.1925
11,localize,频道5,10,91,0.425088,13.1681,15.6336
11,localize,频道5,10,96,0.425088,11.7758,16.116
11,localize,频道5,10,101,0.425088,13.5615,17.727
11,localize,频道5,10,106,0.425088,10.5097,12.8913
11,localize,频道5,10,111,0.424519,11.1074,11.0729
11,localize,频道5,10,116,0.424519,9.52568,11.456
11,localize,频道5,10,121,0.424519,7.2748,8.41507
11,localize,频道5,10,126,0.424519,8.44511,11.88
11,localize,频道5,10,131,0.424519,5.77941,7.28196
11,localize,频道5,10,136,0.424519,5.86232,9.07943
11,localize,频道5,10,141,0.424519,4.11008,4.59764
11,localize,频道5,10,146,0.424519,2.96906,4.00478
11,localize,频道5,10,150,0.424519,3.16227,3.47432
11,localize,频道7,10,0,0.276711,107.294,54.1282
11,localize,频道7,10,1,0.276711,55.8691,35.0146
11,localize,频道7,10,6,0.276711,10.1617,10.6082
11,localize,频道7,10,11,0.238352,11.0379,13.7218
11,localize,频道7,10,16,0.232322,8.11849,9.89342
11,localize,频道7,10,21,0.232322,9.42067,8.27481
11,localize,频道7,10,26,0.232322,7.73796,8.78427
11,localize,频道7,10,31,0.231825,7.42461,8.92593
11,localize,频道7,10,36,0.231825,8.29292,8.8636
11,localize,频道7,10,41,0.231823,10.2188,11.5515
11,localize,频道7,10,46,0.231823,7.69892,8.39146
11,localize,频道7,10,51,0.231823,6.08435,6.94992
11,localize,频道7,10,56,0.231823,6.80622,7.69506
11,localize,频道7,10,61,0.231818,6.40568,7.56846
11,localize,频道7,10,66,0.231818,7.24471,6.58218
11,localize,频道7,10,71,0.231818,4.92633,6.69766
11,localize,频道7,10,76,0.231818,4.26435,4.38425
11,localize,频道7,10,81,0.231818,4.30525,4.55887
11,localize,频道7,10,86,0.231818,4.62583,4.65056
11,localize,频道7,10,91,0.231818,4.26462,5.0698
11,localize,频道7,10,96,0.231818,4.05599,3.96035
11,localize,频道7,10,101,0.231818,4.0763,4.74531
11,localize,频道7,10,106,0.231818,4.03595,4.51641
11,localize,频道7,10,111,0.231818,4.51622,5.16869
11,localize,频道7,10,116,0.231818,3.22709,3.98316
11,localize,频道7,10,121,0.231818,2.03764,2.30091
11,localize,频道7,10,126,0.231818,2.35415,2.32089
11,localize,频道7,10,131,0.231818,1.89032,1.95749
11,localize,频道7,10,136,0.231818,1.711,1.78736
11,localize,频道7,10,141,0.231818,1.38412,1.37074
11,localize,频道7,10,146,0.231818,1.10025,1.4578
11,localize,频道7,10,150,0.231818,1.08394,1.08115
11,localize,频道8,10,0,0.549587,111.853,59.0451
11,localize,频道8,10,1,0.549587,57.4726,38.3114
11,localize,频道8,10,6,0.429392,8.04296,8.38276
11,localize,频道8,10,11,0.389164,7.63524,9.73526
11,localize,频道8,10,16,0.388528,5.6816,7.37154
11,localize,频道8,10,21,0.38754,7.03446,6.05994
11,localize,频道8,10,26,0.38754,5.93552,6.58509
11,localize,频道8,10,31,0.38754,5.97533,6.78004
11,localize,频道8,10,36,0.38754,6.58914,7.53521
11,localize,频道8,10,41,0.387347,6.83278,7.90861
11,localize,频道8,10,46,0.387346,5.92801,6.57624
11,localize,频道8,10,51,0.387346,4.1772,4.67367
11,localize,频道8,10,56,0.387334,5.10265,6.34865
11,localize,频道8,10,61,0.387334,4.40789,5.00212
11,localize,频道8,10,66,0.387334,5.26522,5.34522
11,localize,频道8,10,71,0.38733,3.62902,4.6297
11,localize,频道8,10,76,0.38733,3.47561,3.97094
11,localize,频道8,10,81,0.38733,3.19694,3.11694
11,localize,频道8,10,86,0.38733,3.72088,3.83313
11,localize,频道8,10,91,0.38733,3.54417,4.04127
11,localize,频道8,10,96,0.38733,3.069,2.77116
11,localize,频道8,10,101,0.38733,3.25243,3.56087
11,localize,频道8,10,106,0.38733,2.90701,3.14568
11,localize,频道8,10,111,0.387328,3.18049,3.14604
11,localize,频道8,10,116,0.387328,2.56345,2.88627
11,localize,频道8,10,121,0.387328,1.8011,1.66003
11,localize,频道8,10,126,0.387328,1.96322,1.87231
11,localize,频道8,10,131,0.387328,1.42456,1.38206
11,localize,频道8,10,136,0.387328,1.44103,1.40275
11,localize,频道8,10,141,0.387328,1.1166,0.897442
11,localize,频道8,10,146,0.387328,0.946282,1.0278
11,localize,频道8,10,150,0.387328,0.993583,0.906561
11,localize,频道10,10,0,0.250705,98.4665,51.4699
11,localize,频道10,10,1,0.250705,50.8052,33.5417
11,localize,频道10,10,6,0.250705,9.0791,10.6721
11,localize,频道10,10,11,0.235147,9.62738,12.266
11,localize,频道10,10,16,0.224435,7.1425,9.03003
11,localize,频道10,10,21,0.224209,7.88259,7.32788
11,localize,频道10,10,26,0.223505,6.83912,7.83504
11,localize,频道10,10,31,0.223446,6.82354,8.24882
11,localize,频道10,10,36,0.223446,6.98715,7.70057
11,localize,频道10,10,41,0.223446,8.71606,9.41943
11,localize,频道10,10,46,0.223446,6.42384,6.90763
11,localize,频道10,10,51,0.223446,4.93312,5.17044
11,localize,频道10,10,56,0.223446,6.53277,7.9287
11,localize,频道10,10,61,0.22339,5.38931,6.45762
11,localize,频道10,10,66,0.22339,5.47854,5.45697
11,localize,频道10,10,71,0.22339,4.22094,5.37582
11,localize,频道10,10,76,0.22339,3.86186,4.53872
11,localize,频道10,10,81,0.223381,3.48502,3.74359
11,localize,频道10,10,86,0.223381,4.14923,4.2622
11,localize,频道10,10,91,0.223381,3.84375,4.30076
11,localize,频道10,10,96,0.223381,3.5248,3.284
11,localize,频道10,10,101,0.223381,3.58814,3.96659
11,localize,频道10,10,106,0.223381,3.36557,3.88776
11,localize,频道10,10,111,0.223381,3.73021,3.98305
11,localize,频道10,10,116,0.223381,2.86459,3.51951
11,localize,频道10,10,121,0.223381,1.90422,2.09232
11,localize,频道10,10,126,0.223381,1.8799,1.89608
11,localize,频道10,10,131,0.223381,1.47568,1.76146
11,localize,频道10,10,136,0.22338,1.49836,1.64566
11,localize,频道10,10,141,0.22338,1.24679,1.20088
11,localize,频道10,10,146,0.22338,0.96302,1.24312
11,localize,频道10,10,150,0.22338,0.88104,0.838805
11,localize,频道11,10,0,0.100443,109.303,47.1077
11,localize,频道11,10,1,0.100443,71.3917,33.1649
11,localize,频道11,10,6,0.100443,14.2,14.5253
11,localize,频道11,10,11,0.100443,16.7138,22.4202
11,localize,频道11,10,16,0.0977421,11.287,13.9821
11,localize,频道11,10,21,0.0825184,12.4874,12.0649
11,localize,频道11,10,26,0.0825184,10.5174,11.0739
11,localize,频道11,10,31,0.0825184,10.7983,13.594
11,localize,频道11,10,36,0.0825184,10.3513,11.8921
11,localize,频道11,10,41,0.0817485,12.5075,13.5454
11,localize,频道11,10,46,0.081653,9.85582,10.7232
11,localize,频道11,10,51,0.081653,8.07513,9.53756
11,localize,频道11,10,56,0.081653,9.64646,11.4578
11,localize,频道11,10,61,0.081653,8.46965,10.2724
11,localize,频道11,10,66,0.081653,9.62286,12.7755
11,localize,频道11,10,71,0.081653,6.52477,8.49248
11,localize,频道11,10,76,0.081653,5.50131,5.89624
11,localize,频道11,10,81,0.081653,5.21238,5.83041
11,localize,频道11,10,86,0.081653,6.65743,8.45439
11,localize,频道11,10,91,0.081653,5.79601,6.76138
11,localize,频道11,10,96,0.081653,5.52777,5.48333
11,localize,频道11,10,101,0.0816527,5.83819,7.09819
11,localize,频道11,10,106,0.0816385,5.30845,6.13891
11,localize,频道11,10,111,0.0816357,5.94599,6.35773
11,localize,频道11,10,116,0.0816357,4.65006,5.98981
11,localize,频道11,10,121,0.0816357,2.65753,3.21424
11,localize,频道11,10,126,0.0816357,2.86749,3.04034
11,localize,频道11,10,131,0.0816357,2.51723,3.15059
11,localize,频道11,10,136,0.0816357,2.2281,2.55838
11,localize,频道11,10,141,0.0816357,1.86032,2.09054
11,localize,频道11,10,146,0.0816357,1.41022,2.0591
11,localize,频道11,10,150,0.0816357,1.36196,1.53429
11,localize,频道13,10,0,0.16952,100.705,49.0241
11,localize,频道13,10,1,0.16952,49.1417,28.8784
11,localize,频道13,10,6,0.16952,11.4016,13.0137
11,localize,频道13,10,11,0.16952,14.3524,22.3713
11,localize,频道13,10,16,0.139065,9.33158,17.2247
11,localize,频道13,10,21,0.13662,9.30335,9.77268
11,localize,频道13,10,26,0.13662,7.82194,8.57701
11,localize,频道13,10,31,0.136615,9.4831,17.0592
11,localize,频道13,10,36,0.136542,8.84132,13.7616
11,localize,频道13,10,41,0.136542,9.04768,9.89101
11,localize,频道13,10,46,0.136542,7.86763,8.46079
11,localize,频道13,10,51,0.136542,6.92083,12.6176
11,localize,频道13,10,56,0.136542,7.23861,8.9653
11,localize,频道13,10,61,0.136542,7.26263,12.6959
11,localize,频道13,10,66,0.136542,8.17125,8.29841
11,localize,频道13,10,71,0.136542,4.40564,5.81422
11,localize,频道13,10,76,0.136542,4.15622,4.77786
11,localize,频道13,10,81,0.136542,3.85249,4.68648
11,localize,频道13,10,86,0.136542,5.07178,6.15327
11,localize,频道13,10,91,0.136542,4.02019,4.79109
11,localize,频道13,10,96,0.136542,4.00991,4.29718
11,localize,频道13,10,101,0.136542,4.41697,4.63986
11,localize,频道13,10,106,0.136542,3.75681,4.96535
11,localize,频道13,10,111,0.136541,3.87598,3.98508
11,localize,频道13,10,116,0.136541,3.06017,4.07849
11,localize,频道13,10,121,0.136538,2.00624,2.68838
11,localize,频道13,10,126,0.136538,2.34993,2.87006
11,localize,频道13,10,131,0.136538,2.03639,2.76737
11,localize,频道13,10,136,0.136537,1.88841,2.51096
11,localize,频道13,10,141,0.136537,1.53038,1.84873
11,localize,频道13,10,146,0.136537,1.08925,1.53248
11,localize,频道13,10,150,0.136537,1.09166,1.175
11,localize,频道14,10,0,0.574302,122.638,62.7506
11,localize,频道14,10,1,0.574302,58.3918,44.3914
11,localize,频道14,10,6,0.467294,7.2422,7.87531
11,localize,频道14,10,11,0.421241,7.3774,9.7973
11,localize,频道14,10,16,0.421092,5.6699,7.61821
11,localize,频道14,10,21,0.421075,6.78539,5.93978
11,localize,频道14,10,26,0.421066,5.67811,6.61326
11,localize,频道14,10,31,0.421066,5.85769,6.8799
11,localize,频道14,10,36,0.421066,6.70561,7.24275
11,localize,频道14,10,41,0.421066,6.97046,7.6137
11,localize,频道14,10,46,0.421066,5.74426,6.57561
11,localize,频道14,10,51,0.421059,3.90823,4.53715
11,localize,频道14,10,56,0.421059,5.12774,6.24946
11,localize,频道14,10,61,0.421059,4.16368,5.15508
11,localize,频道14,10,66,0.421059,4.93065,4.99481
11,localize,频道14,10,71,0.421059,3.39477,4.46164
11,localize,频道14,10,76,0.421057,3.4156,3.84876
11,localize,频道14,10,81,0.421052,2.85728,2.59582
11,localize,频道14,10,86,0.421052,3.30734,3.61134
11,localize,频道14,10,91,0.421052,3.2795,3.70368
11,localize,频道14,10,96,0.421052,2.91147,2.71873
11,localize,频道14,10,101,0.421052,3.11967,3.50541
11,localize,频道14,10,106,0.421052,2.84024,2.98069
11,localize,频道14,10,111,0.421052,3.0021,3.26703
11,localize,频道14,10,116,0.421052,2.50761,2.73439
11,localize,频道14,10,121,0.421046,1.6442,1.48094
11,localize,频道14,10,126,0.421046,1.89315,1.79475
11,localize,频道14,10,131,0.421046,1.39124,1.28432
11,localize,频道14,10,136,0.421046,1.40354,1.29413
11,localize,频道14,10,141,0.421046,1.09055,0.786131
11,localize,频道14,10,146,0.421046,0.898019,0.900779
11,localize,频道14,10,150,0.421046,0.897787,0.807726
11,localize,频道15,10,0,0.194934,108.707,57.075
11,localize,频道15,10,1,0.194934,50.9444,34.6494
11,localize,频道15,10,6,0.176535,7.98052,8.3127
11,localize,频道15,10,11,0.162258,8.06889,9.9211
11,localize,频道15,10,16,0.149413,6.25908,7.39331
11,localize,频道15,10,21,0.148071,7.1971,5.98465
11,localize,频道15,10,26,0.148071,6.22195,6.90863
11,localize,频道15,10,31,0.148071,5.91324,6.5691
11,localize,频道15,10,36,0.147869,6.86191,7.26833
11,localize,频道15,10,41,0.147869,7.66454,8.40925
11,localize,频道15,10,46,0.147869,6.75314,7.76548
11,localize,频道15,10,51,0.147543,4.34917,4.48291
11,localize,频道15,10,56,0.147543,5.70702,6.16392
11,localize,频道15,10,61,0.147543,4.68361,5.07536
11,localize,频道15,10,66,0.147543,5.69254,5.03111
11,localize,频道15,10,71,0.147543,3.94487,4.6417
11,localize,频道15,10,76,0.14739,3.42656,3.8433
11,localize,频道15,10,81,0.147372,3.30118,3.22444
11,localize,频道15,10,86,0.147372,3.5953,3.6309
11,localize,频道15,10,91,0.147339,3.35565,3.83167
11,localize,频道15,10,96,0.147339,2.96492,2.77244
11,localize,频道15,10,101,0.147339,3.26993,3.47715
11,localize,频道15,10,106,0.147339,2.89215,3.18506
11,localize,频道15,10,111,0.147299,3.0481,2.9584
11,localize,频道15,10,116,0.147299,2.52549,2.96371
11,localize,频道15,10,121,0.147299,1.66701,1.77874
11,localize,频道15,10,126,0.147299,1.91645,1.98635
11,localize,频道15,10,131,0.147299,1.41103,1.5929
11,localize,频道15,10,136,0.147297,1.34118,1.38818
11,localize,频道15,10,141,0.147295,1.07791,1.04908
11,localize,频道15,10,146,0.147295,0.828635,1.05514
11,localize,频道15,10,150,0.147295,0.826199,0.833164
11,localize,频道16,10,0,0.159135,124.051,58.8815
11,localize,频道16,10,1,0.159135,70.6217,40.72
11,localize,频道16,10,6,0.159135,8.77415,10.0664
11,localize,频道16,10,11,0.152367,9.33398,13.362
11,localize,频道16,10,16,0.151248,6.98791,9.79941
11,localize,频道16,10,21,0.150585,8.75375,11.3827
11,localize,频道16,10,26,0.150051,8.29011,15.5327
11,localize,频道16,10,31,0.150051,7.70305,13.2096
11,localize,频道16,10,36,0.150051,8.86772,12.4887
11,localize,频道16,10,41,0.150032,8.0949,10.2765
11,localize,频道16,10,46,0.150027,6.86183,9.15594
11,localize,频道16,10,51,0.150027,4.14342,6.14835
11,localize,频道16,10,56,0.150027,6.06802,8.30986
11,localize,频道16,10,61,0.150027,4.65402,6.48447
11,localize,频道16,10,66,0.150027,5.40465,6.78649
11,localize,频道16,10,71,0.150027,3.61058,5.50655
11,localize,频道16,10,76,0.150027,3.77063,4.75429
11,localize,频道16,10,81,0.150027,3.60887,4.04798
11,localize,频道16,10,86,0.150027,3.49465,4.77891
11,localize,频道16,10,91,0.150027,3.70408,4.83401
11,localize,频道16,10,96,0.150027,3.34835,3.82295
11,localize,频道16,10,101,0.150027,3.9405,5.4258
11,localize,频道16,10,106,0.150027,3.33299,4.64095
11,localize,频道16,10,111,0.150027,3.57007,4.83077
11,localize,频道16,10,116,0.150027,2.80937,3.84076
11,localize,频道16,10,121,0.150027,1.92044,2.303
11,localize,频道16,10,126,0.150027,2.33365,2.78534
11,localize,频道16,10,131,0.150027,1.37135,1.9216
11,localize,频道16,10,136,0.150027,1.57915,2.14808
11,localize,频道16,10,141,0.150027,1.02351,1.14237
11,localize,频道16,10,146,0.150027,0.890595,1.45648
11,localize,频道16,10,150,0.150027,0.927682,1.33157
11,localize,频道17,10,0,0.188346,109.973,47.3043
11,localize,频道17,10,1,0.188346,63.5048,37.2839
11,localize,频道17,10,6,0.188346,8.76699,9.32625
11,localize,频道17,10,11,0.153759,8.3889,10.0601
11,localize,频道17,10,16,0.150482,6.11979,7.8936
11,localize,频道17,10,21,0.148678,7.33064,6.36905
11,localize,频道17,10,26,0.148678,7.04091,8.4573
11,localize,频道17,10,31,0.148678,6.95287,8.38823
11,localize,频道17,10,36,0.148678,7.13878,8.18874
11,localize,频道17,10,41,0.148678,8.37066,8.635
11,localize,频道17,10,46,0.148678,6.84791,8.14101
11,localize,频道17,10,51,0.148678,4.63722,5.04424
11,localize,频道17,10,56,0.148678,5.82546,7.27747
11,localize,频道17,10,61,0.148677,4.977,5.47057
11,localize,频道17,10,66,0.148677,5.46716,5.36687
11,localize,频道17,10,71,0.148677,3.83488,4.66832
11,localize,频道17,10,76,0.148677,3.49856,4.07384
11,localize,频道17,10,81,0.148677,3.35376,3.26401
11,localize,频道17,10,86,0.148677,3.61147,3.7897
11,localize,频道17,10,91,0.148677,3.62821,4.05482
11,localize,频道17,10,96,0.148677,3.16053,3.01071
11,localize,频道17,10,101,0.148677,3.22466,3.48056
11,localize,频道17,10,106,0.148677,3.29868,3.66305
11,localize,频道17,10,111,0.148677,3.20559,2.97189
11,localize,频道17,10,116,0.148676,2.53678,2.90758
11,localize,频道17,10,121,0.148676,1.77946,1.90017
11,localize,频道17,10,126,0.148676,2.02964,2.17054
11,localize,频道17,10,131,0.148676,1.4297,1.64175
11,localize,频道17,10,136,0.148676,1.46956,1.56207
11,localize,频道17,10,141,0.148676,1.14091,1.10547
11,localize,频道17,10,146,0.148676,0.855511,1.0717
11,localize,频道17,10,150,0.148676,0.849401,0.858976
11,localize,频道19,10,0,0,130.477,56.2121
11,localize,频道19,10,1,0,71.8624,43.8883
11,route,清除顺序,2052998038,0,8660.03,17833,1799.92
11,route,清除顺序,2052998038,1,8660.03,16869,1637.28
11,route,清除顺序,2052998038,6,8660.03,14804.5,1917.82
11,route,清除顺序,2052998038,11,8660.03,12218.4,1877.86
11,route,清除顺序,2052998038,16,8660.03,12353.4,1792.68
11,route,清除顺序,2052998038,21,8582.7,11026.7,1550.62
11,route,清除顺序,2052998038,26,8582.7,11097.7,1756.62
11,route,清除顺序,2052998038,31,8582.7,12195.6,1688.27
11,route,清除顺序,2052998038,36,8582.7,12537,2102.25
11,route,清除顺序,2052998038,41,8582.7,10880.4,1727.84
11,route,清除顺序,2052998038,46,8565.33,10900.6,1516.25
11,route,清除顺序,2052998038,51,8118.32,10635.9,1571.16
11,route,清除顺序,2052998038,56,8118.32,9943.01,1651.22
11,route,清除顺序,2052998038,61,8118.32,10391.2,1659.91
11,route,清除顺序,2052998038,66,8118.32,10113.4,1713.73
11,route,清除顺序,2052998038,71,8118.32,9503.2,1581.67
11,route,清除顺序,2052998038,76,8118.32,9590.39,1633.02
11,route,清除顺序,2052998038,81,8118.32,10158.5,1745.37
11,route,清除顺序,2052998038,86,8118.32,9828.61,1844.48
11,route,清除顺序,2052998038,91,8118.32,9744.11,1598.02
11,route,清除顺序,2052998038,96,8118.32,9666.07,1870.61
11,route,清除顺序,2052998038,101,8118.32,9713.89,1531.65
11,route,清除顺序,2052998038,106,8118.32,9447.89,1460.79
11,route,清除顺序,2052998038,111,8118.32,9719.9,1611.88
11,route,清除顺序,2052998038,116,8118.32,9490.22,1746.7
11,route,清除顺序,2052998038,121,8118.32,9289.85,1486.19
11,route,清除顺序,2052998038,126,8118.32,9223.8,1349.97
11,route,清除顺序,2052998038,131,8118.32,9258.46,1342.97
11,route,清除顺序,2052998038,136,8118.32,9373.91,1652.97
11,route,清除顺序,2052998038,141,8118.32,9392.4,1598.39
11,route,清除顺序,2052998038,146,8118.32,9411.69,1624.44
11,route,清除顺序,2052998038,151,8118.32,9435.42,1646.56
11,route,清除顺序,2052998038,156,8118.32,9598.05,1693.24
11,route,清除顺序,2052998038,161,8118.32,9098.61,1315.71
11,route,清除顺序,2052998038,166,8118.32,9103.17,1519.92
11,route,清除顺序,2052998038,171,8118.32,8983.06,1246.22
11,route,清除顺序,2052998038,176,8118.32,9211.44,1539.89
11,route,清除顺序,2052998038,181,8118.32,9301.67,1673.68
11,route,清除顺序,2052998038,186,8118.32,9421.27,1567.72
11,route,清除顺序,2052998038,191,8118.32,9158.5,1431.34
11,route,清除顺序,2052998038,196,8118.32,9080.57,1509.54
11,route,清除顺序,2052998038,201,8118.32,9393.32,1577.92
11,route,清除顺序,2052998038,206,8118.32,9330.5,1726.4
11,route,清除顺序,2052998038,211,8118.32,9157.37,1364.63
11,route,清除顺序,2052998038,216,8118.32,9164.91,1494.46
11,route,清除顺序,2052998038,221,8118.32,9207.15,1626.23
11,route,清除顺序,2052998038,226,8118.32,9289.26,1611.98
11,route,清除顺序,2052998038,231,8118.32,9195.94,1468.41
11,route,清除顺序,2052998038,236,8118.32,8918.56,1263.34
11,route,清除顺序,2052998038,241,8118.32,9061.92,1443.29
11,route,清除顺序,2052998038,246,8118.32,9080.3,1523.7
11,route,清除顺序,2052998038,251,8118.32,9269.28,1500.43
11,route,清除顺序,2052998038,256,8118.32,9107.92,1236.81
11,route,清除顺序,2052998038,261,8118.32,9136.2,1644.43
11,route,清除顺序,2052998038,266,8118.32,9069.69,1384.45
11,route,清除顺序,2052998038,271,8118.32,8921.43,1458.82
11,route,清除顺序,2052998038,276,8118.32,8913.53,1346.78
11,route,清除顺序,2052998038,281,8118.32,8428.07,608.801
11,route,清除顺序,2052998038,286,8118.32,8975.96,1419.8
11,route,清除顺序,2052998038,291,8118.32,8679.46,1101.17
11,route,清除顺序,2052998038,296,8118.32,8978.97,1479.55
11,route,清除顺序,2052998038,300,8118.32,8935.52,1283.27
12,route,覆盖路点巡回,287335975,0,8144.77,13353.3,1511.75
12,route,覆盖路点巡回,287335975,1,8144.77,12555.5,1574.21
12,route,覆盖路点巡回,287335975,6,8144.77,11886,1511.55
12,route,覆盖路点巡回,287335975,11,8124.55,11511.9,1530.63
12,route,覆盖路点巡回,287335975,16,8124.55,11497.6,1435.97
12,route,覆盖路点巡回,287335975,21,8124.55,11889,1770.99
12,route,覆盖路点巡回,287335975,26,8124.55,11019.7,1378.12
12,route,覆盖路点巡回,287335975,31,8124.55,10386.2,1685.47
12,route,覆盖路点巡回,287335975,36,8116.69,10012.4,1772.45
12,route,覆盖路点巡回,287335975,41,8116.69,10713.3,1663.41
12,route,覆盖路点巡回,287335975,46,8116.69,10497.6,1557.99
12,route,覆盖路点巡回,287335975,51,8116.69,10664.5,1668.71
12,route,覆盖路点巡回,287335975,56,8116.69,10555.4,1794.51
12,route,覆盖路点巡回,287335975,61,8116.69,9822.8,1602.38
12,route,覆盖路点巡回,287335975,66,8116.69,10105.2,1788.78
12,route,覆盖路点巡回,287335975,71,8116.69,9887.12,1582.22
12,route,覆盖路点巡回,287335975,76,8116.69,9550.28,1545.68
12,route,覆盖路点巡回,287335975,81,8116.69,9711.93,1599.44
12,route,覆盖路点巡回,287335975,86,8116.69,9360.07,1588.58
12,route,覆盖路点巡回,287335975,91,8116.69,9830.46,1712.1
12,route,覆盖路点巡回,287335975,96,8116.69,9866.8,1626.78
12,route,覆盖路点巡回,287335975,101,8116.69,9187.66,1423.25
12,route,覆盖路点巡回,287335975,106,8116.69,9486.8,1474.81
12,route,覆盖路点巡回,287335975,111,8116.69,9870.15,1906.12
12,route,覆盖路点巡回,287335975,116,8116.69,9746.75,1685.02
12,route,覆盖路点巡回,287335975,121,8116.69,9685.13,1604.08
12,route,覆盖路点巡回,287335975,126,8116.69,9400.44,1504.26
12,route,覆盖路点巡回,287335975,131,8116.69,9604.78,1717.97
12,route,覆盖路点巡回,287335975,136,8116.69,9378.49,1525.12
12,route,覆盖路点巡回,287335975,141,8116.69,9654.27,1691.52
12,route,覆盖路点巡回,287335975,146,8116.69,9345.03,1487.36
12,route,覆盖路点巡回,287335975,151,8116.69,9521.57,1589.86
12,route,覆盖路点巡回,287335975,156,8116.69,9686.04,1545.36
12,route,覆盖路点巡回,287335975,161,8116.69,9159.5,1429.3
12,route,覆盖路点巡回,287335975,166,8116.69,9195.83,1620.34
12,route,覆盖路点巡回,287335975,171,8116.69,9285.11,1492.15
12,route,覆盖路点巡回,287335975,176,8116.69,9239.28,1434.71
12,route,覆盖路点巡回,287335975,181,8116.69,9395.51,1596.16
12,route,覆盖路点巡回,287335975,186,8116.69,9271.7,1480.01
12,route,覆盖路点巡回,287335975,191,8116.69,9469.51,1595.43
12,route,覆盖路点巡回,287335975,196,8116.69,9126.63,1413.93
12,route,覆盖路点巡回,287335975,201,8116.69,9112.3,1403.89
12,route,覆盖路点巡回,287335975,206,8116.69,9257.1,1509.15
12,route,覆盖路点巡回,287335975,211,8116.69,9152.11,1429.77
12,route,覆盖路点巡回,287335975,216,8116.69,9198.78,1552.86
12,route,覆盖路点巡回,287335975,221,8116.69,9004.37,1334.16
12,route,覆盖路点巡回,287335975,226,8116.69,9101.94,1325.2
12,route,覆盖路点巡回,287335975,231,8116.69,9162,1401.69
12,route,覆盖路点巡回,287335975,236,8116.69,8695.79,1178.6
12,route,覆盖路点巡回,287335975,241,8116.69,8940.63,1299.1
12,route,覆盖路点巡回,287335975,246,8116.69,8996.18,1305.16
12,route,覆盖路点巡回,287335975,251,8116.69,9159.07,1478.86
12,route,覆盖路点巡回,287335975,256,8116.69,8982.54,1285.59
12,route,覆盖路点巡回,287335975,261,8116.69,8997.99,1316.17
12,route,覆盖路点巡回,287335975,266,8116.69,9065.05,1563.94
12,route,覆盖路点巡回,287335975,271,8116.69,8849.4,1200.93
12,route,覆盖路点巡回,287335975,276,8116.69,8757.79,1209.6
12,route,覆盖路点巡回,287335975,281,8116.69,9056.72,1340.68
12,route,覆盖路点巡回,287335975,286,8116.69,8966.43,1456.69
12,route,覆盖路点巡回,287335975,291,8116.69,9142.96,1487.44
12,route,覆盖路点巡回,287335975,296,8116.69,8706.8,1051.69
12,route,覆盖路点巡回,287335975,300,8116.69,9050.13,1380.52
12,localize,频道2,11,0,0,150.305,56.2024
12,localize,频道2,11,1,0,96.9821,53.1275
12,localize,频道3,11,0,0.385681,138.046,65.9502
12,localize,频道3,11,1,0.385681,73.0572,40.3348
12,localize,频道3,11,6,0.385681,18.3002,21.913
12,localize,频道3,11,11,0.385408,17.2582,23.0714
12,localize,频道3,11,16,0.368304,15.4411,23.4592
12,localize,频道3,11,21,0.367532,15.8799,23.724
12,localize,频道3,11,26,0.367532,16.3792,23.8595
12,localize,频道3,11,31,0.367532,21.1431,26.9049
12,localize,频道3,11,36,0.367532,11.8791,19.2996
12,localize,频道3,11,41,0.367532,15.6978,21.6231
12,localize,频道3,11,46,0.367524,12.5511,19.7949
12,localize,频道3,11,51,0.367521,12.0798,15.7544
12,localize,频道3,11,56,0.367513,14.7862,19.1342
12,localize,频道3,11,61,0.367513,10.9255,15.4988
12,localize,频道3,11,66,0.367513,8.32291,11.828
12,localize,频道3,11,71,0.367513,8.76643,13.9971
12,localize,频道3,11,76,0.367513,8.51696,11.2088
12,localize,频道3,11,81,0.367513,8.96865,13.0133
12,localize,频道3,11,86,0.367513,12.9741,20.571
12,localize,频道3,11,91,0.367513,8.30744,14.4996
12,localize,频道3,11,96,0.367513,6.0184,9.72086
12,localize,频道3,11,101,0.367513,6.76972,8.77325
12,localize,频道3,11,106,0.367513,6.80989,13.8282
12,localize,频道3,11,111,0.367512,6.54579,9.52678
12,localize,频道3,11,116,0.367512,4.94204,6.33715
12,localize,频道3,11,121,0.367512,5.18366,7.59722
12,localize,频道3,11,126,0.367511,4.08957,5.9844
12,localize,频道3,11,131,0.367511,3.99251,5.57209
12,localize,频道3,11,136,0.367511,3.52669,4.9572
12,localize,频道3,11,141,0.367511,2.62506,3.30496
12,localize,频道3,11,146,0.367511,2.20255,2.62929
12,localize,频道3,11,150,0.367511,1.88551,2.14593
12,localize,频道7,11,0,0.0573606,113.425,57.9984
12,localize,频道7,11,1,0.0573606,59.1958,45.2836
12,localize,频道7,11,6,0.0573606,8.46936,8.01944
12,localize,频道7,11,11,0.0573606,7.68146,8.36212
12,localize,频道7,11,16,0.0541092,7.13254,9.79746
12,localize,频道7,11,21,0.0452663,5.06981,5.87821
12,localize,频道7,11,26,0.0452663,6.475,7.3245
12,localize,频道7,11,31,0.0452663,7.35581,6.33687
12,localize,频道7,11,36,0.0450013,5.26968,7.37347
12,localize,频道7,11,41,0.0446683,5.56212,5.51838
12,localize,频道7,11,46,0.0445301,5.55691,6.47478
12,localize,频道7,11,51,0.0445055,5.94007,7.08992
12,localize,频道7,11,56,0.0445055,5.94035,5.96558
12,localize,频道7,11,61,0.0445055,5.17925,6.12276
12,localize,频道7,11,66,0.0445055,3.31521,3.5255
12,localize,频道7,11,71,0.0444715,4.14584,4.70608
12,localize,频道7,11,76,0.0444715,3.64714,4.06216
12,localize,频道7,11,81,0.0444715,4.00955,4.32467
12,localize,频道7,11,86,0.0444715,4.39785,4.79399
12,localize,频道7,11,91,0.0444715,3.3915,3.6372
12,localize,频道7,11,96,0.0444715,2.74363,3.08778
12,localize,频道7,11,101,0.0444715,3.31003,3.31937
12,localize,频道7,11,106,0.0444715,2.39799,2.7638
12,localize,频道7,11,111,0.0444715,2.33054,2.7224
12,localize,频道7,11,116,0.0444715,2.19217,2.46087
12,localize,频道7,11,121,0.0444715,2.21857,2.69094
12,localize,频道7,11,126,0.0444715,2.09694,2.45382
12,localize,频道7,11,131,0.0444715,1.80162,1.93572
12,localize,频道7,11,136,0.0444715,1.44494,1.74858
12,localize,频道7,11,141,0.0444715,1.20123,1.33312
12,localize,频道7,11,146,0.0444715,1.08317,1.10951
12,localize,频道7,11,150,0.0444715,0.797574,0.869838
12,localize,频道8,11,0,0.110643,123.197,54.3163
12,localize,频道8,11,1,0.110643,73.1557,39.2415
12,localize,频道8,11,6,0.110643,19.2196,18.8325
12,localize,频道8,11,11,0.110643,16.4895,19.3317
12,localize,频道8,11,16,0.108874,11.8718,16.2545
12,localize,频道8,11,21,0.103988,11.1419,13.1098
12,localize,频道8,11,26,0.10349,13.5767,14.8507
12,localize,频道8,11,31,0.102782,16.538,16.7142
12,localize,频道8,11,36,0.102782,12.1791,18.5761
12,localize,频道8,11,41,0.102782,11.3002,12.583
12,localize,频道8,11,46,0.102774,11.9899,14.0444
12,localize,频道8,11,51,0.102766,12.5586,14.7805
12,localize,频道8,11,56,0.102766,11.5272,12.3191
12,localize,频道8,11,61,0.102524,10.1667,10.4064
12,localize,频道8,11,66,0.102524,8.85199,11.2317
12,localize,频道8,11,71,0.102524,9.20063,11.2795
12,localize,频道8,11,76,0.102524,8.85709,12.4865
12,localize,频道8,11,81,0.102524,10.3864,13.4018
12,localize,频道8,11,86,0.102524,9.30469,10.6071
12,localize,频道8,11,91,0.102524,7.11379,7.75692
12,localize,频道8,11,96,0.102524,6.58503,8.96982
12,localize,频道8,11,101,0.102524,7.06831,7.7571
12,localize,频道8,11,106,0.102524,5.69675,7.40949
12,localize,频道8,11,111,0.102524,6.52989,9.58963
12,localize,频道8,11,116,0.102524,5.18467,5.89987
12,localize,频道8,11,121,0.102524,5.32143,7.08595
12,localize,频道8,11,126,0.102524,4.21858,4.79408
12,localize,频道8,11,131,0.102524,4.10552,4.83324
12,localize,频道8,11,136,0.102524,3.62489,5.4006
12,localize,频道8,11,141,0.102524,2.44218,2.75
12,localize,频道8,11,146,0.102524,2.12249,2.27598
12,localize,频道8,11,150,0.102524,1.59822,1.38708
12,localize,频道9,11,0,0.0593688,109.418,54.7547
12,localize,频道9,11,1,0.0593688,58.499,38.3157
12,localize,频道9,11,6,0.0593688,9.84006,9.41629
12,localize,频道9,11,11,0.0497243,8.60081,9.56609
12,localize,频道9,11,16,0.0497243,6.53901,8.19869
12,localize,频道9,11,21,0.0497243,5.60232,6.71733
12,localize,频道9,11,26,0.0497243,6.48743,7.20967
12,localize,频道9,11,31,0.0497243,7.63724,7.17346
12,localize,频道9,11,36,0.0497243,5.44524,7.95029
12,localize,频道9,11,41,0.0497243,6.01699,8.075
12,localize,频道9,11,46,0.0497243,5.24326,6.34942
12,localize,频道9,11,51,0.0497062,5.67284,6.06265
12,localize,频道9,11,56,0.0497062,6.05043,6.27225
12,localize,频道9,11,61,0.0497062,5.00954,4.83223
12,localize,频道9,11,66,0.0497062,3.48605,3.85635
12,localize,频道9,11,71,0.0497062,4.11999,4.90627
12,localize,频道9,11,76,0.0497062,3.59626,4.26995
12,localize,频道9,11,81,0.0497062,4.13023,4.65983
12,localize,频道9,11,86,0.0497047,4.50222,4.96071
12,localize,频道9,11,91,0.0497047,3.31593,3.65014
12,localize,频道9,11,96,0.0497047,2.82149,3.48558
12,localize,频道9,11,101,0.0497047,3.39216,3.12939
12,localize,频道9,11,106,0.0497047,2.64613,3.32891
12,localize,频道9,11,111,0.0497047,2.50538,3.63111
12,localize,频道9,11,116,0.0496935,2.2483,2.60691
12,localize,频道9,11,121,0.0496935,2.21794,2.63306
12,localize,频道9,11,126,0.0496935,2.07325,2.3272
12,localize,频道9,11,131,0.0496935,1.657,1.92049
12,localize,频道9,11,136,0.0496935,1.58554,2.01454
12,localize,频道9,11,141,0.0496935,1.20271,1.32332
12,localize,频道9,11,146,0.0496935,1.0803,1.04527
12,localize,频道9,11,150,0.0496935,0.786861,0.832212
12,localize,频道10,11,0,0,113.469,38.4475
12,localize,频道10,11,1,0,75.8443,27.5703
12,localize,频道11,11,0,0.217342,114.464,56.8476
12,localize,频道11,11,1,0.217342,63.2984,37.194
12,localize,频道11,11,6,0.217342,17.6671,13.9446
12,localize,频道11,11,11,0.217342,14.5707,13.8025
12,localize,频道11,11,16,0.217342,11.7479,16.4705
12,localize,频道11,11,21,0.213686,12.1287,14.1576
12,localize,频道11,11,26,0.206639,16.6056,21.8791
12,localize,频道11,11,31,0.206639,15.8829,16.9232
12,localize,频道11,11,36,0.206639,12.7743,20.2765
12,localize,频道11,11,41,0.206639,11.543,12.5197
12,localize,频道11,11,46,0.206574,14.2728,20.0588
12,localize,频道11,11,51,0.206574,15.8038,21.8774
12,localize,频道11,11,56,0.206574,14.185,15.5543
12,localize,频道11,11,61,0.206574,9.40492,10.3445
12,localize,频道11,11,66,0.206574,8.5905,10.5043
12,localize,频道11,11,71,0.206574,10.7069,14.443
12,localize,频道11,11,76,0.206574,9.07007,11.2046
12,localize,频道11,11,81,0.206574,10.0855,14.355
12,localize,频道11,11,86,0.206574,9.93976,13.7989
12,localize,频道11,11,91,0.206574,6.66391,8.65284
12,localize,频道11,11,96,0.206574,7.01886,9.88452
12,localize,频道11,11,101,0.206574,8.78968,14.0224
12,localize,频道11,11,106,0.206574,4.88691,7.61104
12,localize,频道11,11,111,0.206574,7.11786,9.16112
12,localize,频道11,11,116,0.206573,5.61347,8.43503
12,localize,频道11,11,121,0.206573,5.85261,8.32584
12,localize,频道11,11,126,0.206572,4.70142,6.62779
12,localize,频道11,11,131,0.206572,4.2366,5.2161
12,localize,频道11,11,136,0.206572,4.0555,5.73876
12,localize,频道11,11,141,0.206572,2.79824,3.44736
12,localize,频道11,11,146,0.206572,2.52564,2.82161
12,localize,频道11,11,150,0.206572,1.97028,2.09219
12,localize,频道13,11,0,0.0778889,114.393,50.6417
12,localize,频道13,11,1,0.0778889,63.2572,37.1392
12,localize,频道13,11,6,0.0778889,14.6272,15.8508
12,localize,频道13,11,11,0.0778889,14.0351,16.1877
12,localize,频道13,11,16,0.0778889,10.3051,14.5022
12,localize,频道13,11,21,0.0692992,9.71972,11.6749
12,localize,频道13,11,26,0.0675941,10.0726,12.1918
12,localize,频道13,11,31,0.0669371,13.1073,13.2501
12,localize,频道13,11,36,0.0669371,8.70524,13.0715
12,localize,频道13,11,41,0.0669371,11.0564,14.293
12,localize,频道13,11,46,0.0662331,8.58963,11.8774
12,localize,频道13,11,51,0.0643457,8.37365,8.31785
12,localize,频道13,11,56,0.064336,9.41493,10.2457
12,localize,频道13,11,61,0.064336,7.69034,9.25284
12,localize,频道13,11,66,0.064336,5.73345,6.75975
12,localize,频道13,11,71,0.0643155,6.65077,9.39169
12,localize,频道13,11,76,0.0640268,5.8134,6.26199
12,localize,频道13,11,81,0.0640268,6.13572,7.04369
12,localize,频道13,11,86,0.0640268,7.52208,9.23244
12,localize,频道13,11,91,0.0640268,5.23706,6.02446
12,localize,频道13,11,96,0.0640268,3.82478,4.47119
12,localize,频道13,11,101,0.0640268,4.84838,4.92145
12,localize,频道13,11,106,0.0640268,4.03083,5.63427
12,localize,频道13,11,111,0.0640268,4.34203,5.74681
12,localize,频道13,11,116,0.0640134,3.7311,4.11922
12,localize,频道13,11,121,0.0640134,3.76842,4.5778
12,localize,频道13,11,126,0.0640062,2.94913,3.33177
12,localize,频道13,11,131,0.0640062,2.88575,3.29076
12,localize,频道13,11,136,0.0640062,2.64091,3.48794
12,localize,频道13,11,141,0.0640062,1.93617,2.0825
12,localize,频道13,11,146,0.0640062,1.6244,1.62207
12,localize,频道13,11,150,0.0640062,1.29291,1.30384
12,localize,频道15,11,0,0.25039,118.467,53.0728
12,localize,频道15,11,1,0.25039,65.1285,39.9064
12,localize,频道15,11,6,0.25039,12.4605,13.3107
12,localize,频道15,11,11,0.25039,12.023,14.6756
12,localize,频道15,11,16,0.221899,8.93549,11.7241
12,localize,频道15,11,21,0.196621,7.52202,9.26676
12,localize,频道15,11,26,0.193668,9.22566,9.76628
12,localize,频道15,11,31,0.193668,10.5581,9.50832
12,localize,频道15,11,36,0.193668,7.85959,11.4745
12,localize,频道15,11,41,0.193661,8.11405,9.30338
12,localize,频道15,11,46,0.193654,8.04535,10.1816
12,localize,频道15,11,51,0.193595,7.43507,7.84105
12,localize,频道15,11,56,0.193595,8.15325,8.67222
12,localize,频道15,11,61,0.193595,6.60293,6.91189
12,localize,频道15,11,66,0.193595,4.97828,5.70773
12,localize,频道15,11,71,0.193595,5.54685,6.52767
12,localize,频道15,11,76,0.193585,5.11202,5.27957
12,localize,频道15,11,81,0.193585,5.25727,5.98598
12,localize,频道15,11,86,0.193585,5.90113,6.55177
12,localize,频道15,11,91,0.193585,4.44922,4.89404
12,localize,频道15,11,96,0.193585,4.04795,4.27122
12,localize,频道15,11,101,0.193585,4.05046,3.90763
12,localize,频道15,11,106,0.193585,3.50353,3.99292
12,localize,频道15,11,111,0.193585,3.55757,4.4276
12,localize,频道15,11,116,0.193585,2.98913,3.12945
12,localize,频道15,11,121,0.193585,3.00921,3.70518
12,localize,频道15,11,126,0.193585,2.88808,3.12529
12,localize,频道15,11,131,0.193585,2.57147,2.85571
12,localize,频道15,11,136,0.193583,2.08161,2.52917
12,localize,频道15,11,141,0.193583,1.59638,1.79573
12,localize,频道15,11,146,0.193583,1.44235,1.39585
12,localize,频道15,11,150,0.193583,1.10002,0.946223
12,localize,频道17,11,0,0,108.983,35.3665
12,localize,频道17,11,1,0,72.4997,30.9611
12,localize,频道18,11,0,0,151.076,56.7819
12,localize,频道18,11,1,0,101.088,53.3221
12,localize,频道19,11,0,0,132.938,62.0687
12,localize,频道19,11,1,0,68.1652,46.7303
12,localize,频道20,11,0,0.160168,115.999,54.5742
12,localize,频道20,11,1,0.160168,68.6091,41.1994
12,localize,频道20,11,6,0.134737,14.9427,13.5986
12,localize,频道20,11,11,0.134737,14.2984,16.4996
12,localize,频道20,11,16,0.134737,11.9993,18.251
12,localize,频道20,11,21,0.133883,12.4727,16.6907
12,localize,频道20,11,26,0.133883,12.1688,16.1185
12,localize,频道20,11,31,0.129411,16.1398,16.9513
12,localize,频道20,11,36,0.129411,9.51762,13.778
12,localize,频道20,11,41,0.129411,11.4234,14.0845
12,localize,频道20,11,46,0.129411,10.5645,14.025
12,localize,频道20,11,51,0.129411,10.0327,10.375
12,localize,频道20,11,56,0.129411,12.2038,12.2217
12,localize,频道20,11,61,0.129411,8.0266,11.0636
12,localize,频道20,11,66,0.129411,6.40693,6.93923
12,localize,频道20,11,71,0.129411,7.6848,10.7332
12,localize,频道20,11,76,0.129409,6.9864,8.65577
12,localize,频道20,11,81,0.129409,7.30821,8.32651
12,localize,频道20,11,86,0.129409,8.62075,12.1078
12,localize,频道20,11,91,0.129409,6.12158,8.115
12,localize,频道20,11,96,0.129409,4.85398,5.76543
12,localize,频道20,11,101,0.129409,5.44447,5.40172
12,localize,频道20,11,106,0.129409,4.68556,6.54947
12,localize,频道20,11,111,0.129409,4.82879,6.28781
12,localize,频道20,11,116,0.129409,4.09736,5.06475
12,localize,频道20,11,121,0.129409,4.2292,5.64225
12,localize,频道20,11,126,0.129396,3.49813,4.45289
12,localize,频道20,11,131,0.129396,3.34466,3.92044
12,localize,频道20,11,136,0.129396,2.75279,3.32255
12,localize,频道20,11,141,0.129396,2.21204,2.47658
12,localize,频道20,11,146,0.129396,1.82109,1.81678
12,localize,频道20,11,150,0.129396,1.46454,1.47619
12,route,清除顺序,276102408,0,9133.82,19078,2267.09
12,route,清除顺序,276102408,1,9133.82,17710.2,2336.38
12,route,清除顺序,276102408,6,9133.82,14366.2,2525.86
12,route,清除顺序,276102408,11,8989.51,11711.8,2210.36
12,route,清除顺序,276102408,16,8841.7,11191.9,2182.97
12,route,清除顺序,276102408,21,8841.7,10918.5,2158.31
12,route,清除顺序,276102408,26,8841.7,10445.9,1736.73
12,route,清除顺序,276102408,31,8841.7,10813.9,2008.79
12,route,清除顺序,276102408,36,8841.7,10892.6,2308.2
12,route,清除顺序,276102408,41,8841.7,10767.9,2096.93
12,route,清除顺序,276102408,46,8841.7,10698.2,1979.93
12,route,清除顺序,276102408,51,8841.7,11202.9,2395.81
12,route,清除顺序,276102408,56,8841.7,10904.1,2025.48
12,route,清除顺序,276102408,61,8841.7,10492.7,2074.91
12,route,清除顺序,276102408,66,8841.7,10361.7,1719.85
12,route,清除顺序,276102408,71,8841.7,10587.6,2043.15
12,route,清除顺序,276102408,76,8841.7,10966.4,2152.32
12,route,清除顺序,276102408,81,8841.7,10625.2,2031.74
12,route,清除顺序,276102408,86,8841.7,10538,2171.55
12,route,清除顺序,276102408,91,8841.7,10394.3,1915.27
12,route,清除顺序,276102408,96,8841.7,10439.9,2002.89
12,route,清除顺序,276102408,101,8841.7,10281.7,1788.4
12,route,清除顺序,276102408,106,8841.7,10272.3,2088.55
12,route,清除顺序,276102408,111,8841.7,10350.3,2019.52
12,route,清除顺序,276102408,116,8841.7,9961.74,1628.77
12,route,清除顺序,276102408,121,8841.7,10185.7,1562.57
12,route,清除顺序,276102408,126,8841.7,10297.2,2076.08
12,route,清除顺序,276102408,131,8841.7,10900.7,2298.73
12,route,清除顺序,276102408,136,8841.7,10312.1,1756.44
12,route,清除顺序,276102408,141,8841.7,10190.5,1915.68
12,route,清除顺序,276102408,146,8841.7,10401.6,1862.59
12,route,清除顺序,276102408,151,8841.7,10180.1,1982
12,route,清除顺序,276102408,156,8841.7,10051.9,1986.91
12,route,清除顺序,276102408,161,8841.7,10208.9,2098.69
12,route,清除顺序,276102408,166,8841.7,10530.5,1995.23
12,route,清除顺序,276102408,171,8841.7,10437.8,2054.93
12,route,清除顺序,276102408,176,8841.7,9961.46,1759.43
12,route,清除顺序,276102408,181,8841.7,9650.29,1431.21
12,route,清除顺序,276102408,186,8841.7,9901.8,1565.18
12,route,清除顺序,276102408,191,8841.7,9972.86,1774.65
12,route,清除顺序,276102408,196,8841.7,9913.9,1819.02
12,route,清除顺序,276102408,201,8841.7,9954.18,1919.55
12,route,清除顺序,276102408,206,8841.7,10166.5,2246.78
12,route,清除顺序,276102408,211,8841.7,9798.94,1587.87
12,route,清除顺序,276102408,216,8841.7,9958.53,1538.07
12,route,清除顺序,276102408,221,8841.7,9761.52,1347.62
12,route,清除顺序,276102408,226,8841.7,10115.9,1854.56
12,route,清除顺序,276102408,231,8841.7,10197.3,1905
12,route,清除顺序,276102408,236,8841.7,10079.6,1952.08
12,route,清除顺序,276102408,241,8841.7,9662.74,1526.82
12,route,清除顺序,276102408,246,8841.7,9982.88,1790.35
12,route,清除顺序,276102408,251,8841.7,9588.1,1241.65
12,route,清除顺序,276102408,256,8841.7,10080.9,1723.45
12,route,清除顺序,276102408,261,8841.7,9701.18,1571.4
12,route,清除顺序,276102408,266,8841.7,9739.5,1704.51
12,route,清除顺序,276102408,271,8841.7,10073.3,1861.27
12,route,清除顺序,276102408,276,8841.7,9720.6,1729.9
12,route,清除顺序,276102408,281,8841.7,9732.05,1406.45
12,route,清除顺序,276102408,286,8841.7,9786.09,1379.85
12,route,清除顺序,276102408,291,8841.7,9755.64,1704.47
12,route,清除顺序,276102408,296,8841.7,9552.95,1400.33
12,route,清除顺序,276102408,300,8841.7,9707.75,1701.26
13,route,覆盖路点巡回,1315760028,0,8144.77,13360.9,1578.73
13,route,覆盖路点巡回,1315760028,1,8144.77,12779.1,1454.59
13,route,覆盖路点巡回,1315760028,6,8144.77,12045.3,1565.46
13,route,覆盖路点巡回,1315760028,11,8144.77,11815.1,1885.17
13,route,覆盖路点巡回,1315760028,16,8144.77,11603.7,1589.77
13,route,覆盖路点巡回,1315760028,21,8144.77,11284.4,1751.56
13,route,覆盖路点巡回,1315760028,26,8144.77,11136.9,1867.49
13,route,覆盖路点巡回,1315760028,31,8124.55,10883.5,1702.2
13,route,覆盖路点巡回,1315760028,36,8124.55,11441.7,1636.79
13,route,覆盖路点巡回,1315760028,41,8116.69,11303.4,1733.42
13,route,覆盖路点巡回,1315760028,46,8116.69,11346.3,1796.8
13,route,覆盖路点巡回,1315760028,51,8116.69,10636.1,1735.88
13,route,覆盖路点巡回,1315760028,56,8116.69,10497,1817.46
13,route,覆盖路点巡回,1315760028,61,8116.69,9806.99,1622.18
13,route,覆盖路点巡回,1315760028,66,8116.69,9716.86,1632.8
13,route,覆盖路点巡回,1315760028,71,8116.69,9885.65,1608.21
13,route,覆盖路点巡回,1315760028,76,8116.69,9985.09,1743.33
13,route,覆盖路点巡回,1315760028,81,8116.69,10237.1,1815.72
13,route,覆盖路点巡回,1315760028,86,8116.69,10390.6,1767.99
13,route,覆盖路点巡回,1315760028,91,8116.69,9615.16,1565.14
13,route,覆盖路点巡回,1315760028,96,8116.69,9335.07,1386.87
13,route,覆盖路点巡回,1315760028,101,8116.69,10148.6,1644.9
13,route,覆盖路点巡回,1315760028,106,8116.69,9647.12,1425.98
13,route,覆盖路点巡回,1315760028,111,8116.69,9414.74,1371.09
13,route,覆盖路点巡回,1315760028,116,8116.69,9524.78,1689.02
13,route,覆盖路点巡回,1315760028,121,8116.69,9573.27,1527.81
13,route,覆盖路点巡回,1315760028,126,8116.69,9510.55,1605.7
13,route,覆盖路点巡回,1315760028,131,8116.69,9659.65,1432.59
13,route,覆盖路点巡回,1315760028,136,8116.69,9948.81,1723.2
13,route,覆盖路点巡回,1315760028,141,8116.69,9199.31,1466.05
13,route,覆盖路点巡回,1315760028,146,8116.69,9535.78,1742.84
13,route,覆盖路点巡回,1315760028,151,8116.69,9968.6,1763.65
13,route,覆盖路点巡回,1315760028,156,8116.69,9478.61,1451.63
13,route,覆盖路点巡回,1315760028,161,8116.69,9660.45,1579.21
13,route,覆盖路点巡回,1315760028,166,8116.69,9305.05,1507.36
13,route,覆盖路点巡回,1315760028,171,8116.69,9209.85,1559.08
13,route,覆盖路点巡回,1315760028,176,8116.69,9188.43,1476.39
13,route,覆盖路点巡回,1315760028,181,8116.69,9578.25,1810.66
13,route,覆盖路点巡回,1315760028,186,8116.69,9014.86,1358.19
13,route,覆盖路点巡回,1315760028,191,8116.69,9360.1,1583.58
13,route,覆盖路点巡回,1315760028,196,8116.69,9085.85,1468.37
13,route,覆盖路点巡回,1315760028,201,8116.69,9400.68,1724.87
13,route,覆盖路点巡回,1315760028,206,8116.69,9353.93,1575.56
13,route,覆盖路点巡回,1315760028,211,8116.69,9252.03,1575.46
13,route,覆盖路点巡回,1315760028,216,8116.69,9305.07,1626.15
13,route,覆盖路点巡回,1315760028,221,8116.69,9249.93,1510.38
13,route,覆盖路点巡回,1315760028,226,8116.69,9229.71,1459.1
13,route,覆盖路点巡回,1315760028,231,8116.69,9044.45,1462.7
13,route,覆盖路点巡回,1315760028,236,8116.69,8896.93,1268.93
13,route,覆盖路点巡回,1315760028,241,8116.69,9304.52,1542.56
13,route,覆盖路点巡回,1315760028,246,8116.69,8923.15,1435.2
13,route,覆盖路点巡回,1315760028,251,8116.69,9271.17,1503.94
13,route,覆盖路点巡回,1315760028,256,8116.69,9408.66,1659.84
13,route,覆盖路点巡回,1315760028,261,8116.69,9000.42,1355.27
13,route,覆盖路点巡回,1315760028,266,8116.69,9132.37,1520.82
13,route,覆盖路点巡回,1315760028,271,8116.69,8849.34,1285.06
13,route,覆盖路点巡回,1315760028,276,8116.69,8818.95,1259.01
13,route,覆盖路点巡回,1315760028,281,8116.69,8821.96,1304.88
13,route,覆盖路点巡回,1315760028,286,8116.69,8809.75,1159.02
13,route,覆盖路点巡回,1315760028,291,8116.69,8777.55,1156.64
13,route,覆盖路点巡回,1315760028,296,8116.69,8912.39,1434.3
13,route,覆盖路点巡回,1315760028,300,8116.69,9086.81,1400.63
13,localize,频道1,12,0,0,129.244,55.4259
13,localize,频道1,12,1,0,74.518,43.322
13,localize,频道4,12,0,0.422393,154.376,76.0834
13,localize,频道4,12,1,0.422393,85.8576,62.2116
13,localize,频道4,12,6,0.422393,8.12593,10.1938
13,localize,频道4,12,11,0.345341,9.24112,12.9483
13,localize,频道4,12,16,0.323048,10.895,16.2328
13,localize,频道4,12,21,0.321937,7.12718,14.0884
13,localize,频道4,12,26,0.321684,7.14973,11.04
13,localize,频道4,12,31,0.321684,7.98934,10.2799
13,localize,频道4,12,36,0.321669,6.2791,6.98583
13,localize,频道4,12,41,0.321668,7.39349,11.5591
13,localize,频道4,12,46,0.321668,7.52454,11.5094
13,localize,频道4,12,51,0.321668,7.59238,12.7257
13,localize,频道4,12,56,0.321668,7.08487,9.11809
13,localize,频道4,12,61,0.321668,8.45869,10.3499
13,localize,频道4,12,66,0.321668,6.03956,9.32122
13,localize,频道4,12,71,0.321668,4.3681,7.1694
13,localize,频道4,12,76,0.321668,4.55592,6.20979
13,localize,频道4,12,81,0.321668,4.80635,5.99777
13,localize,频道4,12,86,0.321668,4.54617,5.72092
13,localize,频道4,12,91,0.321668,4.00634,5.89252
13,localize,频道4,12,96,0.321668,3.65879,5.00367
13,localize,频道4,12,101,0.321668,3.70749,4.53643
13,localize,频道4,12,106,0.321668,3.01156,3.72343
13,localize,频道4,12,111,0.321668,2.78786,3.19035
13,localize,频道4,12,116,0.321668,3.19833,3.34603
13,localize,频道4,12,121,0.321665,2.67194,3.3667
13,localize,频道4,12,126,0.321665,2.24124,2.86035
13,localize,频道4,12,131,0.321665,2.08635,1.86323
13,localize,频道4,12,136,0.321665,1.74134,1.87263
13,localize,频道4,12,141,0.321665,1.48635,1.35974
13,localize,频道4,12,146,0.321665,1.53207,1.47074
13,localize,频道4,12,150,0.321665,0.825794,0.835651
13,localize,频道5,12,0,0.457068,126.07,59.4682
13,localize,频道5,12,1,0.457068,77.8083,46.8287
13,localize,频道5,12,6,0.408434,8.35289,9.88512
13,localize,频道5,12,11,0.372468,8.98696,12.1848
13,localize,频道5,12,16,0.364303,8.72316,10.23
13,localize,频道5,12,21,0.364291,5.51118,7.43534
13,localize,频道5,12,26,0.36425,5.93226,7.53275
13,localize,频道5,12,31,0.36425,7.93266,9.22188
13,localize,频道5,12,36,0.36417,6.65539,8.1
13,localize,频道5,12,41,0.364144,6.3886,7.47384
13,localize,频道5,12,46,0.364144,7.09532,8.53954
13,localize,频道5,12,51,0.364144,6.13277,6.45478
13,localize,频道5,12,56,0.364144,6.05606,6.15135
13,localize,频道5,12,61,0.364144,7.58974,7.87177
13,localize,频道5,12,66,0.364144,5.18051,5.70135
13,localize,频道5,12,71,0.364144,4.60558,5.80334
13,localize,频道5,12,76,0.364144,4.34,5.12655
13,localize,频道5,12,81,0.364144,4.63709,5.47024
13,localize,频道5,12,86,0.364144,4.36681,4.70403
13,localize,频道5,12,91,0.364144,4.21349,5.37003
13,localize,频道5,12,96,0.364144,3.78983,4.00318
13,localize,频道5,12,101,0.364144,3.7895,4.39125
13,localize,频道5,12,106,0.364144,3.16656,3.41679
13,localize,频道5,12,111,0.364144,3.00323,3.52396
13,localize,频道5,12,116,0.364144,3.24101,3.35056
13,localize,频道5,12,121,0.364144,2.44623,2.72854
13,localize,频道5,12,126,0.364144,2.3669,2.52457
13,localize,频道5,12,131,0.364144,2.25044,1.9606
13,localize,频道5,12,136,0.364142,1.88129,1.68692
13,localize,频道5,12,141,0.364142,1.41985,1.20206
13,localize,频道5,12,146,0.364142,1.4186,1.21683
13,localize,频道5,12,150,0.364142,0.878506,0.76295
13,localize,频道6,12,0,0.741405,127.421,57.5513
13,localize,频道6,12,1,0.741405,66.4291,50.8711
13,localize,频道6,12,6,0.634115,6.68291,8.051
13,localize,频道6,12,11,0.526824,8.2914,11.8153
13,localize,频道6,12,16,0.526457,6.85983,7.90876
13,localize,频道6,12,21,0.526154,5.85572,10.2566
13,localize,频道6,12,26,0.526154,5.10038,6.82407
13,localize,频道6,12,31,0.526154,5.82165,6.42349
13,localize,频道6,12,36,0.526123,5.37874,5.68882
13,localize,频道6,12,41,0.526122,5.60529,7.22341
13,localize,频道6,12,46,0.526122,5.28573,6.98082
13,localize,频道6,12,51,0.526122,6.07351,12.5481
13,localize,频道6,12,56,0.526122,5.24184,5.80819
13,localize,频道6,12,61,0.526122,6.52411,7.44293
13,localize,频道6,12,66,0.526122,4.82053,5.5511
13,localize,频道6,12,71,0.526122,3.9521,5.83954
13,localize,频道6,12,76,0.526122,3.7921,4.38132
13,localize,频道6,12,81,0.526122,3.88214,4.77708
13,localize,频道6,12,86,0.526122,3.56249,3.79545
13,localize,频道6,12,91,0.526122,3.33633,4.30758
13,localize,频道6,12,96,0.526122,3.0459,3.80851
13,localize,频道6,12,101,0.526122,3.16344,3.74301
13,localize,频道6,12,106,0.526122,2.57449,3.1048
13,localize,频道6,12,111,0.526122,2.37577,2.33957
13,localize,频道6,12,116,0.526122,2.77748,2.64393
13,localize,频道6,12,121,0.526122,2.21624,2.50712
13,localize,频道6,12,126,0.526122,1.92564,2.10899
13,localize,频道6,12,131,0.526122,1.79854,1.42964
13,localize,频道6,12,136,0.526122,1.54046,1.37282
13,localize,频道6,12,141,0.526122,1.30691,0.9712
13,localize,频道6,12,146,0.526122,1.28244,1.032
13,localize,频道6,12,150,0.526122,0.867402,0.588848
13,localize,频道8,12,0,0.367753,140.278,68.7955
13,localize,频道8,12,1,0.367753,76.913,59.3446
13,localize,频道8,12,6,0.334524,6.48961,8.93246
13,localize,频道8,12,11,0.313787,7.40254,10.0366
13,localize,频道8,12,16,0.31247,6.94685,8.30361
13,localize,频道8,12,21,0.31247,4.16968,5.51072
13,localize,频道8,12,26,0.312384,4.47929,5.76211
13,localize,频道8,12,31,0.312384,6.10671,6.79943
13,localize,频道8,12,36,0.31238,5.16004,5.32615
13,localize,频道8,12,41,0.31238,5.21176,6.4749
13,localize,频道8,12,46,0.31238,5.65794,6.95366
13,localize,频道8,12,51,0.31238,4.93881,5.85451
13,localize,频道8,12,56,0.31238,4.9155,5.20472
13,localize,频道8,12,61,0.31238,5.4966,5.74467
13,localize,频道8,12,66,0.31238,4.98659,5.11467
13,localize,频道8,12,71,0.31238,3.7374,4.68817
13,localize,频道8,12,76,0.31238,3.49319,4.25104
13,localize,频道8,12,81,0.31238,3.81097,4.30795
13,localize,频道8,12,86,0.31238,3.71472,4.21792
13,localize,频道8,12,91,0.31238,3.17355,4.11644
13,localize,频道8,12,96,0.31238,2.69786,2.87638
13,localize,频道8,12,101,0.31238,3.16497,3.62167
13,localize,频道8,12,106,0.312375,2.42532,2.50075
13,localize,频道8,12,111,0.312375,2.29608,2.77363
13,localize,频道8,12,116,0.312375,2.53255,2.55441
13,localize,频道8,12,121,0.312375,1.83318,1.90563
13,localize,频道8,12,126,0.312375,1.87912,2.08614
13,localize,频道8,12,131,0.312375,1.79052,1.60355
13,localize,频道8,12,136,0.312374,1.56174,1.37618
13,localize,频道8,12,141,0.312374,1.20784,1.03912
13,localize,频道8,12,146,0.312374,1.09156,0.915191
13,localize,频道8,12,150,0.312374,0.665603,0.571894
13,localize,频道9,12,0,0,140.714,61.267
13,localize,频道9,12,1,0,78.6961,58.2968
13,localize,频道11,12,0,0.0642756,131.949,67.8315
13,localize,频道11,12,1,0.0642756,77.808,50.6813
13,localize,频道11,12,6,0.0642756,12.0407,14.5149
13,localize,频道11,12,11,0.0642756,17.0095,23.8734
13,localize,频道11,12,16,0.0642756,23.4379,30.3484
13,localize,频道11,12,21,0.0642756,15.0654,22.5065
13,localize,频道11,12,26,0.0636254,17.0613,27.2165
13,localize,频道11,12,31,0.0608897,22.5827,28.3518
13,localize,频道11,12,36,0.0576102,13.6695,21.3416
13,localize,频道11,12,41,0.0574962,14.726,22.9559
13,localize,频道11,12,46,0.0574962,15.9541,19.4613
13,localize,频道11,12,51,0.0574962,15.8511,22.4008
13,localize,频道11,12,56,0.0574962,18.9619,26.798
13,localize,频道11,12,61,0.0574962,19.6115,27.373
13,localize,频道11,12,66,0.0574962,14.5345,20.6897
13,localize,频道11,12,71,0.0574962,11.5592,17.3141
13,localize,频道11,12,76,0.0574962,17.6928,25.7798
13,localize,频道11,12,81,0.0574962,13.2498,22.2087
13,localize,频道11,12,86,0.0574962,11.7694,15.2527
13,localize,频道11,12,91,0.0574962,14.1865,21.8567
13,localize,频道11,12,96,0.0574962,11.8226,23.3959
13,localize,频道11,12,101,0.0573883,11.0731,16.6063
13,localize,频道11,12,106,0.0573883,7.87841,12.9259
13,localize,频道11,12,111,0.0573883,8.28916,14.0334
13,localize,频道11,12,116,0.0572977,10.5529,14.8254
13,localize,频道11,12,121,0.0572977,8.26528,15.6531
13,localize,频道11,12,126,0.0572977,8.58688,15.8419
13,localize,频道11,12,131,0.0572977,8.10776,10.5511
13,localize,频道11,12,136,0.0572977,5.91118,8.57752
13,localize,频道11,12,141,0.0572977,4.48094,5.57588
13,localize,频道11,12,146,0.0572977,2.62971,3.64935
13,localize,频道11,12,150,0.0572977,2.28204,4.03668
13,localize,频道12,12,0,0.128766,133.292,60.6885
13,localize,频道12,12,1,0.128766,78.0456,49.6043
13,localize,频道12,12,6,0.128766,9.02474,11.1082
13,localize,频道12,12,11,0.123739,10.1883,15.5988
13,localize,频道12,12,16,0.120243,10.9783,16.6762
13,localize,频道12,12,21,0.119813,6.11275,8.16899
13,localize,频道12,12,26,0.118948,6.5237,8.7465
13,localize,频道12,12,31,0.118332,8.99678,13.3646
13,localize,频道12,12,36,0.118141,8.37746,11.6496
13,localize,频道12,12,41,0.117979,7.5939,11.8252
13,localize,频道12,12,46,0.117979,7.76639,12.4185
13,localize,频道12,12,51,0.117979,6.70549,8.45679
13,localize,频道12,12,56,0.117979,6.61616,8.52429
13,localize,频道12,12,61,0.117979,8.04681,9.42743
13,localize,频道12,12,66,0.117979,6.01291,8.0838
13,localize,频道12,12,71,0.117979,4.56319,6.89102
13,localize,频道12,12,76,0.117979,5.48838,8.99891
13,localize,频道12,12,81,0.117979,5.29174,7.46845
13,localize,频道12,12,86,0.117979,4.15048,5.59191
13,localize,频道12,12,91,0.117978,3.82939,5.72878
13,localize,频道12,12,96,0.117978,4.06248,5.43478
13,localize,频道12,12,101,0.117978,4.12325,5.49332
13,localize,频道12,12,106,0.117978,3.36699,4.36197
13,localize,频道12,12,111,0.117978,2.9309,3.85868
13,localize,频道12,12,116,0.117978,3.25174,3.80338
13,localize,频道12,12,121,0.117978,2.52647,3.23958
13,localize,频道12,12,126,0.117978,2.16437,3.02091
13,localize,频道12,12,131,0.117963,2.20742,2.34109
13,localize,频道12,12,136,0.117961,1.89736,2.27979
13,localize,频道12,12,141,0.117961,1.45834,1.48293
13,localize,频道12,12,146,0.117961,1.51544,1.696
13,localize,频道12,12,150,0.117961,0.750374,1.00306
13,localize,频道13,12,0,0,123.476,44.5344
13,localize,频道13,12,1,0,87.7703,41.9212
13,localize,频道13,12,0,0,123.476,44.5344
13,localize,频道13,12,1,0,87.7703,41.9212
13,localize,频道13,12,0,0.341366,131.657,53.2044
13,localize,频道13,12,1,0.341366,86.6636,47.655
13,localize,频道13,12,6,0.341366,14.3973,17.1006
13,localize,频道13,12,11,0.341366,15.3678,19.3624
13,localize,频道13,12,16,0.316885,20.1373,29.6285
13,localize,频道13,12,21,0.312287,13.2391,22.8139
13,localize,频道13,12,26,0.312287,13.6086,21.54
13,localize,频道13,12,31,0.312287,14.5475,18.4836
13,localize,频道13,12,36,0.312199,12.0908,14.8686
13,localize,频道13,12,41,0.312176,12.8968,19.5673
13,localize,频道13,12,46,0.312176,13.1804,17.9259
13,localize,频道13,12,51,0.312176,13.0679,19.1867
13,localize,频道13,12,56,0.312176,13.8639,20.9582
13,localize,频道13,12,61,0.312176,15.3051,19.3153
13,localize,频道13,12,66,0.312176,11.4523,18.9231
13,localize,频道13,12,71,0.312176,8.20897,12.2971
13,localize,频道13,12,76,0.312176,8.25038,8.62576
13,localize,频道13,12,81,0.312176,8.18022,9.08281
13,localize,频道13,12,86,0.312176,8.87977,8.64965
13,localize,频道13,12,91,0.312176,7.76654,12.6131
13,localize,频道13,12,96,0.312176,6.61778,8.58939
13,localize,频道13,12,101,0.312176,7.0685,7.87733
13,localize,频道13,12,106,0.312176,5.78127,5.67757
13,localize,频道13,12,111,0.312176,5.15414,5.64341
13,localize,频道13,12,116,0.312176,6.0464,5.79084
13,localize,频道13,12,121,0.312161,4.72956,5.45795
13,localize,频道13,12,126,0.31215,4.30776,5.02044
13,localize,频道13,12,131,0.31215,4.10001,3.68405
13,localize,频道13,12,136,0.31215,3.7317,3.73313
13,localize,频道13,12,141,0.31215,2.89828,2.55041
13,localize,频道13,12,146,0.31215,2.29892,2.18694
13,localize,频道13,12,150,0.312131,1.49915,1.71987
13,localize,频道13,12,0,0.341366,131.657,53.2044
13,localize,频道13,12,1,0.341366,86.6636,47.655
13,localize,频道13,12,6,0.341366,14.3973,17.1006
13,localize,频道13,12,11,0.341366,15.3678,19.3624
13,localize,频道13,12,16,0.316885,20.1373,29.6285
13,localize,频道13,12,21,0.312287,13.2391,22.8139
13,localize,频道13,12,26,0.312287,13.6086,21.54
13,localize,频道13,12,31,0.312287,14.5475,18.4836
13,localize,频道13,12,36,0.312199,12.0908,14.8686
13,localize,频道13,12,41,0.312176,12.8968,19.5673
13,localize,频道13,12,46,0.312176,13.1804,17.9259
13,localize,频道13,12,51,0.312176,13.0679,19.1867
13,localize,频道13,12,56,0.312176,13.8639,20.9582
13,localize,频道13,12,61,0.312176,15.3051,19.3153
13,localize,频道13,12,66,0.312176,11.4523,18.9231
13,localize,频道13,12,71,0.312176,8.20897,12.2971
13,localize,频道13,12,76,0.312176,8.25038,8.62576
13,localize,频道13,12,81,0.312176,8.18022,9.08281
13,localize,频道13,12,86,0.312176,8.87977,8.64965
13,localize,频道13,12,91,0.312176,7.76654,12.6131
13,localize,频道13,12,96,0.312176,6.61778,8.58939
13,localize,频道13,12,101,0.312176,7.0685,7.87733
13,localize,频道13,12,106,0.312176,5.78127,5.67757
13,localize,频道13,12,111,0.312176,5.15414,5.64341
13,localize,频道13,12,116,0.312176,6.0464,5.79084
13,localize,频道13,12,121,0.312161,4.72956,5.45795
13,localize,频道13,12,126,0.31215,4.30776,5.02044
13,localize,频道13,12,131,0.31215,4.10001,3.68405
13,localize,频道13,12,136,0.31215,3.7317,3.73313
13,localize,频道13,12,141,0.31215,2.89828,2.55041
13,localize,频道13,12,146,0.31215,2.29892,2.18694
13,localize,频道13,12,150,0.312131,1.49915,1.71987
13,localize,频道15,12,0,0.372652,131.506,61.3133
13,localize,频道15,12,1,0.372652,77.5248,48.1626
13,localize,频道15,12,6,0.372652,11.1102,11.9946
13,localize,频道15,12,11,0.285534,11.9521,15.1701
13,localize,频道15,12,16,0.28456,12.3535,16.8414
13,localize,频道15,12,21,0.284186,9.13975,14.133
13,localize,频道15,12,26,0.284152,8.48472,12.0192
13,localize,频道15,12,31,0.284152,9.71204,11.7133
13,localize,频道15,12,36,0.283983,9.42793,13.0286
13,localize,频道15,12,41,0.283934,9.1595,14.2045
13,localize,频道15,12,46,0.283933,8.72202,10.9121
13,localize,频道15,12,51,0.283933,9.12649,14.4415
13,localize,频道15,12,56,0.283933,9.35498,11.5195
13,localize,频道15,12,61,0.283933,9.97483,10.3406
13,localize,频道15,12,66,0.283933,7.3747,10.6812
13,localize,频道15,12,71,0.283933,5.57284,8.27798
13,localize,频道15,12,76,0.283875,5.82308,7.10347
13,localize,频道15,12,81,0.283875,6.27548,9.30323
13,localize,频道15,12,86,0.283875,6.30821,7.95886
13,localize,频道15,12,91,0.283875,5.06346,6.85714
13,localize,频道15,12,96,0.283875,4.29929,5.31058
13,localize,频道15,12,101,0.283875,4.66891,5.04898
13,localize,频道15,12,106,0.283875,3.87263,4.30066
13,localize,频道15,12,111,0.283872,3.68634,3.89611
13,localize,频道15,12,116,0.283872,4.06415,4.23348
13,localize,频道15,12,121,0.283872,3.33223,4.19424
13,localize,频道15,12,126,0.283872,2.94529,3.57662
13,localize,频道15,12,131,0.283867,2.70098,2.46482
13,localize,频道15,12,136,0.283867,2.28809,2.37263
13,localize,频道15,12,141,0.283867,1.92312,1.68339
13,localize,频道15,12,146,0.283867,1.89003,1.75802
13,localize,频道15,12,150,0.283866,0.992113,1.0739
13,localize,频道16,12,0,0,138.269,60.7957
13,localize,频道16,12,1,0,82.8801,56.77
13,localize,频道17,12,0,0.212031,124.395,52.6991
13,localize,频道17,12,1,0.212031,82.8134,45.041
13,localize,频道17,12,6,0.204502,11.2369,12.5909
13,localize,频道17,12,11,0.160931,12.2203,16.3169
13,localize,频道17,12,16,0.151369,15.2538,22.7166
13,localize,频道17,12,21,0.143971,9.73539,15.2071
13,localize,频道17,12,26,0.143942,8.95383,13.115
13,localize,频道17,12,31,0.143838,11.4208,16.7917
13,localize,频道17,12,36,0.143532,11.2239,16.0833
13,localize,频道17,12,41,0.143497,10.8372,17.8326
13,localize,频道17,12,46,0.143497,10.7801,16.6485
13,localize,频道17,12,51,0.143497,9.97975,16.821
13,localize,频道17,12,56,0.143497,8.96147,10.8858
13,localize,频道17,12,61,0.143497,10.6325,12.1329
13,localize,频道17,12,66,0.143497,8.08688,13.4139
13,localize,频道17,12,71,0.143497,5.8616,8.94469
13,localize,频道17,12,76,0.143497,5.92105,8.30039
13,localize,频道17,12,81,0.143497,7.3563,13.3047
13,localize,频道17,12,86,0.143497,5.07252,5.97178
13,localize,频道17,12,91,0.143497,5.07208,7.4056
13,localize,频道17,12,96,0.143496,4.86843,6.70366
13,localize,频道17,12,101,0.143496,5.24014,7.12973
13,localize,频道17,12,106,0.143496,4.1891,5.52067
13,localize,频道17,12,111,0.14349,3.76669,4.63518
13,localize,频道17,12,116,0.14349,4.32221,4.80178
13,localize,频道17,12,121,0.14349,3.49865,4.79803
13,localize,频道17,12,126,0.14349,2.89023,4.00122
13,localize,频道17,12,131,0.143481,2.82524,3.07915
13,localize,频道17,12,136,0.143481,2.30234,2.92482
13,localize,频道17,12,141,0.143481,1.84189,1.99364
13,localize,频道17,12,146,0.14348,2.02827,2.1621
13,localize,频道17,12,150,0.14348,1.00012,1.3379
13,localize,频道19,12,0,0.270589,127.464,52.4929
13,localize,频道19,12,1,0.270589,71.6365,46.4396
13,localize,频道19,12,6,0.186656,6.77916,7.55314
13,localize,频道19,12,11,0.172512,7.81435,11.5048
13,localize,频道19,12,16,0.170465,7.86954,10.2998
13,localize,频道19,12,21,0.170134,5.05054,8.92915
13,localize,频道19,12,26,0.169821,5.03834,7.36343
13,localize,频道19,12,31,0.169821,7.05477,8.23344
13,localize,频道19,12,36,0.169745,5.13674,6.36098
13,localize,频道19,12,41,0.169717,5.2867,7.50001
13,localize,频道19,12,46,0.169715,6.2165,7.67689
13,localize,频道19,12,51,0.169715,5.40774,6.99504
13,localize,频道19,12,56,0.169715,5.53595,6.40543
13,localize,频道19,12,61,0.169715,5.94733,8.33772
13,localize,频道19,12,66,0.169715,5.10878,5.95689
13,localize,频道19,12,71,0.169715,3.76521,4.56258
13,localize,频道19,12,76,0.169715,3.79029,4.46505
13,localize,频道19,12,81,0.169715,3.73961,4.34998
13,localize,频道19,12,86,0.169715,4.14282,4.891
13,localize,频道19,12,91,0.169715,3.50081,4.22986
13,localize,频道19,12,96,0.169715,2.68143,3.36667
13,localize,频道19,12,101,0.169715,3.24302,3.85751
13,localize,频道19,12,106,0.169715,2.39583,2.52749
13,localize,频道19,12,111,0.169715,2.49967,3.14361
13,localize,频道19,12,116,0.169711,2.74344,2.86888
13,localize,频道19,12,121,0.169711,1.92807,2.26724
13,localize,频道19,12,126,0.169711,1.90396,2.41904
13,localize,频道19,12,131,0.169711,1.87115,1.9452
13,localize,频道19,12,136,0.169709,1.57918,1.64591
13,localize,频道19,12,141,0.169709,1.31933,1.25741
13,localize,频道19,12,146,0.169709,0.930771,0.925583
13,localize,频道19,12,150,0.169709,0.631612,0.769924
13,route,清除顺序,538641422,0,8403.73,20749.8,2417.33
13,route,清除顺序,538641422,1,8403.73,19421.8,2699.15
13,route,清除顺序,538641422,6,8403.73,15055.8,2893.75
13,route,清除顺序,538641422,11,8403.73,11850.1,2397.9
13,route,清除顺序,538641422,16,8403.73,11699.4,2627.44
13,route,清除顺序,538641422,21,8403.73,10912.8,2475.18
13,route,清除顺序,538641422,26,8403.73,11284.3,2465.16
13,route,清除顺序,538641422,31,8403.73,11236.3,2677.1
13,route,清除顺序,538641422,36,8403.73,11426.1,2799.91
13,route,清除顺序,538641422,41,8403.73,10763.3,2540.66
13,route,清除顺序,538641422,46,8403.73,11422.8,2745.22
13,route,清除顺序,538641422,51,8403.73,11194.5,2398.46
13,route,清除顺序,538641422,56,8403.73,10542.7,2350.57
13,route,清除顺序,538641422,61,8403.73,10168.9,2086.28
13,route,清除顺序,538641422,66,8403.73,10638.5,2425.85
13,route,清除顺序,538641422,71,8403.73,10467.3,2303.17
13,route,清除顺序,538641422,76,8403.73,10234.9,2132.93
13,route,清除顺序,538641422,81,8403.73,11169.4,2482.21
13,route,清除顺序,538641422,86,8403.73,10495.2,2229.35
13,route,清除顺序,538641422,91,8403.73,10454.1,2322.38
13,route,清除顺序,538641422,96,8403.73,11271,2587.45
13,route,清除顺序,538641422,101,8403.73,10636.7,2245.51
13,route,清除顺序,538641422,106,8403.73,10709.9,2548.3
13,route,清除顺序,538641422,111,8403.73,9837.27,1942.76
13,route,清除顺序,538641422,116,8403.73,9935.46,2173.62
13,route,清除顺序,538641422,121,8403.73,10227.9,2335.74
13,route,清除顺序,538641422,126,8403.73,9845.64,2131.15
13,route,清除顺序,538641422,131,8403.73,9854.13,1874.83
13,route,清除顺序,538641422,136,8403.73,10314.4,2287.62
13,route,清除顺序,538641422,141,8403.73,9958.23,2422.19
13,route,清除顺序,538641422,146,8403.73,10001.4,2260.45
13,route,清除顺序,538641422,151,8403.73,10470.4,2419.26
13,route,清除顺序,538641422,156,8403.73,9808.85,2000.45
13,route,清除顺序,538641422,161,8403.73,9865.56,1895.59
13,route,清除顺序,538641422,166,8403.73,10345.7,2423.1
13,route,清除顺序,538641422,171,8403.73,9817.21,1872.74
13,route,清除顺序,538641422,176,8403.73,10117.9,2254.93
13,route,清除顺序,538641422,181,8403.73,9807.44,2295.33
13,route,清除顺序,538641422,186,8403.73,9978.91,2452.16
13,route,清除顺序,538641422,191,8403.73,9891.01,2080.64
13,route,清除顺序,538641422,196,8403.73,9724.92,1942.16
13,route,清除顺序,538641422,201,8403.73,9916.23,2063.2
13,route,清除顺序,538641422,206,8403.73,9605.47,1927.03
13,route,清除顺序,538641422,211,8403.73,9830.02,2266.14
13,route,清除顺序,538641422,216,8403.73,10099.3,2232.18
13,route,清除顺序,538641422,221,8403.73,9817.6,1974.91
13,route,清除顺序,538641422,226,8403.73,9861.02,1991.05
13,route,清除顺序,538641422,231,8403.73,10035.9,2247.18
13,route,清除顺序,538641422,236,8403.73,9706.98,2179.72
13,route,清除顺序,538641422,241,8403.73,9363.04,1738.06
13,route,清除顺序,538641422,246,8403.73,9510.1,1963.97
13,route,清除顺序,538641422,251,8403.73,9448.36,1710.82
13,route,清除顺序,538641422,256,8403.73,8997.01,1162.04
13,route,清除顺序,538641422,261,8403.73,9579.12,1693.78
13,route,清除顺序,538641422,266,8403.73,9866.79,2126.73
13,route,清除顺序,538641422,271,8403.73,9574.03,1835.98
13,route,清除顺序,538641422,276,8403.73,9753.57,1999.34
13,route,清除顺序,538641422,281,8403.73,9668.99,2205.89
13,route,清除顺序,538641422,286,8403.73,9769.6,2219.7
13,route,清除顺序,538641422,291,8403.73,9425.3,1901.02
13,route,清除顺序,538641422,296,8403.73,9429.71,1907.41
13,route,清除顺序,538641422,300,8403.73,9849.2,2409
14,route,覆盖路点巡回,1924045406,0,8144.77,13443.9,1499.26
14,route,覆盖路点巡回,1924045406,1,8144.77,12825.5,1615.16
14,route,覆盖路点巡回,1924045406,6,8144.77,11782.4,1587.2
14,route,覆盖路点巡回,1924045406,11,8144.77,11650.9,1662.79
14,route,覆盖路点巡回,1924045406,16,8144.77,11377.9,1640.86
14,route,覆盖路点巡回,1924045406,21,8124.55,11419,1648.54
14,route,覆盖路点巡回,1924045406,26,8124.55,10970.2,1808.85
14,route,覆盖路点巡回,1924045406,31,8116.69,10663.6,1882.88
14,route,覆盖路点巡回,1924045406,36,8116.69,11103.1,1576.16
14,route,覆盖路点巡回,1924045406,41,8116.69,11006.4,1727.03
14,route,覆盖路点巡回,1924045406,46,8116.69,10163.5,1810.42
14,route,覆盖路点巡回,1924045406,51,8116.69,9939.6,1879.19
14,route,覆盖路点巡回,1924045406,56,8116.69,9787.4,1738.48
14,route,覆盖路点巡回,1924045406,61,8116.69,9561.14,1645.6
14,route,覆盖路点巡回,1924045406,66,8116.69,9846.91,1601.62
14,route,覆盖路点巡回,1924045406,71,8116.69,10049.9,1760.05
14,route,覆盖路点巡回,1924045406,76,8116.69,9880.9,1548.13
14,route,覆盖路点巡回,1924045406,81,8116.69,9951.54,1830.14
14,route,覆盖路点巡回,1924045406,86,8116.69,9922.11,1707.33
14,route,覆盖路点巡回,1924045406,91,8116.69,9864.13,1800.28
14,route,覆盖路点巡回,1924045406,96,8116.69,10002,1807.41
14,route,覆盖路点巡回,1924045406,101,8116.69,10206.3,1684.47
14,route,覆盖路点巡回,1924045406,106,8116.69,9954.78,1658.89
14,route,覆盖路点巡回,1924045406,111,8116.69,9897.14,1620.72
14,route,覆盖路点巡回,1924045406,116,8116.69,9588.62,1460.82
14,route,覆盖路点巡回,1924045406,121,8116.69,9373.31,1579.62
14,route,覆盖路点巡回,1924045406,126,8116.69,9803.88,1499.05
14,route,覆盖路点巡回,1924045406,131,8116.69,9443.48,1529.29
14,route,覆盖路点巡回,1924045406,136,8116.69,9433.2,1355.98
14,route,覆盖路点巡回,1924045406,141,8116.69,9262.73,1444.33
14,route,覆盖路点巡回,1924045406,146,8116.69,9347.59,1601.87
14,route,覆盖路点巡回,1924045406,151,8116.69,9637.28,1462.28
14,route,覆盖路点巡回,1924045406,156,8116.69,9447.87,1624.22
14,route,覆盖路点巡回,1924045406,161,8116.69,8987.48,1236.28
14,route,覆盖路点巡回,1924045406,166,8116.69,9551.36,1643.04
14,route,覆盖路点巡回,1924045406,171,8116.69,9503.71,1514.99
14,route,覆盖路点巡回,1924045406,176,8116.69,9462.55,1423.72
14,route,覆盖路点巡回,1924045406,181,8116.69,9495.2,1532.53
14,route,覆盖路点巡回,1924045406,186,8116.69,9242.63,1482.6
14,route,覆盖路点巡回,1924045406,191,8116.69,9367.78,1564.6
14,route,覆盖路点巡回,1924045406,196,8116.69,9423.38,1499.22
14,route,覆盖路点巡回,1924045406,201,8116.69,9547.25,1668.19
14,route,覆盖路点巡回,1924045406,206,8116.69,9304.27,1416.25
14,route,覆盖路点巡回,1924045406,211,8116.69,9083.46,1366.39
14,route,覆盖路点巡回,1924045406,216,8116.69,9097.37,1631.86
14,route,覆盖路点巡回,1924045406,221,8116.69,9287.82,1561.53
14,route,覆盖路点巡回,1924045406,226,8116.69,9223.74,1546.33
14,route,覆盖路点巡回,1924045406,231,8116.69,9089.76,1239.41
14,route,覆盖路点巡回,1924045406,236,8116.69,9103.8,1510.91
14,route,覆盖路点巡回,1924045406,241,8116.69,9109.04,1422.26
14,route,覆盖路点巡回,1924045406,246,8116.69,8926.73,1247.58
14,route,覆盖路点巡回,1924045406,251,8116.69,8876.31,1225.5
14,route,覆盖路点巡回,1924045406,256,8116.69,9200.62,1469.25
14,route,覆盖路点巡回,1924045406,261,8116.69,9068.78,1438.75
14,route,覆盖路点巡回,1924045406,266,8116.69,8746.74,1150.99
14,route,覆盖路点巡回,1924045406,271,8116.69,8879.14,1237.19
14,route,覆盖路点巡回,1924045406,276,8116.69,8760.03,1274.05
14,route,覆盖路点巡回,1924045406,281,8116.69,8727.52,1172.42
14,route,覆盖路点巡回,1924045406,286,8116.69,8885.4,1266.25
14,route,覆盖路点巡回,1924045406,291,8116.69,9243.79,1569.83
14,route,覆盖路点巡回,1924045406,296,8116.69,8693.01,1018.56
14,route,覆盖路点巡回,1924045406,300,8116.69,8991.68,1395.09
14,localize,频道2,13,0,0.290167,106.266,55.6978
14,localize,频道2,13,1,0.290167,52.1026,32.9085
14,localize,频道2,13,6,0.290167,8.05,9.02572
14,localize,频道2,13,11,0.233686,7.30419,8.38889
14,localize,频道2,13,16,0.22983,6.75212,7.32939
14,localize,频道2,13,21,0.228958,6.91325,8.43409
14,localize,频道2,13,26,0.22881,7.43188,9.41776
14,localize,频道2,13,31,0.228777,6.40883,8.22018
14,localize,频道2,13,36,0.22854,5.5581,7.45577
14,localize,频道2,13,41,0.22854,5.18282,7.78584
14,localize,频道2,13,46,0.22854,5.90846,8.36042
14,localize,频道2,13,51,0.22854,5.40334,6.2839
14,localize,频道2,13,56,0.22854,6.17044,8.13043
14,localize,频道2,13,61,0.228525,4.33767,4.13121
14,localize,频道2,13,66,0.228525,5.76325,7.51185
14,localize,频道2,13,71,0.228525,4.54701,5.46263
14,localize,频道2,13,76,0.228525,4.45703,4.94555
14,localize,频道2,13,81,0.228525,4.05058,5.16274
14,localize,频道2,13,86,0.228525,2.90567,3.83378
14,localize,频道2,13,91,0.228525,3.12841,3.42957
14,localize,频道2,13,96,0.228525,2.84712,3.28224
14,localize,频道2,13,101,0.228525,2.76885,2.96131
14,localize,频道2,13,106,0.228525,2.69534,3.30124
14,localize,频道2,13,111,0.228525,2.9992,2.95809
14,localize,频道2,13,116,0.228525,2.23667,2.56063
14,localize,频道2,13,121,0.228525,1.88492,1.78383
14,localize,频道2,13,126,0.228525,2.09778,2.48634
14,localize,频道2,13,131,0.228525,1.70038,1.71997
14,localize,频道2,13,136,0.228525,1.45095,1.79123
14,localize,频道2,13,141,0.228518,1.15953,1.3005
14,localize,频道2,13,146,0.228518,0.989225,0.996864
14,localize,频道2,13,150,0.228518,0.750405,0.735686
14,localize,频道3,13,0,0.655135,116.987,51.3845
14,localize,频道3,13,1,0.655135,68.0373,32.5189
14,localize,频道3,13,6,0.636814,15.5368,19.3308
14,localize,频道3,13,11,0.636814,12.7643,15.8785
14,localize,频道3,13,16,0.636814,14.5688,16.3584
14,localize,频道3,13,21,0.635662,13.3751,17.2108
14,localize,频道3,13,26,0.635662,14.7146,19.5408
14,localize,频道3,13,31,0.63488,13.0638,17.7029
14,localize,频道3,13,36,0.634864,11.3519,18.1661
14,localize,频道3,13,41,0.634864,11.0093,16.4423
14,localize,频道3,13,46,0.634864,12.7686,17.7886
14,localize,频道3,13,51,0.634864,11.9464,14.8061
14,localize,频道3,13,56,0.634864,12.9765,18.4657
14,localize,频道3,13,61,0.634864,8.61447,7.93503
14,localize,频道3,13,66,0.634864,9.67189,12.1565
14,localize,频道3,13,71,0.634864,9.4535,12.9601
14,localize,频道3,13,76,0.634864,8.93019,10.9351
14,localize,频道3,13,81,0.634864,7.40891,10.3629
14,localize,频道3,13,86,0.634864,7.31444,10.0901
14,localize,频道3,13,91,0.634864,6.4286,7.10288
14,localize,频道3,13,96,0.634864,6.08397,7.57185
14,localize,频道3,13,101,0.634864,5.62542,7.36745
14,localize,频道3,13,106,0.634864,5.18665,7.02835
14,localize,频道3,13,111,0.634864,5.39493,5.98727
14,localize,频道3,13,116,0.634864,4.75266,5.28576
14,localize,频道3,13,121,0.634864,3.78336,4.13303
14,localize,频道3,13,126,0.634864,4.70759,6.18545
14,localize,频道3,13,131,0.634864,3.2829,3.73756
14,localize,频道3,13,136,0.634864,3.12822,4.13183
14,localize,频道3,13,141,0.634864,2.41599,2.45124
14,localize,频道3,13,146,0.634864,1.98435,1.79104
14,localize,频道3,13,150,0.634864,1.67931,1.65025
14,localize,频道4,13,0,0.17338,107.632,57.9594
14,localize,频道4,13,1,0.17338,52.2638,31.834
14,localize,频道4,13,6,0.17338,7.47805,7.75425
14,localize,频道4,13,11,0.117061,6.37258,6.99335
14,localize,频道4,13,16,0.117061,7.32977,8.12776
14,localize,频道4,13,21,0.116904,6.03424,6.79259
14,localize,频道4,13,26,0.116904,7.34051,8.26869
14,localize,频道4,13,31,0.116814,6.01815,7.12712
14,localize,频道4,13,36,0.116814,4.74505,6.13522
14,localize,频道4,13,41,0.116814,4.88673,6.29049
14,localize,频道4,13,46,0.116814,5.45458,6.54365
14,localize,频道4,13,51,0.116814,5.33207,5.67217
14,localize,频道4,13,56,0.116811,5.42949,6.42301
14,localize,频道4,13,61,0.116808,4.35209,3.71926
14,localize,频道4,13,66,0.116808,4.88654,5.07259
14,localize,频道4,13,71,0.116808,4.01523,4.55608
14,localize,频道4,13,76,0.116808,4.22065,4.81849
14,localize,频道4,13,81,0.116808,3.67803,4.49312
14,localize,频道4,13,86,0.116808,3.13296,3.31656
14,localize,频道4,13,91,0.116808,3.27657,3.57288
14,localize,频道4,13,96,0.116808,2.88259,3.28725
14,localize,频道4,13,101,0.116808,2.62422,2.98484
14,localize,频道4,13,106,0.116807,2.51121,3.17345
14,localize,频道4,13,111,0.116807,2.60394,2.91798
14,localize,频道4,13,116,0.116807,2.12679,2.36321
14,localize,频道4,13,121,0.116807,1.91301,1.83127
14,localize,频道4,13,126,0.116806,2.28078,2.64271
14,localize,频道4,13,131,0.116806,1.55202,1.64685
14,localize,频道4,13,136,0.116806,1.31265,1.71399
14,localize,频道4,13,141,0.116804,1.03081,1.07339
14,localize,频道4,13,146,0.116804,0.855528,0.859817
14,localize,频道4,13,150,0.116804,0.726555,0.787376
14,localize,频道5,13,0,0.389971,108.681,58.7867
14,localize,频道5,13,1,0.389971,50.3622,34.1093
14,localize,频道5,13,6,0.30033,7.33101,7.37586
14,localize,频道5,13,11,0.263199,6.41658,7.03315
14,localize,频道5,13,16,0.262226,7.36764,8.67045
14,localize,频道5,13,21,0.261954,6.08695,6.41775
14,localize,频道5,13,26,0.261954,7.11784,7.61841
14,localize,频道5,13,31,0.261954,5.88808,7.03219
14,localize,频道5,13,36,0.26182,4.66731,5.73013
14,localize,频道5,13,41,0.261795,4.49539,5.09968
14,localize,频道5,13,46,0.261795,5.19822,5.37358
14,localize,频道5,13,51,0.261795,5.38999,5.18337
14,localize,频道5,13,56,0.261795,5.23926,6.23387
14,localize,频道5,13,61,0.261793,4.05194,3.53832
14,localize,频道5,13,66,0.261791,4.62711,5.24067
14,localize,频道5,13,71,0.261791,4.25549,4.73485
14,localize,频道5,13,76,0.261781,4.4104,4.94603
14,localize,频道5,13,81,0.261781,3.60284,4.28085
14,localize,频道5,13,86,0.261781,3.26736,3.70189
14,localize,频道5,13,91,0.261768,3.14106,3.66449
14,localize,频道5,13,96,0.261764,2.72539,3.36278
14,localize,频道5,13,101,0.261762,2.69185,3.05649
14,localize,频道5,13,106,0.261762,2.59992,3.05195
14,localize,频道5,13,111,0.261762,2.91364,3.12342
14,localize,频道5,13,116,0.261762,2.12518,2.32753
14,localize,频道5,13,121,0.261762,1.91527,1.69074
14,localize,频道5,13,126,0.261762,2.16125,2.4656
14,localize,频道5,13,131,0.261762,1.63284,1.66329
14,localize,频道5,13,136,0.261762,1.4272,1.69911
14,localize,频道5,13,141,0.261762,1.10238,0.98249
14,localize,频道5,13,146,0.261762,0.911697,0.739251
14,localize,频道5,13,150,0.261762,0.792419,0.741163
14,localize,频道6,13,0,0.421926,146.02,71.5784
14,localize,频道6,13,1,0.421926,80.3006,50.8918
14,localize,频道6,13,6,0.362869,8.04834,8.62281
14,localize,频道6,13,11,0.327111,6.70108,7.80027
14,localize,频道6,13,16,0.326911,8.11064,8.96945
14,localize,频道6,13,21,0.326233,6.4863,7.34214
14,localize,频道6,13,26,0.326233,7.9139,9.32759
14,localize,频道6,13,31,0.326224,6.44336,7.83754
14,localize,频道6,13,36,0.326224,5.32742,7.09517
14,localize,频道6,13,41,0.326224,5.269,7.36676
14,localize,频道6,13,46,0.326216,6.35069,7.87369
14,localize,频道6,13,51,0.326216,5.43262,5.89419
14,localize,频道6,13,56,0.326215,5.86533,7.25783
14,localize,频道6,13,61,0.326211,4.83997,4.2701
14,localize,频道6,13,66,0.326211,5.40578,6.38564
14,localize,频道6,13,71,0.326211,4.5968,5.17951
14,localize,频道6,13,76,0.326211,4.56383,5.0311
14,localize,频道6,13,81,0.326211,3.83953,4.63955
14,localize,频道6,13,86,0.326205,3.05948,3.36263
14,localize,频道6,13,91,0.326205,3.07043,3.25517
14,localize,频道6,13,96,0.326203,2.98055,3.40866
14,localize,频道6,13,101,0.326203,2.73472,2.97261
14,localize,频道6,13,106,0.3262,2.68612,3.07816
14,localize,频道6,13,111,0.3262,2.98226,2.87571
14,localize,频道6,13,116,0.3262,2.19731,2.28754
14,localize,频道6,13,121,0.3262,1.8937,1.83689
14,localize,频道6,13,126,0.3262,2.18764,2.42847
14,localize,频道6,13,131,0.3262,1.5639,1.49316
14,localize,频道6,13,136,0.3262,1.46717,1.72542
14,localize,频道6,13,141,0.3262,1.15096,1.08537
14,localize,频道6,13,146,0.3262,0.96368,0.832794
14,localize,频道6,13,150,0.3262,0.805444,0.688149
14,localize,频道8,13,0,0,127.532,49.8428
14,localize,频道8,13,1,0,77.9066,39.7991
14,localize,频道9,13,0,0,120.385,45.9277
14,localize,频道9,13,1,0,77.8268,32.8925
14,localize,频道9,13,0,0,120.385,45.9277
14,localize,频道9,13,1,0,77.8268,32.8925
14,localize,频道9,13,0,0.335139,127.711,56.1972
14,localize,频道9,13,1,0.335139,76.2669,35.9858
14,localize,频道9,13,6,0.335139,25.3097,28.6265
14,localize,频道9,13,11,0.335139,17.9623,20.143
14,localize,频道9,13,16,0.328409,21.1444,25.4079
14,localize,频道9,13,21,0.3203,18.3362,25.6946
14,localize,频道9,13,26,0.319897,23.3751,30.7558
14,localize,频道9,13,31,0.319897,17.7818,22.8048
14,localize,频道9,13,36,0.319708,14.3577,20.5399
14,localize,频道9,13,41,0.319708,13.3983,20.5043
14,localize,频道9,13,46,0.319708,17.0423,24.2884
14,localize,频道9,13,51,0.319708,16.5893,23.2789
14,localize,频道9,13,56,0.319708,18.2374,26.2906
14,localize,频道9,13,61,0.319433,13.9378,16.4802
14,localize,频道9,13,66,0.319433,12.838,15.9378
14,localize,频道9,13,71,0.319433,13.6683,19.5718
14,localize,频道9,13,76,0.319433,11.5712,13.3375
14,localize,频道9,13,81,0.319433,10.6001,13.09
14,localize,频道9,13,86,0.319433,8.22636,10.0072
14,localize,频道9,13,91,0.319433,8.87433,12.4172
14,localize,频道9,13,96,0.319423,7.68928,8.95433
14,localize,频道9,13,101,0.319423,6.65474,7.46342
14,localize,频道9,13,106,0.319423,6.76152,8.42434
14,localize,频道9,13,111,0.319423,7.66881,8.39709
14,localize,频道9,13,116,0.319423,5.66094,6.51265
14,localize,频道9,13,121,0.319423,5.15008,5.08634
14,localize,频道9,13,126,0.319423,5.23294,5.58608
14,localize,频道9,13,131,0.319423,4.20255,4.27048
14,localize,频道9,13,136,0.319334,3.73479,5.16508
14,localize,频道9,13,141,0.319334,2.87833,2.79834
14,localize,频道9,13,146,0.319334,2.26874,2.25069
14,localize,频道9,13,150,0.319334,1.83652,1.93039
14,localize,频道9,13,0,0.335139,127.711,56.1972
14,localize,频道9,13,1,0.335139,76.2669,35.9858
14,localize,频道9,13,6,0.335139,25.3097,28.6265
14,localize,频道9,13,11,0.335139,17.9623,20.143
14,localize,频道9,13,16,0.328409,21.1444,25.4079
14,localize,频道9,13,21,0.3203,18.3362,25.6946
14,localize,频道9,13,26,0.319897,23.3751,30.7558
14,localize,频道9,13,31,0.319897,17.7818,22.8048
14,localize,频道9,13,36,0.319708,14.3577,20.5399
14,localize,频道9,13,41,0.319708,13.3983,20.5043
14,localize,频道9,13,46,0.319708,17.0423,24.2884
14,localize,频道9,13,51,0.319708,16.5893,23.2789
14,localize,频道9,13,56,0.319708,18.2374,26.2906
14,localize,频道9,13,61,0.319433,13.9378,16.4802
14,localize,频道9,13,66,0.319433,12.838,15.9378
14,localize,频道9,13,71,0.319433,13.6683,19.5718
14,localize,频道9,13,76,0.319433,11.5712,13.3375
14,localize,频道9,13,81,0.319433,10.6001,13.09
14,localize,频道9,13,86,0.319433,8.22636,10.0072
14,localize,频道9,13,91,0.319433,8.87433,12.4172
14,localize,频道9,13,96,0.319423,7.68928,8.95433
14,localize,频道9,13,101,0.319423,6.65474,7.46342
14,localize,频道9,13,106,0.319423,6.76152,8.42434
14,localize,频道9,13,111,0.319423,7.66881,8.39709
14,localize,频道9,13,116,0.319423,5.66094,6.51265
14,localize,频道9,13,121,0.319423,5.15008,5.08634
14,localize,频道9,13,126,0.319423,5.23294,5.58608
14,localize,频道9,13,131,0.319423,4.20255,4.27048
14,localize,频道9,13,136,0.319334,3.73479,5.16508
14,localize,频道9,13,141,0.319334,2.87833,2.79834
14,localize,频道9,13,146,0.319334,2.26874,2.25069
14,localize,频道9,13,150,0.319334,1.83652,1.93039
14,localize,频道10,13,0,0.284917,118.216,58.9734
14,localize,频道10,13,1,0.284917,61.9287,38.4709
14,localize,频道10,13,6,0.284917,11.6076,14.6728
14,localize,频道10,13,11,0.28119,8.37661,8.50931
14,localize,频道10,13,16,0.28119,9.42694,12.1647
14,localize,频道10,13,21,0.272157,8.75557,10.6235
14,localize,频道10,13,26,0.271495,11.1327,13.3863
14,localize,频道10,13,31,0.270827,9.85876,14.271
14,localize,频道10,13,36,0.270827,7.91678,12.0694
14,localize,频道10,13,41,0.270769,6.75587,9.08065
14,localize,频道10,13,46,0.270769,8.35546,11.0798
14,localize,频道10,13,51,0.270769,7.68711,9.94478
14,localize,频道10,13,56,0.270769,8.80396,11.2932
14,localize,频道10,13,61,0.270769,6.82197,6.10473
14,localize,频道10,13,66,0.270769,6.8461,7.58776
14,localize,频道10,13,71,0.270769,6.81319,7.83087
14,localize,频道10,13,76,0.270769,5.88786,6.60688
14,localize,频道10,13,81,0.270769,5.41488,6.31673
14,localize,频道10,13,86,0.270769,4.56436,5.51151
14,localize,频道10,13,91,0.270767,4.20702,5.17482
14,localize,频道10,13,96,0.270767,4.19497,5.01838
14,localize,频道10,13,101,0.270767,3.97538,4.45205
14,localize,频道10,13,106,0.270767,3.50379,4.09302
14,localize,频道10,13,111,0.270767,4.12236,4.588
14,localize,频道10,13,116,0.270767,3.10664,3.57833
14,localize,频道10,13,121,0.270767,2.45593,2.20859
14,localize,频道10,13,126,0.270767,3.20153,3.57086
14,localize,频道10,13,131,0.270767,2.36593,2.43367
14,localize,频道10,13,136,0.270767,1.80267,2.13844
14,localize,频道10,13,141,0.270767,1.59098,1.76371
14,localize,频道10,13,146,0.270767,1.31959,1.31432
14,localize,频道10,13,150,0.270767,1.09667,1.08798
14,localize,频道11,13,0,0.45203,129.745,64.4924
14,localize,频道11,13,1,0.45203,69.5722,40.3447
14,localize,频道11,13,6,0.45203,10.8572,12.0019
14,localize,频道11,13,11,0.435523,9.98052,10.2277
14,localize,频道11,13,16,0.435523,11.035,15.0798
14,localize,频道11,13,21,0.435523,8.95767,14.2179
14,localize,频道11,13,26,0.435523,11.4412,17.3459
14,localize,频道11,13,31,0.435308,9.42587,16.0602
14,localize,频道11,13,36,0.435296,7.43736,10.1797
14,localize,频道11,13,41,0.435296,6.47031,11.0493
14,localize,频道11,13,46,0.435296,7.19509,8.6847
14,localize,频道11,13,51,0.435296,7.42293,7.57458
14,localize,频道11,13,56,0.435296,8.61881,12.8782
14,localize,频道11,13,61,0.435296,5.98495,6.1305
14,localize,频道11,13,66,0.435296,7.80239,12.5249
14,localize,频道11,13,71,0.435296,6.39617,8.16043
14,localize,频道11,13,76,0.435296,6.47846,11.54
14,localize,频道11,13,81,0.435296,6.0336,11.2714
14,localize,频道11,13,86,0.435296,4.18503,6.37995
14,localize,频道11,13,91,0.435296,4.15358,4.49042
14,localize,频道11,13,96,0.435296,4.09037,4.60623
14,localize,频道11,13,101,0.435296,3.90447,4.69609
14,localize,频道11,13,106,0.435296,4.11677,5.75458
14,localize,频道11,13,111,0.435296,3.71502,3.65045
14,localize,频道11,13,116,0.435296,3.16193,4.22517
14,localize,频道11,13,121,0.435296,2.53829,2.58145
14,localize,频道11,13,126,0.435296,3.26474,3.71418
14,localize,频道11,13,131,0.435296,2.34261,2.5702
14,localize,频道11,13,136,0.435296,1.91411,2.28482
14,localize,频道11,13,141,0.435296,1.70735,1.9995
14,localize,频道11,13,146,0.435296,1.46033,1.66206
14,localize,频道11,13,150,0.435295,1.06129,1.08696
14,localize,频道12,13,0,0.0660039,122.023,54.3875
14,localize,频道12,13,1,0.0660039,74.2656,34.1367
14,localize,频道12,13,6,0.0660039,24.2872,24.1594
14,localize,频道12,13,11,0.0647332,21.3772,20.5151
14,localize,频道12,13,16,0.0647332,21.3135,21.4336
14,localize,频道12,13,21,0.0647332,21.6123,20.2721
14,localize,频道12,13,26,0.0647332,25.1483,24.6206
14,localize,频道12,13,31,0.0647332,25.9546,26.1237
14,localize,频道12,13,36,0.0647332,22.1759,25.7602
14,localize,频道12,13,41,0.0647332,22.1015,24.2689
14,localize,频道12,13,46,0.0647332,25.5471,27.5116
14,localize,频道12,13,51,0.0647332,22.6116,23.2374
14,localize,频道12,13,56,0.0583541,22.6759,24.0503
14,localize,频道12,13,61,0.0583541,20.4037,20.4738
14,localize,频道12,13,66,0.0583541,24.2266,24.3069
14,localize,频道12,13,71,0.0583541,22.2308,21.9516
14,localize,频道12,13,76,0.0583541,19.4051,21.3799
14,localize,频道12,13,81,0.0583541,19.9423,20.619
14,localize,频道12,13,86,0.0583541,16.9444,17.6831
14,localize,频道12,13,91,0.0583541,14.6697,16.5186
14,localize,频道12,13,96,0.0583541,15.325,18.4502
14,localize,频道12,13,101,0.0575372,15.6671,19.6785
14,localize,频道12,13,106,0.0562544,15.5593,20.1571
14,localize,频道12,13,111,0.0562544,18.5774,21.7312
14,localize,频道12,13,116,0.0562544,14.5403,17.0461
14,localize,频道12,13,121,0.0562544,12.29,15.3452
14,localize,频道12,13,126,0.0562544,13.4142,16.9155
14,localize,频道12,13,131,0.0562544,12.8993,16.9126
14,localize,频道12,13,136,0.0562544,12.3291,19.0516
14,localize,频道12,13,141,0.0561784,9.80054,14.678
14,localize,频道12,13,146,0.0561784,7.88122,11.6207
14,localize,频道12,13,150,0.0561559,6.54713,9.70785
14,localize,频道13,13,0,0.0116668,123.601,54.7771
14,localize,频道13,13,1,0.0116668,76.5644,38.1634
14,localize,频道13,13,6,0.0116668,15.8772,19.334
14,localize,频道13,13,11,0.00982149,13.7269,18.2458
14,localize,频道13,13,16,0.00982149,13.2312,16.5567
14,localize,频道13,13,21,0.00982149,12.1088,14.6248
14,localize,频道13,13,26,0.00982149,14.5924,19.6393
14,localize,频道13,13,31,0.00982149,12.3197,17.604
14,localize,频道13,13,36,0.0095126,10.5114,16.7011
14,localize,频道13,13,41,0.0095126,9.13038,13.1662
14,localize,频道13,13,46,0.0095126,11.7228,16.5656
14,localize,频道13,13,51,0.0095126,10.1455,13.2052
14,localize,频道13,13,56,0.0095126,12.1782,17.4027
14,localize,频道13,13,61,0.0095126,8.62922,8.57666
14,localize,频道13,13,66,0.0095126,9.36436,12.1597
14,localize,频道13,13,71,0.0095126,9.10405,12.4578
14,localize,频道13,13,76,0.0095126,8.36151,9.45654
14,localize,频道13,13,81,0.0095126,6.86032,8.06551
14,localize,频道13,13,86,0.0095126,5.99481,7.46565
14,localize,频道13,13,91,0.0095126,5.68668,6.97798
14,localize,频道13,13,96,0.0095126,5.02217,7.15859
14,localize,频道13,13,101,0.0095126,4.74619,5.94875
14,localize,频道13,13,106,0.009437,4.32145,5.88215
14,localize,频道13,13,111,0.009437,4.86658,5.89777
14,localize,频道13,13,116,0.009437,3.9243,4.77969
14,localize,频道13,13,121,0.009437,3.27665,3.65835
14,localize,频道13,13,126,0.009437,3.66909,4.3925
14,localize,频道13,13,131,0.009437,2.88267,3.40584
14,localize,频道13,13,136,0.00942691,2.45462,3.64017
14,localize,频道13,13,141,0.00942691,1.90292,2.01762
14,localize,频道13,13,146,0.00942691,1.54442,1.6124
14,localize,频道13,13,150,0.00942691,1.25732,1.53371
14,localize,频道18,13,0,0,138.597,49.3818
14,localize,频道18,13,1,0,92.1027,41.2972
14,route,清除顺序,1857138676,0,7297.35,16487.3,2282.92
14,route,清除顺序,1857138676,1,7297.35,15288.4,1846.9
14,route,清除顺序,1857138676,6,7297.35,11945.7,2294.7
14,route,清除顺序,1857138676,11,7297.35,9788.47,1816.79
14,route,清除顺序,1857138676,16,7297.35,9398.27,1834.45
14,route,清除顺序,1857138676,21,7297.35,9245.11,1872.79
14,route,清除顺序,1857138676,26,7297.35,9087.1,1929.4
14,route,清除顺序,1857138676,31,7297.35,8819.98,1922.21
14,route,清除顺序,1857138676,36,7297.35,9270.07,1907.76
14,route,清除顺序,1857138676,41,7297.35,9133.09,1956.01
14,route,清除顺序,1857138676,46,7297.35,8839.51,2023.87
14,route,清除顺序,1857138676,51,7297.35,9716.89,2173.03
14,route,清除顺序,1857138676,56,7297.35,8877.68,1618.47
14,route,清除顺序,1857138676,61,7297.35,9354.29,1862.48
14,route,清除顺序,1857138676,66,7297.35,9204.18,2048.05
14,route,清除顺序,1857138676,71,7297.35,8943.14,1886.25
14,route,清除顺序,1857138676,76,7240.01,9039.06,1940.07
14,route,清除顺序,1857138676,81,7240.01,8910.07,1913.1
14,route,清除顺序,1857138676,86,7240.01,9408.61,2059.69
14,route,清除顺序,1857138676,91,7240.01,8919.57,2025.33
14,route,清除顺序,1857138676,96,7240.01,8958,2066.15
14,route,清除顺序,1857138676,101,7240.01,8957.61,2105
14,route,清除顺序,1857138676,106,7240.01,8657.03,1657.89
14,route,清除顺序,1857138676,111,7240.01,8346.09,1785.38
14,route,清除顺序,1857138676,116,7240.01,8605.64,1933.77
14,route,清除顺序,1857138676,121,7240.01,8637.25,1865.37
14,route,清除顺序,1857138676,126,7240.01,8640.6,2035.45
14,route,清除顺序,1857138676,131,7240.01,8449.37,1779.82
14,route,清除顺序,1857138676,136,7240.01,8688.83,1940.36
14,route,清除顺序,1857138676,141,7240.01,8478.81,1812.5
14,route,清除顺序,1857138676,146,7240.01,8558.59,1829.08
14,route,清除顺序,1857138676,151,7240.01,8790.96,2078.63
14,route,清除顺序,1857138676,156,7240.01,8423.21,1552.92
14,route,清除顺序,1857138676,161,7240.01,8200.68,1568.59
14,route,清除顺序,1857138676,166,7240.01,8496.64,1706.38
14,route,清除顺序,1857138676,171,7240.01,8430.68,1802.92
14,route,清除顺序,1857138676,176,7240.01,8396.85,1808.55
14,route,清除顺序,1857138676,181,7240.01,8649.61,1779.89
14,route,清除顺序,1857138676,186,7240.01,8505.99,1861
14,route,清除顺序,1857138676,191,7240.01,8503.89,1707.03
14,route,清除顺序,1857138676,196,7240.01,8884.46,2273.27
14,route,清除顺序,1857138676,201,7240.01,8315.49,1652.08
14,route,清除顺序,1857138676,206,7240.01,8392.52,1597.55
14,route,清除顺序,1857138676,211,7240.01,8291.69,1659.01
14,route,清除顺序,1857138676,216,7240.01,8560.52,1828.52
14,route,清除顺序,1857138676,221,7240.01,7989.51,1497.04
14,route,清除顺序,1857138676,226,7240.01,8321.64,1755.71
14,route,清除顺序,1857138676,231,7240.01,8209.28,1677.48
14,route,清除顺序,1857138676,236,7240.01,8317.37,1586.5
14,route,清除顺序,1857138676,241,7240.01,8243.54,1627.92
14,route,清除顺序,1857138676,246,7240.01,8181.38,1670.08
14,route,清除顺序,1857138676,251,7240.01,8056.83,1567.3
14,route,清除顺序,1857138676,256,7240.01,8058.99,1503.12
14,route,清除顺序,1857138676,261,7240.01,7826.17,1224.47
14,route,清除顺序,1857138676,266,7240.01,8337.23,1821.27
14,route,清除顺序,1857138676,271,7240.01,8125.86,1637.03
14,route,清除顺序,1857138676,276,7240.01,8009.29,1368.59
14,route,清除顺序,1857138676,281,7240.01,8284.85,1736.72
14,route,清除顺序,1857138676,286,7240.01,8406.72,1869.6
14,route,清除顺序,1857138676,291,7240.01,7998.67,1448.81
14,route,清除顺序,1857138676,296,7240.01,8238.6,1823.51
14,route,清除顺序,1857138676,300,7240.01,7797.58,1272.2
15,route,覆盖路点巡回,322709278,0,8144.77,13459.6,1564.63
15,route,覆盖路点巡回,322709278,1,8144.77,12526.5,1476.96
15,route,覆盖路点巡回,322709278,6,8124.55,11312.2,1789.91
15,route,覆盖路点巡回,322709278,11,8124.55,11356.7,1588.88
15,route,覆盖路点巡回,322709278,16,8124.55,11581.1,1775.67
15,route,覆盖路点巡回,322709278,21,8116.69,10992.6,1791.41
15,route,覆盖路点巡回,322709278,26,8116.69,10564.1,1716.36
15,route,覆盖路点巡回,322709278,31,8116.69,10566.4,1721.27
15,route,覆盖路点巡回,322709278,36,8116.69,10050.2,1602.13
15,route,覆盖路点巡回,322709278,41,8116.69,10410.5,1820.48
15,route,覆盖路点巡回,322709278,46,8116.69,9910.76,1608.65
15,route,覆盖路点巡回,322709278,51,8116.69,9956.75,1724.57
15,route,覆盖路点巡回,322709278,56,8116.69,9964.69,1737.62
15,route,覆盖路点巡回,322709278,61,8116.69,9851.65,1620.11
15,route,覆盖路点巡回,322709278,66,8116.69,9983.68,1619.52
15,route,覆盖路点巡回,322709278,71,8116.69,9468.82,1444.49
15,route,覆盖路点巡回,322709278,76,8116.69,10016.7,1850.07
15,route,覆盖路点巡回,322709278,81,8116.69,9868.49,1589.45
15,route,覆盖路点巡回,322709278,86,8116.69,9581.09,1736.25
15,route,覆盖路点巡回,322709278,91,8116.69,9484.1,1598.44
15,route,覆盖路点巡回,322709278,96,8116.69,9702.19,1679.12
15,route,覆盖路点巡回,322709278,101,8116.69,9618.79,1754.42
15,route,覆盖路点巡回,322709278,106,8116.69,9630.23,1587.71
15,route,覆盖路点巡回,322709278,111,8116.69,9393.09,1593.11
15,route,覆盖路点巡回,322709278,116,8116.69,9494.36,1303.75
15,route,覆盖路点巡回,322709278,121,8116.69,9427.5,1537.65
15,route,覆盖路点巡回,322709278,126,8116.69,9091.92,1253.04
15,route,覆盖路点巡回,322709278,131,8116.69,9577.36,1596.02
15,route,覆盖路点巡回,322709278,136,8116.69,9297.41,1557.24
15,route,覆盖路点巡回,322709278,141,8116.69,9786.75,1714.54
15,route,覆盖路点巡回,322709278,146,8116.69,9518.89,1560.88
15,route,覆盖路点巡回,322709278,151,8116.69,10069.1,1528.19
15,route,覆盖路点巡回,322709278,156,8116.69,9420.32,1615.34
15,route,覆盖路点巡回,322709278,161,8116.69,9141.02,1500.95
15,route,覆盖路点巡回,322709278,166,8116.69,9260.8,1368.41
15,route,覆盖路点巡回,322709278,171,8116.69,9227.91,1454.34
15,route,覆盖路点巡回,322709278,176,8116.69,9298.8,1530.48
15,route,覆盖路点巡回,322709278,181,8116.69,9071.35,1440.71
15,route,覆盖路点巡回,322709278,186,8116.69,9151.85,1339.5
15,route,覆盖路点巡回,322709278,191,8116.69,9359.88,1590.75
15,route,覆盖路点巡回,322709278,196,8116.69,9164.39,1398.56
15,route,覆盖路点巡回,322709278,201,8116.69,9476.84,1738.92
15,route,覆盖路点巡回,322709278,206,8116.69,9197.67,1496.46
15,route,覆盖路点巡回,322709278,211,8116.69,9267.3,1477.27
15,route,覆盖路点巡回,322709278,216,8116.69,9407.71,1487.72
15,route,覆盖路点巡回,322709278,221,8116.69,9182.4,1413.58
15,route,覆盖路点巡回,322709278,226,8116.69,8939.25,1353.28
15,route,覆盖路点巡回,322709278,231,8116.69,9093.55,1525.9
15,route,覆盖路点巡回,322709278,236,8116.69,9115.51,1366.07
15,route,覆盖路点巡回,322709278,241,8116.69,9018.35,1306.18
15,route,覆盖路点巡回,322709278,246,8116.69,8967.45,1384.73
15,route,覆盖路点巡回,322709278,251,8116.69,8988.51,1282.16
15,route,覆盖路点巡回,322709278,256,8116.69,9141.97,1391.58
15,route,覆盖路点巡回,322709278,261,8116.69,8857.91,1156.87
15,route,覆盖路点巡回,322709278,266,8116.69,8730.37,1101.4
15,route,覆盖路点巡回,322709278,271,8116.69,9153.45,1424.16
15,route,覆盖路点巡回,322709278,276,8116.69,9062.84,1494.4
15,route,覆盖路点巡回,322709278,281,8116.69,8990.85,1375.51
15,route,覆盖路点巡回,322709278,286,8116.69,8793.55,1118.72
15,route,覆盖路点巡回,322709278,291,8116.69,8858.48,1222.89
15,route,覆盖路点巡回,322709278,296,8116.69,8894.31,1312.67
15,route,覆盖路点巡回,322709278,300,8116.69,9019.9,1323.52
15,localize,频道2,14,0,0,133.36,58.4609
15,localize,频道2,14,1,0,82.0901,49.2407
15,localize,频道5,14,0,0.464156,140.422,64.885
15,localize,频道5,14,1,0.464156,79.6443,46.3816
15,localize,频道5,14,6,0.442863,11.8097,10.6603
15,localize,频道5,14,11,0.439575,9.59338,9.6232
15,localize,频道5,14,16,0.439575,9.69718,11.821
15,localize,频道5,14,21,0.438418,9.22453,13.7563
15,localize,频道5,14,26,0.438344,7.68055,9.7301
15,localize,频道5,14,31,0.438344,7.5493,8.37935
15,localize,频道5,14,36,0.438341,9.21966,10.6832
15,localize,频道5,14,41,0.438341,6.84358,8.73443
15,localize,频道5,14,46,0.438341,7.66989,8.61317
15,localize,频道5,14,51,0.438341,6.91955,8.67331
15,localize,频道5,14,56,0.438341,6.34914,8.68857
15,localize,频道5,14,61,0.438338,6.23576,8.65333
15,localize,频道5,14,66,0.438338,5.20566,6.16063
15,localize,频道5,14,71,0.438338,5.71068,6.3843
15,localize,频道5,14,76,0.438338,5.70181,7.5291
15,localize,频道5,14,81,0.438338,5.3045,6.10183
15,localize,频道5,14,86,0.438338,4.64656,6.13808
15,localize,频道5,14,91,0.438338,5.29757,5.8641
15,localize,频道5,14,96,0.438338,4.47787,4.9207
15,localize,频道5,14,101,0.438338,5.20198,5.10413
15,localize,频道5,14,106,0.438338,4.02292,4.25562
15,localize,频道5,14,111,0.438338,3.15275,3.12845
15,localize,频道5,14,116,0.438338,2.87176,2.87024
15,localize,频道5,14,121,0.438338,2.7061,2.80339
15,localize,频道5,14,126,0.438338,2.85428,2.7192
15,localize,频道5,14,131,0.438338,2.66347,3.27992
15,localize,频道5,14,136,0.438338,2.22912,2.29699
15,localize,频道5,14,141,0.438338,1.82439,1.88889
15,localize,频道5,14,146,0.438338,1.67276,1.37807
15,localize,频道5,14,150,0.438338,1.34576,1.22551
15,localize,频道8,14,0,0.354536,124.934,56.9812
15,localize,频道8,14,1,0.354536,74.0207,46.746
15,localize,频道8,14,6,0.280128,11.2237,8.90078
15,localize,频道8,14,11,0.279242,9.09632,8.28083
15,localize,频道8,14,16,0.277217,9.04968,10.7211
15,localize,频道8,14,21,0.277217,7.31328,8.45923
15,localize,频道8,14,26,0.277207,7.78447,12.5029
15,localize,频道8,14,31,0.276924,7.27625,8.19572
15,localize,频道8,14,36,0.276921,9.25012,12.2715
15,localize,频道8,14,41,0.276875,6.82417,8.13096
15,localize,频道8,14,46,0.276875,7.35087,9.00741
15,localize,频道8,14,51,0.276875,6.70737,7.68765
15,localize,频道8,14,56,0.276875,6.27809,7.72344
15,localize,频道8,14,61,0.276875,6.16125,7.84608
15,localize,频道8,14,66,0.276875,4.76176,5.5006
15,localize,频道8,14,71,0.276873,5.1787,5.4817
15,localize,频道8,14,76,0.276873,5.67253,6.97149
15,localize,频道8,14,81,0.276873,5.37415,6.14525
15,localize,频道8,14,86,0.276873,4.50494,5.14384
15,localize,频道8,14,91,0.276873,4.8439,5.28832
15,localize,频道8,14,96,0.276873,4.09191,4.75112
15,localize,频道8,14,101,0.276873,4.69078,4.72876
15,localize,频道8,14,106,0.276873,3.98931,3.79041
15,localize,频道8,14,111,0.276873,3.38702,3.6031
15,localize,频道8,14,116,0.276873,2.64681,2.64666
15,localize,频道8,14,121,0.276873,2.5059,3.02212
15,localize,频道8,14,126,0.276873,2.66564,2.79221
15,localize,频道8,14,131,0.276873,2.40275,2.62031
15,localize,频道8,14,136,0.276873,1.99922,2.12548
15,localize,频道8,14,141,0.276873,1.56037,1.62
15,localize,频道8,14,146,0.276873,1.49352,1.3102
15,localize,频道8,14,150,0.276873,1.10658,1.11851
15,localize,频道9,14,0,0,131.96,50.4693
15,localize,频道9,14,1,0,89.7516,42.2285
15,localize,频道11,14,0,2.00972e-14,132.995,59.3481
15,localize,频道11,14,1,2.00972e-14,79.0245,47.2233
15,localize,频道12,14,0,0,127.73,56.1576
15,localize,频道12,14,1,0,83.2465,48.091
15,localize,频道17,14,0,0.255748,132.576,68.5854
15,localize,频道17,14,1,0.255748,75.4125,52.4756
15,localize,频道17,14,6,0.254246,7.57196,6.64573
15,localize,频道17,14,11,0.22868,6.707,6.35886
15,localize,频道17,14,16,0.218767,6.69563,7.48073
15,localize,频道17,14,21,0.214025,5.31634,6.04934
15,localize,频道17,14,26,0.213986,4.89907,7.87699
15,localize,频道17,14,31,0.213986,5.31668,6.90712
15,localize,频道17,14,36,0.213941,6.40952,8.76858
15,localize,频道17,14,41,0.213524,4.81912,5.4531
15,localize,频道17,14,46,0.213448,5.07195,5.81117
15,localize,频道17,14,51,0.213448,5.13697,5.98852
15,localize,频道17,14,56,0.213448,4.32908,5.29086
15,localize,频道17,14,61,0.213402,4.3655,5.52152
15,localize,频道17,14,66,0.213402,3.46307,4.03974
15,localize,频道17,14,71,0.213376,3.58533,4.05368
15,localize,频道17,14,76,0.213376,3.9041,4.79556
15,localize,频道17,14,81,0.213376,3.68481,3.85543
15,localize,频道17,14,86,0.213376,3.17333,3.56124
15,localize,频道17,14,91,0.213376,3.04865,3.14395
15,localize,频道17,14,96,0.213376,2.88862,3.52787
15,localize,频道17,14,101,0.213376,3.30378,3.42293
15,localize,频道17,14,106,0.213362,2.66661,2.70543
15,localize,频道17,14,111,0.213362,2.34171,2.66814
15,localize,频道17,14,116,0.213361,1.90929,1.9337
15,localize,频道17,14,121,0.213361,1.82084,2.03777
15,localize,频道17,14,126,0.213352,1.88519,1.8744
15,localize,频道17,14,131,0.213352,1.78918,2.04036
15,localize,频道17,14,136,0.213352,1.42314,1.57495
15,localize,频道17,14,141,0.213352,1.13665,1.16367
15,localize,频道17,14,146,0.213352,1.07607,0.956758
15,localize,频道17,14,150,0.213352,0.832209,0.813978
15,localize,频道18,14,0,0.135988,124.856,63.9046
15,localize,频道18,14,1,0.135988,68.0431,39.5067
15,localize,频道18,14,6,0.128581,9.34749,8.54842
15,localize,频道18,14,11,0.127933,5.6995,5.68984
15,localize,频道18,14,16,0.125649,6.33605,9.23742
15,localize,频道18,14,21,0.125432,5.27021,7.5599
15,localize,频道18,14,26,0.125152,5.32282,8.1856
15,localize,频道18,14,31,0.1251,5.73004,8.53315
15,localize,频道18,14,36,0.1251,6.24406,8.37883
15,localize,频道18,14,41,0.1251,3.77335,5.49173
15,localize,频道18,14,46,0.125074,4.83374,6.60551
15,localize,频道18,14,51,0.125061,3.56725,5.0737
15,localize,频道18,14,56,0.125061,3.78951,5.505
15,localize,频道18,14,61,0.125061,3.86189,5.77672
15,localize,频道18,14,66,0.125061,2.97411,4.19584
15,localize,频道18,14,71,0.12506,3.05869,3.68908
15,localize,频道18,14,76,0.12506,3.04388,4.4414
15,localize,频道18,14,81,0.12506,3.30427,4.26685
15,localize,频道18,14,86,0.12506,2.71711,3.64974
15,localize,频道18,14,91,0.12506,3.55004,4.8408
15,localize,频道18,14,96,0.12506,2.52258,3.43021
15,localize,频道18,14,101,0.12506,2.70499,3.25898
15,localize,频道18,14,106,0.12506,2.49619,2.75642
15,localize,频道18,14,111,0.12506,1.99074,2.62252
15,localize,频道18,14,116,0.12506,1.83171,2.22588
15,localize,频道18,14,121,0.12506,1.5738,2.05477
15,localize,频道18,14,126,0.12506,1.56069,2.05511
15,localize,频道18,14,131,0.12506,1.50681,2.09163
15,localize,频道18,14,136,0.12506,1.34403,1.70391
15,localize,频道18,14,141,0.125059,1.00106,1.33143
15,localize,频道18,14,146,0.125059,0.8924,1.01064
15,localize,频道18,14,150,0.125059,0.788575,1.01138
15,localize,频道18,14,0,0.135988,124.856,63.9046
15,localize,频道18,14,1,0.135988,68.0431,39.5067
15,localize,频道18,14,6,0.128581,9.34749,8.54842
15,localize,频道18,14,11,0.127933,5.6995,5.68984
15,localize,频道18,14,16,0.125649,6.33605,9.23742
15,localize,频道18,14,21,0.125432,5.27021,7.5599
15,localize,频道18,14,26,0.125152,5.32282,8.1856
15,localize,频道18,14,31,0.1251,5.73004,8.53315
15,localize,频道18,14,36,0.1251,6.24406,8.37883
15,localize,频道18,14,41,0.1251,3.77335,5.49173
15,localize,频道18,14,46,0.125074,4.83374,6.60551
15,localize,频道18,14,51,0.125061,3.56725,5.0737
15,localize,频道18,14,56,0.125061,3.78951,5.505
15,localize,频道18,14,61,0.125061,3.86189,5.77672
15,localize,频道18,14,66,0.125061,2.97411,4.19584
15,localize,频道18,14,71,0.12506,3.05869,3.68908
15,localize,频道18,14,76,0.12506,3.04388,4.4414
15,localize,频道18,14,81,0.12506,3.30427,4.26685
15,localize,频道18,14,86,0.12506,2.71711,3.64974
15,localize,频道18,14,91,0.12506,3.55004,4.8408
15,localize,频道18,14,96,0.12506,2.52258,3.43021
15,localize,频道18,14,101,0.12506,2.70499,3.25898
15,localize,频道18,14,106,0.12506,2.49619,2.75642
15,localize,频道18,14,111,0.12506,1.99074,2.62252
15,localize,频道18,14,116,0.12506,1.83171,2.22588
15,localize,频道18,14,121,0.12506,1.5738,2.05477
15,localize,频道18,14,126,0.12506,1.56069,2.05511
15,localize,频道18,14,131,0.12506,1.50681,2.09163
15,localize,频道18,14,136,0.12506,1.34403,1.70391
15,localize,频道18,14,141,0.125059,1.00106,1.33143
15,localize,频道18,14,146,0.125059,0.8924,1.01064
15,localize,频道18,14,150,0.125059,0.788575,1.01138
15,localize,频道18,14,0,0.319548,141.899,74.8436
15,localize,频道18,14,1,0.319548,80.1552,51.3816
15,localize,频道18,14,6,0.316576,15.3444,14.7534
15,localize,频道18,14,11,0.289108,13.0986,12.9267
15,localize,频道18,14,16,0.289108,13.6146,18.8367
15,localize,频道18,14,21,0.285778,11.878,18.1801
15,localize,频道18,14,26,0.285234,10.5279,15.4543
15,localize,频道18,14,31,0.28516,10.0247,11.7439
15,localize,频道18,14,36,0.28516,11.874,15.8339
15,localize,频道18,14,41,0.28516,10.0354,13.8301
15,localize,频道18,14,46,0.28516,10.6665,15.2952
15,localize,频道18,14,51,0.28516,9.34766,12.1468
15,localize,频道18,14,56,0.28516,9.00409,13.1778
15,localize,频道18,14,61,0.28516,8.50649,13.0664
15,localize,频道18,14,66,0.28516,6.91471,9.81368
15,localize,频道18,14,71,0.28516,7.46116,8.8835
15,localize,频道18,14,76,0.28516,8.16312,11.5653
15,localize,频道18,14,81,0.28516,7.15495,8.74045
15,localize,频道18,14,86,0.28516,5.98491,10.0701
15,localize,频道18,14,91,0.28516,7.24509,10.2455
15,localize,频道18,14,96,0.28516,5.12288,6.30715
15,localize,频道18,14,101,0.285155,6.10727,6.6498
15,localize,频道18,14,106,0.285155,5.23093,5.6092
15,localize,频道18,14,111,0.285155,4.1204,5.24917
15,localize,频道18,14,116,0.285155,3.45072,3.88759
15,localize,频道18,14,121,0.285155,3.2332,3.71952
15,localize,频道18,14,126,0.285154,3.47051,3.63549
15,localize,频道18,14,131,0.285153,3.1629,3.9263
15,localize,频道18,14,136,0.285153,2.54485,3.04652
15,localize,频道18,14,141,0.285153,2.06958,2.22964
15,localize,频道18,14,146,0.285153,1.98821,1.9434
15,localize,频道18,14,150,0.285152,1.38141,1.47994
15,localize,频道18,14,0,0.319548,141.899,74.8436
15,localize,频道18,14,1,0.319548,80.1552,51.3816
15,localize,频道18,14,6,0.316576,15.3444,14.7534
15,localize,频道18,14,11,0.289108,13.0986,12.9267
15,localize,频道18,14,16,0.289108,13.6146,18.8367
15,localize,频道18,14,21,0.285778,11.878,18.1801
15,localize,频道18,14,26,0.285234,10.5279,15.4543
15,localize,频道18,14,31,0.28516,10.0247,11.7439
15,localize,频道18,14,36,0.28516,11.874,15.8339
15,localize,频道18,14,41,0.28516,10.0354,13.8301
15,localize,频道18,14,46,0.28516,10.6665,15.2952
15,localize,频道18,14,51,0.28516,9.34766,12.1468
15,localize,频道18,14,56,0.28516,9.00409,13.1778
15,localize,频道18,14,61,0.28516,8.50649,13.0664
15,localize,频道18,14,66,0.28516,6.91471,9.81368
15,localize,频道18,14,71,0.28516,7.46116,8.8835
15,localize,频道18,14,76,0.28516,8.16312,11.5653
15,localize,频道18,14,81,0.28516,7.15495,8.74045
15,localize,频道18,14,86,0.28516,5.98491,10.0701
15,localize,频道18,14,91,0.28516,7.24509,10.2455
15,localize,频道18,14,96,0.28516,5.12288,6.30715
15,localize,频道18,14,101,0.285155,6.10727,6.6498
15,localize,频道18,14,106,0.285155,5.23093,5.6092
15,localize,频道18,14,111,0.285155,4.1204,5.24917
15,localize,频道18,14,116,0.285155,3.45072,3.88759
15,localize,频道18,14,121,0.285155,3.2332,3.71952
15,localize,频道18,14,126,0.285154,3.47051,3.63549
15,localize,频道18,14,131,0.285153,3.1629,3.9263
15,localize,频道18,14,136,0.285153,2.54485,3.04652
15,localize,频道18,14,141,0.285153,2.06958,2.22964
15,localize,频道18,14,146,0.285153,1.98821,1.9434
15,localize,频道18,14,150,0.285152,1.38141,1.47994
15,localize,频道19,14,0,0,127.568,55.3154
15,localize,频道19,14,1,0,79.9161,46.5968
15,localize,频道20,14,0,0.422317,117.355,58.9281
15,localize,频道20,14,1,0.422317,64.1538,44.1584
15,localize,频道20,14,6,0.371439,7.49647,7.03517
15,localize,频道20,14,11,0.352626,7.17026,6.79906
15,localize,频道20,14,16,0.351914,6.33265,8.23695
15,localize,频道20,14,21,0.349718,5.83318,7.05635
15,localize,频道20,14,26,0.349675,5.38514,7.07246
15,localize,频道20,14,31,0.349599,5.81679,6.737
15,localize,频道20,14,36,0.349589,6.41553,7.64124
15,localize,频道20,14,41,0.349569,4.99613,5.8982
15,localize,频道20,14,46,0.349554,5.3186,5.87182
15,localize,频道20,14,51,0.349554,5.20056,6.0629
15,localize,频道20,14,56,0.349493,4.73605,5.73054
15,localize,频道20,14,61,0.349493,4.64712,6.09254
15,localize,频道20,14,66,0.34949,3.6086,4.1508
15,localize,频道20,14,71,0.34949,3.97274,4.33711
15,localize,频道20,14,76,0.34949,3.97813,4.94084
15,localize,频道20,14,81,0.34949,4.06278,4.2447
15,localize,频道20,14,86,0.34949,3.30356,3.70579
15,localize,频道20,14,91,0.34949,3.64114,3.69366
15,localize,频道20,14,96,0.34949,3.18404,3.58532
15,localize,频道20,14,101,0.349489,3.50605,3.45672
15,localize,频道20,14,106,0.349489,3.18183,2.9744
15,localize,频道20,14,111,0.349489,2.38472,2.15882
15,localize,频道20,14,116,0.349489,1.99495,2.02975
15,localize,频道20,14,121,0.349489,1.94927,2.00913
15,localize,频道20,14,126,0.349489,2.02302,1.98709
15,localize,频道20,14,131,0.349489,1.84003,2.17817
15,localize,频道20,14,136,0.349489,1.63579,1.7088
15,localize,频道20,14,141,0.349489,1.34458,1.31437
15,localize,频道20,14,146,0.349488,1.20522,1.00903
15,localize,频道20,14,150,0.349486,0.984213,0.858315
15,route,清除顺序,1784523089,0,8462.96,18376.8,2811.66
15,route,清除顺序,1784523089,1,8462.96,16889.7,3120.36
15,route,清除顺序,1784523089,6,7921.29,12649.2,3058.13
15,route,清除顺序,1784523089,11,7874.28,11527.7,2713.3
15,route,清除顺序,1784523089,16,7619.52,11126.2,2951.46
15,route,清除顺序,1784523089,21,7619.52,10210.1,2786.38
15,route,清除顺序,1784523089,26,7619.52,10603.6,2885.86
15,route,清除顺序,1784523089,31,7619.52,10335.2,2636.77
15,route,清除顺序,1784523089,36,7619.52,10654.8,2784.84
15,route,清除顺序,1784523089,41,7619.52,9783.49,2725.65
15,route,清除顺序,1784523089,46,7619.52,10156.5,2901.95
15,route,清除顺序,1784523089,51,7619.52,10545.9,2799.57
15,route,清除顺序,1784523089,56,7619.52,10565.3,2844.87
15,route,清除顺序,1784523089,61,7619.52,9327.71,2186.17
15,route,清除顺序,1784523089,66,7619.52,9442.21,2237.8
15,route,清除顺序,1784523089,71,7619.52,10264.1,3002.8
15,route,清除顺序,1784523089,76,7619.52,10378.3,3180.04
15,route,清除顺序,1784523089,81,7619.52,9612.43,2623.76
15,route,清除顺序,1784523089,86,7619.52,10739.4,2878.89
15,route,清除顺序,1784523089,91,7619.52,10074,2878.31
15,route,清除顺序,1784523089,96,7619.52,9636.64,2516.71
15,route,清除顺序,1784523089,101,7619.52,10174,2829.43
15,route,清除顺序,1784523089,106,7619.52,9707.42,2647.79
15,route,清除顺序,1784523089,111,7619.52,9809.5,2891.5
15,route,清除顺序,1784523089,116,7619.52,9637.06,2353.77
15,route,清除顺序,1784523089,121,7619.52,10136,3176.7
15,route,清除顺序,1784523089,126,7619.52,10096.6,2928.85
15,route,清除顺序,1784523089,131,7619.52,9761.31,2984.59
15,route,清除顺序,1784523089,136,7619.52,9587.69,2619.08
15,route,清除顺序,1784523089,141,7619.52,9899.1,2718.13
15,route,清除顺序,1784523089,146,7619.52,9455.18,2551.13
15,route,清除顺序,1784523089,151,7619.52,9528.92,2838.25
15,route,清除顺序,1784523089,156,7619.52,9721.59,2648.36
15,route,清除顺序,1784523089,161,7619.52,9686.79,2683.47
15,route,清除顺序,1784523089,166,7619.52,9632.79,2673.04
15,route,清除顺序,1784523089,171,7619.52,9155.23,2363.33
15,route,清除顺序,1784523089,176,7619.52,9497.05,2707.21
15,route,清除顺序,1784523089,181,7619.52,9327.63,2708.21
15,route,清除顺序,1784523089,186,7619.52,9374.62,2416.83
15,route,清除顺序,1784523089,191,7619.52,9244.06,2566.23
15,route,清除顺序,1784523089,196,7619.52,9373.93,2692.03
15,route,清除顺序,1784523089,201,7619.52,9159.23,2398.81
15,route,清除顺序,1784523089,206,7619.52,8722.73,2016.53
15,route,清除顺序,1784523089,211,7619.52,9268.37,2581.05
15,route,清除顺序,1784523089,216,7619.52,9384.59,2460.9
15,route,清除顺序,1784523089,221,7619.52,9382.46,2584.65
15,route,清除顺序,1784523089,226,7619.52,9469.78,2908.4
15,route,清除顺序,1784523089,231,7619.52,8586.84,1904.73
15,route,清除顺序,1784523089,236,7619.52,8668.94,2072.7
15,route,清除顺序,1784523089,241,7619.52,8934.16,2084.83
15,route,清除顺序,1784523089,246,7619.52,8599.31,2015.84
15,route,清除顺序,1784523089,251,7619.52,9229.42,2558.27
15,route,清除顺序,1784523089,256,7619.52,8857.02,2325.4
15,route,清除顺序,1784523089,261,7619.52,9223.36,2654.95
15,route,清除顺序,1784523089,266,7619.52,8972.96,2115.65
15,route,清除顺序,1784523089,271,7619.52,9105.85,2560.88
15,route,清除顺序,1784523089,276,7619.52,8658.04,1826.47
15,route,清除顺序,1784523089,281,7619.52,8984.15,2353.08
15,route,清除顺序,1784523089,286,7619.52,9150.06,2664.86
15,route,清除顺序,1784523089,291,7619.52,8969.34,2468.71
15,route,清除顺序,1784523089,296,7619.52,8685.92,2002.27
15,route,清除顺序,1784523089,300,7619.52,8794.19,2221.57
16,route,覆盖路点巡回,1999787904,0,8144.77,13519,1521.33
16,route,覆盖路点巡回,1999787904,1,8144.77,12875.4,1409.14
16,route,覆盖路点巡回,1999787904,6,8116.69,11419.8,1790.8
16,route,覆盖路点巡回,1999787904,11,8116.69,10963.9,1679.89
16,route,覆盖路点巡回,1999787904,16,8116.69,10464.5,1783.8
16,route,覆盖路点巡回,1999787904,21,8116.69,10242,1754.65
16,route,覆盖路点巡回,1999787904,26,8116.69,10587.5,1830.92
16,route,覆盖路点巡回,1999787904,31,8116.69,9871.15,1691.05
16,route,覆盖路点巡回,1999787904,36,8116.69,9795.49,1608.07
16,route,覆盖路点巡回,1999787904,41,8116.69,9846.55,1746.09
16,route,覆盖路点巡回,1999787904,46,8116.69,10528.3,1889.07
16,route,覆盖路点巡回,1999787904,51,8116.69,10216.4,1537.5
16,route,覆盖路点巡回,1999787904,56,8116.69,10075.9,1610.28
16,route,覆盖路点巡回,1999787904,61,8116.69,9962.47,1661.27
16,route,覆盖路点巡回,1999787904,66,8116.69,9591.04,1810.67
16,route,覆盖路点巡回,1999787904,71,8116.69,9594.4,1755.63
16,route,覆盖路点巡回,1999787904,76,8116.69,9578.21,1446.87
16,route,覆盖路点巡回,1999787904,81,8116.69,10228.2,1723.94
16,route,覆盖路点巡回,1999787904,86,8116.69,9764.15,1767.87
16,route,覆盖路点巡回,1999787904,91,8116.69,9593.04,1661.59
16,route,覆盖路点巡回,1999787904,96,8116.69,9914.89,1576.46
16,route,覆盖路点巡回,1999787904,101,8116.69,9576.17,1622.62
16,route,覆盖路点巡回,1999787904,106,8116.69,9399.78,1544.6
16,route,覆盖路点巡回,1999787904,111,8116.69,9119.57,1375.05
16,route,覆盖路点巡回,1999787904,116,8116.69,9587.56,1734.45
16,route,覆盖路点巡回,1999787904,121,8116.69,9625.94,1683.56
16,route,覆盖路点巡回,1999787904,126,8116.69,9512.52,1550.55
16,route,覆盖路点巡回,1999787904,131,8116.69,9484.44,1445.19
16,route,覆盖路点巡回,1999787904,136,8116.69,9630.01,1682.83
16,route,覆盖路点巡回,1999787904,141,8116.69,9666.77,1577.51
16,route,覆盖路点巡回,1999787904,146,8116.69,9462.01,1418.98
16,route,覆盖路点巡回,1999787904,151,8116.69,9621.21,1741.59
16,route,覆盖路点巡回,1999787904,156,8116.69,9717.65,1653.36
16,route,覆盖路点巡回,1999787904,161,8116.69,9131.75,1398.31
16,route,覆盖路点巡回,1999787904,166,8116.69,9390.5,1576.19
16,route,覆盖路点巡回,1999787904,171,8116.69,9336.85,1626.81
16,route,覆盖路点巡回,1999787904,176,8116.69,9324.81,1479.19
16,route,覆盖路点巡回,1999787904,181,8116.69,9360.63,1524.37
16,route,覆盖路点巡回,1999787904,186,8116.69,9311.73,1713.96
16,route,覆盖路点巡回,1999787904,191,8116.69,9168,1448.21
16,route,覆盖路点巡回,1999787904,196,8116.69,9233.12,1497.74
16,route,覆盖路点巡回,1999787904,201,8116.69,9266.73,1391.51
16,route,覆盖路点巡回,1999787904,206,8116.69,9322.67,1631.26
16,route,覆盖路点巡回,1999787904,211,8116.69,8944.2,1367.29
16,route,覆盖路点巡回,1999787904,216,8116.69,9120.47,1336.3
16,route,覆盖路点巡回,1999787904,221,8116.69,9058.7,1535.2
16,route,覆盖路点巡回,1999787904,226,8116.69,9367.7,1673.13
16,route,覆盖路点巡回,1999787904,231,8116.69,9070.22,1346.99
16,route,覆盖路点巡回,1999787904,236,8116.69,8920.78,1338.97
16,route,覆盖路点巡回,1999787904,241,8116.69,9129.34,1293.08
16,route,覆盖路点巡回,1999787904,246,8116.69,8986.26,1233.29
16,route,覆盖路点巡回,1999787904,251,8116.69,9052.36,1383.99
16,route,覆盖路点巡回,1999787904,256,8116.69,8898.14,1346.35
16,route,覆盖路点巡回,1999787904,261,8116.69,9195.24,1504.05
16,route,覆盖路点巡回,1999787904,266,8116.69,8869.55,1236.72
16,route,覆盖路点巡回,1999787904,271,8116.69,9442.31,1614.67
16,route,覆盖路点巡回,1999787904,276,8116.69,8697.69,1238.61
16,route,覆盖路点巡回,1999787904,281,8116.69,9074,1376.26
16,route,覆盖路点巡回,1999787904,286,8116.69,8697.83,1080.28
16,route,覆盖路点巡回,1999787904,291,8116.69,8947.21,1399.71
16,route,覆盖路点巡回,1999787904,296,8116.69,8978.32,1442.04
16,route,覆盖路点巡回,1999787904,300,8116.69,8652.73,1205.3
16,localize,频道1,15,0,0.117656,108.584,59.3827
16,localize,频道1,15,1,0.117656,57.4463,44.8182
16,localize,频道1,15,6,0.117656,7.20646,7.52436
16,localize,频道1,15,11,0.102333,5.64562,6.02997
16,localize,频道1,15,16,0.0929878,4.91393,6.08954
16,localize,频道1,15,21,0.0929878,6.1587,7.09102
16,localize,频道1,15,26,0.0929878,5.80073,6.44007
16,localize,频道1,15,31,0.0929878,4.53028,5.59137
16,localize,频道1,15,36,0.0929878,5.68847,6.07215
16,localize,频道1,15,41,0.0929878,4.24945,5.02209
16,localize,频道1,15,46,0.0929208,5.53702,6.51618
16,localize,频道1,15,51,0.0929208,4.62547,5.09392
16,localize,频道1,15,56,0.0929208,3.92633,4.9797
16,localize,频道1,15,61,0.0929208,3.28527,4.06713
16,localize,频道1,15,66,0.0929208,4.10394,4.79562
16,localize,频道1,15,71,0.0929208,2.92014,3.18384
16,localize,频道1,15,76,0.0929208,3.27749,3.31014
16,localize,频道1,15,81,0.0929208,2.96522,3.16664
16,localize,频道1,15,86,0.0929208,2.99455,3.67015
16,localize,频道1,15,91,0.0929208,3.10897,3.13856
16,localize,频道1,15,96,0.0929208,2.46776,2.50223
16,localize,频道1,15,101,0.0928908,2.17636,2.24086
16,localize,频道1,15,106,0.0928908,2.49576,2.21275
16,localize,频道1,15,111,0.0928908,2.70962,2.83032
16,localize,频道1,15,116,0.0928908,1.76199,2.00793
16,localize,频道1,15,121,0.0928908,1.71886,1.6247
16,localize,频道1,15,126,0.0928908,1.55134,1.68336
16,localize,频道1,15,131,0.0928908,1.49719,1.69297
16,localize,频道1,15,136,0.0928908,1.16224,1.45145
16,localize,频道1,15,141,0.0928908,1.18026,1.18334
16,localize,频道1,15,146,0.092889,0.808388,0.860505
16,localize,频道1,15,150,0.092889,0.700384,0.797389
16,localize,频道2,15,0,0.333318,127.181,62.8509
16,localize,频道2,15,1,0.333318,72.6721,50.047
16,localize,频道2,15,6,0.333318,8.16402,7.31024
16,localize,频道2,15,11,0.269416,7.20714,8.0137
16,localize,频道2,15,16,0.264078,5.18389,6.71862
16,localize,频道2,15,21,0.264078,6.92517,8.18471
16,localize,频道2,15,26,0.264078,6.69452,8.27998
16,localize,频道2,15,31,0.264078,4.83213,6.27388
16,localize,频道2,15,36,0.264078,6.4613,6.43639
16,localize,频道2,15,41,0.264078,4.69022,5.97519
16,localize,频道2,15,46,0.264076,5.13156,5.59083
16,localize,频道2,15,51,0.264056,4.85952,6.05515
16,localize,频道2,15,56,0.264049,4.26488,4.85084
16,localize,频道2,15,61,0.264049,3.4638,4.27144
16,localize,频道2,15,66,0.264049,4.41315,5.42135
16,localize,频道2,15,71,0.264049,2.86788,3.22735
16,localize,频道2,15,76,0.264049,3.48685,3.9006
16,localize,频道2,15,81,0.264049,2.79953,3.32704
16,localize,频道2,15,86,0.264049,3.41153,3.9367
16,localize,频道2,15,91,0.264049,3.32322,3.46386
16,localize,频道2,15,96,0.264049,2.79352,2.95208
16,localize,频道2,15,101,0.264049,2.23151,2.63799
16,localize,频道2,15,106,0.264049,2.51342,2.43798
16,localize,频道2,15,111,0.264049,2.91108,2.89364
16,localize,频道2,15,116,0.264049,1.93968,2.09582
16,localize,频道2,15,121,0.264049,1.72012,1.61961
16,localize,频道2,15,126,0.264049,1.80513,1.77061
16,localize,频道2,15,131,0.264049,1.6003,1.71116
16,localize,频道2,15,136,0.264049,1.35671,1.55655
16,localize,频道2,15,141,0.264049,1.25962,1.251
16,localize,频道2,15,146,0.264049,0.971279,0.998456
16,localize,频道2,15,150,0.264049,0.747546,0.664833
16,localize,频道3,15,0,0.249145,123.892,56.195
16,localize,频道3,15,1,0.249145,79.3272,46.9873
16,localize,频道3,15,6,0.249145,12.2668,12.6178
16,localize,频道3,15,11,0.236751,9.85423,10.5431
16,localize,频道3,15,16,0.230923,8.33746,10.9062
16,localize,频道3,15,21,0.230923,9.8976,11.5766
16,localize,频道3,15,26,0.230923,10.4303,12.3867
16,localize,频道3,15,31,0.230923,7.48527,9.90652
16,localize,频道3,15,36,0.230923,8.5123,9.70287
16,localize,频道3,15,41,0.230855,6.73109,8.15241
16,localize,频道3,15,46,0.230855,7.60316,7.74282
16,localize,频道3,15,51,0.230599,7.62879,9.7419
16,localize,频道3,15,56,0.230599,6.05408,5.82799
16,localize,频道3,15,61,0.230598,5.16643,6.4047
16,localize,频道3,15,66,0.230598,6.32173,7.33838
16,localize,频道3,15,71,0.230598,4.54014,5.41856
16,localize,频道3,15,76,0.230552,5.24466,5.21773
16,localize,频道3,15,81,0.230552,4.55587,5.08852
16,localize,频道3,15,86,0.230552,5.03083,6.22815
16,localize,频道3,15,91,0.23055,4.96123,5.37466
16,localize,频道3,15,96,0.23055,4.08863,4.04664
16,localize,频道3,15,101,0.23055,3.29755,3.50416
16,localize,频道3,15,106,0.23055,4.01857,3.62867
16,localize,频道3,15,111,0.23055,4.12261,4.11192
16,localize,频道3,15,116,0.23055,2.82645,2.81765
16,localize,频道3,15,121,0.23055,2.68271,2.46929
16,localize,频道3,15,126,0.23055,2.48587,2.47172
16,localize,频道3,15,131,0.23055,2.37944,2.57668
16,localize,频道3,15,136,0.23055,1.99167,2.52404
16,localize,频道3,15,141,0.23055,1.85357,1.76011
16,localize,频道3,15,146,0.230549,1.34886,1.4886
16,localize,频道3,15,150,0.230543,1.04384,1.05763
16,localize,频道6,15,0,0.271136,109.886,49.9295
16,localize,频道6,15,1,0.271136,69.0864,41.9038
16,localize,频道6,15,6,0.271136,21.9003,22.1452
16,localize,频道6,15,11,0.271136,20.1875,22.9163
16,localize,频道6,15,16,0.24853,18.0246,23.313
16,localize,频道6,15,21,0.210084,19.2515,22.8474
16,localize,频道6,15,26,0.210084,22.6081,22.775
16,localize,频道6,15,31,0.210084,16.4345,20.2216
16,localize,频道6,15,36,0.210084,22.9581,25.6959
16,localize,频道6,15,41,0.209662,17.6748,23.6611
16,localize,频道6,15,46,0.209624,23.325,27.1001
16,localize,频道6,15,51,0.209624,19.6309,24.278
16,localize,频道6,15,56,0.209518,16.7053,19.222
16,localize,频道6,15,61,0.209518,13.1262,17.4835
16,localize,频道6,15,66,0.209518,19.726,24.5171
16,localize,频道6,15,71,0.209518,15.0621,19.4687
16,localize,频道6,15,76,0.209518,15.0758,19.1653
16,localize,频道6,15,81,0.209518,17.3867,22.5896
16,localize,频道6,15,86,0.209518,16.7176,24.6462
16,localize,频道6,15,91,0.209518,17.7535,21.2189
16,localize,频道6,15,96,0.209518,12.9451,16.5928
16,localize,频道6,15,101,0.209518,11.5164,15.1187
16,localize,频道6,15,106,0.209518,13.4527,15.0126
16,localize,频道6,15,111,0.209518,16.9719,24.0747
16,localize,频道6,15,116,0.209491,9.54109,14.2384
16,localize,频道6,15,121,0.209491,10.6144,12.7813
16,localize,频道6,15,126,0.209491,8.14872,10.846
16,localize,频道6,15,131,0.209491,11.0676,17.259
16,localize,频道6,15,136,0.209491,6.5454,9.52007
16,localize,频道6,15,141,0.209486,8.17161,11.3125
16,localize,频道6,15,146,0.209486,5.3461,8.56658
16,localize,频道6,15,150,0.209486,3.75284,5.25425
16,localize,频道8,15,0,0.432614,117.692,59.9064
16,localize,频道8,15,1,0.432614,61.207,42.7249
16,localize,频道8,15,6,0.350529,8.98101,8.8668
16,localize,频道8,15,11,0.2821,7.25477,8.22327
16,localize,频道8,15,16,0.264595,5.62143,7.09101
16,localize,频道8,15,21,0.264595,7.88543,9.64036
16,localize,频道8,15,26,0.264434,7.65812,10.7084
16,localize,频道8,15,31,0.264434,5.68988,7.59767
16,localize,频道8,15,36,0.264434,6.95895,6.81778
16,localize,频道8,15,41,0.264434,5.64313,7.08556
16,localize,频道8,15,46,0.264433,5.7202,6.45693
16,localize,频道8,15,51,0.264433,5.75107,7.49337
16,localize,频道8,15,56,0.264433,4.47286,5.00755
16,localize,频道8,15,61,0.264433,4.14582,5.18462
16,localize,频道8,15,66,0.264433,5.09397,5.92588
16,localize,频道8,15,71,0.264433,3.05477,3.59734
16,localize,频道8,15,76,0.264433,3.96795,4.6124
16,localize,频道8,15,81,0.264433,3.30033,3.81578
16,localize,频道8,15,86,0.264433,3.79629,4.49109
16,localize,频道8,15,91,0.264433,3.78167,4.31874
16,localize,频道8,15,96,0.264433,3.29674,3.73033
16,localize,频道8,15,101,0.264433,2.44636,3.23919
16,localize,频道8,15,106,0.264433,2.76104,2.51811
16,localize,频道8,15,111,0.264433,3.12079,3.01356
16,localize,频道8,15,116,0.264433,2.33329,2.53207
16,localize,频道8,15,121,0.264433,1.88767,1.96261
16,localize,频道8,15,126,0.264433,1.95259,2.17898
16,localize,频道8,15,131,0.264433,1.76563,2.04606
16,localize,频道8,15,136,0.264433,1.57442,1.8043
16,localize,频道8,15,141,0.26443,1.4242,1.53841
16,localize,频道8,15,146,0.26443,1.07364,1.1729
16,localize,频道8,15,150,0.26443,0.857027,0.828056
16,localize,频道11,15,0,0.328199,128.822,56.6547
16,localize,频道11,15,1,0.328199,74.6373,44.9837
16,localize,频道11,15,6,0.313785,10.5601,11.9227
16,localize,频道11,15,11,0.297801,8.71404,9.52536
16,localize,频道11,15,16,0.297176,7.48025,9.86646
16,localize,频道11,15,21,0.297176,8.76443,9.56104
16,localize,频道11,15,26,0.297176,9.5316,12.442
16,localize,频道11,15,31,0.297176,6.79967,10.1822
16,localize,频道11,15,36,0.297176,8.3988,9.57255
16,localize,频道11,15,41,0.297157,6.30161,7.53921
16,localize,频道11,15,46,0.297156,7.16598,7.78942
16,localize,频道11,15,51,0.297156,6.70783,8.51314
16,localize,频道11,15,56,0.297156,5.23368,6.04911
16,localize,频道11,15,61,0.297156,4.70971,5.33733
16,localize,频道11,15,66,0.297156,6.09139,7.50615
16,localize,频道11,15,71,0.297156,4.09548,4.60117
16,localize,频道11,15,76,0.297156,5.12209,5.32446
16,localize,频道11,15,81,0.297149,3.87397,4.58567
16,localize,频道11,15,86,0.297149,4.52518,5.50518
16,localize,频道11,15,91,0.297142,4.52922,5.06536
16,localize,频道11,15,96,0.297142,3.77867,4.22222
16,localize,频道11,15,101,0.297142,3.02206,3.43095
16,localize,频道11,15,106,0.297142,3.2672,2.89795
16,localize,频道11,15,111,0.297142,3.78252,3.70562
16,localize,频道11,15,116,0.297142,2.5761,2.81068
16,localize,频道11,15,121,0.297142,2.38451,2.10468
16,localize,频道11,15,126,0.297142,2.35212,2.39142
16,localize,频道11,15,131,0.297142,2.02502,2.21527
16,localize,频道11,15,136,0.297142,1.86895,2.11901
16,localize,频道11,15,141,0.297142,1.67118,1.6629
16,localize,频道11,15,146,0.297142,1.28116,1.37904
16,localize,频道11,15,150,0.297138,0.983259,0.942733
16,localize,频道13,15,0,0,136.066,54.038
16,localize,频道13,15,1,0,89.037,46.2763
16,localize,频道15,15,0,0.164184,110.234,43.65
16,localize,频道15,15,1,0.164184,76.0653,37.509
16,localize,频道15,15,6,0.164184,16.9731,18.1419
16,localize,频道15,15,11,0.164184,13.2992,17.1952
16,localize,频道15,15,16,0.148468,14.7629,22.3718
16,localize,频道15,15,21,0.119308,16.8288,20.6161
16,localize,频道15,15,26,0.114553,16.1469,18.3525
16,localize,频道15,15,31,0.114553,11.4445,15.9624
16,localize,频道15,15,36,0.114553,14.517,15.8023
16,localize,频道15,15,41,0.114553,10.856,13.4762
16,localize,频道15,15,46,0.114553,10.7554,12.8207
16,localize,频道15,15,51,0.114553,12.2286,16.5575
16,localize,频道15,15,56,0.114553,9.47519,11.0454
16,localize,频道15,15,61,0.114553,8.40619,11.7194
16,localize,频道15,15,66,0.114553,8.917,9.98782
16,localize,频道15,15,71,0.114553,6.80038,8.68158
16,localize,频道15,15,76,0.114553,8.34181,11.8711
16,localize,频道15,15,81,0.114553,6.54016,8.58564
16,localize,频道15,15,86,0.114553,7.78233,10.0671
16,localize,频道15,15,91,0.114272,7.87604,9.57397
16,localize,频道15,15,96,0.114272,7.19778,8.00013
16,localize,频道15,15,101,0.114272,5.60717,6.91875
16,localize,频道15,15,106,0.114272,5.87074,6.13107
16,localize,频道15,15,111,0.114272,6.33203,6.10064
16,localize,频道15,15,116,0.114272,4.15466,4.82371
16,localize,频道15,15,121,0.114272,3.91795,4.30618
16,localize,频道15,15,126,0.114272,4.08288,4.63378
16,localize,频道15,15,131,0.114272,4.05018,4.65678
16,localize,频道15,15,136,0.114272,3.02905,4.19685
16,localize,频道15,15,141,0.114272,2.72556,3.13045
16,localize,频道15,15,146,0.114272,2.00671,2.28879
16,localize,频道15,15,150,0.114263,1.57286,1.75272
16,localize,频道17,15,0,0.653705,143.24,76.8447
16,localize,频道17,15,1,0.653705,78.6984,57.5233
16,localize,频道17,15,6,0.593139,8.53928,8.54022
16,localize,频道17,15,11,0.479393,6.40158,6.60478
16,localize,频道17,15,16,0.466308,5.71849,6.66094
16,localize,频道17,15,21,0.466308,6.84721,7.51933
16,localize,频道17,15,26,0.466295,7.3215,7.75027
16,localize,频道17,15,31,0.46624,5.18591,6.22197
16,localize,频道17,15,36,0.46624,6.15897,6.56757
16,localize,频道17,15,41,0.46624,4.84384,5.39132
16,localize,频道17,15,46,0.46614,6.24327,6.84299
16,localize,频道17,15,51,0.466106,5.18032,5.69229
16,localize,频道17,15,56,0.466106,4.61927,5.3125
16,localize,频道17,15,61,0.466102,3.66829,4.44075
16,localize,频道17,15,66,0.466102,4.37705,4.71732
16,localize,频道17,15,71,0.466102,3.43906,3.62885
16,localize,频道17,15,76,0.466102,3.6625,3.52039
16,localize,频道17,15,81,0.466102,3.24974,3.26506
16,localize,频道17,15,86,0.466092,3.40891,4.00485
16,localize,频道17,15,91,0.466092,3.4819,3.53318
16,localize,频道17,15,96,0.466092,2.91495,2.70164
16,localize,频道17,15,101,0.466092,2.50733,2.50874
16,localize,频道17,15,106,0.466092,2.7887,2.51158
16,localize,频道17,15,111,0.466092,3.02356,2.96634
16,localize,频道17,15,116,0.466092,2.01054,2.05468
16,localize,频道17,15,121,0.466092,1.91129,1.59844
16,localize,频道17,15,126,0.466092,1.8355,1.70466
16,localize,频道17,15,131,0.466092,1.84009,1.77881
16,localize,频道17,15,136,0.466092,1.4529,1.53774
16,localize,频道17,15,141,0.466091,1.4255,1.13878
16,localize,频道17,15,146,0.46609,1.01059,0.778062
16,localize,频道17,15,150,0.46609,0.947834,0.745919
16,localize,频道19,15,0,0.183101,112.886,54.2587
16,localize,频道19,15,1,0.183101,63.3623,38.327
16,localize,频道19,15,6,0.183101,11.6582,13.3191
16,localize,频道19,15,11,0.147112,10.6378,13.1892
16,localize,频道19,15,16,0.144142,7.10528,8.67069
16,localize,频道19,15,21,0.144142,11.096,12.9491
16,localize,频道19,15,26,0.144142,9.68408,11.7329
16,localize,频道19,15,31,0.14413,7.48228,9.92508
16,localize,频道19,15,36,0.144087,8.81659,10.9205
16,localize,频道19,15,41,0.144087,7.46863,9.52871
16,localize,频道19,15,46,0.144073,9.54495,12.7772
16,localize,频道19,15,51,0.144053,6.89149,8.5525
16,localize,频道19,15,56,0.14386,7.50099,11.3249
16,localize,频道19,15,61,0.14386,5.91529,8.16549
16,localize,频道19,15,66,0.14386,7.48238,12.6816
16,localize,频道19,15,71,0.14386,4.80052,5.89037
16,localize,频道19,15,76,0.14386,5.64808,6.30234
16,localize,频道19,15,81,0.14386,4.55963,5.15397
16,localize,频道19,15,86,0.14386,5.28365,6.69524
16,localize,频道19,15,91,0.143729,4.72513,5.04961
16,localize,频道19,15,96,0.143729,3.8829,3.84864
16,localize,频道19,15,101,0.143729,3.65281,4.58367
16,localize,频道19,15,106,0.143729,3.60167,3.13263
16,localize,频道19,15,111,0.143729,4.54056,4.86797
16,localize,频道19,15,116,0.143729,3.06409,3.5984
16,localize,频道19,15,121,0.143729,2.70948,2.66416
16,localize,频道19,15,126,0.143729,2.72225,3.17335
16,localize,频道19,15,131,0.143729,2.24618,2.61053
16,localize,频道19,15,136,0.143729,2.00157,2.49667
16,localize,频道19,15,141,0.143729,1.87222,2.04346
16,localize,频道19,15,146,0.143729,1.29181,1.56248
16,localize,频道19,15,150,0.143724,1.08047,1.26714
16,localize,频道20,15,0,0.900892,109.909,45.5172
16,localize,频道20,15,1,0.801162,79.0943,39.0497
16,localize,频道20,15,6,0.707161,13.7393,14.2458
16,localize,频道20,15,11,0.623099,10.5776,10.9052
16,localize,频道20,15,16,0.616379,7.32953,8.5782
16,localize,频道20,15,21,0.616379,10.705,12.4145
16,localize,频道20,15,26,0.616364,11.3247,13.2489
16,localize,频道20,15,31,0.616364,7.9641,9.93941
16,localize,频道20,15,36,0.616364,10.3309,12.0171
16,localize,频道20,15,41,0.616364,7.59869,8.63447
16,localize,频道20,15,46,0.616364,8.84545,10.5961
16,localize,频道20,15,51,0.616364,8.10141,8.93814
16,localize,频道20,15,56,0.616364,7.16435,8.40181
16,localize,频道20,15,61,0.616363,5.91487,6.77856
16,localize,频道20,15,66,0.616329,6.82029,7.32578
16,localize,频道20,15,71,0.616329,4.77808,4.81346
16,localize,频道20,15,76,0.616317,5.51145,5.75999
16,localize,频道20,15,81,0.616317,4.98973,5.06183
16,localize,频道20,15,86,0.616317,5.25789,5.93341
16,localize,频道20,15,91,0.616317,5.20305,5.10423
16,localize,频道20,15,96,0.616317,4.35727,4.56941
16,localize,频道20,15,101,0.616317,3.79316,4.06642
16,localize,频道20,15,106,0.616309,4.20842,3.54191
16,localize,频道20,15,111,0.616304,4.58649,4.16848
16,localize,频道20,15,116,0.616303,3.21619,3.31556
16,localize,频道20,15,121,0.616303,2.96101,2.50078
16,localize,频道20,15,126,0.616303,2.87647,2.80476
16,localize,频道20,15,131,0.616303,2.7461,2.79144
16,localize,频道20,15,136,0.616303,2.25949,2.3913
16,localize,频道20,15,141,0.616303,2.16637,1.88765
16,localize,频道20,15,146,0.616302,1.65876,1.45812
16,localize,频道20,15,150,0.616302,1.41463,1.12275
16,route,清除顺序,1487655054,0,10910.6,18492.9,2000.17
16,route,清除顺序,1487655054,1,10910.6,17459.5,1956.66
16,route,清除顺序,1487655054,6,10616.9,14705.1,2200.88
16,route,清除顺序,1487655054,11,10051.9,13481.2,2047.12
16,route,清除顺序,1487655054,16,9911.17,13192.7,2015.49
16,route,清除顺序,1487655054,21,9339.35,12876.9,2077.81
16,route,清除顺序,1487655054,26,9339.35,13353.1,2102.51
16,route,清除顺序,1487655054,31,9339.35,14295.7,2056.39
16,route,清除顺序,1487655054,36,9244,12826.9,2106.39
16,route,清除顺序,1487655054,41,9244,11857.7,2106.03
16,route,清除顺序,1487655054,46,9244,11225.2,2006.19
16,route,清除顺序,1487655054,51,9236.73,11835.7,2248.84
16,route,清除顺序,1487655054,56,9236.73,11804.2,2066.04
16,route,清除顺序,1487655054,61,9236.73,12988,2003.53
16,route,清除顺序,1487655054,66,9236.73,14210.1,2437.86
16,route,清除顺序,1487655054,71,9236.73,13029.8,2098.9
16,route,清除顺序,1487655054,76,9236.73,11370.8,2184.91
16,route,清除顺序,1487655054,81,9236.73,11428.1,2166.27
16,route,清除顺序,1487655054,86,9236.73,11368,2085.65
16,route,清除顺序,1487655054,91,9236.73,11255.9,1930.28
16,route,清除顺序,1487655054,96,9236.73,11674.5,2116.77
16,route,清除顺序,1487655054,101,9236.73,10847.4,1835.83
16,route,清除顺序,1487655054,106,9236.73,10503.4,1589.61
16,route,清除顺序,1487655054,111,9236.73,10943.9,1693.83
16,route,清除顺序,1487655054,116,9236.73,11313.7,2137.65
16,route,清除顺序,1487655054,121,9236.73,11140.5,2072.39
16,route,清除顺序,1487655054,126,9236.73,10501.7,1795.12
16,route,清除顺序,1487655054,131,9236.73,10940.3,2022.89
16,route,清除顺序,1487655054,136,9236.73,11386,2248.36
16,route,清除顺序,1487655054,141,9236.73,10864.7,1923.45
16,route,清除顺序,1487655054,146,9236.73,11076.3,1913.24
16,route,清除顺序,1487655054,151,9236.73,10599.2,1842.21
16,route,清除顺序,1487655054,156,9236.73,10706.5,1930.26
16,route,清除顺序,1487655054,161,9236.73,10743.8,1975.7
16,route,清除顺序,1487655054,166,9236.73,10512.1,1673.58
16,route,清除顺序,1487655054,171,9236.73,10879.3,1875.37
16,route,清除顺序,1487655054,176,9236.73,10627,1893.1
16,route,清除顺序,1487655054,181,9236.73,10773.5,2027.64
16,route,清除顺序,1487655054,186,9236.73,10565.3,1821.34
16,route,清除顺序,1487655054,191,9236.73,10972,1845.51
16,route,清除顺序,1487655054,196,9236.73,11003.9,2177.62
16,route,清除顺序,1487655054,201,9236.73,10485.8,1622.97
16,route,清除顺序,1487655054,206,9236.73,10293.9,1624.72
16,route,清除顺序,1487655054,211,9236.73,10440.8,1681.22
16,route,清除顺序,1487655054,216,9236.73,10510.5,1924.87
16,route,清除顺序,1487655054,221,9236.73,10265.9,1611.33
16,route,清除顺序,1487655054,226,9236.73,10380.2,1707.92
16,route,清除顺序,1487655054,231,9236.73,10363.7,1719.17
16,route,清除顺序,1487655054,236,9236.73,10413.3,1729.82
16,route,清除顺序,1487655054,241,9236.73,10165.5,1731.16
16,route,清除顺序,1487655054,246,9236.73,10267,1598.92
16,route,清除顺序,1487655054,251,9236.73,10040.4,1270.63
16,route,清除顺序,1487655054,256,9236.73,10594.4,1859.64
16,route,清除顺序,1487655054,261,9236.73,10318,1624.07
16,route,清除顺序,1487655054,266,9236.73,10349.3,1847.93
16,route,清除顺序,1487655054,271,9236.73,10342.1,1499.83
16,route,清除顺序,1487655054,276,9236.73,10495.7,2019.2
16,route,清除顺序,1487655054,281,9236.73,10564.1,2012.03
16,route,清除顺序,1487655054,286,9236.73,10327.4,1600.06
16,route,清除顺序,1487655054,291,9236.73,10256.2,1710.62
16,route,清除顺序,1487655054,296,9236.73,10026.5,1445.08
16,route,清除顺序,1487655054,300,9236.73,10152.7,1589.17
17,route,覆盖路点巡回,1156579489,0,8144.77,13623.8,1603.92
17,route,覆盖路点巡回,1156579489,1,8124.55,12821.6,1677.43
17,route,覆盖路点巡回,1156579489,6,8124.55,11610,1755.74
17,route,覆盖路点巡回,1156579489,11,8116.69,11282.4,1954.81
17,route,覆盖路点巡回,1156579489,16,8116.69,10483.2,1884.69
17,route,覆盖路点巡回,1156579489,21,8116.69,10562.3,1698.34
17,route,覆盖路点巡回,1156579489,26,8116.69,10824.9,1690.5
17,route,覆盖路点巡回,1156579489,31,8116.69,10005.4,1522.04
17,route,覆盖路点巡回,1156579489,36,8116.69,9966.31,1789.84
17,route,覆盖路点巡回,1156579489,41,8116.69,10062.9,1660.45
17,route,覆盖路点巡回,1156579489,46,8116.69,9771.81,1476.16
17,route,覆盖路点巡回,1156579489,51,8116.69,9893.06,1722.22
17,route,覆盖路点巡回,1156579489,56,8116.69,9995.12,1578.56
17,route,覆盖路点巡回,1156579489,61,8116.69,9987.27,1787
17,route,覆盖路点巡回,1156579489,66,8116.69,10059.1,1688.6
17,route,覆盖路点巡回,1156579489,71,8116.69,9342.67,1392.59
17,route,覆盖路点巡回,1156579489,76,8116.69,9559.03,1636.82
17,route,覆盖路点巡回,1156579489,81,8116.69,9668.34,1693.99
17,route,覆盖路点巡回,1156579489,86,8116.69,9932.52,1688.71
17,route,覆盖路点巡回,1156579489,91,8116.69,10069.3,1631.29
17,route,覆盖路点巡回,1156579489,96,8116.69,9840.92,1502.52
17,route,覆盖路点巡回,1156579489,101,8116.69,9536.74,1547.42
17,route,覆盖路点巡回,1156579489,106,8116.69,9732.04,1738.08
17,route,覆盖路点巡回,1156579489,111,8116.69,9758.37,1630.37
17,route,覆盖路点巡回,1156579489,116,8116.69,9679.58,1620.67
17,route,覆盖路点巡回,1156579489,121,8116.69,9813.18,1747.03
17,route,覆盖路点巡回,1156579489,126,8116.69,9854.64,1744.66
17,route,覆盖路点巡回,1156579489,131,8116.69,9550.31,1581.9
17,route,覆盖路点巡回,1156579489,136,8116.69,9448.78,1605.19
17,route,覆盖路点巡回,1156579489,141,8116.69,9723.98,1574.19
17,route,覆盖路点巡回,1156579489,146,8116.69,9738.48,1572.72
17,route,覆盖路点巡回,1156579489,151,8116.69,9539.15,1451.2
17,route,覆盖路点巡回,1156579489,156,8116.69,9546.39,1701.87
17,route,覆盖路点巡回,1156579489,161,8116.69,9211.14,1377.05
17,route,覆盖路点巡回,1156579489,166,8116.69,9227.52,1510.94
17,route,覆盖路点巡回,1156579489,171,8116.69,9563.43,1604.84
17,route,覆盖路点巡回,1156579489,176,8116.69,9053.11,1376.22
17,route,覆盖路点巡回,1156579489,181,8116.69,9484.19,1557.75
17,route,覆盖路点巡回,1156579489,186,8116.69,9242.9,1504.51
17,route,覆盖路点巡回,1156579489,191,8116.69,9031.99,1342.58
17,route,覆盖路点巡回,1156579489,196,8116.69,9140.86,1436.14
17,route,覆盖路点巡回,1156579489,201,8116.69,9236.09,1534.55
17,route,覆盖路点巡回,1156579489,206,8116.69,9194.33,1537.45
17,route,覆盖路点巡回,1156579489,211,8116.69,9193.46,1431.71
17,route,覆盖路点巡回,1156579489,216,8116.69,9188.35,1477.05
17,route,覆盖路点巡回,1156579489,221,8116.69,9336.76,1632.89
17,route,覆盖路点巡回,1156579489,226,8116.69,9277.44,1548.01
17,route,覆盖路点巡回,1156579489,231,8116.69,8971.44,1337.43
17,route,覆盖路点巡回,1156579489,236,8116.69,9022.21,1328.47
17,route,覆盖路点巡回,1156579489,241,8116.69,9236.27,1552.85
17,route,覆盖路点巡回,1156579489,246,8116.69,8872.25,1257.62
17,route,覆盖路点巡回,1156579489,251,8116.69,9265.8,1672.08
17,route,覆盖路点巡回,1156579489,256,8116.69,9164.28,1532.08
17,route,覆盖路点巡回,1156579489,261,8116.69,8991.93,1324.06
17,route,覆盖路点巡回,1156579489,266,8116.69,9073.97,1510.47
17,route,覆盖路点巡回,1156579489,271,8116.69,9041.67,1418.07
17,route,覆盖路点巡回,1156579489,276,8116.69,8828.65,1320.22
17,route,覆盖路点巡回,1156579489,281,8116.69,8936.41,1313.5
17,route,覆盖路点巡回,1156579489,286,8116.69,8783.21,1248.54
17,route,覆盖路点巡回,1156579489,291,8116.69,8754.09,1283.28
17,route,覆盖路点巡回,1156579489,296,8116.69,8754.67,1283.03
17,route,覆盖路点巡回,1156579489,300,8116.69,8935.27,1397.26
17,localize,频道1,16,0,0.587431,107.902,46.7415
17,localize,频道1,16,1,0.587431,62.4966,31.4375
17,localize,频道1,16,6,0.587431,19.0011,18.1375
17,localize,频道1,16,11,0.469807,16.7784,18.4684
17,localize,频道1,16,16,0.469807,12.7668,16.072
17,localize,频道1,16,21,0.469807,12.083,14.503
17,localize,频道1,16,26,0.469106,12.352,17.0689
17,localize,频道1,16,31,0.469021,10.0965,14.9909
17,localize,频道1,16,36,0.469021,13.3269,17.1237
17,localize,频道1,16,41,0.469021,14.1511,18.593
17,localize,频道1,16,46,0.469021,14.2889,13.121
17,localize,频道1,16,51,0.469001,11.5176,12.7796
17,localize,频道1,16,56,0.469001,10.7234,14.3881
17,localize,频道1,16,61,0.469001,11.8156,13.0988
17,localize,频道1,16,66,0.469001,12.4428,16.9358
17,localize,频道1,16,71,0.469001,9.08316,13.5164
17,localize,频道1,16,76,0.469001,8.47411,10.0781
17,localize,频道1,16,81,0.469001,8.93077,9.60272
17,localize,频道1,16,86,0.469001,9.14039,13.3995
17,localize,频道1,16,91,0.468999,6.38851,7.45463
17,localize,频道1,16,96,0.468999,5.93044,8.07229
17,localize,频道1,16,101,0.468999,4.49811,5.03758
17,localize,频道1,16,106,0.468999,5.47769,7.26762
17,localize,频道1,16,111,0.468999,5.88843,7.43046
17,localize,频道1,16,116,0.468999,4.55595,5.68203
17,localize,频道1,16,121,0.468999,5.12406,5.73415
17,localize,频道1,16,126,0.468999,3.76979,4.17867
17,localize,频道1,16,131,0.468999,2.96971,3.3758
17,localize,频道1,16,136,0.468999,3.21667,3.47992
17,localize,频道1,16,141,0.468999,2.32254,2.66835
17,localize,频道1,16,146,0.468999,1.77764,1.45882
17,localize,频道1,16,150,0.468993,1.63131,1.82104
17,localize,频道4,16,0,0,137.15,55.4729
17,localize,频道4,16,1,0,83.3497,44.8758
17,localize,频道4,16,0,0,137.15,55.4729
17,localize,频道4,16,1,0,83.3497,44.8758
17,localize,频道4,16,0,0.151684,146.784,65.9192
17,localize,频道4,16,1,0.151684,86.5124,47.1543
17,localize,频道4,16,6,0.151684,23.2011,19.9658
17,localize,频道4,16,11,0.151684,23.2553,24.9949
17,localize,频道4,16,16,0.151684,16.7042,23.1873
17,localize,频道4,16,21,0.151684,15.0492,21.2134
17,localize,频道4,16,26,0.151684,15.5561,19.0082
17,localize,频道4,16,31,0.151684,13.1405,16.7001
17,localize,频道4,16,36,0.151684,17.7619,24.1311
17,localize,频道4,16,41,0.151684,19.0578,25.2086
17,localize,频道4,16,46,0.14944,19.5107,20.8033
17,localize,频道4,16,51,0.14944,14.577,17.322
17,localize,频道4,16,56,0.14944,12.4295,15.1444
17,localize,频道4,16,61,0.14944,16.6623,23.1133
17,localize,频道4,16,66,0.147815,11.2625,14.3028
17,localize,频道4,16,71,0.147815,10.3738,14.9024
17,localize,频道4,16,76,0.147815,10.281,15.3328
17,localize,频道4,16,81,0.147815,10.8586,14.7716
17,localize,频道4,16,86,0.147815,9.5531,13.8855
17,localize,频道4,16,91,0.147811,8.15249,10.7258
17,localize,频道4,16,96,0.147811,7.84882,11.2438
17,localize,频道4,16,101,0.147793,6.12707,7.21152
17,localize,频道4,16,106,0.147793,6.22214,6.85262
17,localize,频道4,16,111,0.147793,6.29119,6.39251
17,localize,频道4,16,116,0.147793,4.81095,5.89341
17,localize,频道4,16,121,0.147793,5.65412,5.48019
17,localize,频道4,16,126,0.147793,4.01981,4.20923
17,localize,频道4,16,131,0.147793,3.44565,3.87736
17,localize,频道4,16,136,0.147793,3.66033,4.26443
17,localize,频道4,16,141,0.147793,2.67373,3.15905
17,localize,频道4,16,146,0.147793,2.17914,1.98275
17,localize,频道4,16,150,0.147793,1.55081,1.87879
17,localize,频道4,16,0,0.151684,146.784,65.9192
17,localize,频道4,16,1,0.151684,86.5124,47.1543
17,localize,频道4,16,6,0.151684,23.2011,19.9658
17,localize,频道4,16,11,0.151684,23.2553,24.9949
17,localize,频道4,16,16,0.151684,16.7042,23.1873
17,localize,频道4,16,21,0.151684,15.0492,21.2134
17,localize,频道4,16,26,0.151684,15.5561,19.0082
17,localize,频道4,16,31,0.151684,13.1405,16.7001
17,localize,频道4,16,36,0.151684,17.7619,24.1311
17,localize,频道4,16,41,0.151684,19.0578,25.2086
17,localize,频道4,16,46,0.14944,19.5107,20.8033
17,localize,频道4,16,51,0.14944,14.577,17.322
17,localize,频道4,16,56,0.14944,12.4295,15.1444
17,localize,频道4,16,61,0.14944,16.6623,23.1133
17,localize,频道4,16,66,0.147815,11.2625,14.3028
17,localize,频道4,16,71,0.147815,10.3738,14.9024
17,localize,频道4,16,76,0.147815,10.281,15.3328
17,localize,频道4,16,81,0.147815,10.8586,14.7716
17,localize,频道4,16,86,0.147815,9.5531,13.8855
17,localize,频道4,16,91,0.147811,8.15249,10.7258
17,localize,频道4,16,96,0.147811,7.84882,11.2438
17,localize,频道4,16,101,0.147793,6.12707,7.21152
17,localize,频道4,16,106,0.147793,6.22214,6.85262
17,localize,频道4,16,111,0.147793,6.29119,6.39251
17,localize,频道4,16,116,0.147793,4.81095,5.89341
17,localize,频道4,16,121,0.147793,5.65412,5.48019
17,localize,频道4,16,126,0.147793,4.01981,4.20923
17,localize,频道4,16,131,0.147793,3.44565,3.87736
17,localize,频道4,16,136,0.147793,3.66033,4.26443
17,localize,频道4,16,141,0.147793,2.67373,3.15905
17,localize,频道4,16,146,0.147793,2.17914,1.98275
17,localize,频道4,16,150,0.147793,1.55081,1.87879
17,localize,频道5,16,0,0,130.325,46.419
17,localize,频道5,16,1,0,87.0994,37.132
17,localize,频道7,16,0,2.00972e-14,112.05,46.7484
17,localize,频道7,16,1,2.00972e-14,70.8582,33.1767
17,localize,频道7,16,0,2.00972e-14,112.05,46.7484
17,localize,频道7,16,1,2.00972e-14,70.8582,33.1767
17,localize,频道7,16,0,0.271217,117.658,54.0236
17,localize,频道7,16,1,0.271217,68.6855,35.8567
17,localize,频道7,16,6,0.271217,25.8448,21.1457
17,localize,频道7,16,11,0.261847,24.3078,24.1232
17,localize,频道7,16,16,0.261847,18.1393,19.5504
17,localize,频道7,16,21,0.261847,18.9852,24.2015
17,localize,频道7,16,26,0.261847,18.451,23.1885
17,localize,频道7,16,31,0.261847,16.0327,20.4804
17,localize,频道7,16,36,0.261847,16.5594,19.3485
17,localize,频道7,16,41,0.261847,18.8096,22.0371
17,localize,频道7,16,46,0.261847,21.4863,20.4138
17,localize,频道7,16,51,0.261847,17.1778,20.6848
17,localize,频道7,16,56,0.261847,16.6836,20.1196
17,localize,频道7,16,61,0.261847,16.8649,19.6042
17,localize,频道7,16,66,0.261847,14.6625,18.5117
17,localize,频道7,16,71,0.261847,13.1781,17.6966
17,localize,频道7,16,76,0.261847,11.2892,16.4715
17,localize,频道7,16,81,0.261843,13.2068,14.9656
17,localize,频道7,16,86,0.261843,13.9844,19.1623
17,localize,频道7,16,91,0.261843,9.00822,11.1658
17,localize,频道7,16,96,0.261843,9.00801,11.0576
17,localize,频道7,16,101,0.261843,7.05347,8.59803
17,localize,频道7,16,106,0.261843,8.81661,10.6634
17,localize,频道7,16,111,0.261843,7.89915,8.98012
17,localize,频道7,16,116,0.261843,6.85412,8.83208
17,localize,频道7,16,121,0.261843,7.01118,7.50366
17,localize,频道7,16,126,0.261834,5.16684,5.83113
17,localize,频道7,16,131,0.261834,4.31787,5.10644
17,localize,频道7,16,136,0.261834,4.70125,5.94082
17,localize,频道7,16,141,0.261834,3.25666,4.06093
17,localize,频道7,16,146,0.261834,2.55789,2.37359
17,localize,频道7,16,150,0.261834,2.01658,2.49151
17,localize,频道7,16,0,0.271217,117.658,54.0236
17,localize,频道7,16,1,0.271217,68.6855,35.8567
17,localize,频道7,16,6,0.271217,25.8448,21.1457
17,localize,频道7,16,11,0.261847,24.3078,24.1232
17,localize,频道7,16,16,0.261847,18.1393,19.5504
17,localize,频道7,16,21,0.261847,18.9852,24.2015
17,localize,频道7,16,26,0.261847,18.451,23.1885
17,localize,频道7,16,31,0.261847,16.0327,20.4804
17,localize,频道7,16,36,0.261847,16.5594,19.3485
17,localize,频道7,16,41,0.261847,18.8096,22.0371
17,localize,频道7,16,46,0.261847,21.4863,20.4138
17,localize,频道7,16,51,0.261847,17.1778,20.6848
17,localize,频道7,16,56,0.261847,16.6836,20.1196
17,localize,频道7,16,61,0.261847,16.8649,19.6042
17,localize,频道7,16,66,0.261847,14.6625,18.5117
17,localize,频道7,16,71,0.261847,13.1781,17.6966
17,localize,频道7,16,76,0.261847,11.2892,16.4715
17,localize,频道7,16,81,0.261843,13.2068,14.9656
17,localize,频道7,16,86,0.261843,13.9844,19.1623
17,localize,频道7,16,91,0.261843,9.00822,11.1658
17,localize,频道7,16,96,0.261843,9.00801,11.0576
17,localize,频道7,16,101,0.261843,7.05347,8.59803
17,localize,频道7,16,106,0.261843,8.81661,10.6634
17,localize,频道7,16,111,0.261843,7.89915,8.98012
17,localize,频道7,16,116,0.261843,6.85412,8.83208
17,localize,频道7,16,121,0.261843,7.01118,7.50366
17,localize,频道7,16,126,0.261834,5.16684,5.83113
17,localize,频道7,16,131,0.261834,4.31787,5.10644
17,localize,频道7,16,136,0.261834,4.70125,5.94082
17,localize,频道7,16,141,0.261834,3.25666,4.06093
17,localize,频道7,16,146,0.261834,2.55789,2.37359
17,localize,频道7,16,150,0.261834,2.01658,2.49151
17,localize,频道8,16,0,0,121.454,45.5015
17,localize,频道8,16,1,0,71.0295,38.1281
17,localize,频道8,16,0,0,121.454,45.5015
17,localize,频道8,16,1,0,71.0295,38.1281
17,localize,频道8,16,0,0.000570943,125.09,56.5893
17,localize,频道8,16,1,0.000570943,70.4186,37.138
17,localize,频道8,16,6,0.000570943,21.4163,22.0301
17,localize,频道8,16,11,0.000570943,19.9834,23.5029
17,localize,频道8,16,16,0.000570943,12.4094,14.9124
17,localize,频道8,16,21,0.000570943,13.1897,17.7102
17,localize,频道8,16,26,0.000570943,13.1133,17.6282
17,localize,频道8,16,31,0.000570943,11.3648,16.5543
17,localize,频道8,16,36,0.000570943,10.2508,10.8785
17,localize,频道8,16,41,0.000570943,13.4373,16.883
17,localize,频道8,16,46,0.000570943,15.4422,16.0144
17,localize,频道8,16,51,0.000570943,11.347,16.6808
17,localize,频道8,16,56,0.000570943,11.1606,15.3556
17,localize,频道8,16,61,0.000570943,12.4011,16.3364
17,localize,频道8,16,66,0.000570943,10.1432,14.4741
17,localize,频道8,16,71,0.000570943,8.94365,11.7017
17,localize,频道8,16,76,0.000570943,7.90725,11.8847
17,localize,频道8,16,81,0.000570943,8.90989,11.0412
17,localize,频道8,16,86,0.000570943,9.93683,15.6197
17,localize,频道8,16,91,0.000570943,6.48398,8.08112
17,localize,频道8,16,96,0.000570943,6.11224,7.27155
17,localize,频道8,16,101,0.000570943,5.0345,6.21907
17,localize,频道8,16,106,0.000570943,5.68818,6.94792
17,localize,频道8,16,111,0.000570943,4.91448,5.83201
17,localize,频道8,16,116,0.000570943,4.20327,5.33079
17,localize,频道8,16,121,0.000570943,4.64854,4.41915
17,localize,频道8,16,126,0.000570943,3.36867,3.70079
17,localize,频道8,16,131,0.000570943,2.96683,3.49169
17,localize,频道8,16,136,0.000570943,3.06015,3.68033
17,localize,频道8,16,141,0.000570943,2.39704,2.89219
17,localize,频道8,16,146,0.000570943,1.76352,1.83562
17,localize,频道8,16,150,0.000570943,1.3707,1.7386
17,localize,频道8,16,0,0.000570943,125.09,56.5893
17,localize,频道8,16,1,0.000570943,70.4186,37.138
17,localize,频道8,16,6,0.000570943,21.4163,22.0301
17,localize,频道8,16,11,0.000570943,19.9834,23.5029
17,localize,频道8,16,16,0.000570943,12.4094,14.9124
17,localize,频道8,16,21,0.000570943,13.1897,17.7102
17,localize,频道8,16,26,0.000570943,13.1133,17.6282
17,localize,频道8,16,31,0.000570943,11.3648,16.5543
17,localize,频道8,16,36,0.000570943,10.2508,10.8785
17,localize,频道8,16,41,0.000570943,13.4373,16.883
17,localize,频道8,16,46,0.000570943,15.4422,16.0144
17,localize,频道8,16,51,0.000570943,11.347,16.6808
17,localize,频道8,16,56,0.000570943,11.1606,15.3556
17,localize,频道8,16,61,0.000570943,12.4011,16.3364
17,localize,频道8,16,66,0.000570943,10.1432,14.4741
17,localize,频道8,16,71,0.000570943,8.94365,11.7017
17,localize,频道8,16,76,0.000570943,7.90725,11.8847
17,localize,频道8,16,81,0.000570943,8.90989,11.0412
17,localize,频道8,16,86,0.000570943,9.93683,15.6197
17,localize,频道8,16,91,0.000570943,6.48398,8.08112
17,localize,频道8,16,96,0.000570943,6.11224,7.27155
17,localize,频道8,16,101,0.000570943,5.0345,6.21907
17,localize,频道8,16,106,0.000570943,5.68818,6.94792
17,localize,频道8,16,111,0.000570943,4.91448,5.83201
17,localize,频道8,16,116,0.000570943,4.20327,5.33079
17,localize,频道8,16,121,0.000570943,4.64854,4.41915
17,localize,频道8,16,126,0.000570943,3.36867,3.70079
17,localize,频道8,16,131,0.000570943,2.96683,3.49169
17,localize,频道8,16,136,0.000570943,3.06015,3.68033
17,localize,频道8,16,141,0.000570943,2.39704,2.89219
17,localize,频道8,16,146,0.000570943,1.76352,1.83562
17,localize,频道8,16,150,0.000570943,1.3707,1.7386
17,localize,频道10,16,0,0.228889,129.944,59.7887
17,localize,频道10,16,1,0.228889,68.6033,38.4094
17,localize,频道10,16,6,0.228889,12.8107,14.301
17,localize,频道10,16,11,0.228889,10.7609,13.3078
17,localize,频道10,16,16,0.228889,9.04116,14.4374
17,localize,频道10,16,21,0.21232,7.615,13.351
17,localize,频道10,16,26,0.211887,6.64515,8.14286
17,localize,频道10,16,31,0.211588,6.51234,10.7926
17,localize,频道10,16,36,0.211588,7.90198,12.0069
17,localize,频道10,16,41,0.211588,9.3902,16.472
17,localize,频道10,16,46,0.211588,7.64617,7.13298
17,localize,频道10,16,51,0.211588,6.11892,7.81351
17,localize,频道10,16,56,0.211588,5.70813,7.05869
17,localize,频道10,16,61,0.211588,7.06906,9.12011
17,localize,频道10,16,66,0.211585,5.80461,8.24526
17,localize,频道10,16,71,0.211585,4.57216,6.94752
17,localize,频道10,16,76,0.211585,4.43481,5.67545
17,localize,频道10,16,81,0.211585,5.19784,6.5715
17,localize,频道10,16,86,0.211585,5.19492,7.06244
17,localize,频道10,16,91,0.211584,3.791,5.09764
17,localize,频道10,16,96,0.211584,3.04238,3.28364
17,localize,频道10,16,101,0.211584,3.17746,3.9274
17,localize,频道10,16,106,0.211584,2.91828,3.97711
17,localize,频道10,16,111,0.211584,2.89324,3.70237
17,localize,频道10,16,116,0.211584,2.37946,3.36198
17,localize,频道10,16,121,0.211584,3.01866,3.62748
17,localize,频道10,16,126,0.211584,1.8988,2.36136
17,localize,频道10,16,131,0.211584,1.77888,2.21232
17,localize,频道10,16,136,0.211584,1.8945,2.72967
17,localize,频道10,16,141,0.211584,1.39209,1.79767
17,localize,频道10,16,146,0.211584,1.14139,1.20708
17,localize,频道10,16,150,0.211584,0.925635,1.1237
17,localize,频道11,16,0,0.177927,105.937,55.5007
17,localize,频道11,16,1,0.177927,48.483,32.1505
17,localize,频道11,16,6,0.159675,10.8031,14.826
17,localize,频道11,16,11,0.149911,11.2895,14.468
17,localize,频道11,16,16,0.129471,6.86944,7.80195
17,localize,频道11,16,21,0.128712,6.65713,8.43162
17,localize,频道11,16,26,0.127118,6.42231,7.63065
17,localize,频道11,16,31,0.127118,7.01926,13.334
17,localize,频道11,16,36,0.127118,6.94356,7.56021
17,localize,频道11,16,41,0.127118,7.91499,9.46806
17,localize,频道11,16,46,0.127118,8.2115,8.1027
17,localize,频道11,16,51,0.127118,6.112,7.70174
17,localize,频道11,16,56,0.127118,5.39831,6.42248
17,localize,频道11,16,61,0.127118,6.04397,7.21567
17,localize,频道11,16,66,0.127118,4.84684,6.32445
17,localize,频道11,16,71,0.127118,4.71494,6.14572
17,localize,频道11,16,76,0.127118,4.34569,6.16939
17,localize,频道11,16,81,0.127118,4.3531,5.27172
17,localize,频道11,16,86,0.127114,4.12293,5.22538
17,localize,频道11,16,91,0.127114,3.43761,4.57514
17,localize,频道11,16,96,0.127114,3.69003,4.94125
17,localize,频道11,16,101,0.127114,2.8756,3.6137
17,localize,频道11,16,106,0.127114,2.94029,3.21124
17,localize,频道11,16,111,0.127114,2.73619,3.31764
17,localize,频道11,16,116,0.127114,2.38827,2.9995
17,localize,频道11,16,121,0.127114,2.47321,2.58121
17,localize,频道11,16,126,0.127114,1.97411,2.20265
17,localize,频道11,16,131,0.127114,1.6405,2.0921
17,localize,频道11,16,136,0.127114,1.61917,1.90994
17,localize,频道11,16,141,0.127114,1.23326,1.53137
17,localize,频道11,16,146,0.127113,0.954171,1.00956
17,localize,频道11,16,150,0.127113,0.751189,0.983599
17,localize,频道14,16,0,0.191192,126.628,57.3661
17,localize,频道14,16,1,0.191192,65.4566,41.4863
17,localize,频道14,16,6,0.191192,15.3098,19.101
17,localize,频道14,16,11,0.191192,16.0881,23.8366
17,localize,频道14,16,16,0.188301,10.7266,17.3567
17,localize,频道14,16,21,0.184755,11.8646,21.2745
17,localize,频道14,16,26,0.184308,11.7495,22.5758
17,localize,频道14,16,31,0.184308,10.4274,20.488
17,localize,频道14,16,36,0.184308,8.21976,13.7194
17,localize,频道14,16,41,0.184308,9.69363,15.4621
17,localize,频道14,16,46,0.184308,10.9516,11.9506
17,localize,频道14,16,51,0.184308,7.27843,10.697
17,localize,频道14,16,56,0.184308,7.40402,13.6067
17,localize,频道14,16,61,0.184308,7.74024,9.42904
17,localize,频道14,16,66,0.184308,6.03248,7.65329
17,localize,频道14,16,71,0.184308,4.84551,7.15086
17,localize,频道14,16,76,0.184308,6.2692,11.5699
17,localize,频道14,16,81,0.184293,7.70915,13.4789
17,localize,频道14,16,86,0.184293,5.81785,7.98868
17,localize,频道14,16,91,0.184286,5.96544,12.6809
17,localize,频道14,16,96,0.184286,3.72607,4.13745
17,localize,频道14,16,101,0.184286,4.05244,5.90652
17,localize,频道14,16,106,0.184286,3.31852,4.73491
17,localize,频道14,16,111,0.184285,3.40449,4.2836
17,localize,频道14,16,116,0.184285,2.92485,4.60559
17,localize,频道14,16,121,0.184285,3.4792,4.41271
17,localize,频道14,16,126,0.184285,2.24423,2.87149
17,localize,频道14,16,131,0.184285,2.06677,2.73334
17,localize,频道14,16,136,0.184285,2.30726,3.35927
17,localize,频道14,16,141,0.184285,1.56825,2.20406
17,localize,频道14,16,146,0.184284,1.3407,1.58664
17,localize,频道14,16,150,0.184284,1.14374,1.52393
17,localize,频道16,16,0,0.176308,119.797,54.5248
17,localize,频道16,16,1,0.176308,65.6329,35.4083
17,localize,频道16,16,6,0.176308,19.6843,18.6079
17,localize,频道16,16,11,0.176308,20.3618,21.166
17,localize,频道16,16,16,0.176308,14.3478,17.1518
17,localize,频道16,16,21,0.170611,18.0927,23.6109
17,localize,频道16,16,26,0.170611,15.7065,18.5551
17,localize,频道16,16,31,0.170611,13.4987,16.928
17,localize,频道16,16,36,0.170611,13.2099,14.1445
17,localize,频道16,16,41,0.170611,14.5276,17.5592
17,localize,频道16,16,46,0.170611,17.1486,18.4246
17,localize,频道16,16,51,0.170611,13.7534,19.0301
17,localize,频道16,16,56,0.170611,14.6248,17.6439
17,localize,频道16,16,61,0.170611,16.6672,21.1027
17,localize,频道16,16,66,0.170611,14.4123,17.9322
17,localize,频道16,16,71,0.170611,11.5296,15.4067
17,localize,频道16,16,76,0.170611,9.60251,14.8722
17,localize,频道16,16,81,0.170611,13.1303,17.6627
17,localize,频道16,16,86,0.170565,12.2616,18.6904
17,localize,频道16,16,91,0.170565,8.36585,11.3875
17,localize,频道16,16,96,0.170565,9.12461,11.6263
17,localize,频道16,16,101,0.170565,7.28324,11.7644
17,localize,频道16,16,106,0.170565,8.21721,11.476
17,localize,频道16,16,111,0.170565,7.76323,8.7216
17,localize,频道16,16,116,0.170565,6.4601,8.84475
17,localize,频道16,16,121,0.170565,7.24863,7.66494
17,localize,频道16,16,126,0.170552,5.06109,5.68403
17,localize,频道16,16,131,0.170552,4.28261,4.92707
17,localize,频道16,16,136,0.170552,4.28223,5.18684
17,localize,频道16,16,141,0.170552,3.33777,4.48052
17,localize,频道16,16,146,0.170552,2.60996,2.75274
17,localize,频道16,16,150,0.170552,1.95205,2.53701
17,localize,频道18,16,0,0.183706,114.635,66.4779
17,localize,频道18,16,1,0.183706,47.0396,38.4341
17,localize,频道18,16,6,0.183706,9.48101,8.49331
17,localize,频道18,16,11,0.167522,8.83654,8.73812
17,localize,频道18,16,16,0.149979,5.92018,6.24408
17,localize,频道18,16,21,0.144713,6.15881,7.01255
17,localize,频道18,16,26,0.144491,5.40406,5.89851
17,localize,频道18,16,31,0.144491,5.19702,6.3295
17,localize,频道18,16,36,0.144427,5.67484,5.79132
17,localize,频道18,16,41,0.144427,6.63482,7.63649
17,localize,频道18,16,46,0.144199,6.59809,6.01385
17,localize,频道18,16,51,0.144156,5.29263,6.11152
17,localize,频道18,16,56,0.143864,4.78661,5.10887
17,localize,频道18,16,61,0.14377,5.36536,6.03477
17,localize,频道18,16,66,0.143646,4.74723,6.1759
17,localize,频道18,16,71,0.143646,3.97642,4.85357
17,localize,频道18,16,76,0.143646,3.94705,5.04107
17,localize,频道18,16,81,0.143646,4.03773,4.5024
17,localize,频道18,16,86,0.143605,3.9332,4.59117
17,localize,频道18,16,91,0.143605,3.09364,3.59622
17,localize,频道18,16,96,0.143605,2.68949,3.21191
17,localize,频道18,16,101,0.143605,2.32266,2.66821
17,localize,频道18,16,106,0.143605,2.68958,2.77845
17,localize,频道18,16,111,0.143605,2.38222,2.48367
17,localize,频道18,16,116,0.143605,2.15374,2.45926
17,localize,频道18,16,121,0.143604,2.36159,2.21902
17,localize,频道18,16,126,0.143604,1.67571,1.70376
17,localize,频道18,16,131,0.143604,1.40608,1.52063
17,localize,频道18,16,136,0.143604,1.48294,1.51382
17,localize,频道18,16,141,0.143601,1.11584,1.23296
17,localize,频道18,16,146,0.143601,0.845377,0.729803
17,localize,频道18,16,150,0.143601,0.742462,0.824195
17,localize,频道19,16,0,0,135.149,49.9107
17,localize,频道19,16,1,0,85.0365,38.0784
17,localize,频道20,16,0,0,132.506,53.1641
17,localize,频道20,16,1,0,80.9337,42.5975
17,route,清除顺序,1217444641,0,8785.97,18373.9,3030.66
17,route,清除顺序,1217444641,1,8785.97,16096.7,2940.6
17,route,清除顺序,1217444641,6,8278.47,12070.1,2759.43
17,route,清除顺序,1217444641,11,7626.01,10498.9,2263.28
17,route,清除顺序,1217444641,16,7523.89,10857,2912.39
17,route,清除顺序,1217444641,21,7499.97,9964.98,2598.36
17,route,清除顺序,1217444641,26,7499.97,9819.06,2616.93
17,route,清除顺序,1217444641,31,7499.97,9914.9,2403.89
17,route,清除顺序,1217444641,36,7499.97,9911.04,2505.59
17,route,清除顺序,1217444641,41,7499.97,9383.05,2395.71
17,route,清除顺序,1217444641,46,7499.97,9310.64,2564.37
17,route,清除顺序,1217444641,51,7499.97,9640.44,2389.84
17,route,清除顺序,1217444641,56,7499.97,9290.92,2444.73
17,route,清除顺序,1217444641,61,7499.97,10243.2,2626.31
17,route,清除顺序,1217444641,66,7499.97,9407.7,2265.9
17,route,清除顺序,1217444641,71,7499.97,9397.9,2072.79
17,route,清除顺序,1217444641,76,7499.97,9442.98,2754.85
17,route,清除顺序,1217444641,81,7499.97,9471.17,2605.84
17,route,清除顺序,1217444641,86,7499.97,9399.62,2541.98
17,route,清除顺序,1217444641,91,7499.97,9235.98,2492.25
17,route,清除顺序,1217444641,96,7499.97,8940.45,2344.8
17,route,清除顺序,1217444641,101,7499.97,9644.86,2472.79
17,route,清除顺序,1217444641,106,7499.97,9076.31,2317.44
17,route,清除顺序,1217444641,111,7499.97,9494.49,2579.85
17,route,清除顺序,1217444641,116,7499.97,9124.68,2279.13
17,route,清除顺序,1217444641,121,7499.97,9629.89,2873.51
17,route,清除顺序,1217444641,126,7499.97,9174.07,2272.91
17,route,清除顺序,1217444641,131,7499.97,9265.96,2368.01
17,route,清除顺序,1217444641,136,7499.97,9328.76,2742.72
17,route,清除顺序,1217444641,141,7499.97,8796.39,2304.06
17,route,清除顺序,1217444641,146,7499.97,9397.27,2651.77
17,route,清除顺序,1217444641,151,7499.97,9085.59,2244.7
17,route,清除顺序,1217444641,156,7499.97,8999.8,2263.43
17,route,清除顺序,1217444641,161,7499.97,8918.6,1991.55
17,route,清除顺序,1217444641,166,7499.97,9352.66,2984.4
17,route,清除顺序,1217444641,171,7499.97,9137.56,2496.73
17,route,清除顺序,1217444641,176,7499.97,9174.21,2566.67
17,route,清除顺序,1217444641,181,7499.97,8672.98,2193.23
17,route,清除顺序,1217444641,186,7499.97,9013.5,2155.91
17,route,清除顺序,1217444641,191,7499.97,9296.36,2314.5
17,route,清除顺序,1217444641,196,7499.97,8670.96,1892.44
17,route,清除顺序,1217444641,201,7499.97,8685.87,2155.71
17,route,清除顺序,1217444641,206,7499.97,9005.33,1995.26
17,route,清除顺序,1217444641,211,7499.97,8599.95,2071.86
17,route,清除顺序,1217444641,216,7499.97,8952.72,2346.33
17,route,清除顺序,1217444641,221,7499.97,8627.28,1998.52
17,route,清除顺序,1217444641,226,7499.97,8927.88,2438.73
17,route,清除顺序,1217444641,231,7499.97,8798.88,2260.61
17,route,清除顺序,1217444641,236,7499.97,8965.58,2480.85
17,route,清除顺序,1217444641,241,7499.97,9090.04,2241.25
17,route,清除顺序,1217444641,246,7499.97,8897.27,2338.16
17,route,清除顺序,1217444641,251,7499.97,8606.7,1864.27
17,route,清除顺序,1217444641,256,7499.97,8450.32,2011.76
17,route,清除顺序,1217444641,261,7499.97,8780.61,2075.19
17,route,清除顺序,1217444641,266,7499.97,9069.82,2495.06
17,route,清除顺序,1217444641,271,7499.97,8623.98,2089.29
17,route,清除顺序,1217444641,276,7499.97,8708.67,2298.41
17,route,清除顺序,1217444641,281,7499.97,8811.99,2004.99
17,route,清除顺序,1217444641,286,7499.97,8718.62,1919.73
17,route,清除顺序,1217444641,291,7499.97,8254.14,1588.83
17,route,清除顺序,1217444641,296,7499.97,8289.83,1803.59
17,route,清除顺序,1217444641,300,7499.97,8483.76,2013.35
18,route,覆盖路点巡回,1591207481,0,8144.77,13559.8,1528.48
18,route,覆盖路点巡回,1591207481,1,8144.77,12719.3,1306.09
18,route,覆盖路点巡回,1591207481,6,8124.55,11996.3,1723.58
18,route,覆盖路点巡回,1591207481,11,8124.55,11777.7,1794.04
18,route,覆盖路点巡回,1591207481,16,8124.55,11605.7,1633.17
18,route,覆盖路点巡回,1591207481,21,8124.55,10989.3,1579.63
18,route,覆盖路点巡回,1591207481,26,8124.55,10259.1,1788.05
18,route,覆盖路点巡回,1591207481,31,8124.55,10196.9,1980.72
18,route,覆盖路点巡回,1591207481,36,8124.55,10288.7,1812.8
18,route,覆盖路点巡回,1591207481,41,8124.55,10423.6,1679.46
18,route,覆盖路点巡回,1591207481,46,8124.55,10302.1,1710.57
18,route,覆盖路点巡回,1591207481,51,8124.55,10042,1689.48
18,route,覆盖路点巡回,1591207481,56,8124.55,9742.38,1539.06
18,route,覆盖路点巡回,1591207481,61,8124.55,10431.2,1803.17
18,route,覆盖路点巡回,1591207481,66,8116.69,10122.1,1648.36
18,route,覆盖路点巡回,1591207481,71,8116.69,10224.6,1560.37
18,route,覆盖路点巡回,1591207481,76,8116.69,10411.3,1856.62
18,route,覆盖路点巡回,1591207481,81,8116.69,9655.15,1562.23
18,route,覆盖路点巡回,1591207481,86,8116.69,9828.8,1782.9
18,route,覆盖路点巡回,1591207481,91,8116.69,10239.8,1779.23
18,route,覆盖路点巡回,1591207481,96,8116.69,9463.92,1586.72
18,route,覆盖路点巡回,1591207481,101,8116.69,10015.2,1690.97
18,route,覆盖路点巡回,1591207481,106,8116.69,9844.97,1746.28
18,route,覆盖路点巡回,1591207481,111,8116.69,9885.65,1705.88
18,route,覆盖路点巡回,1591207481,116,8116.69,9637.57,1713.01
18,route,覆盖路点巡回,1591207481,121,8116.69,9671.76,1591.68
18,route,覆盖路点巡回,1591207481,126,8116.69,9888.8,1749.84
18,route,覆盖路点巡回,1591207481,131,8116.69,9505.91,1511.26
18,route,覆盖路点巡回,1591207481,136,8116.69,9386.91,1533.26
18,route,覆盖路点巡回,1591207481,141,8116.69,9456.27,1520.57
18,route,覆盖路点巡回,1591207481,146,8116.69,9480.46,1471.77
18,route,覆盖路点巡回,1591207481,151,8116.69,9247.96,1341.63
18,route,覆盖路点巡回,1591207481,156,8116.69,9459.14,1521.08
18,route,覆盖路点巡回,1591207481,161,8116.69,9578.74,1616.35
18,route,覆盖路点巡回,1591207481,166,8116.69,9437.24,1582.88
18,route,覆盖路点巡回,1591207481,171,8116.69,9134.25,1406.5
18,route,覆盖路点巡回,1591207481,176,8116.69,9313.91,1625.02
18,route,覆盖路点巡回,1591207481,181,8116.69,9263.12,1490.55
18,route,覆盖路点巡回,1591207481,186,8116.69,9336.2,1503.36
18,route,覆盖路点巡回,1591207481,191,8116.69,9310,1565.92
18,route,覆盖路点巡回,1591207481,196,8116.69,9090.04,1357.05
18,route,覆盖路点巡回,1591207481,201,8116.69,9421.01,1660.15
18,route,覆盖路点巡回,1591207481,206,8116.69,9232.97,1537.05
18,route,覆盖路点巡回,1591207481,211,8116.69,9251.55,1486.98
18,route,覆盖路点巡回,1591207481,216,8116.69,9219.74,1461.38
18,route,覆盖路点巡回,1591207481,221,8116.69,9047.18,1321.31
18,route,覆盖路点巡回,1591207481,226,8116.69,9190.87,1486.82
18,route,覆盖路点巡回,1591207481,231,8116.69,8870.31,1225.18
18,route,覆盖路点巡回,1591207481,236,8116.69,9037.69,1390.06
18,route,覆盖路点巡回,1591207481,241,8116.69,9173.03,1259.31
18,route,覆盖路点巡回,1591207481,246,8116.69,9111.9,1483.43
18,route,覆盖路点巡回,1591207481,251,8116.69,9107.31,1346.91
18,route,覆盖路点巡回,1591207481,256,8116.69,9141.3,1512.65
18,route,覆盖路点巡回,1591207481,261,8116.69,9223.25,1581.81
18,route,覆盖路点巡回,1591207481,266,8116.69,8921.53,1301.15
18,route,覆盖路点巡回,1591207481,271,8116.69,9066.89,1405.73
18,route,覆盖路点巡回,1591207481,276,8116.69,9122.66,1430.49
18,route,覆盖路点巡回,1591207481,281,8116.69,8886.4,1175
18,route,覆盖路点巡回,1591207481,286,8116.69,8783.21,1294.09
18,route,覆盖路点巡回,1591207481,291,8116.69,8959.05,1380.78
18,route,覆盖路点巡回,1591207481,296,8116.69,8851.25,1388.96
18,route,覆盖路点巡回,1591207481,300,8116.69,9085.88,1555.71
18,localize,频道1,17,0,0,118.513,52.6039
18,localize,频道1,17,1,0,69.8298,43.714
18,localize,频道2,17,0,0,134.785,49.9405
18,localize,频道2,17,1,0,88.7395,43.4732
18,localize,频道5,17,0,0.125354,143.421,67.7346
18,localize,频道5,17,1,0.125354,84.1049,48.3871
18,localize,频道5,17,6,0.125354,13.9557,15.6468
18,localize,频道5,17,11,0.125354,13.6098,17.2789
18,localize,频道5,17,16,0.108737,11.9249,15.8925
18,localize,频道5,17,21,0.105686,10.5391,11.9987
18,localize,频道5,17,26,0.105686,8.61693,9.76419
18,localize,频道5,17,31,0.104966,9.17299,12.4828
18,localize,频道5,17,36,0.104966,8.84661,10.2614
18,localize,频道5,17,41,0.104672,8.76301,15.0032
18,localize,频道5,17,46,0.1046,9.11794,13.643
18,localize,频道5,17,51,0.1046,8.45078,13.2083
18,localize,频道5,17,56,0.1046,8.18459,10.5941
18,localize,频道5,17,61,0.1046,9.4392,11.2576
18,localize,频道5,17,66,0.1046,7.19092,7.3982
18,localize,频道5,17,71,0.1046,5.87606,7.67037
18,localize,频道5,17,76,0.1046,5.90682,7.7699
18,localize,频道5,17,81,0.104579,6.99418,9.01942
18,localize,频道5,17,86,0.104527,6.5799,8.88595
18,localize,频道5,17,91,0.104527,6.44524,7.49197
18,localize,频道5,17,96,0.104527,4.70806,5.57059
18,localize,频道5,17,101,0.104527,3.93375,6.22737
18,localize,频道5,17,106,0.104506,4.68759,6.49035
18,localize,频道5,17,111,0.104397,3.78838,4.57031
18,localize,频道5,17,116,0.104397,2.75976,3.76559
18,localize,频道5,17,121,0.104397,2.97714,3.53232
18,localize,频道5,17,126,0.104397,2.54167,2.79703
18,localize,频道5,17,131,0.104397,3.11846,3.40061
18,localize,频道5,17,136,0.104397,2.13275,2.23504
18,localize,频道5,17,141,0.104397,1.46683,1.84295
18,localize,频道5,17,146,0.104366,1.47864,1.55748
18,localize,频道5,17,150,0.104363,1.06645,1.34097
18,localize,频道6,17,0,0.0403669,112.198,63.8699
18,localize,频道6,17,1,0.0403669,58.4278,45.1772
18,localize,频道6,17,6,0.0403669,6.81226,6.29603
18,localize,频道6,17,11,0.0383559,6.80722,7.56766
18,localize,频道6,17,16,0.0288683,5.97559,6.47254
18,localize,频道6,17,21,0.0288683,5.50552,6.04668
18,localize,频道6,17,26,0.0288683,5.0359,5.53271
18,localize,频道6,17,31,0.0288683,4.53823,5.43498
18,localize,频道6,17,36,0.0287488,5.04109,5.58497
18,localize,频道6,17,41,0.0287488,4.3647,5.82689
18,localize,频道6,17,46,0.0287488,5.38933,6.74564
18,localize,频道6,17,51,0.0287488,4.34842,4.67142
18,localize,频道6,17,56,0.0287488,4.32516,4.65611
18,localize,频道6,17,61,0.0287488,4.49408,4.30453
18,localize,频道6,17,66,0.0287488,3.40644,3.44365
18,localize,频道6,17,71,0.0287488,3.00663,3.54834
18,localize,频道6,17,76,0.0287488,3.31066,3.76341
18,localize,频道6,17,81,0.0287488,3.97882,4.44159
18,localize,频道6,17,86,0.0287488,3.50319,4.14703
18,localize,频道6,17,91,0.0287488,3.04918,3.19464
18,localize,频道6,17,96,0.0287488,2.55499,2.85291
18,localize,频道6,17,101,0.0287488,1.9688,2.79203
18,localize,频道6,17,106,0.0287275,2.56121,3.27249
18,localize,频道6,17,111,0.0287275,2.10444,2.55262
18,localize,频道6,17,116,0.0287238,1.55152,1.86232
18,localize,频道6,17,121,0.0287235,1.72161,2.02491
18,localize,频道6,17,126,0.0287235,1.30384,1.37192
18,localize,频道6,17,131,0.0287235,1.76894,1.75076
18,localize,频道6,17,136,0.0287235,1.26547,1.23613
18,localize,频道6,17,141,0.0287235,0.84275,0.963213
18,localize,频道6,17,146,0.0287235,0.769311,0.761271
18,localize,频道6,17,150,0.0287235,0.60986,0.747289
18,localize,频道9,17,0,0.199247,125.348,58.0239
18,localize,频道9,17,1,0.199247,75.1996,45.9525
18,localize,频道9,17,6,0.199247,10.1372,9.26331
18,localize,频道9,17,11,0.175123,9.4831,10.9821
18,localize,频道9,17,16,0.168626,8.08395,8.81267
18,localize,频道9,17,21,0.168626,7.4296,7.95611
18,localize,频道9,17,26,0.168626,7.02121,7.3972
18,localize,频道9,17,31,0.167067,6.31397,7.76402
18,localize,频道9,17,36,0.166246,7.23755,8.81657
18,localize,频道9,17,41,0.166246,6.15108,8.34724
18,localize,频道9,17,46,0.166246,8.00941,10.9155
18,localize,频道9,17,51,0.166246,5.52694,6.65438
18,localize,频道9,17,56,0.166172,5.87302,6.07536
18,localize,频道9,17,61,0.166172,5.99025,5.79055
18,localize,频道9,17,66,0.166172,5.21494,4.73791
18,localize,频道9,17,71,0.166172,4.14734,4.9835
18,localize,频道9,17,76,0.166138,4.51275,5.34279
18,localize,频道9,17,81,0.166109,5.44076,6.10279
18,localize,频道9,17,86,0.166109,4.65997,5.43118
18,localize,频道9,17,91,0.166109,4.41924,4.46592
18,localize,频道9,17,96,0.166109,3.27126,3.76393
18,localize,频道9,17,101,0.166108,2.70884,3.94775
18,localize,频道9,17,106,0.166103,3.53961,4.67893
18,localize,频道9,17,111,0.166103,2.87921,3.65197
18,localize,频道9,17,116,0.166103,2.09055,2.4856
18,localize,频道9,17,121,0.166103,2.35404,2.73604
18,localize,频道9,17,126,0.166103,1.71616,1.75875
18,localize,频道9,17,131,0.166103,2.31285,2.32894
18,localize,频道9,17,136,0.166103,1.68228,1.65325
18,localize,频道9,17,141,0.166103,1.1232,1.31378
18,localize,频道9,17,146,0.166103,1.07132,1.02292
18,localize,频道9,17,150,0.166103,0.815119,0.946481
18,localize,频道10,17,0,0.197463,130.776,56.1969
18,localize,频道10,17,1,0.197463,82.2979,43.6533
18,localize,频道10,17,6,0.197463,12.5649,11.4504
18,localize,频道10,17,11,0.197463,13.7756,18.2778
18,localize,频道10,17,16,0.191578,10.8613,15.7919
18,localize,频道10,17,21,0.191578,9.87512,10.1191
18,localize,频道10,17,26,0.191578,9.67282,9.86764
18,localize,频道10,17,31,0.191298,9.25837,11.9651
18,localize,频道10,17,36,0.19115,11.14,14.5829
18,localize,频道10,17,41,0.190139,7.02588,9.33027
18,localize,频道10,17,46,0.189955,10.3821,15.2325
18,localize,频道10,17,51,0.189955,8.31362,10.7815
18,localize,频道10,17,56,0.189674,9.18257,12.2891
18,localize,频道10,17,61,0.189657,9.10993,11.4381
18,localize,频道10,17,66,0.189637,6.64827,6.4621
18,localize,频道10,17,71,0.189637,6.61709,10.47
18,localize,频道10,17,76,0.189637,6.84396,9.1301
18,localize,频道10,17,81,0.189637,8.47926,11.07
18,localize,频道10,17,86,0.189637,7.52524,12.5849
18,localize,频道10,17,91,0.189637,6.33316,7.57933
18,localize,频道10,17,96,0.189637,4.91638,7.07265
18,localize,频道10,17,101,0.189637,3.78478,5.54291
18,localize,频道10,17,106,0.189623,4.67483,6.29598
18,localize,频道10,17,111,0.189623,3.55153,4.40737
18,localize,频道10,17,116,0.189623,3.05116,4.11392
18,localize,频道10,17,121,0.189623,3.29404,4.13208
18,localize,频道10,17,126,0.189623,2.39509,2.83012
18,localize,频道10,17,131,0.189623,2.97986,3.27242
18,localize,频道10,17,136,0.189623,2.2433,2.69745
18,localize,频道10,17,141,0.189623,1.58984,2.0172
18,localize,频道10,17,146,0.189623,1.48192,1.58096
18,localize,频道10,17,150,0.189623,1.19477,1.42917
18,localize,频道11,17,0,0.00172325,110.118,62.3604
18,localize,频道11,17,1,0.00172325,62.5154,42.7694
18,localize,频道11,17,6,0.00172325,8.24039,7.85964
18,localize,频道11,17,11,0.00172325,8.16702,9.35163
18,localize,频道11,17,16,0.00172325,6.95856,8.4464
18,localize,频道11,17,21,0.00172325,7.13489,7.65555
18,localize,频道11,17,26,0.00172325,6.6804,7.01225
18,localize,频道11,17,31,0.00172325,5.19823,7.01141
18,localize,频道11,17,36,0.00172325,6.39687,8.33874
18,localize,频道11,17,41,0.00172325,6.02966,7.98076
18,localize,频道11,17,46,0.00172325,7.71215,11.9917
18,localize,频道11,17,51,0.00172325,5.3451,6.36022
18,localize,频道11,17,56,0.00160246,5.45555,6.52202
18,localize,频道11,17,61,0.00157716,5.52687,5.68111
18,localize,频道11,17,66,0.00157716,4.50273,4.49941
18,localize,频道11,17,71,0.00157716,3.79906,4.70095
18,localize,频道11,17,76,0.00157716,3.9591,5.03996
18,localize,频道11,17,81,0.00157716,5.14542,6.59553
18,localize,频道11,17,86,0.00157716,4.57207,6.56223
18,localize,频道11,17,91,0.00157716,4.21601,4.1378
18,localize,频道11,17,96,0.00157716,2.89411,3.99424
18,localize,频道11,17,101,0.00157716,2.18238,3.30187
18,localize,频道11,17,106,0.00157716,3.1116,4.46755
18,localize,频道11,17,111,0.00157716,2.81204,3.55827
18,localize,频道11,17,116,0.00157716,1.76722,2.14043
18,localize,频道11,17,121,0.00157716,2.05338,2.34082
18,localize,频道11,17,126,0.00157716,1.63052,1.85151
18,localize,频道11,17,131,0.00157716,2.27607,2.52344
18,localize,频道11,17,136,0.00157716,1.72406,1.92072
18,localize,频道11,17,141,0.00157716,0.98527,1.27253
18,localize,频道11,17,146,0.00157463,0.86747,0.945485
18,localize,频道11,17,150,0.00157463,0.703175,1.03693
18,localize,频道12,17,0,0.0287986,102.823,46.6845
18,localize,频道12,17,1,0.0287986,61.2809,37.8698
18,localize,频道12,17,6,0.0287986,10.508,8.83926
18,localize,频道12,17,11,0.0287986,9.98182,12.0482
18,localize,频道12,17,16,0.0279409,9.89775,15.0897
18,localize,频道12,17,21,0.0241953,8.05002,8.25
18,localize,频道12,17,26,0.0241953,7.29227,8.31446
18,localize,频道12,17,31,0.0241953,7.3189,9.75084
18,localize,频道12,17,36,0.0233349,8.21577,11.4482
18,localize,频道12,17,41,0.0233349,6.03135,7.85349
18,localize,频道12,17,46,0.0233349,7.04513,9.94919
18,localize,频道12,17,51,0.0231349,5.95689,6.3257
18,localize,频道12,17,56,0.0231349,6.4575,6.96112
18,localize,频道12,17,61,0.0231349,7.16561,6.60089
18,localize,频道12,17,66,0.0231349,5.36209,5.12109
18,localize,频道12,17,71,0.0231349,4.70037,5.46738
18,localize,频道12,17,76,0.0231349,4.96814,5.89365
18,localize,频道12,17,81,0.0231349,6.50919,7.95862
18,localize,频道12,17,86,0.0231349,5.66528,9.60362
18,localize,频道12,17,91,0.0231349,4.6286,5.01644
18,localize,频道12,17,96,0.0231349,3.84158,5.03516
18,localize,频道12,17,101,0.0231349,2.83293,4.35307
18,localize,频道12,17,106,0.0231349,3.77783,4.7108
18,localize,频道12,17,111,0.0231349,3.04836,3.73206
18,localize,频道12,17,116,0.0231349,2.64836,3.3298
18,localize,频道12,17,121,0.0231349,2.60411,3.10226
18,localize,频道12,17,126,0.0231349,1.96853,2.03449
18,localize,频道12,17,131,0.0231349,2.37728,2.61248
18,localize,频道12,17,136,0.0231349,1.84281,1.98809
18,localize,频道12,17,141,0.0231349,1.21258,1.63456
18,localize,频道12,17,146,0.0230569,1.14274,1.24248
18,localize,频道12,17,150,0.0230569,0.86945,1.13693
18,localize,频道13,17,0,0.00516961,105.232,45.3146
18,localize,频道13,17,1,0.00516961,62.3151,34.9462
18,localize,频道13,17,6,0.00516961,19.0158,17.9795
18,localize,频道13,17,11,0.00516961,19.6754,23.0878
18,localize,频道13,17,16,0.00516961,19.2165,20.1477
18,localize,频道13,17,21,0.00516961,18.7982,18.4381
18,localize,频道13,17,26,0.00516961,18.3134,20.1855
18,localize,频道13,17,31,0.00516961,15.909,17.7018
18,localize,频道13,17,36,0.00516961,18.9404,20.7442
18,localize,频道13,17,41,0.00516961,11.4506,13.171
18,localize,频道13,17,46,0.00516961,17.17,21.1925
18,localize,频道13,17,51,0.00516961,14.3738,16.2949
18,localize,频道13,17,56,0.00488086,16.4055,19.1344
18,localize,频道13,17,61,0.00488086,15.8741,16.2673
18,localize,频道13,17,66,0.00488086,13.666,14.2601
18,localize,频道13,17,71,0.00488086,13.67,16.9256
18,localize,频道13,17,76,0.00463173,13.7018,18.4388
18,localize,频道13,17,81,0.00463173,15.9354,17.5427
18,localize,频道13,17,86,0.00463173,14.3961,20.6292
18,localize,频道13,17,91,0.00463173,14.0836,16.4095
18,localize,频道13,17,96,0.00463173,10.975,17.3225
18,localize,频道13,17,101,0.00463173,7.78343,12.005
18,localize,频道13,17,106,0.0045862,10.7559,15.7713
18,localize,频道13,17,111,0.0045862,8.86553,11.4578
18,localize,频道13,17,116,0.0045862,5.37613,7.49988
18,localize,频道13,17,121,0.00445066,7.67596,11.2756
18,localize,频道13,17,126,0.00445066,5.90714,7.45063
18,localize,频道13,17,131,0.00445066,7.6577,9.35773
18,localize,频道13,17,136,0.00445066,5.28471,6.88029
18,localize,频道13,17,141,0.00445066,3.31787,3.90685
18,localize,频道13,17,146,0.00445066,3.17451,3.25581
18,localize,频道13,17,150,0.00445066,2.64203,3.95089
18,localize,频道14,17,0,0.247826,111.014,50.5686
18,localize,频道14,17,1,0.247826,69.2812,39.765
18,localize,频道14,17,6,0.247826,11.2015,10.6402
18,localize,频道14,17,11,0.247826,12.6518,17.3949
18,localize,频道14,17,16,0.247826,11.0167,16.9549
18,localize,频道14,17,21,0.234664,8.0191,8.25075
18,localize,频道14,17,26,0.23105,8.95208,12.6511
18,localize,频道14,17,31,0.230766,7.81057,11.182
18,localize,频道14,17,36,0.230744,9.5116,13.8823
18,localize,频道14,17,41,0.230744,6.66062,9.29695
18,localize,频道14,17,46,0.230744,8.55435,12.66
18,localize,频道14,17,51,0.230734,7.00818,7.34051
18,localize,频道14,17,56,0.230734,7.01505,8.28157
18,localize,频道14,17,61,0.230734,7.73731,9.7357
18,localize,频道14,17,66,0.230734,5.7782,5.51914
18,localize,频道14,17,71,0.230734,5.48054,7.91003
18,localize,频道14,17,76,0.230734,5.12765,6.41279
18,localize,频道14,17,81,0.230729,7.13175,9.23702
18,localize,频道14,17,86,0.230729,6.31736,11.9653
18,localize,频道14,17,91,0.230729,5.17987,5.40054
18,localize,频道14,17,96,0.230729,4.11522,5.38176
18,localize,频道14,17,101,0.230729,3.07027,4.79488
18,localize,频道14,17,106,0.230724,4.08943,4.98112
18,localize,频道14,17,111,0.230724,3.36298,4.182
18,localize,频道14,17,116,0.230724,2.59166,3.42015
18,localize,频道14,17,121,0.230724,2.72586,3.32025
18,localize,频道14,17,126,0.230722,2.18108,2.32622
18,localize,频道14,17,131,0.230722,2.67948,2.85655
18,localize,频道14,17,136,0.230722,1.99576,2.17624
18,localize,频道14,17,141,0.230722,1.47132,1.77236
18,localize,频道14,17,146,0.230722,1.371,1.39154
18,localize,频道14,17,150,0.230722,1.064,1.24582
18,localize,频道15,17,0,0.403806,103.382,59.2155
18,localize,频道15,17,1,0.403806,55.4419,40.4336
18,localize,频道15,17,6,0.403806,11.6904,12.7007
18,localize,频道15,17,11,0.359131,11.7226,15.2729
18,localize,频道15,17,16,0.347831,9.16963,10.1504
18,localize,频道15,17,21,0.347831,8.99257,9.30593
18,localize,频道15,17,26,0.34772,6.98108,7.98101
18,localize,频道15,17,31,0.34772,7.81403,9.79149
18,localize,频道15,17,36,0.347718,7.39146,8.24171
18,localize,频道15,17,41,0.347718,7.38297,12.8
18,localize,频道15,17,46,0.347718,7.65202,11.3516
18,localize,频道15,17,51,0.347718,6.98944,9.25125
18,localize,频道15,17,56,0.347718,6.46171,7.6396
18,localize,频道15,17,61,0.347718,7.2046,7.60917
18,localize,频道15,17,66,0.347718,5.41419,5.62578
18,localize,频道15,17,71,0.347718,4.85779,6.08248
18,localize,频道15,17,76,0.347718,4.93258,6.16317
18,localize,频道15,17,81,0.347718,6.05936,7.1784
18,localize,频道15,17,86,0.347718,5.02275,6.27223
18,localize,频道15,17,91,0.347718,5.00423,5.27767
18,localize,频道15,17,96,0.347718,3.63471,4.40767
18,localize,频道15,17,101,0.347718,3.20846,5.11274
18,localize,频道15,17,106,0.347718,3.83597,4.66199
18,localize,频道15,17,111,0.347703,3.12352,3.80113
18,localize,频道15,17,116,0.347703,2.58831,3.11537
18,localize,频道15,17,121,0.347703,2.66299,3.22418
18,localize,频道15,17,126,0.347703,2.08789,2.12995
18,localize,频道15,17,131,0.347702,2.52264,2.59264
18,localize,频道15,17,136,0.347702,1.75327,1.70931
18,localize,频道15,17,141,0.347702,1.24036,1.41278
18,localize,频道15,17,146,0.347702,1.27639,1.19169
18,localize,频道15,17,150,0.347701,0.987328,1.01718
18,localize,频道18,17,0,0.0558144,122.071,65.985
18,localize,频道18,17,1,0.0558144,63.4631,43.9824
18,localize,频道18,17,6,0.0558144,10.5319,11.7288
18,localize,频道18,17,11,0.0558144,10.3745,12.0869
18,localize,频道18,17,16,0.0554834,8.58995,9.41051
18,localize,频道18,17,21,0.0538485,7.9339,7.83189
18,localize,频道18,17,26,0.0538485,6.83478,7.6434
18,localize,频道18,17,31,0.0530305,6.4019,8.83225
18,localize,频道18,17,36,0.0492169,6.69486,6.86395
18,localize,频道18,17,41,0.0492169,5.97173,8.26236
18,localize,频道18,17,46,0.0492169,6.75672,9.38998
18,localize,频道18,17,51,0.0492169,6.02213,7.35956
18,localize,频道18,17,56,0.0492169,5.79085,6.77435
18,localize,频道18,17,61,0.0492169,6.64152,6.58981
18,localize,频道18,17,66,0.0491613,5.2776,5.34146
18,localize,频道18,17,71,0.0491613,4.27573,5.31255
18,localize,频道18,17,76,0.0491613,4.62118,5.71108
18,localize,频道18,17,81,0.0491476,5.3031,6.39665
18,localize,频道18,17,86,0.0491476,5.09045,6.23883
18,localize,频道18,17,91,0.0491476,4.72173,4.82793
18,localize,频道18,17,96,0.0491476,3.49039,3.97482
18,localize,频道18,17,101,0.0491476,2.87306,4.35693
18,localize,频道18,17,106,0.049119,3.45099,4.25769
18,localize,频道18,17,111,0.049119,2.82582,3.29637
18,localize,频道18,17,116,0.049119,2.00287,2.74081
18,localize,频道18,17,121,0.049119,2.3967,2.64329
18,localize,频道18,17,126,0.049119,1.76013,1.75319
18,localize,频道18,17,131,0.049119,2.49074,2.52186
18,localize,频道18,17,136,0.049119,1.67424,1.60666
18,localize,频道18,17,141,0.049119,1.12626,1.26274
18,localize,频道18,17,146,0.049119,1.01839,1.02959
18,localize,频道18,17,150,0.049119,0.755182,0.990388
18,localize,频道19,17,0,0,141.826,53.8149
18,localize,频道19,17,1,0,89.6566,49.6299
18,localize,频道20,17,0,0.552192,126.916,60.0633
18,localize,频道20,17,1,0.552192,75.88,43.2143
18,localize,频道20,17,6,0.552192,19.5014,18.4227
18,localize,频道20,17,11,0.510959,20.109,21.469
18,localize,频道20,17,16,0.50871,19.9203,21.6272
18,localize,频道20,17,21,0.50758,17.3649,16.9289
18,localize,频道20,17,26,0.50758,14.3809,15.9621
18,localize,频道20,17,31,0.50758,14.118,17.5068
18,localize,频道20,17,36,0.50758,16.6894,19.4981
18,localize,频道20,17,41,0.50758,12.265,17.2549
18,localize,频道20,17,46,0.507564,14.0748,17.8671
18,localize,频道20,17,51,0.507493,14.5416,19.1117
18,localize,频道20,17,56,0.507481,15.1947,19.1994
18,localize,频道20,17,61,0.507481,15.9312,18.4734
18,localize,频道20,17,66,0.507182,13.8216,15.9062
18,localize,频道20,17,71,0.507182,9.87162,12.5898
18,localize,频道20,17,76,0.507005,12.1673,17.4774
18,localize,频道20,17,81,0.506961,12.1224,14.2545
18,localize,频道20,17,86,0.506475,12.8653,16.2063
18,localize,频道20,17,91,0.506475,11.8447,14.1494
18,localize,频道20,17,96,0.506475,8.91556,10.5083
18,localize,频道20,17,101,0.506475,6.67489,10.817
18,localize,频道20,17,106,0.506475,8.86262,12.6743
18,localize,频道20,17,111,0.506475,6.99573,9.77007
18,localize,频道20,17,116,0.506475,5.66593,7.777
18,localize,频道20,17,121,0.506475,5.57422,6.49584
18,localize,频道20,17,126,0.506475,4.65871,5.02545
18,localize,频道20,17,131,0.506475,6.49761,7.42473
18,localize,频道20,17,136,0.506475,4.18171,3.95311
18,localize,频道20,17,141,0.506462,2.78296,3.12276
18,localize,频道20,17,146,0.506462,2.86071,2.68033
18,localize,频道20,17,150,0.506462,1.95876,2.13553
18,route,清除顺序,1814784298,0,11300.2,24053.1,2653.85
18,route,清除顺序,1814784298,1,11300.2,22011.8,3234.33
18,route,清除顺序,1814784298,6,11300.2,16084.4,2701.65
18,route,清除顺序,1814784298,11,11300.2,15010.6,2300.14
18,route,清除顺序,1814784298,16,11300.2,15536.3,2751.93
18,route,清除顺序,1814784298,21,11300.2,15206.1,2469.48
18,route,清除顺序,1814784298,26,11300.2,14369.6,2088.43
18,route,清除顺序,1814784298,31,11300.2,14244.5,2517.71
18,route,清除顺序,1814784298,36,11300.2,13970.2,2626.9
18,route,清除顺序,1814784298,41,10970.4,13738.1,2615.99
18,route,清除顺序,1814784298,46,10934.6,13735,2230.5
18,route,清除顺序,1814784298,51,10934.6,13467.9,1998.72
18,route,清除顺序,1814784298,56,10934.6,13586.9,2516.53
18,route,清除顺序,1814784298,61,10934.6,13221.4,2605.63
18,route,清除顺序,1814784298,66,10934.6,12641.2,2109.33
18,route,清除顺序,1814784298,71,10934.6,13198,2489.06
18,route,清除顺序,1814784298,76,10934.6,13382.8,2667.26
18,route,清除顺序,1814784298,81,10934.6,12985.2,2396.24
18,route,清除顺序,1814784298,86,10934.6,12323.9,2015.29
18,route,清除顺序,1814784298,91,10934.6,12449.4,2115.54
18,route,清除顺序,1814784298,96,10934.6,12885.5,1994.95
18,route,清除顺序,1814784298,101,10934.6,13012.3,2513.93
18,route,清除顺序,1814784298,106,10934.6,13420.2,2715.46
18,route,清除顺序,1814784298,111,10934.6,12630.2,2269.42
18,route,清除顺序,1814784298,116,10934.6,12909,2369.5
18,route,清除顺序,1814784298,121,10934.6,12874.5,2172.52
18,route,清除顺序,1814784298,126,10934.6,12113.1,1956.2
18,route,清除顺序,1814784298,131,10934.6,13201.4,2351.77
18,route,清除顺序,1814784298,136,10934.6,12657.4,2269.39
18,route,清除顺序,1814784298,141,10934.6,12721.5,2237.15
18,route,清除顺序,1814784298,146,10934.6,12311.4,1852.35
18,route,清除顺序,1814784298,151,10934.6,12496.2,2082.64
18,route,清除顺序,1814784298,156,10934.6,12454.2,1835.19
18,route,清除顺序,1814784298,161,10934.6,12830.8,2000.94
18,route,清除顺序,1814784298,166,10934.6,12909.1,2160.88
18,route,清除顺序,1814784298,171,10934.6,12269.6,1992.43
18,route,清除顺序,1814784298,176,10934.6,12116.8,1692.58
18,route,清除顺序,1814784298,181,10934.6,12010.2,1711.44
18,route,清除顺序,1814784298,186,10934.6,12255.9,2110.61
18,route,清除顺序,1814784298,191,10934.6,12451.3,2218.65
18,route,清除顺序,1814784298,196,10934.6,12624.2,1929.73
18,route,清除顺序,1814784298,201,10858.2,12515.2,2073.15
18,route,清除顺序,1814784298,206,10858.2,12732.4,2116.38
18,route,清除顺序,1814784298,211,10858.2,12817.9,2167.84
18,route,清除顺序,1814784298,216,10735,12127.9,1936.92
18,route,清除顺序,1814784298,221,10735,11828.7,1965.7
18,route,清除顺序,1814784298,226,10735,11933.5,1793.71
18,route,清除顺序,1814784298,231,10735,11990.7,2060.71
18,route,清除顺序,1814784298,236,10735,11761.9,2026.43
18,route,清除顺序,1814784298,241,10735,11861.7,1999.16
18,route,清除顺序,1814784298,246,10735,12025.6,2114.57
18,route,清除顺序,1814784298,251,10735,11945.4,2132.68
18,route,清除顺序,1814784298,256,10735,11747,1850.59
18,route,清除顺序,1814784298,261,10735,11702.4,1606.18
18,route,清除顺序,1814784298,266,10735,12234.1,2051.67
18,route,清除顺序,1814784298,271,10735,11630.1,1581.66
18,route,清除顺序,1814784298,276,10735,12070.3,1957.77
18,route,清除顺序,1814784298,281,10735,11365.9,1116.8
18,route,清除顺序,1814784298,286,10735,11955.4,2098.26
18,route,清除顺序,1814784298,291,10735,11894.8,1703.66
18,route,清除顺序,1814784298,296,10735,11925,1815.31
18,route,清除顺序,1814784298,300,10735,11643,1739.81
19,route,覆盖路点巡回,1918988777,0,8144.77,13521.8,1559.3
19,route,覆盖路点巡回,1918988777,1,8144.77,12778.7,1428.88
19,route,覆盖路点巡回,1918988777,6,8144.77,11692.4,1499.14
19,route,覆盖路点巡回,1918988777,11,8144.77,10854.5,1693.03
19,route,覆盖路点巡回,1918988777,16,8124.55,11118.4,1764.41
19,route,覆盖路点巡回,1918988777,21,8124.55,11534.7,1734.04
19,route,覆盖路点巡回,1918988777,26,8124.55,10692.4,1759.45
19,route,覆盖路点巡回,1918988777,31,8124.55,9847.07,1793.4
19,route,覆盖路点巡回,1918988777,36,8124.55,9566.51,1574.17
19,route,覆盖路点巡回,1918988777,41,8124.55,9839.49,1478.14
19,route,覆盖路点巡回,1918988777,46,8124.55,9711.88,1502.75
19,route,覆盖路点巡回,1918988777,51,8124.55,9745.59,1676.4
19,route,覆盖路点巡回,1918988777,56,8124.55,9809.29,1625.78
19,route,覆盖路点巡回,1918988777,61,8124.55,9677.64,1468.97
19,route,覆盖路点巡回,1918988777,66,8124.55,10101.7,1751.52
19,route,覆盖路点巡回,1918988777,71,8124.55,10106.5,1800.23
19,route,覆盖路点巡回,1918988777,76,8116.69,10012.4,1559.63
19,route,覆盖路点巡回,1918988777,81,8116.69,9928.9,1743.79
19,route,覆盖路点巡回,1918988777,86,8116.69,10503.7,1725.82
19,route,覆盖路点巡回,1918988777,91,8116.69,10199.6,1502.74
19,route,覆盖路点巡回,1918988777,96,8116.69,10540.4,1592.21
19,route,覆盖路点巡回,1918988777,101,8116.69,9876.89,1458.16
19,route,覆盖路点巡回,1918988777,106,8116.69,9635.02,1669.91
19,route,覆盖路点巡回,1918988777,111,8116.69,9753.53,1726.39
19,route,覆盖路点巡回,1918988777,116,8116.69,9721.15,1638.94
19,route,覆盖路点巡回,1918988777,121,8116.69,9407.3,1691.18
19,route,覆盖路点巡回,1918988777,126,8116.69,9752.95,1660.82
19,route,覆盖路点巡回,1918988777,131,8116.69,9776.39,1526.96
19,route,覆盖路点巡回,1918988777,136,8116.69,9413.09,1679.65
19,route,覆盖路点巡回,1918988777,141,8116.69,9290.35,1609.46
19,route,覆盖路点巡回,1918988777,146,8116.69,9448.92,1520.35
19,route,覆盖路点巡回,1918988777,151,8116.69,9526.36,1557.82
19,route,覆盖路点巡回,1918988777,156,8116.69,9423.84,1570.36
19,route,覆盖路点巡回,1918988777,161,8116.69,9330.38,1735.55
19,route,覆盖路点巡回,1918988777,166,8116.69,8956.87,1225.92
19,route,覆盖路点巡回,1918988777,171,8116.69,9363.83,1513.5
19,route,覆盖路点巡回,1918988777,176,8116.69,9203.96,1326.5
19,route,覆盖路点巡回,1918988777,181,8116.69,9558.54,1753.4
19,route,覆盖路点巡回,1918988777,186,8116.69,9174.33,1599.56
19,route,覆盖路点巡回,1918988777,191,8116.69,9358.38,1523.82
19,route,覆盖路点巡回,1918988777,196,8116.69,9513.83,1577.21
19,route,覆盖路点巡回,1918988777,201,8116.69,9186.29,1533.14
19,route,覆盖路点巡回,1918988777,206,8116.69,9279.72,1668.76
19,route,覆盖路点巡回,1918988777,211,8116.69,9186.38,1498.68
19,route,覆盖路点巡回,1918988777,216,8116.69,9456.94,1603.41
19,route,覆盖路点巡回,1918988777,221,8116.69,9240.19,1460.96
19,route,覆盖路点巡回,1918988777,226,8116.69,9381.29,1499.96
19,route,覆盖路点巡回,1918988777,231,8116.69,9156.63,1486.86
19,route,覆盖路点巡回,1918988777,236,8116.69,9064.67,1350.58
19,route,覆盖路点巡回,1918988777,241,8116.69,8834.96,1201.38
19,route,覆盖路点巡回,1918988777,246,8116.69,9110.81,1356.89
19,route,覆盖路点巡回,1918988777,251,8116.69,9202.34,1560.45
19,route,覆盖路点巡回,1918988777,256,8116.69,9015.7,1258.18
19,route,覆盖路点巡回,1918988777,261,8116.69,9182.8,1455.06
19,route,覆盖路点巡回,1918988777,266,8116.69,8935.32,1218.38
19,route,覆盖路点巡回,1918988777,271,8116.69,8986.53,1398.3
19,route,覆盖路点巡回,1918988777,276,8116.69,8875.85,1258.5
19,route,覆盖路点巡回,1918988777,281,8116.69,8865.63,1368.77
19,route,覆盖路点巡回,1918988777,286,8116.69,9131.18,1532.39
19,route,覆盖路点巡回,1918988777,291,8116.69,9054.62,1368.61
19,route,覆盖路点巡回,1918988777,296,8116.69,8611.16,1051.32
19,route,覆盖路点巡回,1918988777,300,8116.69,8658.85,1154.3
19,localize,频道3,18,0,0.379894,122.805,55.3031
19,localize,频道3,18,1,0.379894,78.0416,39.5141
19,localize,频道3,18,6,0.379894,21.1516,17.7548
19,localize,频道3,18,11,0.379894,21.2312,19.3007
19,localize,频道3,18,16,0.379894,19.2415,15.4995
19,localize,频道3,18,21,0.379894,18.6628,18.4714
19,localize,频道3,18,26,0.371435,26.902,26.1287
19,localize,频道3,18,31,0.371435,23.9704,25.0031
19,localize,频道3,18,36,0.371435,22.4617,23.2287
19,localize,频道3,18,41,0.371435,22.2885,25.7004
19,localize,频道3,18,46,0.370619,21.8416,25.8456
19,localize,频道3,18,51,0.370619,22.2525,24.744
19,localize,频道3,18,56,0.370619,23.869,24.8535
19,localize,频道3,18,61,0.370619,18.1873,18.4612
19,localize,频道3,18,66,0.370619,17.6163,19.0593
19,localize,频道3,18,71,0.370619,22.4529,24.0528
19,localize,频道3,18,76,0.370619,19.7062,20.5751
19,localize,频道3,18,81,0.370619,17.5734,18.4484
19,localize,频道3,18,86,0.370619,17.3924,18.8707
19,localize,频道3,18,91,0.370619,14.642,17.0854
19,localize,频道3,18,96,0.370619,15.5502,18.8705
19,localize,频道3,18,101,0.370619,16.7415,18.1653
19,localize,频道3,18,106,0.370619,18.2455,21.1668
19,localize,频道3,18,111,0.355506,17.3731,20.5847
19,localize,频道3,18,116,0.355506,11.2601,13.6544
19,localize,频道3,18,121,0.355506,12.9807,16.5651
19,localize,频道3,18,126,0.350016,16.5525,22.9988
19,localize,频道3,18,131,0.350016,14.527,16.799
19,localize,频道3,18,136,0.349591,12.2498,18.6773
19,localize,频道3,18,141,0.347772,9.47777,16.5378
19,localize,频道3,18,146,0.345723,9.60661,14.01
19,localize,频道3,18,150,0.345723,7.78961,9.97732
19,localize,频道4,18,0,0.564105,115.181,57.661
19,localize,频道4,18,1,0.564105,68.1791,44.6095
19,localize,频道4,18,6,0.445115,6.30935,4.86815
19,localize,频道4,18,11,0.37201,6.068,6.66407
19,localize,频道4,18,16,0.371958,6.25036,6.62047
19,localize,频道4,18,21,0.370668,5.66877,6.21891
19,localize,频道4,18,26,0.37055,6.80211,7.49899
19,localize,频道4,18,31,0.37055,6.52416,8.5441
19,localize,频道4,18,36,0.370474,4.49409,5.28085
19,localize,频道4,18,41,0.370398,4.96379,6.24264
19,localize,频道4,18,46,0.370398,4.76241,5.4518
19,localize,频道4,18,51,0.370398,4.64155,5.55132
19,localize,频道4,18,56,0.370398,4.9773,5.07681
19,localize,频道4,18,61,0.370398,4.21811,4.44822
19,localize,频道4,18,66,0.370398,3.56144,3.80881
19,localize,频道4,18,71,0.370398,4.22371,4.30962
19,localize,频道4,18,76,0.370397,4.14978,3.62751
19,localize,频道4,18,81,0.370397,3.1112,3.77529
19,localize,频道4,18,86,0.370397,3.55441,3.88977
19,localize,频道4,18,91,0.370397,2.81917,3.18358
19,localize,频道4,18,96,0.370395,2.77151,3.42567
19,localize,频道4,18,101,0.370395,2.44909,2.37687
19,localize,频道4,18,106,0.370395,2.83869,2.62095
19,localize,频道4,18,111,0.370395,2.25598,2.35062
19,localize,频道4,18,116,0.370395,1.69132,1.81957
19,localize,频道4,18,121,0.370395,1.81117,1.82942
19,localize,频道4,18,126,0.370395,1.64464,1.75254
19,localize,频道4,18,131,0.370395,1.51392,1.27514
19,localize,频道4,18,136,0.370395,1.21334,1.17139
19,localize,频道4,18,141,0.370395,1.11874,1.15029
19,localize,频道4,18,146,0.370395,0.970945,0.926348
19,localize,频道4,18,150,0.370395,0.870202,0.616336
19,localize,频道5,18,0,0,140.363,61.9909
19,localize,频道5,18,1,0,87.2714,47.4682
19,localize,频道7,18,0,0.325056,114.532,52.62
19,localize,频道7,18,1,0.325056,70.2621,38.809
19,localize,频道7,18,6,0.325056,16.8395,17.2923
19,localize,频道7,18,11,0.291445,15.2931,20.1462
19,localize,频道7,18,16,0.291445,15.1825,15.8929
19,localize,频道7,18,21,0.291263,16.6421,22.7814
19,localize,频道7,18,26,0.288315,21.7834,28.1076
19,localize,频道7,18,31,0.288315,19.5163,26.0537
19,localize,频道7,18,36,0.288315,15.9298,21.6467
19,localize,频道7,18,41,0.287272,18.187,27.2413
19,localize,频道7,18,46,0.287272,15.9028,23.5759
19,localize,频道7,18,51,0.28723,17.278,27.1867
19,localize,频道7,18,56,0.28723,20.5857,26.7794
19,localize,频道7,18,61,0.287229,13.4973,19.2549
19,localize,频道7,18,66,0.287229,9.91245,14.0019
19,localize,频道7,18,71,0.287229,11.4033,13.817
19,localize,频道7,18,76,0.287226,11.9284,15.569
19,localize,频道7,18,81,0.287226,10.3552,16.7007
19,localize,频道7,18,86,0.287226,13.1206,19.2912
19,localize,频道7,18,91,0.287226,8.57802,14.0158
19,localize,频道7,18,96,0.287226,9.83908,16.4576
19,localize,频道7,18,101,0.287226,8.55673,12.7506
19,localize,频道7,18,106,0.287226,11.243,17.1935
19,localize,频道7,18,111,0.287226,8.72114,13.7715
19,localize,频道7,18,116,0.287226,4.69921,7.10884
19,localize,频道7,18,121,0.287226,5.50068,9.35367
19,localize,频道7,18,126,0.287219,4.83618,8.44809
19,localize,频道7,18,131,0.287219,4.12638,4.8731
19,localize,频道7,18,136,0.287219,3.94826,6.57043
19,localize,频道7,18,141,0.287216,2.13358,3.07433
19,localize,频道7,18,146,0.287216,2.51721,3.3471
19,localize,频道7,18,150,0.287216,2.5376,3.38118
19,localize,频道8,18,0,0,128.512,50.2029
19,localize,频道8,18,1,0,88.6595,41.581
19,localize,频道11,18,0,0.66162,122.745,61.6607
19,localize,频道11,18,1,0.66162,72.5382,45.7042
19,localize,频道11,18,6,0.658672,5.91802,5.11969
19,localize,频道11,18,11,0.508645,6.00126,6.63538
19,localize,频道11,18,16,0.508645,5.68721,5.68793
19,localize,频道11,18,21,0.508645,5.71496,6.46548
19,localize,频道11,18,26,0.508643,6.38796,6.7479
19,localize,频道11,18,31,0.508643,5.96759,7.082
19,localize,频道11,18,36,0.508643,4.75434,5.15699
19,localize,频道11,18,41,0.508643,4.35192,5.09484
19,localize,频道11,18,46,0.508643,4.30283,5.12568
19,localize,频道11,18,51,0.508643,4.51411,5.34071
19,localize,频道11,18,56,0.508643,5.0153,4.86749
19,localize,频道11,18,61,0.508643,4.11573,4.56446
19,localize,频道11,18,66,0.508643,3.2648,3.59727
19,localize,频道11,18,71,0.508643,4.37159,4.44378
19,localize,频道11,18,76,0.508643,3.85002,3.50906
19,localize,频道11,18,81,0.508643,3.17665,3.79927
19,localize,频道11,18,86,0.508643,3.44967,3.75012
19,localize,频道11,18,91,0.508643,2.7054,2.91659
19,localize,频道11,18,96,0.508641,2.81037,3.1983
19,localize,频道11,18,101,0.508641,2.52276,2.38865
19,localize,频道11,18,106,0.508641,2.78795,2.53302
19,localize,频道11,18,111,0.508641,2.32193,2.3531
19,localize,频道11,18,116,0.508641,1.62177,1.62637
19,localize,频道11,18,121,0.508641,1.73608,1.62584
19,localize,频道11,18,126,0.508641,1.61508,1.42002
19,localize,频道11,18,131,0.508641,1.44581,1.15172
19,localize,频道11,18,136,0.508641,1.25117,1.07193
19,localize,频道11,18,141,0.508641,1.11165,0.948139
19,localize,频道11,18,146,0.508641,1.00792,0.763973
19,localize,频道11,18,150,0.508641,0.916795,0.565571
19,localize,频道13,18,0,0.369494,118.916,67.0692
19,localize,频道13,18,1,0.369494,65.1993,44.5731
19,localize,频道13,18,6,0.349244,8.9264,7.7146
19,localize,频道13,18,11,0.313382,9.99324,13.3111
19,localize,频道13,18,16,0.310888,10.1681,14.1667
19,localize,频道13,18,21,0.304251,9.13938,11.0626
19,localize,频道13,18,26,0.300734,9.42891,12.3157
19,localize,频道13,18,31,0.300386,11.0758,17.346
19,localize,频道13,18,36,0.300386,7.82706,10.6492
19,localize,频道13,18,41,0.3002,7.33922,11.2129
19,localize,频道13,18,46,0.3002,7.12256,8.59609
19,localize,频道13,18,51,0.3002,6.82768,8.51255
19,localize,频道13,18,56,0.3002,7.47419,8.71178
19,localize,频道13,18,61,0.3002,6.7594,9.19248
19,localize,频道13,18,66,0.3002,5.6892,7.20647
19,localize,频道13,18,71,0.3002,7.04552,8.38271
19,localize,频道13,18,76,0.3002,6.16197,6.22474
19,localize,频道13,18,81,0.3002,5.26063,7.51963
19,localize,频道13,18,86,0.3002,5.55276,6.1591
19,localize,频道13,18,91,0.3002,4.27053,5.2877
19,localize,频道13,18,96,0.3002,4.4484,6.10059
19,localize,频道13,18,101,0.3002,3.63232,4.32567
19,localize,频道13,18,106,0.3002,4.45449,4.37551
19,localize,频道13,18,111,0.3002,3.69573,4.29505
19,localize,频道13,18,116,0.300195,2.45973,2.95611
19,localize,频道13,18,121,0.300195,2.78453,3.24568
19,localize,频道13,18,126,0.300195,2.08183,2.38922
19,localize,频道13,18,131,0.300195,2.13965,2.36239
19,localize,频道13,18,136,0.300195,1.79489,2.07306
19,localize,频道13,18,141,0.300195,1.29897,1.63693
19,localize,频道13,18,146,0.300195,1.27608,1.48707
19,localize,频道13,18,150,0.300195,1.21369,1.15564
19,localize,频道15,18,0,0,139.496,64.8419
19,localize,频道15,18,1,0,85.4711,55.3463
19,localize,频道17,18,0,0,135.529,62.9858
19,localize,频道17,18,1,0,83.7336,49.5703
19,localize,频道18,18,0,0,140.371,58.5624
19,localize,频道18,18,1,0,90.4641,47.8673
19,localize,频道19,18,0,0.488558,127.255,71.4268
19,localize,频道19,18,1,0.488558,74.2955,46.8103
19,localize,频道19,18,6,0.488558,11.1933,11.1268
19,localize,频道19,18,11,0.48336,13.2864,17.2907
19,localize,频道19,18,16,0.48336,13.31,16.5418
19,localize,频道19,18,21,0.476962,11.989,15.9595
19,localize,频道19,18,26,0.476702,13.8506,17.5577
19,localize,频道19,18,31,0.476702,13.4382,19.8392
19,localize,频道19,18,36,0.476085,12.0016,15.7058
19,localize,频道19,18,41,0.475849,11.0034,14.9063
19,localize,频道19,18,46,0.475813,11.2018,15.8601
19,localize,频道19,18,51,0.475813,12.2755,17.1039
19,localize,频道19,18,56,0.475813,13.2247,15.9759
19,localize,频道19,18,61,0.475813,12.4293,17.6239
19,localize,频道19,18,66,0.475813,9.42826,12.3571
19,localize,频道19,18,71,0.475813,10.6945,13.7159
19,localize,频道19,18,76,0.475813,10.1945,11.9331
19,localize,频道19,18,81,0.475813,6.58679,11.0907
19,localize,频道19,18,86,0.475813,7.02033,10.3476
19,localize,频道19,18,91,0.475813,6.79583,9.35724
19,localize,频道19,18,96,0.475812,6.64779,12.1686
19,localize,频道19,18,101,0.475812,5.46714,7.65733
19,localize,频道19,18,106,0.475812,6.35699,6.36836
19,localize,频道19,18,111,0.475812,4.88197,5.85747
19,localize,频道19,18,116,0.475812,4.1492,5.66386
19,localize,频道19,18,121,0.475806,4.14609,5.38562
19,localize,频道19,18,126,0.475806,3.92507,4.63393
19,localize,频道19,18,131,0.475806,3.35701,3.97755
19,localize,频道19,18,136,0.475806,2.60359,2.84804
19,localize,频道19,18,141,0.475806,2.46915,3.069
19,localize,频道19,18,146,0.475806,1.93714,2.62884
19,localize,频道19,18,150,0.475806,1.80894,1.96761
19,route,清除顺序,857502609,0,8050.22,18107.5,2355.85
19,route,清除顺序,857502609,1,8050.22,16862.8,2289.75
19,route,清除顺序,857502609,6,8050.22,14170.7,2923.07
19,route,清除顺序,857502609,11,8050.22,11747.7,2781.72
19,route,清除顺序,857502609,16,7957,10560.4,2394.79
19,route,清除顺序,857502609,21,7957,10464.8,2413.2
19,route,清除顺序,857502609,26,7957,10166.6,2218.19
19,route,清除顺序,857502609,31,7957,10376.2,2638.64
19,route,清除顺序,857502609,36,7957,10010,2073.54
19,route,清除顺序,857502609,41,7957,10267.5,2300.51
19,route,清除顺序,857502609,46,7957,9422.22,2063.42
19,route,清除顺序,857502609,51,7957,10247.6,2289.1
19,route,清除顺序,857502609,56,7957,9982.06,2350.87
19,route,清除顺序,857502609,61,7957,10548.2,2668.12
19,route,清除顺序,857502609,66,7957,10583.1,2544.46
19,route,清除顺序,857502609,71,7957,9972.4,2174.01
19,route,清除顺序,857502609,76,7957,10167.7,2421.59
19,route,清除顺序,857502609,81,7957,10138.2,2398.02
19,route,清除顺序,857502609,86,7957,9975.58,2308.65
19,route,清除顺序,857502609,91,7933.37,10505.6,2660.99
19,route,清除顺序,857502609,96,7933.37,11442.7,2514.28
19,route,清除顺序,857502609,101,7933.37,10855.2,2403.42
19,route,清除顺序,857502609,106,7933.37,10749.9,2543.96
19,route,清除顺序,857502609,111,7933.37,9953.15,2700.79
19,route,清除顺序,857502609,116,7933.37,9797.32,2355.2
19,route,清除顺序,857502609,121,7933.37,9337.12,2015.63
19,route,清除顺序,857502609,126,7933.37,9813.77,2426.54
19,route,清除顺序,857502609,131,7933.37,10184.5,2684.81
19,route,清除顺序,857502609,136,7933.37,9606.34,2223.41
19,route,清除顺序,857502609,141,7933.37,9875.76,2525.35
19,route,清除顺序,857502609,146,7933.37,9535.45,2585.33
19,route,清除顺序,857502609,151,7933.37,9665.63,2351.98
19,route,清除顺序,857502609,156,7933.37,9394.51,1965.07
19,route,清除顺序,857502609,161,7933.37,9740.66,2435.38
19,route,清除顺序,857502609,166,7933.37,9314.19,1956.05
19,route,清除顺序,857502609,171,7933.37,9790.74,2468.06
19,route,清除顺序,857502609,176,7933.37,9401.8,2173.1
19,route,清除顺序,857502609,181,7933.37,9559.46,2333.19
19,route,清除顺序,857502609,186,7933.37,9673.04,2364.56
19,route,清除顺序,857502609,191,7933.37,9674.82,2367.2
19,route,清除顺序,857502609,196,7933.37,9054.56,1856.87
19,route,清除顺序,857502609,201,7933.37,9158.52,2063.42
19,route,清除顺序,857502609,206,7933.37,9046.41,1712.28
19,route,清除顺序,857502609,211,7933.37,9052.06,1718.86
19,route,清除顺序,857502609,216,7933.37,8980.33,1759.55
19,route,清除顺序,857502609,221,7933.37,9273.53,2134.58
19,route,清除顺序,857502609,226,7933.37,9206.27,2283.84
19,route,清除顺序,857502609,231,7933.37,9416,2260.17
19,route,清除顺序,857502609,236,7933.37,9192.53,2333.3
19,route,清除顺序,857502609,241,7933.37,9000.49,1771.1
19,route,清除顺序,857502609,246,7933.37,9002.56,1824.08
19,route,清除顺序,857502609,251,7933.37,9298.18,2161.88
19,route,清除顺序,857502609,256,7933.37,9167.01,2027.97
19,route,清除顺序,857502609,261,7933.37,9328.81,2162.92
19,route,清除顺序,857502609,266,7933.37,9087.24,1911.43
19,route,清除顺序,857502609,271,7933.37,9266.77,2186.34
19,route,清除顺序,857502609,276,7933.37,8869.15,1716.74
19,route,清除顺序,857502609,281,7933.37,9030.09,1978.96
19,route,清除顺序,857502609,286,7933.37,9254.21,2279.21
19,route,清除顺序,857502609,291,7933.37,9086.2,2052.08
19,route,清除顺序,857502609,296,7933.37,9228.42,2115.08
19,route,清除顺序,857502609,300,7933.37,9181.27,2123.48
20,route,覆盖路点巡回,1264954011,0,8144.77,13492.2,1562.25
20,route,覆盖路点巡回,1264954011,1,8144.77,13039.3,1627.42
20,route,覆盖路点巡回,1264954011,6,8116.69,11631,1671.03
20,route,覆盖路点巡回,1264954011,11,8116.69,11461.9,1871.42
20,route,覆盖路点巡回,1264954011,16,8116.69,10360.2,1683.53
20,route,覆盖路点巡回,1264954011,21,8116.69,10058.6,1768.61
20,route,覆盖路点巡回,1264954011,26,8116.69,10187.3,1657.45
20,route,覆盖路点巡回,1264954011,31,8116.69,10831.2,1917.9
20,route,覆盖路点巡回,1264954011,36,8116.69,9800.39,1507.87
20,route,覆盖路点巡回,1264954011,41,8116.69,9809.6,1673.59
20,route,覆盖路点巡回,1264954011,46,8116.69,9669.55,1577.97
20,route,覆盖路点巡回,1264954011,51,8116.69,9626.46,1484.73
20,route,覆盖路点巡回,1264954011,56,8116.69,9700.88,1507.37
20,route,覆盖路点巡回,1264954011,61,8116.69,9912.76,1650.05
20,route,覆盖路点巡回,1264954011,66,8116.69,9742.61,1708.4
20,route,覆盖路点巡回,1264954011,71,8116.69,9938.68,1776.08
20,route,覆盖路点巡回,1264954011,76,8116.69,10009.2,1670.31
20,route,覆盖路点巡回,1264954011,81,8116.69,9929.88,1626.87
20,route,覆盖路点巡回,1264954011,86,8116.69,9861.56,1686.23
20,route,覆盖路点巡回,1264954011,91,8116.69,9635.97,1568.23
20,route,覆盖路点巡回,1264954011,96,8116.69,9564.11,1664.96
20,route,覆盖路点巡回,1264954011,101,8116.69,9684.45,1631.01
20,route,覆盖路点巡回,1264954011,106,8116.69,9968.14,1591.28
20,route,覆盖路点巡回,1264954011,111,8116.69,9984.24,1532.34
20,route,覆盖路点巡回,1264954011,116,8116.69,10027,1573.88
20,route,覆盖路点巡回,1264954011,121,8116.69,9697.94,1718.03
20,route,覆盖路点巡回,1264954011,126,8116.69,9510.33,1580.68
20,route,覆盖路点巡回,1264954011,131,8116.69,9353.84,1450.02
20,route,覆盖路点巡回,1264954011,136,8116.69,9531.81,1343.08
20,route,覆盖路点巡回,1264954011,141,8116.69,9167.18,1356.03
20,route,覆盖路点巡回,1264954011,146,8116.69,9390.15,1589.06
20,route,覆盖路点巡回,1264954011,151,8116.69,9569.45,1625.78
20,route,覆盖路点巡回,1264954011,156,8116.69,9696.28,1704.18
20,route,覆盖路点巡回,1264954011,161,8116.69,9515.66,1562.29
20,route,覆盖路点巡回,1264954011,166,8116.69,9141.2,1472.58
20,route,覆盖路点巡回,1264954011,171,8116.69,9643.58,1739.43
20,route,覆盖路点巡回,1264954011,176,8116.69,9432.31,1658.1
20,route,覆盖路点巡回,1264954011,181,8116.69,9280.59,1447.57
20,route,覆盖路点巡回,1264954011,186,8116.69,9184.1,1368.19
20,route,覆盖路点巡回,1264954011,191,8116.69,9233.73,1331.4
20,route,覆盖路点巡回,1264954011,196,8116.69,9526.28,1589.42
20,route,覆盖路点巡回,1264954011,201,8116.69,9112.05,1309.25
20,route,覆盖路点巡回,1264954011,206,8116.69,9307.63,1571.15
20,route,覆盖路点巡回,1264954011,211,8116.69,9319.35,1643.07
20,route,覆盖路点巡回,1264954011,216,8116.69,9240.64,1567.71
20,route,覆盖路点巡回,1264954011,221,8116.69,9109.33,1414.21
20,route,覆盖路点巡回,1264954011,226,8116.69,8948.5,1359.18
20,route,覆盖路点巡回,1264954011,231,8116.69,8966.6,1449.27
20,route,覆盖路点巡回,1264954011,236,8116.69,9130.84,1478.1
20,route,覆盖路点巡回,1264954011,241,8116.69,9089.14,1423.16
20,route,覆盖路点巡回,1264954011,246,8116.69,9147.53,1451.89
20,route,覆盖路点巡回,1264954011,251,8116.69,9087.8,1556.77
20,route,覆盖路点巡回,1264954011,256,8116.69,8977.65,1318.43
20,route,覆盖路点巡回,1264954011,261,8116.69,9139.46,1327.9
20,route,覆盖路点巡回,1264954011,266,8116.69,8980.54,1245.68
20,route,覆盖路点巡回,1264954011,271,8116.69,8828.81,1258.93
20,route,覆盖路点巡回,1264954011,276,8116.69,8939.75,1359.5
20,route,覆盖路点巡回,1264954011,281,8116.69,8885.08,1247.67
20,route,覆盖路点巡回,1264954011,286,8116.69,9157.35,1455.17
20,route,覆盖路点巡回,1264954011,291,8116.69,8919.95,1447.76
20,route,覆盖路点巡回,1264954011,296,8116.69,8967.34,1291.95
20,route,覆盖路点巡回,1264954011,300,8116.69,8732.17,1263.42
20,localize,频道2,19,0,0,134.403,59.1868
20,localize,频道2,19,1,0,89.1304,50.8701
20,localize,频道3,19,0,0,123.56,51.5073
20,localize,频道3,19,1,0,84.6914,40.7154
20,localize,频道4,19,0,0.514952,137.201,63.8721
20,localize,频道4,19,1,0.514952,82.4559,45.377
20,localize,频道4,19,6,0.514952,9.8867,9.87048
20,localize,频道4,19,11,0.508147,8.29803,11.3092
20,localize,频道4,19,16,0.499294,8.21046,10.3997
20,localize,频道4,19,21,0.499294,9.92965,15.3016
20,localize,频道4,19,26,0.49925,8.10858,12.911
20,localize,频道4,19,31,0.49925,7.43455,12.2153
20,localize,频道4,19,36,0.49925,8.49043,10.6114
20,localize,频道4,19,41,0.49925,7.23219,10.3897
20,localize,频道4,19,46,0.499234,7.37424,9.32891
20,localize,频道4,19,51,0.499232,7.15452,10.6368
20,localize,频道4,19,56,0.499232,7.23191,9.20792
20,localize,频道4,19,61,0.499232,6.94242,12.3977
20,localize,频道4,19,66,0.499232,6.78135,7.31693
20,localize,频道4,19,71,0.49922,5.74512,5.33221
20,localize,频道4,19,76,0.49922,4.79606,6.53491
20,localize,频道4,19,81,0.49922,3.88798,4.68359
20,localize,频道4,19,86,0.49922,5.21597,6.00059
20,localize,频道4,19,91,0.49922,4.34496,4.82046
20,localize,频道4,19,96,0.49922,3.81226,4.79966
20,localize,频道4,19,101,0.49922,3.71889,4.29142
20,localize,频道4,19,106,0.49922,3.3433,3.35434
20,localize,频道4,19,111,0.49922,3.03355,3.56059
20,localize,频道4,19,116,0.49922,2.57592,3.14207
20,localize,频道4,19,121,0.49922,2.34552,3.20123
20,localize,频道4,19,126,0.49922,2.47777,2.64091
20,localize,频道4,19,131,0.49922,2.10684,2.88128
20,localize,频道4,19,136,0.499219,1.92822,1.94363
20,localize,频道4,19,141,0.499219,1.65751,1.7272
20,localize,频道4,19,146,0.499219,1.34217,1.39899
20,localize,频道4,19,150,0.499219,1.0456,0.890807
20,localize,频道5,19,0,4.01944e-14,123.371,49.0499
20,localize,频道5,19,1,4.01944e-14,87.4533,39.399
20,localize,频道6,19,0,0.0254473,112.614,50.5746
20,localize,频道6,19,1,0.0254473,70.0667,37.2085
20,localize,频道6,19,6,0.0254473,8.81063,7.65022
20,localize,频道6,19,11,0.0225329,5.86557,7.25558
20,localize,频道6,19,16,0.0224037,6.96911,9.37163
20,localize,频道6,19,21,0.0224037,6.51968,8.98843
20,localize,频道6,19,26,0.0220069,5.76079,6.40202
20,localize,频道6,19,31,0.0220069,4.58454,5.60485
20,localize,频道6,19,36,0.0220069,5.84934,6.62087
20,localize,频道6,19,41,0.0218465,4.39646,5.2444
20,localize,频道6,19,46,0.0218235,4.73374,5.53261
20,localize,频道6,19,51,0.0218235,4.4545,4.91385
20,localize,频道6,19,56,0.0218235,4.62813,4.8755
20,localize,频道6,19,61,0.0218235,4.74329,6.05082
20,localize,频道6,19,66,0.0218235,5.24649,5.70032
20,localize,频道6,19,71,0.0218235,3.86918,3.79751
20,localize,频道6,19,76,0.0218235,3.27835,3.6788
20,localize,频道6,19,81,0.0218235,2.90409,3.12713
20,localize,频道6,19,86,0.0218235,3.87014,3.93917
20,localize,频道6,19,91,0.0218235,3.61589,3.47879
20,localize,频道6,19,96,0.0218235,2.80901,3.42355
20,localize,频道6,19,101,0.0218235,2.69571,3.28271
20,localize,频道6,19,106,0.0218235,2.9818,3.01905
20,localize,频道6,19,111,0.0218235,2.18349,2.4587
20,localize,频道6,19,116,0.0218235,1.74951,2.06341
20,localize,频道6,19,121,0.0218235,1.60473,2.06033
20,localize,频道6,19,126,0.0218235,1.73015,1.86587
20,localize,频道6,19,131,0.0218235,1.55059,2.02864
20,localize,频道6,19,136,0.0218235,1.37431,1.36296
20,localize,频道6,19,141,0.0218235,1.23596,1.38907
20,localize,频道6,19,146,0.0218235,0.851165,0.971859
20,localize,频道6,19,150,0.0218235,0.623471,0.709753
20,localize,频道7,19,0,0,133.695,57.6158
20,localize,频道7,19,1,0,91.9068,48.3069
20,localize,频道9,19,0,0.38153,141.206,65.4561
20,localize,频道9,19,1,0.38153,91.1705,45.2271
20,localize,频道9,19,6,0.38153,14.5978,15.5824
20,localize,频道9,19,11,0.369689,10.1047,15.115
20,localize,频道9,19,16,0.368474,9.86522,12.5614
20,localize,频道9,19,21,0.364434,10.6556,16.1495
20,localize,频道9,19,26,0.364434,9.13637,13.6216
20,localize,频道9,19,31,0.364434,7.82822,15.2958
20,localize,频道9,19,36,0.364434,8.64108,12.3197
20,localize,频道9,19,41,0.364394,7.11665,11.8274
20,localize,频道9,19,46,0.364271,7.51531,9.41876
20,localize,频道9,19,51,0.364271,8.00758,12.7501
20,localize,频道9,19,56,0.364271,7.94868,11.324
20,localize,频道9,19,61,0.364271,7.79261,13.4371
20,localize,频道9,19,66,0.364271,8.22906,9.15182
20,localize,频道9,19,71,0.364271,6.24236,6.68016
20,localize,频道9,19,76,0.364271,4.84408,6.11328
20,localize,频道9,19,81,0.364271,4.29218,4.89915
20,localize,频道9,19,86,0.364271,5.94798,6.79119
20,localize,频道9,19,91,0.364271,5.03986,5.00745
20,localize,频道9,19,96,0.364271,4.22379,5.75063
20,localize,频道9,19,101,0.364271,3.87656,4.63421
20,localize,频道9,19,106,0.364271,3.89722,3.69473
20,localize,频道9,19,111,0.364271,3.45696,4.18186
20,localize,频道9,19,116,0.364271,2.75034,3.24562
20,localize,频道9,19,121,0.364271,2.58185,4.0878
20,localize,频道9,19,126,0.364271,2.68783,2.94472
20,localize,频道9,19,131,0.364271,2.56852,3.46371
20,localize,频道9,19,136,0.364271,2.15242,2.13231
20,localize,频道9,19,141,0.364271,1.85746,1.91367
20,localize,频道9,19,146,0.36427,1.43971,1.55427
20,localize,频道9,19,150,0.36427,1.10484,1.05486
20,localize,频道10,19,0,0.128132,108.424,47.2041
20,localize,频道10,19,1,0.128132,74.7371,38.1542
20,localize,频道10,19,6,0.128132,18.397,16.6354
20,localize,频道10,19,11,0.128132,16.5701,20.4415
20,localize,频道10,19,16,0.111997,14.883,19.514
20,localize,频道10,19,21,0.0994895,16.2611,21.4566
20,localize,频道10,19,26,0.0972838,15.7189,20.761
20,localize,频道10,19,31,0.0972838,11.7539,15.4173
20,localize,频道10,19,36,0.0972838,19.5109,25.7855
20,localize,频道10,19,41,0.0972838,15.527,21.6277
20,localize,频道10,19,46,0.0972536,16.6325,24.0122
20,localize,频道10,19,51,0.0972536,14.1721,21.9625
20,localize,频道10,19,56,0.0972536,16.4018,21.1873
20,localize,频道10,19,61,0.0972536,14.0703,19.2025
20,localize,频道10,19,66,0.0972536,13.9616,14.7809
20,localize,频道10,19,71,0.0972536,10.2989,13.2626
20,localize,频道10,19,76,0.0972536,12.8348,19.3015
20,localize,频道10,19,81,0.0972536,9.02521,10.7668
20,localize,频道10,19,86,0.0968984,13.0107,18.9179
20,localize,频道10,19,91,0.0968984,11.2992,12.609
20,localize,频道10,19,96,0.0966011,10.2165,16.3114
20,localize,频道10,19,101,0.0966011,8.57353,12.0802
20,localize,频道10,19,106,0.0966011,7.78817,8.81402
20,localize,频道10,19,111,0.0966011,7.56823,10.8253
20,localize,频道10,19,116,0.0966011,4.99535,5.75844
20,localize,频道10,19,121,0.0966011,5.54905,9.99163
20,localize,频道10,19,126,0.0966011,5.60421,6.0249
20,localize,频道10,19,131,0.0966011,6.40732,10.8697
20,localize,频道10,19,136,0.0966011,4.55073,5.01473
20,localize,频道10,19,141,0.0966011,3.86022,4.7935
20,localize,频道10,19,146,0.0966011,2.85047,3.75406
20,localize,频道10,19,150,0.0966011,1.93349,2.57061
20,localize,频道11,19,0,0.171619,107.949,51.621
20,localize,频道11,19,1,0.171619,68.358,39.4467
20,localize,频道11,19,6,0.171619,7.519,6.15724
20,localize,频道11,19,11,0.151236,5.69353,6.3215
20,localize,频道11,19,16,0.145439,5.93287,7.27788
20,localize,频道11,19,21,0.145343,6.03987,7.83088
20,localize,频道11,19,26,0.145343,5.44873,6.69888
20,localize,频道11,19,31,0.145343,4.71485,6.37538
20,localize,频道11,19,36,0.145198,5.69985,6.00576
20,localize,频道11,19,41,0.14507,4.29984,5.24081
20,localize,频道11,19,46,0.145038,4.80289,5.96577
20,localize,频道11,19,51,0.145038,4.37219,4.94047
20,localize,频道11,19,56,0.145038,4.62036,5.39331
20,localize,频道11,19,61,0.145038,4.7951,6.79941
20,localize,频道11,19,66,0.145038,4.96351,4.94764
20,localize,频道11,19,71,0.145038,3.72878,3.87197
20,localize,频道11,19,76,0.145038,3.67573,4.35572
20,localize,频道11,19,81,0.145038,3.03382,3.30069
20,localize,频道11,19,86,0.145031,3.78487,4.25903
20,localize,频道11,19,91,0.145031,3.70653,3.59356
20,localize,频道11,19,96,0.145031,2.74634,3.29626
20,localize,频道11,19,101,0.145031,2.74089,3.27094
20,localize,频道11,19,106,0.145031,2.92124,3.05659
20,localize,频道11,19,111,0.145031,2.40453,2.74253
20,localize,频道11,19,116,0.145031,1.76259,1.77565
20,localize,频道11,19,121,0.145031,1.78125,2.03247
20,localize,频道11,19,126,0.145031,1.76331,1.63249
20,localize,频道11,19,131,0.145031,1.74971,2.09718
20,localize,频道11,19,136,0.145031,1.4882,1.47996
20,localize,频道11,19,141,0.145031,1.28382,1.42297
20,localize,频道11,19,146,0.145031,0.986824,0.97452
20,localize,频道11,19,150,0.145031,0.674293,0.729962
20,localize,频道12,19,0,0.456584,115.898,56.351
20,localize,频道12,19,1,0.456584,72.4636,41.0471
20,localize,频道12,19,6,0.456584,8.28686,8.09412
20,localize,频道12,19,11,0.35551,5.82601,6.51524
20,localize,频道12,19,16,0.354843,6.50048,7.61999
20,localize,频道12,19,21,0.353163,6.68148,9.36248
20,localize,频道12,19,26,0.353095,6.4016,7.45398
20,localize,频道12,19,31,0.353087,5.06714,5.92698
20,localize,频道12,19,36,0.353087,6.43357,7.36929
20,localize,频道12,19,41,0.353087,4.6373,5.65163
20,localize,频道12,19,46,0.3528,5.24099,6.80959
20,localize,频道12,19,51,0.3528,4.76471,5.01869
20,localize,频道12,19,56,0.352734,5.01253,5.36776
20,localize,频道12,19,61,0.352734,5.34302,6.94317
20,localize,频道12,19,66,0.352734,5.23137,5.00241
20,localize,频道12,19,71,0.352734,3.89983,3.90841
20,localize,频道12,19,76,0.352734,3.87479,4.29801
20,localize,频道12,19,81,0.352734,3.4628,3.45101
20,localize,频道12,19,86,0.352734,4.10848,4.46385
20,localize,频道12,19,91,0.352734,3.9955,3.80789
20,localize,频道12,19,96,0.352734,3.02061,3.45527
20,localize,频道12,19,101,0.352734,3.03942,3.57874
20,localize,频道12,19,106,0.352733,3.15697,3.38713
20,localize,频道12,19,111,0.352733,2.54679,2.65086
20,localize,频道12,19,116,0.352733,1.9271,1.92551
20,localize,频道12,19,121,0.352733,1.87028,2.04482
20,localize,频道12,19,126,0.352726,1.92607,1.70174
20,localize,频道12,19,131,0.352726,1.85205,2.10016
20,localize,频道12,19,136,0.352722,1.61812,1.4705
20,localize,频道12,19,141,0.352722,1.49958,1.51445
20,localize,频道12,19,146,0.352722,1.0807,0.921515
20,localize,频道12,19,150,0.352722,0.838624,0.699652
20,localize,频道16,19,0,0,139.125,57.8359
20,localize,频道16,19,1,0,95.1339,44.2368
20,localize,频道17,19,0,0.00397466,120.209,58.17
20,localize,频道17,19,1,0.00397466,76.0164,37.5023
20,localize,频道17,19,6,0.00397466,13.3468,12.3065
20,localize,频道17,19,11,0.00397466,10.2229,12.704
20,localize,频道17,19,16,0.00397466,9.31841,11.0681
20,localize,频道17,19,21,0.00397466,11.0029,15.7555
20,localize,频道17,19,26,0.00397466,9.36313,13.3928
20,localize,频道17,19,31,0.00397466,6.84047,10.1476
20,localize,频道17,19,36,0.00397466,11.0594,14.8311
20,localize,频道17,19,41,0.00397466,7.6635,10.6709
20,localize,频道17,19,46,0.00397466,9.11599,12.4438
20,localize,频道17,19,51,0.00397466,7.42849,9.94032
20,localize,频道17,19,56,0.00397466,8.72881,11.9538
20,localize,频道17,19,61,0.00397466,8.44441,13.9399
20,localize,频道17,19,66,0.00397466,7.31452,8.05521
20,localize,频道17,19,71,0.00397466,6.12002,6.70232
20,localize,频道17,19,76,0.00397466,6.69139,12.8278
20,localize,频道17,19,81,0.00397466,4.37137,4.83389
20,localize,频道17,19,86,0.00397466,6.75778,8.11734
20,localize,频道17,19,91,0.00397466,5.49144,5.95279
20,localize,频道17,19,96,0.00397466,4.39049,5.46717
20,localize,频道17,19,101,0.0039277,4.31426,5.16707
20,localize,频道17,19,106,0.0039277,4.12799,4.44674
20,localize,频道17,19,111,0.0039277,3.52281,4.21021
20,localize,频道17,19,116,0.0039277,2.85141,2.97476
20,localize,频道17,19,121,0.0039277,2.75459,3.75285
20,localize,频道17,19,126,0.00387254,2.70421,2.7598
20,localize,频道17,19,131,0.00352306,2.54505,3.40619
20,localize,频道17,19,136,0.00352306,2.23892,2.28623
20,localize,频道17,19,141,0.00352306,1.90343,2.26341
20,localize,频道17,19,146,0.00352306,1.45033,1.7298
20,localize,频道17,19,150,0.00352306,0.958572,1.17672
20,localize,频道18,19,0,0.388834,123.146,54.3798
20,localize,频道18,19,1,0.388834,87.8399,37.9392
20,localize,频道18,19,6,0.353183,14.8907,15.4395
20,localize,频道18,19,11,0.301392,11.6779,17.0059
20,localize,频道18,19,16,0.289066,12.9483,19.6441
20,localize,频道18,19,21,0.288203,11.3798,13.4142
20,localize,频道18,19,26,0.288203,10.964,14.4115
20,localize,频道18,19,31,0.287888,9.23278,11.6969
20,localize,频道18,19,36,0.287392,10.5679,11.8691
20,localize,频道18,19,41,0.286788,8.41194,10.1165
20,localize,频道18,19,46,0.286263,9.37938,13.3792
20,localize,频道18,19,51,0.286263,7.55525,9.03297
20,localize,频道18,19,56,0.286263,9.11131,10.2057
20,localize,频道18,19,61,0.286263,10.023,14.568
20,localize,频道18,19,66,0.286263,10.5418,13.9784
20,localize,频道18,19,71,0.286263,6.69545,7.76416
20,localize,频道18,19,76,0.286263,6.70529,7.29245
20,localize,频道18,19,81,0.286263,5.88762,6.57636
20,localize,频道18,19,86,0.286263,6.97715,7.58673
20,localize,频道18,19,91,0.286263,7.01618,7.00893
20,localize,频道18,19,96,0.28625,5.01811,6.15153
20,localize,频道18,19,101,0.28625,5.32143,6.5668
20,localize,频道18,19,106,0.28622,5.45187,6.452
20,localize,频道18,19,111,0.28622,4.06993,4.66127
20,localize,频道18,19,116,0.28622,3.15237,3.74651
20,localize,频道18,19,121,0.28622,3.27412,4.13542
20,localize,频道18,19,126,0.28622,3.16585,3.08044
20,localize,频道18,19,131,0.286215,2.80395,3.39449
20,localize,频道18,19,136,0.286215,2.52862,2.5805
20,localize,频道18,19,141,0.286215,2.35085,2.68817
20,localize,频道18,19,146,0.286215,1.66858,1.74298
20,localize,频道18,19,150,0.286215,1.26051,1.33083
20,localize,频道19,19,0,0.131155,123.816,62.8605
20,localize,频道19,19,1,0.131155,77.0345,44.8122
20,localize,频道19,19,6,0.131155,13.4439,15.853
20,localize,频道19,19,11,0.131155,8.79904,11.4542
20,localize,频道19,19,16,0.128094,12.2656,20.4348
20,localize,频道19,19,21,0.128094,9.44124,13.8307
20,localize,频道19,19,26,0.127533,9.81818,16.3582
20,localize,频道19,19,31,0.126203,7.61458,12.0428
20,localize,频道19,19,36,0.126173,9.94257,15.265
20,localize,频道19,19,41,0.126036,8.09503,13.9419
20,localize,频道19,19,46,0.125992,7.96072,11.1811
20,localize,频道19,19,51,0.125992,7.30721,9.68499
20,localize,频道19,19,56,0.125963,7.78149,11.3206
20,localize,频道19,19,61,0.125963,8.66455,16.754
20,localize,频道19,19,66,0.125963,8.44825,10.4247
20,localize,频道19,19,71,0.125963,6.80122,10.9974
20,localize,频道19,19,76,0.125963,4.99129,6.86698
20,localize,频道19,19,81,0.125963,4.62936,6.91803
20,localize,频道19,19,86,0.125924,6.5148,10.5721
20,localize,频道19,19,91,0.125924,6.16117,9.80456
20,localize,频道19,19,96,0.125924,4.42209,6.46537
20,localize,频道19,19,101,0.125924,4.75367,7.15746
20,localize,频道19,19,106,0.125924,4.22859,5.88202
20,localize,频道19,19,111,0.125924,3.55072,4.77478
20,localize,频道19,19,116,0.125924,2.85806,4.00135
20,localize,频道19,19,121,0.125924,2.5022,3.56047
20,localize,频道19,19,126,0.125924,2.75173,3.99368
20,localize,频道19,19,131,0.125923,2.41919,3.74992
20,localize,频道19,19,136,0.125921,2.08533,2.73062
20,localize,频道19,19,141,0.125921,1.85506,2.49288
20,localize,频道19,19,146,0.125921,1.31013,1.79536
20,localize,频道19,19,150,0.125921,1.04407,1.38081
20,localize,频道20,19,0,0.0201601,121.046,56.2428
20,localize,频道20,19,1,0.0201601,80.875,38.9599
20,localize,频道20,19,6,0.0201601,15.0831,17.8664
20,localize,频道20,19,11,0.0201601,9.35298,15.6456
20,localize,频道20,19,16,0.0201601,9.8435,15.9425
20,localize,频道20,19,21,0.0190023,11.2344,16.4678
20,localize,频道20,19,26,0.0190023,10.4366,15.4437
20,localize,频道20,19,31,0.0190023,8.51051,15.1339
20,localize,频道20,19,36,0.0190023,12.1204,17.6438
20,localize,频道20,19,41,0.0190023,7.67741,11.4129
20,localize,频道20,19,46,0.0189002,9.14066,16.2527
20,localize,频道20,19,51,0.0189002,7.67865,11.372
20,localize,频道20,19,56,0.0189002,8.05226,11.0391
20,localize,频道20,19,61,0.0189002,7.66413,12.374
20,localize,频道20,19,66,0.0189002,7.83626,8.44442
20,localize,频道20,19,71,0.0189002,5.26886,6.76066
20,localize,频道20,19,76,0.0189002,5.65197,8.10918
20,localize,频道20,19,81,0.0189002,4.87753,5.95922
20,localize,频道20,19,86,0.0189002,6.09991,8.72916
20,localize,频道20,19,91,0.0189002,6.99514,7.66948
20,localize,频道20,19,96,0.0189002,4.37675,6.38681
20,localize,频道20,19,101,0.0188725,4.52991,5.99333
20,localize,频道20,19,106,0.0188725,4.99503,6.52002
20,localize,频道20,19,111,0.0188614,4.02286,5.45316
20,localize,频道20,19,116,0.0188614,2.56811,3.3188
20,localize,频道20,19,121,0.0188614,2.98671,4.0415
20,localize,频道20,19,126,0.0188614,2.72679,2.86992
20,localize,频道20,19,131,0.0188614,2.92533,4.33898
20,localize,频道20,19,136,0.0188614,2.39932,2.81493
20,localize,频道20,19,141,0.0188614,2.15995,3.04194
20,localize,频道20,19,146,0.0188614,1.41764,1.81897
20,localize,频道20,19,150,0.0188614,1.0979,1.4457
20,route,清除顺序,902756589,0,10026.8,24989.4,2967.18
20,route,清除顺序,902756589,1,10026.8,23406.6,2813.8
20,route,清除顺序,902756589,6,10026.8,16674.1,3000.88
20,route,清除顺序,902756589,11,9948.31,14235.9,2820.7
20,route,清除顺序,902756589,16,9872.19,12660.8,2606.73
20,route,清除顺序,902756589,21,9150.75,12181.5,2820.91
20,route,清除顺序,902756589,26,8916.2,11808,2480.26
20,route,清除顺序,902756589,31,8916.2,11773.1,2784.69
20,route,清除顺序,902756589,36,8916.2,11320.7,2852.37
20,route,清除顺序,902756589,41,8916.2,11595.6,2733.64
20,route,清除顺序,902756589,46,8916.2,11879.7,2932.01
20,route,清除顺序,902756589,51,8916.2,11406.7,2465.08
20,route,清除顺序,902756589,56,8916.2,11776.8,2827.81
20,route,清除顺序,902756589,61,8916.2,11369.5,2882.36
20,route,清除顺序,902756589,66,8916.2,10927.6,2618.02
20,route,清除顺序,902756589,71,8916.2,10909.4,2596.7
20,route,清除顺序,902756589,76,8916.2,10939.4,2351.86
20,route,清除顺序,902756589,81,8916.2,10712.1,2160.47
20,route,清除顺序,902756589,86,8916.2,11139.5,2410.15
20,route,清除顺序,902756589,91,8916.2,11100.9,2576.82
20,route,清除顺序,902756589,96,8916.2,11252.8,2768.06
20,route,清除顺序,902756589,101,8916.2,11200.3,2712.65
20,route,清除顺序,902756589,106,8916.2,11190.2,2454.12
20,route,清除顺序,902756589,111,8916.2,10979.3,2754.82
20,route,清除顺序,902756589,116,8916.2,10933.1,2218.47
20,route,清除顺序,902756589,121,8916.2,12417,3348.68
20,route,清除顺序,902756589,126,8916.2,10700.9,2359.97
20,route,清除顺序,902756589,131,8916.2,10666.1,2590.6
20,route,清除顺序,902756589,136,8916.2,10519.7,2442.36
20,route,清除顺序,902756589,141,8916.2,10637.8,2471.78
20,route,清除顺序,902756589,146,8916.2,10338.5,2151.07
20,route,清除顺序,902756589,151,8916.2,10638.5,2305.66
20,route,清除顺序,902756589,156,8916.2,10344.6,2508.56
20,route,清除顺序,902756589,161,8916.2,10501.9,2329.62
20,route,清除顺序,902756589,166,8916.2,10497.6,2321.32
20,route,清除顺序,902756589,171,8916.2,11090.3,2914.54
20,route,清除顺序,902756589,176,8916.2,10766,2864.95
20,route,清除顺序,902756589,181,8916.2,10967.9,2569.97
20,route,清除顺序,902756589,186,8916.2,10874.5,2485.93
20,route,清除顺序,902756589,191,8916.2,10838.9,2555.97
20,route,清除顺序,902756589,196,8916.2,10631.8,2387.12
20,route,清除顺序,902756589,201,8916.2,10578.5,2480.41
20,route,清除顺序,902756589,206,8916.2,10523.3,2361.92
20,route,清除顺序,902756589,211,8916.2,10424.3,2328.5
20,route,清除顺序,902756589,216,8916.2,10889.5,2599.22
20,route,清除顺序,902756589,221,8916.2,10436.1,2285.84
20,route,清除顺序,902756589,226,8916.2,10204.9,2269.59
20,route,清除顺序,902756589,231,8916.2,10769.7,2489.38
20,route,清除顺序,902756589,236,8916.2,10030.4,1784.47
20,route,清除顺序,902756589,241,8916.2,10329.6,2231.28
20,route,清除顺序,902756589,246,8916.2,10059.7,1686.29
20,route,清除顺序,902756589,251,8916.2,10165.3,2159.49
20,route,清除顺序,902756589,256,8916.2,10387.6,2439.15
20,route,清除顺序,902756589,261,8916.2,10213.7,2094.07
20,route,清除顺序,902756589,266,8916.2,10970.1,2631.71
20,route,清除顺序,902756589,271,8916.2,10168.1,2304.33
20,route,清除顺序,902756589,276,8916.2,10486.6,2537
20,route,清除顺序,902756589,281,8916.2,10686.1,2638.28
20,route,清除顺序,902756589,286,8916.2,10109.5,2224.8
20,route,清除顺序,902756589,291,8916.2,10403.1,2239.36
20,route,清除顺序,902756589,296,8916.2,10036.6,1980.17
20,route,清除顺序,902756589,300,8916.2,10147.3,2162.75
