x_m,y_m,worst_source_dist_m,testable,worst_diam_m,suitability
-1800.0,-1800.0,3771.4,0,1000000000.00,0.000000
-1775.0,-1800.0,3749.5,0,1000000000.00,0.000000
-1750.0,-1800.0,3727.7,0,1000000000.00,0.000000
-1725.0,-1800.0,3706.0,0,1000000000.00,0.000000
-1700.0,-1800.0,3684.2,0,1000000000.00,0.000000
-1675.0,-1800.0,3662.5,0,1000000000.00,0.000000
-1650.0,-1800.0,3640.9,0,1000000000.00,0.000000
-1625.0,-1800.0,3619.3,0,1000000000.00,0.000000
-1600.0,-1800.0,3597.7,0,1000000000.00,0.000000
-1575.0,-1800.0,3576.2,0,1000000000.00,0.000000
-1550.0,-1800.0,3554.7,0,1000000000.00,0.000000
-1525.0,-1800.0,3533.3,0,1000000000.00,0.000000
-1500.0,-1800.0,3511.9,0,1000000000.00,0.000000
-1475.0,-1800.0,3490.6,0,1000000000.00,0.000000
-1450.0,-1800.0,3469.3,0,1000000000.00,0.000000
-1425.0,-1800.0,3448.1,0,1000000000.00,0.000000
-1400.0,-1800.0,3426.9,0,1000000000.00,0.000000
-1375.0,-1800.0,3405.8,0,1000000000.00,0.000000
-1350.0,-1800.0,3384.7,0,1000000000.00,0.000000
-1325.0,-1800.0,3363.7,0,1000000000.00,0.000000
-1300.0,-1800.0,3342.7,0,1000000000.00,0.000000
-1275.0,-1800.0,3321.8,0,1000000000.00,0.000000
-1250.0,-1800.0,3300.9,0,1000000000.00,0.000000
-1225.0,-1800.0,3280.1,0,1000000000.00,0.000000
-1200.0,-1800.0,3259.4,0,1000000000.00,0.000000
-1175.0,-1800.0,3238.7,0,1000000000.00,0.000000
-1150.0,-1800.0,3218.1,0,1000000000.00,0.000000
-1125.0,-1800.0,3197.6,0,1000000000.00,0.000000
-1100.0,-1800.0,3177.1,0,1000000000.00,0.000000
-1075.0,-1800.0,3156.6,0,1000000000.00,0.000000
-1050.0,-1800.0,3136.3,0,1000000000.00,0.000000
-1025.0,-1800.0,3116.0,0,1000000000.00,0.000000
-1000.0,-1800.0,3095.8,0,1000000000.00,0.000000
-975.0,-1800.0,3075.6,0,1000000000.00,0.000000
-950.0,-1800.0,3055.5,0,1000000000.00,0.000000
-925.0,-1800.0,3035.5,0,1000000000.00,0.000000
-900.0,-1800.0,3015.6,0,1000000000.00,0.000000
-875.0,-1800.0,2995.7,0,1000000000.00,0.000000
-850.0,-1800.0,2976.0,0,1000000000.00,0.000000
-825.0,-1800.0,2956.3,0,1000000000.00,0.000000
-800.0,-1800.0,2936.6,0,1000000000.00,0.000000
-775.0,-1800.0,2917.1,0,1000000000.00,0.000000
-750.0,-1800.0,2897.7,0,1000000000.00,0.000000
-725.0,-1800.0,2878.3,0,1000000000.00,0.000000
-700.0,-1800.0,2859.0,0,1000000000.00,0.000000
-675.0,-1800.0,2839.8,0,1000000000.00,0.000000
-650.0,-1800.0,2820.7,0,1000000000.00,0.000000
-625.0,-1800.0,2801.7,0,1000000000.00,0.000000
-600.0,-1800.0,2782.8,0,1000000000.00,0.000000
-575.0,-1800.0,2764.0,0,1000000000.00,0.000000
-550.0,-1800.0,2745.3,0,1000000000.00,0.000000
-525.0,-1800.0,2726.7,0,1000000000.00,0.000000
-500.0,-1800.0,2708.1,0,1000000000.00,0.000000
-475.0,-1800.0,2689.7,0,1000000000.00,0.000000
-450.0,-1800.0,2671.4,0,1000000000.00,0.000000
-425.0,-1800.0,2653.2,0,1000000000.00,0.000000
-400.0,-1800.0,2635.2,0,1000000000.00,0.000000
-375.0,-1800.0,2617.2,0,1000000000.00,0.000000
-350.0,-1800.0,2599.3,0,1000000000.00,0.000000
-325.0,-1800.0,2581.6,0,1000000000.00,0.000000
-300.0,-1800.0,2564.0,0,1000000000.00,0.000000
-275.0,-1800.0,2546.5,0,1000000000.00,0.000000
-250.0,-1800.0,2529.2,0,1000000000.00,0.000000
-225.0,-1800.0,2511.9,0,1000000000.00,0.000000
-200.0,-1800.0,2494.8,0,1000000000.00,0.000000
-175.0,-1800.0,2477.9,0,1000000000.00,0.000000
-150.0,-1800.0,2461.0,0,1000000000.00,0.000000
-125.0,-1800.0,2444.3,0,1000000000.00,0.000000
-100.0,-1800.0,2427.8,0,1000000000.00,0.000000
-75.0,-1800.0,2411.4,0,1000000000.00,0.000000
-50.0,-1800.0,2395.1,0,1000000000.00,0.000000
-25.0,-1800.0,2379.0,0,1000000000.00,0.000000
0.0,-1800.0,2363.1,0,1000000000.00,0.000000
25.0,-1800.0,2347.3,0,1000000000.00,0.000000
50.0,-1800.0,2331.7,0,1000000000.00,0.000000
75.0,-1800.0,2316.2,0,1000000000.00,0.000000
100.0,-1800.0,2300.9,0,1000000000.00,0.000000
125.0,-1800.0,2285.8,0,1000000000.00,0.000000
150.0,-1800.0,2270.9,0,1000000000.00,0.000000
175.0,-1800.0,2256.1,0,1000000000.00,0.000000
200.0,-1800.0,2241.5,0,1000000000.00,0.000000
225.0,-1800.0,2227.1,0,1000000000.00,0.000000
250.0,-1800.0,2212.9,0,1000000000.00,0.000000
275.0,-1800.0,2198.9,0,1000000000.00,0.000000
300.0,-1800.0,2185.0,0,1000000000.00,0.000000
325.0,-1800.0,2171.4,0,1000000000.00,0.000000
350.0,-1800.0,2158.0,0,1000000000.00,0.000000
375.0,-1800.0,2144.8,0,1000000000.00,0.000000
400.0,-1800.0,2131.8,0,1000000000.00,0.000000
425.0,-1800.0,2119.0,0,1000000000.00,0.000000
450.0,-1800.0,2106.4,0,1000000000.00,0.000000
475.0,-1800.0,2094.1,0,1000000000.00,0.000000
500.0,-1800.0,2081.9,0,1000000000.00,0.000000
525.0,-1800.0,2070.1,0,1000000000.00,0.000000
550.0,-1800.0,2058.4,0,1000000000.00,0.000000
575.0,-1800.0,2047.0,0,1000000000.00,0.000000
600.0,-1800.0,2035.8,0,1000000000.00,0.000000
625.0,-1800.0,2024.9,0,1000000000.00,0.000000
650.0,-1800.0,2014.2,0,1000000000.00,0.000000
675.0,-1800.0,2003.8,0,1000000000.00,0.000000
700.0,-1800.0,1993.6,0,1000000000.00,0.000000
725.0,-1800.0,1983.7,0,1000000000.00,0.000000
750.0,-1800.0,1974.1,0,1000000000.00,0.000000
775.0,-1800.0,1964.7,0,1000000000.00,0.000000
800.0,-1800.0,1967.8,0,1000000000.00,0.000000
825.0,-1800.0,1978.1,0,1000000000.00,0.000000
850.0,-1800.0,1988.6,0,1000000000.00,0.000000
875.0,-1800.0,1999.3,0,1000000000.00,0.000000
900.0,-1800.0,2010.3,0,1000000000.00,0.000000
925.0,-1800.0,2021.6,0,1000000000.00,0.000000
950.0,-1800.0,2033.1,0,1000000000.00,0.000000
975.0,-1800.0,2044.8,0,1000000000.00,0.000000
1000.0,-1800.0,2056.8,0,1000000000.00,0.000000
1025.0,-1800.0,2069.0,0,1000000000.00,0.000000
1050.0,-1800.0,2081.4,0,1000000000.00,0.000000
1075.0,-1800.0,2094.1,0,1000000000.00,0.000000
1100.0,-1800.0,2107.0,0,1000000000.00,0.000000
1125.0,-1800.0,2120.1,0,1000000000.00,0.000000
1150.0,-1800.0,2133.4,0,1000000000.00,0.000000
1175.0,-1800.0,2146.9,0,1000000000.00,0.000000
1200.0,-1800.0,2160.6,0,1000000000.00,0.000000
1225.0,-1800.0,2174.6,0,1000000000.00,0.000000
1250.0,-1800.0,2188.7,0,1000000000.00,0.000000
1275.0,-1800.0,2203.0,0,1000000000.00,0.000000
1300.0,-1800.0,2217.5,0,1000000000.00,0.000000
1325.0,-1800.0,2232.2,0,1000000000.00,0.000000
1350.0,-1800.0,2247.1,0,1000000000.00,0.000000
1375.0,-1800.0,2262.1,0,1000000000.00,0.000000
1400.0,-1800.0,2277.4,0,1000000000.00,0.000000
1425.0,-1800.0,2292.8,0,1000000000.00,0.000000
1450.0,-1800.0,2308.3,0,1000000000.00,0.000000
1475.0,-1800.0,2324.1,0,1000000000.00,0.000000
1500.0,-1800.0,2339.9,0,1000000000.00,0.000000
1525.0,-1800.0,2356.0,0,1000000000.00,0.000000
1550.0,-1800.0,2372.2,0,1000000000.00,0.000000
1575.0,-1800.0,2388.6,0,1000000000.00,0.000000
1600.0,-1800.0,2405.1,0,1000000000.00,0.000000
1625.0,-1800.0,2421.7,0,1000000000.00,0.000000
1650.0,-1800.0,2438.5,0,1000000000.00,0.000000
1675.0,-1800.0,2455.4,0,1000000000.00,0.000000
1700.0,-1800.0,2472.5,0,1000000000.00,0.000000
1725.0,-1800.0,2489.7,0,1000000000.00,0.000000
1750.0,-1800.0,2507.1,0,1000000000.00,0.000000
1775.0,-1800.0,2524.5,0,1000000000.00,0.000000
1800.0,-1800.0,2542.1,0,1000000000.00,0.000000
-1800.0,-1775.0,3759.4,0,1000000000.00,0.000000
-1775.0,-1775.0,3737.4,0,1000000000.00,0.000000
-1750.0,-1775.0,3715.5,0,1000000000.00,0.000000
-1725.0,-1775.0,3693.7,0,1000000000.00,0.000000
-1700.0,-1775.0,3671.9,0,1000000000.00,0.000000
-1675.0,-1775.0,3650.1,0,1000000000.00,0.000000
-1650.0,-1775.0,3628.4,0,1000000000.00,0.000000
-1625.0,-1775.0,3606.7,0,1000000000.00,0.000000
-1600.0,-1775.0,3585.1,0,1000000000.00,0.000000
-1575.0,-1775.0,3563.5,0,1000000000.00,0.000000
-1550.0,-1775.0,3541.9,0,1000000000.00,0.000000
-1525.0,-1775.0,3520.4,0,1000000000.00,0.000000
-1500.0,-1775.0,3499.0,0,1000000000.00,0.000000
-1475.0,-1775.0,3477.6,0,1000000000.00,0.000000
-1450.0,-1775.0,3456.2,0,1000000000.00,0.000000
-1425.0,-1775.0,3434.9,0,1000000000.00,0.000000
-1400.0,-1775.0,3413.6,0,1000000000.00,0.000000
-1375.0,-1775.0,3392.4,0,1000000000.00,0.000000
-1350.0,-1775.0,3371.3,0,1000000000.00,0.000000
-1325.0,-1775.0,3350.2,0,1000000000.00,0.000000
-1300.0,-1775.0,3329.1,0,1000000000.00,0.000000
-1275.0,-1775.0,3308.1,0,1000000000.00,0.000000
-1250.0,-1775.0,3287.2,0,1000000000.00,0.000000
-1225.0,-1775.0,3266.3,0,1000000000.00,0.000000
-1200.0,-1775.0,3245.5,0,1000000000.00,0.000000
-1175.0,-1775.0,3224.7,0,1000000000.00,0.000000
-1150.0,-1775.0,3204.0,0,1000000000.00,0.000000
-1125.0,-1775.0,3183.3,0,1000000000.00,0.000000
-1100.0,-1775.0,3162.8,0,1000000000.00,0.000000
-1075.0,-1775.0,3142.2,0,1000000000.00,0.000000
-1050.0,-1775.0,3121.8,0,1000000000.00,0.000000
-1025.0,-1775.0,3101.4,0,1000000000.00,0.000000
-1000.0,-1775.0,3081.1,0,1000000000.00,0.000000
-975.0,-1775.0,3060.8,0,1000000000.00,0.000000
-950.0,-1775.0,3040.7,0,1000000000.00,0.000000
-925.0,-1775.0,3020.6,0,1000000000.00,0.000000
-900.0,-1775.0,3000.5,0,1000000000.00,0.000000
-875.0,-1775.0,2980.6,0,1000000000.00,0.000000
-850.0,-1775.0,2960.7,0,1000000000.00,0.000000
-825.0,-1775.0,2940.9,0,1000000000.00,0.000000
-800.0,-1775.0,2921.2,0,1000000000.00,0.000000
-775.0,-1775.0,2901.5,0,1000000000.00,0.000000
-750.0,-1775.0,2882.0,0,1000000000.00,0.000000
-725.0,-1775.0,2862.5,0,1000000000.00,0.000000
-700.0,-1775.0,2843.1,0,1000000000.00,0.000000
-675.0,-1775.0,2823.8,0,1000000000.00,0.000000
-650.0,-1775.0,2804.6,0,1000000000.00,0.000000
-625.0,-1775.0,2785.5,0,1000000000.00,0.000000
-600.0,-1775.0,2766.5,0,1000000000.00,0.000000
-575.0,-1775.0,2747.5,0,1000000000.00,0.000000
-550.0,-1775.0,2728.7,0,1000000000.00,0.000000
-525.0,-1775.0,2710.0,0,1000000000.00,0.000000
-500.0,-1775.0,2691.3,0,1000000000.00,0.000000
-475.0,-1775.0,2672.8,0,1000000000.00,0.000000
-450.0,-1775.0,2654.4,0,1000000000.00,0.000000
-425.0,-1775.0,2636.1,0,1000000000.00,0.000000
-400.0,-1775.0,2617.9,0,1000000000.00,0.000000
-375.0,-1775.0,2599.8,0,1000000000.00,0.000000
-350.0,-1775.0,2581.8,0,1000000000.00,0.000000
-325.0,-1775.0,2564.0,0,1000000000.00,0.000000
-300.0,-1775.0,2546.3,0,1000000000.00,0.000000
-275.0,-1775.0,2528.6,0,1000000000.00,0.000000
-250.0,-1775.0,2511.2,0,1000000000.00,0.000000
-225.0,-1775.0,2493.8,0,1000000000.00,0.000000
-200.0,-1775.0,2476.6,0,1000000000.00,0.000000
-175.0,-1775.0,2459.5,0,1000000000.00,0.000000
-150.0,-1775.0,2442.5,0,1000000000.00,0.000000
-125.0,-1775.0,2425.7,0,1000000000.00,0.000000
-100.0,-1775.0,2409.0,0,1000000000.00,0.000000
-75.0,-1775.0,2392.5,0,1000000000.00,0.000000
-50.0,-1775.0,2376.1,0,1000000000.00,0.000000
-25.0,-1775.0,2359.9,0,1000000000.00,0.000000
0.0,-1775.0,2343.8,0,1000000000.00,0.000000
25.0,-1775.0,2327.9,0,1000000000.00,0.000000
50.0,-1775.0,2312.2,0,1000000000.00,0.000000
75.0,-1775.0,2296.6,0,1000000000.00,0.000000
100.0,-1775.0,2281.1,0,1000000000.00,0.000000
125.0,-1775.0,2265.9,0,1000000000.00,0.000000
150.0,-1775.0,2250.8,0,1000000000.00,0.000000
175.0,-1775.0,2235.9,0,1000000000.00,0.000000
200.0,-1775.0,2221.2,0,1000000000.00,0.000000
225.0,-1775.0,2206.6,0,1000000000.00,0.000000
250.0,-1775.0,2192.3,0,1000000000.00,0.000000
275.0,-1775.0,2178.1,0,1000000000.00,0.000000
300.0,-1775.0,2164.2,0,1000000000.00,0.000000
325.0,-1775.0,2150.4,0,1000000000.00,0.000000
350.0,-1775.0,2136.9,0,1000000000.00,0.000000
375.0,-1775.0,2123.5,0,1000000000.00,0.000000
400.0,-1775.0,2110.4,0,1000000000.00,0.000000
425.0,-1775.0,2097.5,0,1000000000.00,0.000000
450.0,-1775.0,2084.8,0,1000000000.00,0.000000
475.0,-1775.0,2072.3,0,1000000000.00,0.000000
500.0,-1775.0,2060.0,0,1000000000.00,0.000000
525.0,-1775.0,2048.0,0,1000000000.00,0.000000
550.0,-1775.0,2036.2,0,1000000000.00,0.000000
575.0,-1775.0,2024.7,0,1000000000.00,0.000000
600.0,-1775.0,2013.4,0,1000000000.00,0.000000
625.0,-1775.0,2002.4,0,1000000000.00,0.000000
650.0,-1775.0,1991.6,0,1000000000.00,0.000000
675.0,-1775.0,1981.0,0,1000000000.00,0.000000
700.0,-1775.0,1970.8,0,1000000000.00,0.000000
725.0,-1775.0,1960.7,0,1000000000.00,0.000000
750.0,-1775.0,1951.0,0,1000000000.00,0.000000
775.0,-1775.0,1941.5,0,1000000000.00,0.000000
800.0,-1775.0,1945.0,0,1000000000.00,0.000000
825.0,-1775.0,1955.3,0,1000000000.00,0.000000
850.0,-1775.0,1966.0,0,1000000000.00,0.000000
875.0,-1775.0,1976.8,0,1000000000.00,0.000000
900.0,-1775.0,1988.0,0,1000000000.00,0.000000
925.0,-1775.0,1999.3,0,1000000000.00,0.000000
950.0,-1775.0,2011.0,0,1000000000.00,0.000000
975.0,-1775.0,2022.8,0,1000000000.00,0.000000
1000.0,-1775.0,2034.9,0,1000000000.00,0.000000
1025.0,-1775.0,2047.3,0,1000000000.00,0.000000
1050.0,-1775.0,2059.8,0,1000000000.00,0.000000
1075.0,-1775.0,2072.6,0,1000000000.00,0.000000
1100.0,-1775.0,2085.7,0,1000000000.00,0.000000
1125.0,-1775.0,2098.9,0,1000000000.00,0.000000
1150.0,-1775.0,2112.3,0,1000000000.00,0.000000
1175.0,-1775.0,2126.0,0,1000000000.00,0.000000
1200.0,-1775.0,2139.9,0,1000000000.00,0.000000
1225.0,-1775.0,2153.9,0,1000000000.00,0.000000
1250.0,-1775.0,2168.2,0,1000000000.00,0.000000
1275.0,-1775.0,2182.6,0,1000000000.00,0.000000
1300.0,-1775.0,2197.3,0,1000000000.00,0.000000
1325.0,-1775.0,2212.1,0,1000000000.00,0.000000
1350.0,-1775.0,2227.1,0,1000000000.00,0.000000
1375.0,-1775.0,2242.3,0,1000000000.00,0.000000
1400.0,-1775.0,2257.6,0,1000000000.00,0.000000
1425.0,-1775.0,2273.2,0,1000000000.00,0.000000
1450.0,-1775.0,2288.9,0,1000000000.00,0.000000
1475.0,-1775.0,2304.7,0,1000000000.00,0.000000
1500.0,-1775.0,2320.8,0,1000000000.00,0.000000
1525.0,-1775.0,2337.0,0,1000000000.00,0.000000
1550.0,-1775.0,2353.3,0,1000000000.00,0.000000
1575.0,-1775.0,2369.8,0,1000000000.00,0.000000
1600.0,-1775.0,2386.4,0,1000000000.00,0.000000
1625.0,-1775.0,2403.2,0,1000000000.00,0.000000
1650.0,-1775.0,2420.1,0,1000000000.00,0.000000
1675.0,-1775.0,2437.2,0,1000000000.00,0.000000
1700.0,-1775.0,2454.4,0,1000000000.00,0.000000
1725.0,-1775.0,2471.7,0,1000000000.00,0.000000
1750.0,-1775.0,2489.2,0,1000000000.00,0.000000
1775.0,-1775.0,2506.8,0,1000000000.00,0.000000
1800.0,-1775.0,2524.5,0,1000000000.00,0.000000
-1800.0,-1750.0,3747.4,0,1000000000.00,0.000000
-1775.0,-1750.0,3725.4,0,1000000000.00,0.000000
-1750.0,-1750.0,3703.5,0,1000000000.00,0.000000
-1725.0,-1750.0,3681.6,0,1000000000.00,0.000000
-1700.0,-1750.0,3659.7,0,1000000000.00,0.000000
-1675.0,-1750.0,3637.9,0,1000000000.00,0.000000
-1650.0,-1750.0,3616.1,0,1000000000.00,0.000000
-1625.0,-1750.0,3594.3,0,1000000000.00,0.000000
-1600.0,-1750.0,3572.6,0,1000000000.00,0.000000
-1575.0,-1750.0,3550.9,0,1000000000.00,0.000000
-1550.0,-1750.0,3529.3,0,1000000000.00,0.000000
-1525.0,-1750.0,3507.7,0,1000000000.00,0.000000
-1500.0,-1750.0,3486.2,0,1000000000.00,0.000000
-1475.0,-1750.0,3464.7,0,1000000000.00,0.000000
-1450.0,-1750.0,3443.2,0,1000000000.00,0.000000
-1425.0,-1750.0,3421.9,0,1000000000.00,0.000000
-1400.0,-1750.0,3400.5,0,1000000000.00,0.000000
-1375.0,-1750.0,3379.2,0,1000000000.00,0.000000
-1350.0,-1750.0,3358.0,0,1000000000.00,0.000000
-1325.0,-1750.0,3336.8,0,1000000000.00,0.000000
-1300.0,-1750.0,3315.6,0,1000000000.00,0.000000
-1275.0,-1750.0,3294.6,0,1000000000.00,0.000000
-1250.0,-1750.0,3273.5,0,1000000000.00,0.000000
-1225.0,-1750.0,3252.6,0,1000000000.00,0.000000
-1200.0,-1750.0,3231.7,0,1000000000.00,0.000000
-1175.0,-1750.0,3210.8,0,1000000000.00,0.000000
-1150.0,-1750.0,3190.0,0,1000000000.00,0.000000
-1125.0,-1750.0,3169.3,0,1000000000.00,0.000000
-1100.0,-1750.0,3148.6,0,1000000000.00,0.000000
-1075.0,-1750.0,3128.0,0,1000000000.00,0.000000
-1050.0,-1750.0,3107.4,0,1000000000.00,0.000000
-1025.0,-1750.0,3087.0,0,1000000000.00,0.000000
-1000.0,-1750.0,3066.5,0,1000000000.00,0.000000
-975.0,-1750.0,3046.2,0,1000000000.00,0.000000
-950.0,-1750.0,3025.9,0,1000000000.00,0.000000
-925.0,-1750.0,3005.7,0,1000000000.00,0.000000
-900.0,-1750.0,2985.6,0,1000000000.00,0.000000
-875.0,-1750.0,2965.5,0,1000000000.00,0.000000
-850.0,-1750.0,2945.5,0,1000000000.00,0.000000
-825.0,-1750.0,2925.6,0,1000000000.00,0.000000
-800.0,-1750.0,2905.8,0,1000000000.00,0.000000
-775.0,-1750.0,2886.1,0,1000000000.00,0.000000
-750.0,-1750.0,2866.4,0,1000000000.00,0.000000
-725.0,-1750.0,2846.8,0,1000000000.00,0.000000
-700.0,-1750.0,2827.3,0,1000000000.00,0.000000
-675.0,-1750.0,2807.9,0,1000000000.00,0.000000
-650.0,-1750.0,2788.6,0,1000000000.00,0.000000
-625.0,-1750.0,2769.4,0,1000000000.00,0.000000
-600.0,-1750.0,2750.2,0,1000000000.00,0.000000
-575.0,-1750.0,2731.2,0,1000000000.00,0.000000
-550.0,-1750.0,2712.3,0,1000000000.00,0.000000
-525.0,-1750.0,2693.4,0,1000000000.00,0.000000
-500.0,-1750.0,2674.7,0,1000000000.00,0.000000
-475.0,-1750.0,2656.0,0,1000000000.00,0.000000
-450.0,-1750.0,2637.5,0,1000000000.00,0.000000
-425.0,-1750.0,2619.1,0,1000000000.00,0.000000
-400.0,-1750.0,2600.8,0,1000000000.00,0.000000
-375.0,-1750.0,2582.6,0,1000000000.00,0.000000
-350.0,-1750.0,2564.5,0,1000000000.00,0.000000
-325.0,-1750.0,2546.5,0,1000000000.00,0.000000
-300.0,-1750.0,2528.6,0,1000000000.00,0.000000
-275.0,-1750.0,2510.9,0,1000000000.00,0.000000
-250.0,-1750.0,2493.3,0,1000000000.00,0.000000
-225.0,-1750.0,2475.8,0,1000000000.00,0.000000
-200.0,-1750.0,2458.5,0,1000000000.00,0.000000
-175.0,-1750.0,2441.2,0,1000000000.00,0.000000
-150.0,-1750.0,2424.2,0,1000000000.00,0.000000
-125.0,-1750.0,2407.2,0,1000000000.00,0.000000
-100.0,-1750.0,2390.4,0,1000000000.00,0.000000
-75.0,-1750.0,2373.8,0,1000000000.00,0.000000
-50.0,-1750.0,2357.2,0,1000000000.00,0.000000
-25.0,-1750.0,2340.9,0,1000000000.00,0.000000
0.0,-1750.0,2324.7,0,1000000000.00,0.000000
25.0,-1750.0,2308.6,0,1000000000.00,0.000000
50.0,-1750.0,2292.7,0,1000000000.00,0.000000
75.0,-1750.0,2277.0,0,1000000000.00,0.000000
100.0,-1750.0,2261.5,0,1000000000.00,0.000000
125.0,-1750.0,2246.1,0,1000000000.00,0.000000
150.0,-1750.0,2230.9,0,1000000000.00,0.000000
175.0,-1750.0,2215.8,0,1000000000.00,0.000000
200.0,-1750.0,2201.0,0,1000000000.00,0.000000
225.0,-1750.0,2186.3,0,1000000000.00,0.000000
250.0,-1750.0,2171.8,0,1000000000.00,0.000000
275.0,-1750.0,2157.5,0,1000000000.00,0.000000
300.0,-1750.0,2143.4,0,1000000000.00,0.000000
325.0,-1750.0,2129.5,0,1000000000.00,0.000000
350.0,-1750.0,2115.8,0,1000000000.00,0.000000
375.0,-1750.0,2102.4,0,1000000000.00,0.000000
400.0,-1750.0,2089.1,0,1000000000.00,0.000000
425.0,-1750.0,2076.0,0,1000000000.00,0.000000
450.0,-1750.0,2063.2,0,1000000000.00,0.000000
475.0,-1750.0,2050.6,0,1000000000.00,0.000000
500.0,-1750.0,2038.2,0,1000000000.00,0.000000
525.0,-1750.0,2026.1,0,1000000000.00,0.000000
550.0,-1750.0,2014.2,0,1000000000.00,0.000000
575.0,-1750.0,2002.5,0,1000000000.00,0.000000
600.0,-1750.0,1991.1,0,1000000000.00,0.000000
625.0,-1750.0,1979.9,0,1000000000.00,0.000000
650.0,-1750.0,1969.0,0,1000000000.00,0.000000
675.0,-1750.0,1958.3,0,1000000000.00,0.000000
700.0,-1750.0,1947.9,0,1000000000.00,0.000000
725.0,-1750.0,1937.8,0,1000000000.00,0.000000
750.0,-1750.0,1927.9,0,1000000000.00,0.000000
775.0,-1750.0,1918.4,0,1000000000.00,0.000000
800.0,-1750.0,1922.2,0,1000000000.00,0.000000
825.0,-1750.0,1932.7,0,1000000000.00,0.000000
850.0,-1750.0,1943.4,0,1000000000.00,0.000000
875.0,-1750.0,1954.4,0,1000000000.00,0.000000
900.0,-1750.0,1965.7,0,1000000000.00,0.000000
925.0,-1750.0,1977.2,0,1000000000.00,0.000000
950.0,-1750.0,1988.9,0,1000000000.00,0.000000
975.0,-1750.0,2000.9,0,1000000000.00,0.000000
1000.0,-1750.0,2013.2,0,1000000000.00,0.000000
1025.0,-1750.0,2025.6,0,1000000000.00,0.000000
1050.0,-1750.0,2038.3,0,1000000000.00,0.000000
1075.0,-1750.0,2051.3,0,1000000000.00,0.000000
1100.0,-1750.0,2064.4,0,1000000000.00,0.000000
1125.0,-1750.0,2077.8,0,1000000000.00,0.000000
1150.0,-1750.0,2091.4,0,1000000000.00,0.000000
1175.0,-1750.0,2105.2,0,1000000000.00,0.000000
1200.0,-1750.0,2119.2,0,1000000000.00,0.000000
1225.0,-1750.0,2133.4,0,1000000000.00,0.000000
1250.0,-1750.0,2147.8,0,1000000000.00,0.000000
1275.0,-1750.0,2162.3,0,1000000000.00,0.000000
1300.0,-1750.0,2177.1,0,1000000000.00,0.000000
1325.0,-1750.0,2192.1,0,1000000000.00,0.000000
1350.0,-1750.0,2207.2,0,1000000000.00,0.000000
1375.0,-1750.0,2222.5,0,1000000000.00,0.000000
1400.0,-1750.0,2238.0,0,1000000000.00,0.000000
1425.0,-1750.0,2253.7,0,1000000000.00,0.000000
1450.0,-1750.0,2269.5,0,1000000000.00,0.000000
1475.0,-1750.0,2285.5,0,1000000000.00,0.000000
1500.0,-1750.0,2301.7,0,1000000000.00,0.000000
1525.0,-1750.0,2318.0,0,1000000000.00,0.000000
1550.0,-1750.0,2334.5,0,1000000000.00,0.000000
1575.0,-1750.0,2351.1,0,1000000000.00,0.000000
1600.0,-1750.0,2367.9,0,1000000000.00,0.000000
1625.0,-1750.0,2384.8,0,1000000000.00,0.000000
1650.0,-1750.0,2401.8,0,1000000000.00,0.000000
1675.0,-1750.0,2419.0,0,1000000000.00,0.000000
1700.0,-1750.0,2436.4,0,1000000000.00,0.000000
1725.0,-1750.0,2453.8,0,1000000000.00,0.000000
1750.0,-1750.0,2471.4,0,1000000000.00,0.000000
1775.0,-1750.0,2489.1,0,1000000000.00,0.000000
1800.0,-1750.0,2507.0,0,1000000000.00,0.000000
-1800.0,-1725.0,3735.7,0,1000000000.00,0.000000
-1775.0,-1725.0,3713.6,0,1000000000.00,0.000000
-1750.0,-1725.0,3691.6,0,1000000000.00,0.000000
-1725.0,-1725.0,3669.6,0,1000000000.00,0.000000
-1700.0,-1725.0,3647.6,0,1000000000.00,0.000000
-1675.0,-1725.0,3625.7,0,1000000000.00,0.000000
-1650.0,-1725.0,3603.8,0,1000000000.00,0.000000
-1625.0,-1725.0,3582.0,0,1000000000.00,0.000000
-1600.0,-1725.0,3560.2,0,1000000000.00,0.000000
-1575.0,-1725.0,3538.5,0,1000000000.00,0.000000
-1550.0,-1725.0,3516.8,0,1000000000.00,0.000000
-1525.0,-1725.0,3495.1,0,1000000000.00,0.000000
-1500.0,-1725.0,3473.5,0,1000000000.00,0.000000
-1475.0,-1725.0,3451.9,0,1000000000.00,0.000000
-1450.0,-1725.0,3430.4,0,1000000000.00,0.000000
-1425.0,-1725.0,3408.9,0,1000000000.00,0.000000
-1400.0,-1725.0,3387.5,0,1000000000.00,0.000000
-1375.0,-1725.0,3366.1,0,1000000000.00,0.000000
-1350.0,-1725.0,3344.8,0,1000000000.00,0.000000
-1325.0,-1725.0,3323.5,0,1000000000.00,0.000000
-1300.0,-1725.0,3302.3,0,1000000000.00,0.000000
-1275.0,-1725.0,3281.2,0,1000000000.00,0.000000
-1250.0,-1725.0,3260.0,0,1000000000.00,0.000000
-1225.0,-1725.0,3239.0,0,1000000000.00,0.000000
-1200.0,-1725.0,3218.0,0,1000000000.00,0.000000
-1175.0,-1725.0,3197.0,0,1000000000.00,0.000000
-1150.0,-1725.0,3176.1,0,1000000000.00,0.000000
-1125.0,-1725.0,3155.3,0,1000000000.00,0.000000
-1100.0,-1725.0,3134.6,0,1000000000.00,0.000000
-1075.0,-1725.0,3113.9,0,1000000000.00,0.000000
-1050.0,-1725.0,3093.2,0,1000000000.00,0.000000
-1025.0,-1725.0,3072.6,0,1000000000.00,0.000000
-1000.0,-1725.0,3052.1,0,1000000000.00,0.000000
-975.0,-1725.0,3031.7,0,1000000000.00,0.000000
-950.0,-1725.0,3011.3,0,1000000000.00,0.000000
-925.0,-1725.0,2991.0,0,1000000000.00,0.000000
-900.0,-1725.0,2970.8,0,1000000000.00,0.000000
-875.0,-1725.0,2950.6,0,1000000000.00,0.000000
-850.0,-1725.0,2930.5,0,1000000000.00,0.000000
-825.0,-1725.0,2910.5,0,1000000000.00,0.000000
-800.0,-1725.0,2890.6,0,1000000000.00,0.000000
-775.0,-1725.0,2870.8,0,1000000000.00,0.000000
-750.0,-1725.0,2851.0,0,1000000000.00,0.000000
-725.0,-1725.0,2831.3,0,1000000000.00,0.000000
-700.0,-1725.0,2811.7,0,1000000000.00,0.000000
-675.0,-1725.0,2792.2,0,1000000000.00,0.000000
-650.0,-1725.0,2772.8,0,1000000000.00,0.000000
-625.0,-1725.0,2753.4,0,1000000000.00,0.000000
-600.0,-1725.0,2734.2,0,1000000000.00,0.000000
-575.0,-1725.0,2715.0,0,1000000000.00,0.000000
-550.0,-1725.0,2696.0,0,1000000000.00,0.000000
-525.0,-1725.0,2677.0,0,1000000000.00,0.000000
-500.0,-1725.0,2658.1,0,1000000000.00,0.000000
-475.0,-1725.0,2639.4,0,1000000000.00,0.000000
-450.0,-1725.0,2620.7,0,1000000000.00,0.000000
-425.0,-1725.0,2602.2,0,1000000000.00,0.000000
-400.0,-1725.0,2583.7,0,1000000000.00,0.000000
-375.0,-1725.0,2565.4,0,1000000000.00,0.000000
-350.0,-1725.0,2547.2,0,1000000000.00,0.000000
-325.0,-1725.0,2529.1,0,1000000000.00,0.000000
-300.0,-1725.0,2511.1,0,1000000000.00,0.000000
-275.0,-1725.0,2493.3,0,1000000000.00,0.000000
-250.0,-1725.0,2475.5,0,1000000000.00,0.000000
-225.0,-1725.0,2457.9,0,1000000000.00,0.000000
-200.0,-1725.0,2440.5,0,1000000000.00,0.000000
-175.0,-1725.0,2423.1,0,1000000000.00,0.000000
-150.0,-1725.0,2405.9,0,1000000000.00,0.000000
-125.0,-1725.0,2388.8,0,1000000000.00,0.000000
-100.0,-1725.0,2371.9,0,1000000000.00,0.000000
-75.0,-1725.0,2355.1,0,1000000000.00,0.000000
-50.0,-1725.0,2338.5,0,1000000000.00,0.000000
-25.0,-1725.0,2322.0,0,1000000000.00,0.000000
0.0,-1725.0,2305.6,0,1000000000.00,0.000000
25.0,-1725.0,2289.4,0,1000000000.00,0.000000
50.0,-1725.0,2273.4,0,1000000000.00,0.000000
75.0,-1725.0,2257.6,0,1000000000.00,0.000000
100.0,-1725.0,2241.9,0,1000000000.00,0.000000
125.0,-1725.0,2226.3,0,1000000000.00,0.000000
150.0,-1725.0,2211.0,0,1000000000.00,0.000000
175.0,-1725.0,2195.8,0,1000000000.00,0.000000
200.0,-1725.0,2180.8,0,1000000000.00,0.000000
225.0,-1725.0,2166.0,0,1000000000.00,0.000000
250.0,-1725.0,2151.4,0,1000000000.00,0.000000
275.0,-1725.0,2137.0,0,1000000000.00,0.000000
300.0,-1725.0,2122.8,0,1000000000.00,0.000000
325.0,-1725.0,2108.7,0,1000000000.00,0.000000
350.0,-1725.0,2094.9,0,1000000000.00,0.000000
375.0,-1725.0,2081.3,0,1000000000.00,0.000000
400.0,-1725.0,2067.9,0,1000000000.00,0.000000
425.0,-1725.0,2054.7,0,1000000000.00,0.000000
450.0,-1725.0,2041.7,0,1000000000.00,0.000000
475.0,-1725.0,2029.0,0,1000000000.00,0.000000
500.0,-1725.0,2016.5,0,1000000000.00,0.000000
525.0,-1725.0,2004.2,0,1000000000.00,0.000000
550.0,-1725.0,1992.2,0,1000000000.00,0.000000
575.0,-1725.0,1980.4,0,1000000000.00,0.000000
600.0,-1725.0,1968.8,0,1000000000.00,0.000000
625.0,-1725.0,1957.5,0,1000000000.00,0.000000
650.0,-1725.0,1946.5,0,1000000000.00,0.000000
675.0,-1725.0,1935.7,0,1000000000.00,0.000000
700.0,-1725.0,1925.2,0,1000000000.00,0.000000
725.0,-1725.0,1914.9,0,1000000000.00,0.000000
750.0,-1725.0,1904.9,0,1000000000.00,0.000000
775.0,-1725.0,1895.2,0,1000000000.00,0.000000
800.0,-1725.0,1899.5,0,1000000000.00,0.000000
825.0,-1725.0,1910.1,0,1000000000.00,0.000000
850.0,-1725.0,1920.9,0,1000000000.00,0.000000
875.0,-1725.0,1932.1,0,1000000000.00,0.000000
900.0,-1725.0,1943.4,0,1000000000.00,0.000000
925.0,-1725.0,1955.1,0,1000000000.00,0.000000
950.0,-1725.0,1967.0,0,1000000000.00,0.000000
975.0,-1725.0,1979.1,0,1000000000.00,0.000000
1000.0,-1725.0,1991.5,0,1000000000.00,0.000000
1025.0,-1725.0,2004.1,0,1000000000.00,0.000000
1050.0,-1725.0,2016.9,0,1000000000.00,0.000000
1075.0,-1725.0,2030.0,0,1000000000.00,0.000000
1100.0,-1725.0,2043.3,0,1000000000.00,0.000000
1125.0,-1725.0,2056.8,0,1000000000.00,0.000000
1150.0,-1725.0,2070.5,0,1000000000.00,0.000000
1175.0,-1725.0,2084.4,0,1000000000.00,0.000000
1200.0,-1725.0,2098.6,0,1000000000.00,0.000000
1225.0,-1725.0,2112.9,0,1000000000.00,0.000000
1250.0,-1725.0,2127.4,0,1000000000.00,0.000000
1275.0,-1725.0,2142.2,0,1000000000.00,0.000000
1300.0,-1725.0,2157.1,0,1000000000.00,0.000000
1325.0,-1725.0,2172.2,0,1000000000.00,0.000000
1350.0,-1725.0,2187.5,0,1000000000.00,0.000000
1375.0,-1725.0,2202.9,0,1000000000.00,0.000000
1400.0,-1725.0,2218.5,0,1000000000.00,0.000000
1425.0,-1725.0,2234.4,0,1000000000.00,0.000000
1450.0,-1725.0,2250.3,0,1000000000.00,0.000000
1475.0,-1725.0,2266.5,0,1000000000.00,0.000000
1500.0,-1725.0,2282.8,0,1000000000.00,0.000000
1525.0,-1725.0,2299.2,0,1000000000.00,0.000000
1550.0,-1725.0,2315.8,0,1000000000.00,0.000000
1575.0,-1725.0,2332.6,0,1000000000.00,0.000000
1600.0,-1725.0,2349.5,0,1000000000.00,0.000000
1625.0,-1725.0,2366.5,0,1000000000.00,0.000000
1650.0,-1725.0,2383.7,0,1000000000.00,0.000000
1675.0,-1725.0,2401.0,0,1000000000.00,0.000000
1700.0,-1725.0,2418.5,0,1000000000.00,0.000000
1725.0,-1725.0,2436.0,0,1000000000.00,0.000000
1750.0,-1725.0,2453.8,0,1000000000.00,0.000000
1775.0,-1725.0,2471.6,0,1000000000.00,0.000000
1800.0,-1725.0,2489.6,0,1000000000.00,0.000000
-1800.0,-1700.0,3724.0,0,1000000000.00,0.000000
-1775.0,-1700.0,3701.9,0,1000000000.00,0.000000
-1750.0,-1700.0,3679.8,0,1000000000.00,0.000000
-1725.0,-1700.0,3657.7,0,1000000000.00,0.000000
-1700.0,-1700.0,3635.7,0,1000000000.00,0.000000
-1675.0,-1700.0,3613.7,0,1000000000.00,0.000000
-1650.0,-1700.0,3591.8,0,1000000000.00,0.000000
-1625.0,-1700.0,3569.9,0,1000000000.00,0.000000
-1600.0,-1700.0,3548.0,0,1000000000.00,0.000000
-1575.0,-1700.0,3526.2,0,1000000000.00,0.000000
-1550.0,-1700.0,3504.4,0,1000000000.00,0.000000
-1525.0,-1700.0,3482.7,0,1000000000.00,0.000000
-1500.0,-1700.0,3461.0,0,1000000000.00,0.000000
-1475.0,-1700.0,3439.3,0,1000000000.00,0.000000
-1450.0,-1700.0,3417.7,0,1000000000.00,0.000000
-1425.0,-1700.0,3396.2,0,1000000000.00,0.000000
-1400.0,-1700.0,3374.7,0,1000000000.00,0.000000
-1375.0,-1700.0,3353.2,0,1000000000.00,0.000000
-1350.0,-1700.0,3331.8,0,1000000000.00,0.000000
-1325.0,-1700.0,3310.4,0,1000000000.00,0.000000
-1300.0,-1700.0,3289.1,0,1000000000.00,0.000000
-1275.0,-1700.0,3267.9,0,1000000000.00,0.000000
-1250.0,-1700.0,3246.7,0,1000000000.00,0.000000
-1225.0,-1700.0,3225.5,0,1000000000.00,0.000000
-1200.0,-1700.0,3204.4,0,1000000000.00,0.000000
-1175.0,-1700.0,3183.4,0,1000000000.00,0.000000
-1150.0,-1700.0,3162.4,0,1000000000.00,0.000000
-1125.0,-1700.0,3141.5,0,1000000000.00,0.000000
-1100.0,-1700.0,3120.7,0,1000000000.00,0.000000
-1075.0,-1700.0,3099.9,0,1000000000.00,0.000000
-1050.0,-1700.0,3079.1,0,1000000000.00,0.000000
-1025.0,-1700.0,3058.5,0,1000000000.00,0.000000
-1000.0,-1700.0,3037.9,0,1000000000.00,0.000000
-975.0,-1700.0,3017.3,0,1000000000.00,0.000000
-950.0,-1700.0,2996.8,0,1000000000.00,0.000000
-925.0,-1700.0,2976.4,0,1000000000.00,0.000000
-900.0,-1700.0,2956.1,0,1000000000.00,0.000000
-875.0,-1700.0,2935.9,0,1000000000.00,0.000000
-850.0,-1700.0,2915.7,0,1000000000.00,0.000000
-825.0,-1700.0,2895.6,0,1000000000.00,0.000000
-800.0,-1700.0,2875.5,0,1000000000.00,0.000000
-775.0,-1700.0,2855.6,0,1000000000.00,0.000000
-750.0,-1700.0,2835.7,0,1000000000.00,0.000000
-725.0,-1700.0,2815.9,0,1000000000.00,0.000000
-700.0,-1700.0,2796.2,0,1000000000.00,0.000000
-675.0,-1700.0,2776.6,0,1000000000.00,0.000000
-650.0,-1700.0,2757.0,0,1000000000.00,0.000000
-625.0,-1700.0,2737.6,0,1000000000.00,0.000000
-600.0,-1700.0,2718.2,0,1000000000.00,0.000000
-575.0,-1700.0,2699.0,0,1000000000.00,0.000000
-550.0,-1700.0,2679.8,0,1000000000.00,0.000000
-525.0,-1700.0,2660.7,0,1000000000.00,0.000000
-500.0,-1700.0,2641.7,0,1000000000.00,0.000000
-475.0,-1700.0,2622.9,0,1000000000.00,0.000000
-450.0,-1700.0,2604.1,0,1000000000.00,0.000000
-425.0,-1700.0,2585.4,0,1000000000.00,0.000000
-400.0,-1700.0,2566.9,0,1000000000.00,0.000000
-375.0,-1700.0,2548.4,0,1000000000.00,0.000000
-350.0,-1700.0,2530.1,0,1000000000.00,0.000000
-325.0,-1700.0,2511.9,0,1000000000.00,0.000000
-300.0,-1700.0,2493.8,0,1000000000.00,0.000000
-275.0,-1700.0,2475.8,0,1000000000.00,0.000000
-250.0,-1700.0,2457.9,0,1000000000.00,0.000000
-225.0,-1700.0,2440.2,0,1000000000.00,0.000000
-200.0,-1700.0,2422.6,0,1000000000.00,0.000000
-175.0,-1700.0,2405.1,0,1000000000.00,0.000000
-150.0,-1700.0,2387.8,0,1000000000.00,0.000000
-125.0,-1700.0,2370.6,0,1000000000.00,0.000000
-100.0,-1700.0,2353.5,0,1000000000.00,0.000000
-75.0,-1700.0,2336.6,0,1000000000.00,0.000000
-50.0,-1700.0,2319.8,0,1000000000.00,0.000000
-25.0,-1700.0,2303.2,0,1000000000.00,0.000000
0.0,-1700.0,2286.7,0,1000000000.00,0.000000
25.0,-1700.0,2270.4,0,1000000000.00,0.000000
50.0,-1700.0,2254.2,0,1000000000.00,0.000000
75.0,-1700.0,2238.2,0,1000000000.00,0.000000
100.0,-1700.0,2222.4,0,1000000000.00,0.000000
125.0,-1700.0,2206.7,0,1000000000.00,0.000000
150.0,-1700.0,2191.2,0,1000000000.00,0.000000
175.0,-1700.0,2175.9,0,1000000000.00,0.000000
200.0,-1700.0,2160.8,0,1000000000.00,0.000000
225.0,-1700.0,2145.9,0,1000000000.00,0.000000
250.0,-1700.0,2131.1,0,1000000000.00,0.000000
275.0,-1700.0,2116.5,0,1000000000.00,0.000000
300.0,-1700.0,2102.2,0,1000000000.00,0.000000
325.0,-1700.0,2088.0,0,1000000000.00,0.000000
350.0,-1700.0,2074.0,0,1000000000.00,0.000000
375.0,-1700.0,2060.3,0,1000000000.00,0.000000
400.0,-1700.0,2046.8,0,1000000000.00,0.000000
425.0,-1700.0,2033.4,0,1000000000.00,0.000000
450.0,-1700.0,2020.3,0,1000000000.00,0.000000
475.0,-1700.0,2007.4,0,1000000000.00,0.000000
500.0,-1700.0,1994.8,0,1000000000.00,0.000000
525.0,-1700.0,1982.4,0,1000000000.00,0.000000
550.0,-1700.0,1970.2,0,1000000000.00,0.000000
575.0,-1700.0,1958.3,0,1000000000.00,0.000000
600.0,-1700.0,1946.6,0,1000000000.00,0.000000
625.0,-1700.0,1935.2,0,1000000000.00,0.000000
650.0,-1700.0,1924.0,0,1000000000.00,0.000000
675.0,-1700.0,1913.1,0,1000000000.00,0.000000
700.0,-1700.0,1902.5,0,1000000000.00,0.000000
725.0,-1700.0,1892.1,0,1000000000.00,0.000000
750.0,-1700.0,1882.0,0,1000000000.00,0.000000
775.0,-1700.0,1872.2,0,1000000000.00,0.000000
800.0,-1700.0,1876.8,0,1000000000.00,0.000000
825.0,-1700.0,1887.5,0,1000000000.00,0.000000
850.0,-1700.0,1898.5,0,1000000000.00,0.000000
875.0,-1700.0,1909.8,0,1000000000.00,0.000000
900.0,-1700.0,1921.3,0,1000000000.00,0.000000
925.0,-1700.0,1933.1,0,1000000000.00,0.000000
950.0,-1700.0,1945.1,0,1000000000.00,0.000000
975.0,-1700.0,1957.3,0,1000000000.00,0.000000
1000.0,-1700.0,1969.9,0,1000000000.00,0.000000
1025.0,-1700.0,1982.6,0,1000000000.00,0.000000
1050.0,-1700.0,1995.6,0,1000000000.00,0.000000
1075.0,-1700.0,2008.8,0,1000000000.00,0.000000
1100.0,-1700.0,2022.2,0,1000000000.00,0.000000
1125.0,-1700.0,2035.9,0,1000000000.00,0.000000
1150.0,-1700.0,2049.7,0,1000000000.00,0.000000
1175.0,-1700.0,2063.8,0,1000000000.00,0.000000
1200.0,-1700.0,2078.1,0,1000000000.00,0.000000
1225.0,-1700.0,2092.5,0,1000000000.00,0.000000
1250.0,-1700.0,2107.2,0,1000000000.00,0.000000
1275.0,-1700.0,2122.1,0,1000000000.00,0.000000
1300.0,-1700.0,2137.1,0,1000000000.00,0.000000
1325.0,-1700.0,2152.4,0,1000000000.00,0.000000
1350.0,-1700.0,2167.8,0,1000000000.00,0.000000
1375.0,-1700.0,2183.4,0,1000000000.00,0.000000
1400.0,-1700.0,2199.2,0,1000000000.00,0.000000
1425.0,-1700.0,2215.1,0,1000000000.00,0.000000
1450.0,-1700.0,2231.2,0,1000000000.00,0.000000
1475.0,-1700.0,2247.5,0,1000000000.00,0.000000
1500.0,-1700.0,2263.9,0,1000000000.00,0.000000
1525.0,-1700.0,2280.5,0,1000000000.00,0.000000
1550.0,-1700.0,2297.2,0,1000000000.00,0.000000
1575.0,-1700.0,2314.1,0,1000000000.00,0.000000
1600.0,-1700.0,2331.2,0,1000000000.00,0.000000
1625.0,-1700.0,2348.3,0,1000000000.00,0.000000
1650.0,-1700.0,2365.7,0,1000000000.00,0.000000
1675.0,-1700.0,2383.1,0,1000000000.00,0.000000
1700.0,-1700.0,2400.7,0,1000000000.00,0.000000
1725.0,-1700.0,2418.4,0,1000000000.00,0.000000
1750.0,-1700.0,2436.3,0,1000000000.00,0.000000
1775.0,-1700.0,2454.2,0,1000000000.00,0.000000
1800.0,-1700.0,2472.3,0,1000000000.00,0.000000
-1800.0,-1675.0,3712.5,0,1000000000.00,0.000000
-1775.0,-1675.0,3690.3,0,1000000000.00,0.000000
-1750.0,-1675.0,3668.1,0,1000000000.00,0.000000
-1725.0,-1675.0,3646.0,0,1000000000.00,0.000000
-1700.0,-1675.0,3623.9,0,1000000000.00,0.000000
-1675.0,-1675.0,3601.8,0,1000000000.00,0.000000
-1650.0,-1675.0,3579.8,0,1000000000.00,0.000000
-1625.0,-1675.0,3557.8,0,1000000000.00,0.000000
-1600.0,-1675.0,3535.9,0,1000000000.00,0.000000
-1575.0,-1675.0,3514.0,0,1000000000.00,0.000000
-1550.0,-1675.0,3492.2,0,1000000000.00,0.000000
-1525.0,-1675.0,3470.3,0,1000000000.00,0.000000
-1500.0,-1675.0,3448.6,0,1000000000.00,0.000000
-1475.0,-1675.0,3426.8,0,1000000000.00,0.000000
-1450.0,-1675.0,3405.2,0,1000000000.00,0.000000
-1425.0,-1675.0,3383.5,0,1000000000.00,0.000000
-1400.0,-1675.0,3361.9,0,1000000000.00,0.000000
-1375.0,-1675.0,3340.4,0,1000000000.00,0.000000
-1350.0,-1675.0,3318.9,0,1000000000.00,0.000000
-1325.0,-1675.0,3297.5,0,1000000000.00,0.000000
-1300.0,-1675.0,3276.1,0,1000000000.00,0.000000
-1275.0,-1675.0,3254.7,0,1000000000.00,0.000000
-1250.0,-1675.0,3233.5,0,1000000000.00,0.000000
-1225.0,-1675.0,3212.2,0,1000000000.00,0.000000
-1200.0,-1675.0,3191.0,0,1000000000.00,0.000000
-1175.0,-1675.0,3169.9,0,1000000000.00,0.000000
-1150.0,-1675.0,3148.9,0,1000000000.00,0.000000
-1125.0,-1675.0,3127.8,0,1000000000.00,0.000000
-1100.0,-1675.0,3106.9,0,1000000000.00,0.000000
-1075.0,-1675.0,3086.0,0,1000000000.00,0.000000
-1050.0,-1675.0,3065.2,0,1000000000.00,0.000000
-1025.0,-1675.0,3044.4,0,1000000000.00,0.000000
-1000.0,-1675.0,3023.7,0,1000000000.00,0.000000
-975.0,-1675.0,3003.1,0,1000000000.00,0.000000
-950.0,-1675.0,2982.5,0,1000000000.00,0.000000
-925.0,-1675.0,2962.0,0,1000000000.00,0.000000
-900.0,-1675.0,2941.6,0,1000000000.00,0.000000
-875.0,-1675.0,2921.2,0,1000000000.00,0.000000
-850.0,-1675.0,2900.9,0,1000000000.00,0.000000
-825.0,-1675.0,2880.7,0,1000000000.00,0.000000
-800.0,-1675.0,2860.6,0,1000000000.00,0.000000
-775.0,-1675.0,2840.5,0,1000000000.00,0.000000
-750.0,-1675.0,2820.5,0,1000000000.00,0.000000
-725.0,-1675.0,2800.6,0,1000000000.00,0.000000
-700.0,-1675.0,2780.8,0,1000000000.00,0.000000
-675.0,-1675.0,2761.1,0,1000000000.00,0.000000
-650.0,-1675.0,2741.4,0,1000000000.00,0.000000
-625.0,-1675.0,2721.9,0,1000000000.00,0.000000
-600.0,-1675.0,2702.4,0,1000000000.00,0.000000
-575.0,-1675.0,2683.0,0,1000000000.00,0.000000
-550.0,-1675.0,2663.8,0,1000000000.00,0.000000
-525.0,-1675.0,2644.6,0,1000000000.00,0.000000
-500.0,-1675.0,2625.5,0,1000000000.00,0.000000
-475.0,-1675.0,2606.5,0,1000000000.00,0.000000
-450.0,-1675.0,2587.6,0,1000000000.00,0.000000
-425.0,-1675.0,2568.8,0,1000000000.00,0.000000
-400.0,-1675.0,2550.1,0,1000000000.00,0.000000
-375.0,-1675.0,2531.6,0,1000000000.00,0.000000
-350.0,-1675.0,2513.1,0,1000000000.00,0.000000
-325.0,-1675.0,2494.8,0,1000000000.00,0.000000
-300.0,-1675.0,2476.5,0,1000000000.00,0.000000
-275.0,-1675.0,2458.4,0,1000000000.00,0.000000
-250.0,-1675.0,2440.4,0,1000000000.00,0.000000
-225.0,-1675.0,2422.6,0,1000000000.00,0.000000
-200.0,-1675.0,2404.8,0,1000000000.00,0.000000
-175.0,-1675.0,2387.2,0,1000000000.00,0.000000
-150.0,-1675.0,2369.8,0,1000000000.00,0.000000
-125.0,-1675.0,2352.4,0,1000000000.00,0.000000
-100.0,-1675.0,2335.2,0,1000000000.00,0.000000
-75.0,-1675.0,2318.2,0,1000000000.00,0.000000
-50.0,-1675.0,2301.3,0,1000000000.00,0.000000
-25.0,-1675.0,2284.5,0,1000000000.00,0.000000
0.0,-1675.0,2267.9,0,1000000000.00,0.000000
25.0,-1675.0,2251.4,0,1000000000.00,0.000000
50.0,-1675.0,2235.1,0,1000000000.00,0.000000
75.0,-1675.0,2219.0,0,1000000000.00,0.000000
100.0,-1675.0,2203.0,0,1000000000.00,0.000000
125.0,-1675.0,2187.2,0,1000000000.00,0.000000
150.0,-1675.0,2171.6,0,1000000000.00,0.000000
175.0,-1675.0,2156.2,0,1000000000.00,0.000000
200.0,-1675.0,2140.9,0,1000000000.00,0.000000
225.0,-1675.0,2125.8,0,1000000000.00,0.000000
250.0,-1675.0,2110.9,0,1000000000.00,0.000000
275.0,-1675.0,2096.2,0,1000000000.00,0.000000
300.0,-1675.0,2081.7,0,1000000000.00,0.000000
325.0,-1675.0,2067.4,0,1000000000.00,0.000000
350.0,-1675.0,2053.3,0,1000000000.00,0.000000
375.0,-1675.0,2039.4,0,1000000000.00,0.000000
400.0,-1675.0,2025.7,0,1000000000.00,0.000000
425.0,-1675.0,2012.2,0,1000000000.00,0.000000
450.0,-1675.0,1999.0,0,1000000000.00,0.000000
475.0,-1675.0,1986.0,0,1000000000.00,0.000000
500.0,-1675.0,1973.2,0,1000000000.00,0.000000
525.0,-1675.0,1960.7,0,1000000000.00,0.000000
550.0,-1675.0,1948.4,0,1000000000.00,0.000000
575.0,-1675.0,1936.3,0,1000000000.00,0.000000
600.0,-1675.0,1924.5,0,1000000000.00,0.000000
625.0,-1675.0,1912.9,0,1000000000.00,0.000000
650.0,-1675.0,1901.6,0,1000000000.00,0.000000
675.0,-1675.0,1890.6,0,1000000000.00,0.000000
700.0,-1675.0,1879.8,0,1000000000.00,0.000000
725.0,-1675.0,1869.3,0,1000000000.00,0.000000
750.0,-1675.0,1859.1,0,1000000000.00,0.000000
775.0,-1675.0,1849.1,0,1000000000.00,0.000000
800.0,-1675.0,1854.2,0,1000000000.00,0.000000
825.0,-1675.0,1865.0,0,1000000000.00,0.000000
850.0,-1675.0,1876.2,0,1000000000.00,0.000000
875.0,-1675.0,1887.5,0,1000000000.00,0.000000
900.0,-1675.0,1899.2,0,1000000000.00,0.000000
925.0,-1675.0,1911.1,0,1000000000.00,0.000000
950.0,-1675.0,1923.3,0,1000000000.00,0.000000
975.0,-1675.0,1935.7,0,1000000000.00,0.000000
1000.0,-1675.0,1948.3,0,1000000000.00,0.000000
1025.0,-1675.0,1961.2,0,1000000000.00,0.000000
1050.0,-1675.0,1974.3,0,1000000000.00,0.000000
1075.0,-1675.0,1987.7,0,1000000000.00,0.000000
1100.0,-1675.0,2001.2,0,1000000000.00,0.000000
1125.0,-1675.0,2015.0,0,1000000000.00,0.000000
1150.0,-1675.0,2029.0,0,1000000000.00,0.000000
1175.0,-1675.0,2043.2,0,1000000000.00,0.000000
1200.0,-1675.0,2057.7,0,1000000000.00,0.000000
1225.0,-1675.0,2072.3,0,1000000000.00,0.000000
1250.0,-1675.0,2087.1,0,1000000000.00,0.000000
1275.0,-1675.0,2102.1,0,1000000000.00,0.000000
1300.0,-1675.0,2117.3,0,1000000000.00,0.000000
1325.0,-1675.0,2132.7,0,1000000000.00,0.000000
1350.0,-1675.0,2148.2,0,1000000000.00,0.000000
1375.0,-1675.0,2164.0,0,1000000000.00,0.000000
1400.0,-1675.0,2179.9,0,1000000000.00,0.000000
1425.0,-1675.0,2196.0,0,1000000000.00,0.000000
1450.0,-1675.0,2212.2,0,1000000000.00,0.000000
1475.0,-1675.0,2228.6,0,1000000000.00,0.000000
1500.0,-1675.0,2245.2,0,1000000000.00,0.000000
1525.0,-1675.0,2261.9,0,1000000000.00,0.000000
1550.0,-1675.0,2278.8,0,1000000000.00,0.000000
1575.0,-1675.0,2295.8,0,1000000000.00,0.000000
1600.0,-1675.0,2313.0,0,1000000000.00,0.000000
1625.0,-1675.0,2330.3,0,1000000000.00,0.000000
1650.0,-1675.0,2347.8,0,1000000000.00,0.000000
1675.0,-1675.0,2365.3,0,1000000000.00,0.000000
1700.0,-1675.0,2383.1,0,1000000000.00,0.000000
1725.0,-1675.0,2400.9,0,1000000000.00,0.000000
1750.0,-1675.0,2418.9,0,1000000000.00,0.000000
1775.0,-1675.0,2437.0,0,1000000000.00,0.000000
1800.0,-1675.0,2455.2,0,1000000000.00,0.000000
-1800.0,-1650.0,3701.1,0,1000000000.00,0.000000
-1775.0,-1650.0,3678.8,0,1000000000.00,0.000000
-1750.0,-1650.0,3656.6,0,1000000000.00,0.000000
-1725.0,-1650.0,3634.4,0,1000000000.00,0.000000
-1700.0,-1650.0,3612.2,0,1000000000.00,0.000000
-1675.0,-1650.0,3590.1,0,1000000000.00,0.000000
-1650.0,-1650.0,3568.0,0,1000000000.00,0.000000
-1625.0,-1650.0,3546.0,0,1000000000.00,0.000000
-1600.0,-1650.0,3523.9,0,1000000000.00,0.000000
-1575.0,-1650.0,3502.0,0,1000000000.00,0.000000
-1550.0,-1650.0,3480.0,0,1000000000.00,0.000000
-1525.0,-1650.0,3458.2,0,1000000000.00,0.000000
-1500.0,-1650.0,3436.3,0,1000000000.00,0.000000
-1475.0,-1650.0,3414.5,0,1000000000.00,0.000000
-1450.0,-1650.0,3392.7,0,1000000000.00,0.000000
-1425.0,-1650.0,3371.0,0,1000000000.00,0.000000
-1400.0,-1650.0,3349.4,0,1000000000.00,0.000000
-1375.0,-1650.0,3327.7,0,1000000000.00,0.000000
-1350.0,-1650.0,3306.2,0,1000000000.00,0.000000
-1325.0,-1650.0,3284.6,0,1000000000.00,0.000000
-1300.0,-1650.0,3263.2,0,1000000000.00,0.000000
-1275.0,-1650.0,3241.7,0,1000000000.00,0.000000
-1250.0,-1650.0,3220.4,0,1000000000.00,0.000000
-1225.0,-1650.0,3199.1,0,1000000000.00,0.000000
-1200.0,-1650.0,3177.8,0,1000000000.00,0.000000
-1175.0,-1650.0,3156.6,0,1000000000.00,0.000000
-1150.0,-1650.0,3135.4,0,1000000000.00,0.000000
-1125.0,-1650.0,3114.3,0,1000000000.00,0.000000
-1100.0,-1650.0,3093.3,0,1000000000.00,0.000000
-1075.0,-1650.0,3072.3,0,1000000000.00,0.000000
-1050.0,-1650.0,3051.4,0,1000000000.00,0.000000
-1025.0,-1650.0,3030.5,0,1000000000.00,0.000000
-1000.0,-1650.0,3009.7,0,1000000000.00,0.000000
-975.0,-1650.0,2989.0,0,1000000000.00,0.000000
-950.0,-1650.0,2968.3,0,1000000000.00,0.000000
-925.0,-1650.0,2947.7,0,1000000000.00,0.000000
-900.0,-1650.0,2927.2,0,1000000000.00,0.000000
-875.0,-1650.0,2906.7,0,1000000000.00,0.000000
-850.0,-1650.0,2886.3,0,1000000000.00,0.000000
-825.0,-1650.0,2866.0,0,1000000000.00,0.000000
-800.0,-1650.0,2845.8,0,1000000000.00,0.000000
-775.0,-1650.0,2825.6,0,1000000000.00,0.000000
-750.0,-1650.0,2805.5,0,1000000000.00,0.000000
-725.0,-1650.0,2785.5,0,1000000000.00,0.000000
-700.0,-1650.0,2765.6,0,1000000000.00,0.000000
-675.0,-1650.0,2745.8,0,1000000000.00,0.000000
-650.0,-1650.0,2726.0,0,1000000000.00,0.000000
-625.0,-1650.0,2706.3,0,1000000000.00,0.000000
-600.0,-1650.0,2686.7,0,1000000000.00,0.000000
-575.0,-1650.0,2667.3,0,1000000000.00,0.000000
-550.0,-1650.0,2647.9,0,1000000000.00,0.000000
-525.0,-1650.0,2628.5,0,1000000000.00,0.000000
-500.0,-1650.0,2609.3,0,1000000000.00,0.000000
-475.0,-1650.0,2590.2,0,1000000000.00,0.000000
-450.0,-1650.0,2571.2,0,1000000000.00,0.000000
-425.0,-1650.0,2552.3,0,1000000000.00,0.000000
-400.0,-1650.0,2533.5,0,1000000000.00,0.000000
-375.0,-1650.0,2514.8,0,1000000000.00,0.000000
-350.0,-1650.0,2496.2,0,1000000000.00,0.000000
-325.0,-1650.0,2477.8,0,1000000000.00,0.000000
-300.0,-1650.0,2459.4,0,1000000000.00,0.000000
-275.0,-1650.0,2441.2,0,1000000000.00,0.000000
-250.0,-1650.0,2423.1,0,1000000000.00,0.000000
-225.0,-1650.0,2405.1,0,1000000000.00,0.000000
-200.0,-1650.0,2387.2,0,1000000000.00,0.000000
-175.0,-1650.0,2369.5,0,1000000000.00,0.000000
-150.0,-1650.0,2351.9,0,1000000000.00,0.000000
-125.0,-1650.0,2334.4,0,1000000000.00,0.000000
-100.0,-1650.0,2317.1,0,1000000000.00,0.000000
-75.0,-1650.0,2299.9,0,1000000000.00,0.000000
-50.0,-1650.0,2282.8,0,1000000000.00,0.000000
-25.0,-1650.0,2265.9,0,1000000000.00,0.000000
0.0,-1650.0,2249.2,0,1000000000.00,0.000000
25.0,-1650.0,2232.6,0,1000000000.00,0.000000
50.0,-1650.0,2216.2,0,1000000000.00,0.000000
75.0,-1650.0,2199.9,0,1000000000.00,0.000000
100.0,-1650.0,2183.8,0,1000000000.00,0.000000
125.0,-1650.0,2167.8,0,1000000000.00,0.000000
150.0,-1650.0,2152.1,0,1000000000.00,0.000000
175.0,-1650.0,2136.5,0,1000000000.00,0.000000
200.0,-1650.0,2121.1,0,1000000000.00,0.000000
225.0,-1650.0,2105.9,0,1000000000.00,0.000000
250.0,-1650.0,2090.8,0,1000000000.00,0.000000
275.0,-1650.0,2076.0,0,1000000000.00,0.000000
300.0,-1650.0,2061.3,0,1000000000.00,0.000000
325.0,-1650.0,2046.9,0,1000000000.00,0.000000
350.0,-1650.0,2032.6,0,1000000000.00,0.000000
375.0,-1650.0,2018.6,0,1000000000.00,0.000000
400.0,-1650.0,2004.8,0,1000000000.00,0.000000
425.0,-1650.0,1991.2,0,1000000000.00,0.000000
450.0,-1650.0,1977.8,0,1000000000.00,0.000000
475.0,-1650.0,1964.6,0,1000000000.00,0.000000
500.0,-1650.0,1951.7,0,1000000000.00,0.000000
525.0,-1650.0,1939.0,0,1000000000.00,0.000000
550.0,-1650.0,1926.6,0,1000000000.00,0.000000
575.0,-1650.0,1914.4,0,1000000000.00,0.000000
600.0,-1650.0,1902.4,0,1000000000.00,0.000000
625.0,-1650.0,1890.7,0,1000000000.00,0.000000
650.0,-1650.0,1879.3,0,1000000000.00,0.000000
675.0,-1650.0,1868.1,0,1000000000.00,0.000000
700.0,-1650.0,1857.2,0,1000000000.00,0.000000
725.0,-1650.0,1846.6,0,1000000000.00,0.000000
750.0,-1650.0,1836.2,0,1000000000.00,0.000000
775.0,-1650.0,1826.2,0,1000000000.00,0.000000
800.0,-1650.0,1831.6,0,1000000000.00,0.000000
825.0,-1650.0,1842.6,0,1000000000.00,0.000000
850.0,-1650.0,1853.9,0,1000000000.00,0.000000
875.0,-1650.0,1865.4,0,1000000000.00,0.000000
900.0,-1650.0,1877.2,0,1000000000.00,0.000000
925.0,-1650.0,1889.2,0,1000000000.00,0.000000
950.0,-1650.0,1901.5,0,1000000000.00,0.000000
975.0,-1650.0,1914.1,0,1000000000.00,0.000000
1000.0,-1650.0,1926.9,0,1000000000.00,0.000000
1025.0,-1650.0,1939.9,0,1000000000.00,0.000000
1050.0,-1650.0,1953.2,0,1000000000.00,0.000000
1075.0,-1650.0,1966.6,0,1000000000.00,0.000000
1100.0,-1650.0,1980.4,0,1000000000.00,0.000000
1125.0,-1650.0,1994.3,0,1000000000.00,0.000000
1150.0,-1650.0,2008.4,0,1000000000.00,0.000000
1175.0,-1650.0,2022.8,0,1000000000.00,0.000000
1200.0,-1650.0,2037.4,0,1000000000.00,0.000000
1225.0,-1650.0,2052.1,0,1000000000.00,0.000000
1250.0,-1650.0,2067.1,0,1000000000.00,0.000000
1275.0,-1650.0,2082.2,0,1000000000.00,0.000000
1300.0,-1650.0,2097.6,0,1000000000.00,0.000000
1325.0,-1650.0,2113.1,0,1000000000.00,0.000000
1350.0,-1650.0,2128.8,0,1000000000.00,0.000000
1375.0,-1650.0,2144.7,0,1000000000.00,0.000000
1400.0,-1650.0,2160.7,0,1000000000.00,0.000000
1425.0,-1650.0,2177.0,0,1000000000.00,0.000000
1450.0,-1650.0,2193.4,0,1000000000.00,0.000000
1475.0,-1650.0,2209.9,0,1000000000.00,0.000000
1500.0,-1650.0,2226.6,0,1000000000.00,0.000000
1525.0,-1650.0,2243.5,0,1000000000.00,0.000000
1550.0,-1650.0,2260.5,0,1000000000.00,0.000000
1575.0,-1650.0,2277.7,0,1000000000.00,0.000000
1600.0,-1650.0,2295.0,0,1000000000.00,0.000000
1625.0,-1650.0,2312.4,0,1000000000.00,0.000000
1650.0,-1650.0,2330.0,0,1000000000.00,0.000000
1675.0,-1650.0,2347.7,0,1000000000.00,0.000000
1700.0,-1650.0,2365.5,0,1000000000.00,0.000000
1725.0,-1650.0,2383.5,0,1000000000.00,0.000000
1750.0,-1650.0,2401.6,0,1000000000.00,0.000000
1775.0,-1650.0,2419.9,0,1000000000.00,0.000000
1800.0,-1650.0,2438.2,0,1000000000.00,0.000000
-1800.0,-1625.0,3689.8,0,1000000000.00,0.000000
-1775.0,-1625.0,3667.5,0,1000000000.00,0.000000
-1750.0,-1625.0,3645.2,0,1000000000.00,0.000000
-1725.0,-1625.0,3622.9,0,1000000000.00,0.000000
-1700.0,-1625.0,3600.7,0,1000000000.00,0.000000
-1675.0,-1625.0,3578.5,0,1000000000.00,0.000000
-1650.0,-1625.0,3556.3,0,1000000000.00,0.000000
-1625.0,-1625.0,3534.2,0,1000000000.00,0.000000
-1600.0,-1625.0,3512.1,0,1000000000.00,0.000000
-1575.0,-1625.0,3490.1,0,1000000000.00,0.000000
-1550.0,-1625.0,3468.1,0,1000000000.00,0.000000
-1525.0,-1625.0,3446.1,0,1000000000.00,0.000000
-1500.0,-1625.0,3424.2,0,1000000000.00,0.000000
-1475.0,-1625.0,3402.3,0,1000000000.00,0.000000
-1450.0,-1625.0,3380.5,0,1000000000.00,0.000000
-1425.0,-1625.0,3358.7,0,1000000000.00,0.000000
-1400.0,-1625.0,3336.9,0,1000000000.00,0.000000
-1375.0,-1625.0,3315.2,0,1000000000.00,0.000000
-1350.0,-1625.0,3293.6,0,1000000000.00,0.000000
-1325.0,-1625.0,3272.0,0,1000000000.00,0.000000
-1300.0,-1625.0,3250.4,0,1000000000.00,0.000000
-1275.0,-1625.0,3228.9,0,1000000000.00,0.000000
-1250.0,-1625.0,3207.4,0,1000000000.00,0.000000
-1225.0,-1625.0,3186.0,0,1000000000.00,0.000000
-1200.0,-1625.0,3164.7,0,1000000000.00,0.000000
-1175.0,-1625.0,3143.4,0,1000000000.00,0.000000
-1150.0,-1625.0,3122.1,0,1000000000.00,0.000000
-1125.0,-1625.0,3100.9,0,1000000000.00,0.000000
-1100.0,-1625.0,3079.8,0,1000000000.00,0.000000
-1075.0,-1625.0,3058.7,0,1000000000.00,0.000000
-1050.0,-1625.0,3037.7,0,1000000000.00,0.000000
-1025.0,-1625.0,3016.8,0,1000000000.00,0.000000
-1000.0,-1625.0,2995.9,0,1000000000.00,0.000000
-975.0,-1625.0,2975.0,0,1000000000.00,0.000000
-950.0,-1625.0,2954.3,0,1000000000.00,0.000000
-925.0,-1625.0,2933.6,0,1000000000.00,0.000000
-900.0,-1625.0,2913.0,0,1000000000.00,0.000000
-875.0,-1625.0,2892.4,0,1000000000.00,0.000000
-850.0,-1625.0,2871.9,0,1000000000.00,0.000000
-825.0,-1625.0,2851.5,0,1000000000.00,0.000000
-800.0,-1625.0,2831.1,0,1000000000.00,0.000000
-775.0,-1625.0,2810.9,0,1000000000.00,0.000000
-750.0,-1625.0,2790.7,0,1000000000.00,0.000000
-725.0,-1625.0,2770.6,0,1000000000.00,0.000000
-700.0,-1625.0,2750.5,0,1000000000.00,0.000000
-675.0,-1625.0,2730.6,0,1000000000.00,0.000000
-650.0,-1625.0,2710.7,0,1000000000.00,0.000000
-625.0,-1625.0,2690.9,0,1000000000.00,0.000000
-600.0,-1625.0,2671.2,0,1000000000.00,0.000000
-575.0,-1625.0,2651.6,0,1000000000.00,0.000000
-550.0,-1625.0,2632.1,0,1000000000.00,0.000000
-525.0,-1625.0,2612.7,0,1000000000.00,0.000000
-500.0,-1625.0,2593.4,0,1000000000.00,0.000000
-475.0,-1625.0,2574.1,0,1000000000.00,0.000000
-450.0,-1625.0,2555.0,0,1000000000.00,0.000000
-425.0,-1625.0,2536.0,0,1000000000.00,0.000000
-400.0,-1625.0,2517.0,0,1000000000.00,0.000000
-375.0,-1625.0,2498.2,0,1000000000.00,0.000000
-350.0,-1625.0,2479.5,0,1000000000.00,0.000000
-325.0,-1625.0,2460.9,0,1000000000.00,0.000000
-300.0,-1625.0,2442.5,0,1000000000.00,0.000000
-275.0,-1625.0,2424.1,0,1000000000.00,0.000000
-250.0,-1625.0,2405.8,0,1000000000.00,0.000000
-225.0,-1625.0,2387.7,0,1000000000.00,0.000000
-200.0,-1625.0,2369.7,0,1000000000.00,0.000000
-175.0,-1625.0,2351.9,0,1000000000.00,0.000000
-150.0,-1625.0,2334.1,0,1000000000.00,0.000000
-125.0,-1625.0,2316.5,0,1000000000.00,0.000000
-100.0,-1625.0,2299.1,0,1000000000.00,0.000000
-75.0,-1625.0,2281.7,0,1000000000.00,0.000000
-50.0,-1625.0,2264.5,0,1000000000.00,0.000000
-25.0,-1625.0,2247.5,0,1000000000.00,0.000000
0.0,-1625.0,2230.6,0,1000000000.00,0.000000
25.0,-1625.0,2213.9,0,1000000000.00,0.000000
50.0,-1625.0,2197.3,0,1000000000.00,0.000000
75.0,-1625.0,2180.9,0,1000000000.00,0.000000
100.0,-1625.0,2164.7,0,1000000000.00,0.000000
125.0,-1625.0,2148.6,0,1000000000.00,0.000000
150.0,-1625.0,2132.7,0,1000000000.00,0.000000
175.0,-1625.0,2116.9,0,1000000000.00,0.000000
200.0,-1625.0,2101.4,0,1000000000.00,0.000000
225.0,-1625.0,2086.0,0,1000000000.00,0.000000
250.0,-1625.0,2070.8,0,1000000000.00,0.000000
275.0,-1625.0,2055.8,0,1000000000.00,0.000000
300.0,-1625.0,2041.0,0,1000000000.00,0.000000
325.0,-1625.0,2026.4,0,1000000000.00,0.000000
350.0,-1625.0,2012.1,0,1000000000.00,0.000000
375.0,-1625.0,1997.9,0,1000000000.00,0.000000
400.0,-1625.0,1983.9,0,1000000000.00,0.000000
425.0,-1625.0,1970.2,0,1000000000.00,0.000000
450.0,-1625.0,1956.6,0,1000000000.00,0.000000
475.0,-1625.0,1943.3,0,1000000000.00,0.000000
500.0,-1625.0,1930.3,0,1000000000.00,0.000000
525.0,-1625.0,1917.4,0,1000000000.00,0.000000
550.0,-1625.0,1904.9,0,1000000000.00,0.000000
575.0,-1625.0,1892.5,0,1000000000.00,0.000000
600.0,-1625.0,1880.4,0,1000000000.00,0.000000
625.0,-1625.0,1868.6,0,1000000000.00,0.000000
650.0,-1625.0,1857.0,0,1000000000.00,0.000000
675.0,-1625.0,1845.7,0,1000000000.00,0.000000
700.0,-1625.0,1834.7,0,1000000000.00,0.000000
725.0,-1625.0,1823.9,0,1000000000.00,0.000000
750.0,-1625.0,1813.4,0,1000000000.00,0.000000
775.0,-1625.0,1803.2,0,1000000000.00,0.000000
800.0,-1625.0,1809.1,0,1000000000.00,0.000000
825.0,-1625.0,1820.2,0,1000000000.00,0.000000
850.0,-1625.0,1831.6,0,1000000000.00,0.000000
875.0,-1625.0,1843.3,0,1000000000.00,0.000000
900.0,-1625.0,1855.2,0,1000000000.00,0.000000
925.0,-1625.0,1867.4,0,1000000000.00,0.000000
950.0,-1625.0,1879.9,0,1000000000.00,0.000000
975.0,-1625.0,1892.6,0,1000000000.00,0.000000
1000.0,-1625.0,1905.5,0,1000000000.00,0.000000
1025.0,-1625.0,1918.7,0,1000000000.00,0.000000
1050.0,-1625.0,1932.1,0,1000000000.00,0.000000
1075.0,-1625.0,1945.7,0,1000000000.00,0.000000
1100.0,-1625.0,1959.6,0,1000000000.00,0.000000
1125.0,-1625.0,1973.7,0,1000000000.00,0.000000
1150.0,-1625.0,1987.9,0,1000000000.00,0.000000
1175.0,-1625.0,2002.5,0,1000000000.00,0.000000
1200.0,-1625.0,2017.2,0,1000000000.00,0.000000
1225.0,-1625.0,2032.1,0,1000000000.00,0.000000
1250.0,-1625.0,2047.2,0,1000000000.00,0.000000
1275.0,-1625.0,2062.5,0,1000000000.00,0.000000
1300.0,-1625.0,2078.0,0,1000000000.00,0.000000
1325.0,-1625.0,2093.6,0,1000000000.00,0.000000
1350.0,-1625.0,2109.5,0,1000000000.00,0.000000
1375.0,-1625.0,2125.5,0,1000000000.00,0.000000
1400.0,-1625.0,2141.7,0,1000000000.00,0.000000
1425.0,-1625.0,2158.1,0,1000000000.00,0.000000
1450.0,-1625.0,2174.6,0,1000000000.00,0.000000
1475.0,-1625.0,2191.3,0,1000000000.00,0.000000
1500.0,-1625.0,2208.2,0,1000000000.00,0.000000
1525.0,-1625.0,2225.2,0,1000000000.00,0.000000
1550.0,-1625.0,2242.3,0,1000000000.00,0.000000
1575.0,-1625.0,2259.6,0,1000000000.00,0.000000
1600.0,-1625.0,2277.0,0,1000000000.00,0.000000
1625.0,-1625.0,2294.6,0,1000000000.00,0.000000
1650.0,-1625.0,2312.3,0,1000000000.00,0.000000
1675.0,-1625.0,2330.2,0,1000000000.00,0.000000
1700.0,-1625.0,2348.2,0,1000000000.00,0.000000
1725.0,-1625.0,2366.3,0,1000000000.00,0.000000
1750.0,-1625.0,2384.5,0,1000000000.00,0.000000
1775.0,-1625.0,2402.9,0,1000000000.00,0.000000
1800.0,-1625.0,2421.4,0,1000000000.00,0.000000
-1800.0,-1600.0,3678.7,0,1000000000.00,0.000000
-1775.0,-1600.0,3656.3,0,1000000000.00,0.000000
-1750.0,-1600.0,3633.9,0,1000000000.00,0.000000
-1725.0,-1600.0,3611.6,0,1000000000.00,0.000000
-1700.0,-1600.0,3589.3,0,1000000000.00,0.000000
-1675.0,-1600.0,3567.0,0,1000000000.00,0.000000
-1650.0,-1600.0,3544.8,0,1000000000.00,0.000000
-1625.0,-1600.0,3522.6,0,1000000000.00,0.000000
-1600.0,-1600.0,3500.4,0,1000000000.00,0.000000
-1575.0,-1600.0,3478.3,0,1000000000.00,0.000000
-1550.0,-1600.0,3456.2,0,1000000000.00,0.000000
-1525.0,-1600.0,3434.2,0,1000000000.00,0.000000
-1500.0,-1600.0,3412.2,0,1000000000.00,0.000000
-1475.0,-1600.0,3390.2,0,1000000000.00,0.000000
-1450.0,-1600.0,3368.3,0,1000000000.00,0.000000
-1425.0,-1600.0,3346.5,0,1000000000.00,0.000000
-1400.0,-1600.0,3324.6,0,1000000000.00,0.000000
-1375.0,-1600.0,3302.8,0,1000000000.00,0.000000
-1350.0,-1600.0,3281.1,0,1000000000.00,0.000000
-1325.0,-1600.0,3259.4,0,1000000000.00,0.000000
-1300.0,-1600.0,3237.8,0,1000000000.00,0.000000
-1275.0,-1600.0,3216.2,0,1000000000.00,0.000000
-1250.0,-1600.0,3194.6,0,1000000000.00,0.000000
-1225.0,-1600.0,3173.1,0,1000000000.00,0.000000
-1200.0,-1600.0,3151.7,0,1000000000.00,0.000000
-1175.0,-1600.0,3130.3,0,1000000000.00,0.000000
-1150.0,-1600.0,3109.0,0,1000000000.00,0.000000
-1125.0,-1600.0,3087.7,0,1000000000.00,0.000000
-1100.0,-1600.0,3066.5,0,1000000000.00,0.000000
-1075.0,-1600.0,3045.3,0,1000000000.00,0.000000
-1050.0,-1600.0,3024.2,0,1000000000.00,0.000000
-1025.0,-1600.0,3003.2,0,1000000000.00,0.000000
-1000.0,-1600.0,2982.2,0,1000000000.00,0.000000
-975.0,-1600.0,2961.2,0,1000000000.00,0.000000
-950.0,-1600.0,2940.4,0,1000000000.00,0.000000
-925.0,-1600.0,2919.6,0,1000000000.00,0.000000
-900.0,-1600.0,2898.9,0,1000000000.00,0.000000
-875.0,-1600.0,2878.2,0,1000000000.00,0.000000
-850.0,-1600.0,2857.6,0,1000000000.00,0.000000
-825.0,-1600.0,2837.1,0,1000000000.00,0.000000
-800.0,-1600.0,2816.6,0,1000000000.00,0.000000
-775.0,-1600.0,2796.3,0,1000000000.00,0.000000
-750.0,-1600.0,2776.0,0,1000000000.00,0.000000
-725.0,-1600.0,2755.7,0,1000000000.00,0.000000
-700.0,-1600.0,2735.6,0,1000000000.00,0.000000
-675.0,-1600.0,2715.5,0,1000000000.00,0.000000
-650.0,-1600.0,2695.5,0,1000000000.00,0.000000
-625.0,-1600.0,2675.7,0,1000000000.00,0.000000
-600.0,-1600.0,2655.8,0,1000000000.00,0.000000
-575.0,-1600.0,2636.1,0,1000000000.00,0.000000
-550.0,-1600.0,2616.5,0,1000000000.00,0.000000
-525.0,-1600.0,2597.0,0,1000000000.00,0.000000
-500.0,-1600.0,2577.5,0,1000000000.00,0.000000
-475.0,-1600.0,2558.2,0,1000000000.00,0.000000
-450.0,-1600.0,2538.9,0,1000000000.00,0.000000
-425.0,-1600.0,2519.8,0,1000000000.00,0.000000
-400.0,-1600.0,2500.7,0,1000000000.00,0.000000
-375.0,-1600.0,2481.8,0,1000000000.00,0.000000
-350.0,-1600.0,2462.9,0,1000000000.00,0.000000
-325.0,-1600.0,2444.2,0,1000000000.00,0.000000
-300.0,-1600.0,2425.6,0,1000000000.00,0.000000
-275.0,-1600.0,2407.1,0,1000000000.00,0.000000
-250.0,-1600.0,2388.8,0,1000000000.00,0.000000
-225.0,-1600.0,2370.5,0,1000000000.00,0.000000
-200.0,-1600.0,2352.4,0,1000000000.00,0.000000
-175.0,-1600.0,2334.4,0,1000000000.00,0.000000
-150.0,-1600.0,2316.5,0,1000000000.00,0.000000
-125.0,-1600.0,2298.8,0,1000000000.00,0.000000
-100.0,-1600.0,2281.2,0,1000000000.00,0.000000
-75.0,-1600.0,2263.7,0,1000000000.00,0.000000
-50.0,-1600.0,2246.4,0,1000000000.00,0.000000
-25.0,-1600.0,2229.2,0,1000000000.00,0.000000
0.0,-1600.0,2212.2,0,1000000000.00,0.000000
25.0,-1600.0,2195.3,0,1000000000.00,0.000000
50.0,-1600.0,2178.6,0,1000000000.00,0.000000
75.0,-1600.0,2162.0,0,1000000000.00,0.000000
100.0,-1600.0,2145.7,0,1000000000.00,0.000000
125.0,-1600.0,2129.4,0,1000000000.00,0.000000
150.0,-1600.0,2113.4,0,1000000000.00,0.000000
175.0,-1600.0,2097.5,0,1000000000.00,0.000000
200.0,-1600.0,2081.8,0,1000000000.00,0.000000
225.0,-1600.0,2066.3,0,1000000000.00,0.000000
250.0,-1600.0,2050.9,0,1000000000.00,0.000000
275.0,-1600.0,2035.8,0,1000000000.00,0.000000
300.0,-1600.0,2020.9,0,1000000000.00,0.000000
325.0,-1600.0,2006.1,0,1000000000.00,0.000000
350.0,-1600.0,1991.6,0,1000000000.00,0.000000
375.0,-1600.0,1977.3,0,1000000000.00,0.000000
400.0,-1600.0,1963.1,0,1000000000.00,0.000000
425.0,-1600.0,1949.3,0,1000000000.00,0.000000
450.0,-1600.0,1935.6,0,1000000000.00,0.000000
475.0,-1600.0,1922.1,0,1000000000.00,0.000000
500.0,-1600.0,1908.9,0,1000000000.00,0.000000
525.0,-1600.0,1896.0,0,1000000000.00,0.000000
550.0,-1600.0,1883.2,0,1000000000.00,0.000000
575.0,-1600.0,1870.7,0,1000000000.00,0.000000
600.0,-1600.0,1858.5,0,1000000000.00,0.000000
625.0,-1600.0,1846.5,0,1000000000.00,0.000000
650.0,-1600.0,1834.8,0,1000000000.00,0.000000
675.0,-1600.0,1823.4,0,1000000000.00,0.000000
700.0,-1600.0,1812.2,0,1000000000.00,0.000000
725.0,-1600.0,1801.3,0,1000000000.00,0.000000
750.0,-1600.0,1790.7,0,1000000000.00,0.000000
775.0,-1600.0,1780.4,0,1000000000.00,0.000000
800.0,-1600.0,1786.7,0,1000000000.00,0.000000
825.0,-1600.0,1798.0,0,1000000000.00,0.000000
850.0,-1600.0,1809.5,0,1000000000.00,0.000000
875.0,-1600.0,1821.3,0,1000000000.00,0.000000
900.0,-1600.0,1833.4,0,1000000000.00,0.000000
925.0,-1600.0,1845.7,0,1000000000.00,0.000000
950.0,-1600.0,1858.3,0,1000000000.00,0.000000
975.0,-1600.0,1871.1,0,1000000000.00,0.000000
1000.0,-1600.0,1884.2,0,1000000000.00,0.000000
1025.0,-1600.0,1897.5,0,1000000000.00,0.000000
1050.0,-1600.0,1911.1,0,1000000000.00,0.000000
1075.0,-1600.0,1924.9,0,1000000000.00,0.000000
1100.0,-1600.0,1938.9,0,1000000000.00,0.000000
1125.0,-1600.0,1953.1,0,1000000000.00,0.000000
1150.0,-1600.0,1967.6,0,1000000000.00,0.000000
1175.0,-1600.0,1982.2,0,1000000000.00,0.000000
1200.0,-1600.0,1997.1,0,1000000000.00,0.000000
1225.0,-1600.0,2012.1,0,1000000000.00,0.000000
1250.0,-1600.0,2027.4,0,1000000000.00,0.000000
1275.0,-1600.0,2042.8,0,1000000000.00,0.000000
1300.0,-1600.0,2058.5,0,1000000000.00,0.000000
1325.0,-1600.0,2074.3,0,1000000000.00,0.000000
1350.0,-1600.0,2090.3,0,1000000000.00,0.000000
1375.0,-1600.0,2106.5,0,1000000000.00,0.000000
1400.0,-1600.0,2122.8,0,1000000000.00,0.000000
1425.0,-1600.0,2139.3,0,1000000000.00,0.000000
1450.0,-1600.0,2156.0,0,1000000000.00,0.000000
1475.0,-1600.0,2172.8,0,1000000000.00,0.000000
1500.0,-1600.0,2189.8,0,1000000000.00,0.000000
1525.0,-1600.0,2207.0,0,1000000000.00,0.000000
1550.0,-1600.0,2224.3,0,1000000000.00,0.000000
1575.0,-1600.0,2241.7,0,1000000000.00,0.000000
1600.0,-1600.0,2259.3,0,1000000000.00,0.000000
1625.0,-1600.0,2277.0,0,1000000000.00,0.000000
1650.0,-1600.0,2294.8,0,1000000000.00,0.000000
1675.0,-1600.0,2312.8,0,1000000000.00,0.000000
1700.0,-1600.0,2330.9,0,1000000000.00,0.000000
1725.0,-1600.0,2349.2,0,1000000000.00,0.000000
1750.0,-1600.0,2367.6,0,1000000000.00,0.000000
1775.0,-1600.0,2386.0,0,1000000000.00,0.000000
1800.0,-1600.0,2404.6,0,1000000000.00,0.000000
-1800.0,-1575.0,3667.7,0,1000000000.00,0.000000
-1775.0,-1575.0,3645.3,0,1000000000.00,0.000000
-1750.0,-1575.0,3622.8,0,1000000000.00,0.000000
-1725.0,-1575.0,3600.4,0,1000000000.00,0.000000
-1700.0,-1575.0,3578.0,0,1000000000.00,0.000000
-1675.0,-1575.0,3555.7,0,1000000000.00,0.000000
-1650.0,-1575.0,3533.4,0,1000000000.00,0.000000
-1625.0,-1575.0,3511.1,0,1000000000.00,0.000000
-1600.0,-1575.0,3488.9,0,1000000000.00,0.000000
-1575.0,-1575.0,3466.7,0,1000000000.00,0.000000
-1550.0,-1575.0,3444.5,0,1000000000.00,0.000000
-1525.0,-1575.0,3422.4,0,1000000000.00,0.000000
-1500.0,-1575.0,3400.4,0,1000000000.00,0.000000
-1475.0,-1575.0,3378.3,0,1000000000.00,0.000000
-1450.0,-1575.0,3356.3,0,1000000000.00,0.000000
-1425.0,-1575.0,3334.4,0,1000000000.00,0.000000
-1400.0,-1575.0,3312.5,0,1000000000.00,0.000000
-1375.0,-1575.0,3290.6,0,1000000000.00,0.000000
-1350.0,-1575.0,3268.8,0,1000000000.00,0.000000
-1325.0,-1575.0,3247.0,0,1000000000.00,0.000000
-1300.0,-1575.0,3225.3,0,1000000000.00,0.000000
-1275.0,-1575.0,3203.6,0,1000000000.00,0.000000
-1250.0,-1575.0,3182.0,0,1000000000.00,0.000000
-1225.0,-1575.0,3160.4,0,1000000000.00,0.000000
-1200.0,-1575.0,3138.9,0,1000000000.00,0.000000
-1175.0,-1575.0,3117.4,0,1000000000.00,0.000000
-1150.0,-1575.0,3096.0,0,1000000000.00,0.000000
-1125.0,-1575.0,3074.6,0,1000000000.00,0.000000
-1100.0,-1575.0,3053.3,0,1000000000.00,0.000000
-1075.0,-1575.0,3032.0,0,1000000000.00,0.000000
-1050.0,-1575.0,3010.8,0,1000000000.00,0.000000
-1025.0,-1575.0,2989.7,0,1000000000.00,0.000000
-1000.0,-1575.0,2968.6,0,1000000000.00,0.000000
-975.0,-1575.0,2947.6,0,1000000000.00,0.000000
-950.0,-1575.0,2926.6,0,1000000000.00,0.000000
-925.0,-1575.0,2905.7,0,1000000000.00,0.000000
-900.0,-1575.0,2884.9,0,1000000000.00,0.000000
-875.0,-1575.0,2864.1,0,1000000000.00,0.000000
-850.0,-1575.0,2843.4,0,1000000000.00,0.000000
-825.0,-1575.0,2822.8,0,1000000000.00,0.000000
-800.0,-1575.0,2802.3,0,1000000000.00,0.000000
-775.0,-1575.0,2781.8,0,1000000000.00,0.000000
-750.0,-1575.0,2761.4,0,1000000000.00,0.000000
-725.0,-1575.0,2741.1,0,1000000000.00,0.000000
-700.0,-1575.0,2720.8,0,1000000000.00,0.000000
-675.0,-1575.0,2700.6,0,1000000000.00,0.000000
-650.0,-1575.0,2680.5,0,1000000000.00,0.000000
-625.0,-1575.0,2660.5,0,1000000000.00,0.000000
-600.0,-1575.0,2640.6,0,1000000000.00,0.000000
-575.0,-1575.0,2620.8,0,1000000000.00,0.000000
-550.0,-1575.0,2601.0,0,1000000000.00,0.000000
-525.0,-1575.0,2581.4,0,1000000000.00,0.000000
-500.0,-1575.0,2561.8,0,1000000000.00,0.000000
-475.0,-1575.0,2542.3,0,1000000000.00,0.000000
-450.0,-1575.0,2523.0,0,1000000000.00,0.000000
-425.0,-1575.0,2503.7,0,1000000000.00,0.000000
-400.0,-1575.0,2484.5,0,1000000000.00,0.000000
-375.0,-1575.0,2465.5,0,1000000000.00,0.000000
-350.0,-1575.0,2446.5,0,1000000000.00,0.000000
-325.0,-1575.0,2427.7,0,1000000000.00,0.000000
-300.0,-1575.0,2408.9,0,1000000000.00,0.000000
-275.0,-1575.0,2390.3,0,1000000000.00,0.000000
-250.0,-1575.0,2371.8,0,1000000000.00,0.000000
-225.0,-1575.0,2353.4,0,1000000000.00,0.000000
-200.0,-1575.0,2335.2,0,1000000000.00,0.000000
-175.0,-1575.0,2317.0,0,1000000000.00,0.000000
-150.0,-1575.0,2299.0,0,1000000000.00,0.000000
-125.0,-1575.0,2281.2,0,1000000000.00,0.000000
-100.0,-1575.0,2263.4,0,1000000000.00,0.000000
-75.0,-1575.0,2245.8,0,1000000000.00,0.000000
-50.0,-1575.0,2228.4,0,1000000000.00,0.000000
-25.0,-1575.0,2211.0,0,1000000000.00,0.000000
0.0,-1575.0,2193.9,0,1000000000.00,0.000000
25.0,-1575.0,2176.9,0,1000000000.00,0.000000
50.0,-1575.0,2160.0,0,1000000000.00,0.000000
75.0,-1575.0,2143.3,0,1000000000.00,0.000000
100.0,-1575.0,2126.8,0,1000000000.00,0.000000
125.0,-1575.0,2110.4,0,1000000000.00,0.000000
150.0,-1575.0,2094.2,0,1000000000.00,0.000000
175.0,-1575.0,2078.2,0,1000000000.00,0.000000
200.0,-1575.0,2062.3,0,1000000000.00,0.000000
225.0,-1575.0,2046.7,0,1000000000.00,0.000000
250.0,-1575.0,2031.2,0,1000000000.00,0.000000
275.0,-1575.0,2015.9,0,1000000000.00,0.000000
300.0,-1575.0,2000.8,0,1000000000.00,0.000000
325.0,-1575.0,1985.9,0,1000000000.00,0.000000
350.0,-1575.0,1971.2,0,1000000000.00,0.000000
375.0,-1575.0,1956.8,0,1000000000.00,0.000000
400.0,-1575.0,1942.5,0,1000000000.00,0.000000
425.0,-1575.0,1928.4,0,1000000000.00,0.000000
450.0,-1575.0,1914.6,0,1000000000.00,0.000000
475.0,-1575.0,1901.0,0,1000000000.00,0.000000
500.0,-1575.0,1887.7,0,1000000000.00,0.000000
525.0,-1575.0,1874.6,0,1000000000.00,0.000000
550.0,-1575.0,1861.7,0,1000000000.00,0.000000
575.0,-1575.0,1849.0,0,1000000000.00,0.000000
600.0,-1575.0,1836.7,0,1000000000.00,0.000000
625.0,-1575.0,1824.6,0,1000000000.00,0.000000
650.0,-1575.0,1812.7,0,1000000000.00,0.000000
675.0,-1575.0,1801.1,0,1000000000.00,0.000000
700.0,-1575.0,1789.8,0,1000000000.00,0.000000
725.0,-1575.0,1778.8,0,1000000000.00,0.000000
750.0,-1575.0,1768.0,0,1000000000.00,0.000000
775.0,-1575.0,1757.6,0,1000000000.00,0.000000
800.0,-1575.0,1764.3,0,1000000000.00,0.000000
825.0,-1575.0,1775.8,0,1000000000.00,0.000000
850.0,-1575.0,1787.4,0,1000000000.00,0.000000
875.0,-1575.0,1799.4,0,1000000000.00,0.000000
900.0,-1575.0,1811.6,0,1000000000.00,0.000000
925.0,-1575.0,1824.1,0,1000000000.00,0.000000
950.0,-1575.0,1836.8,0,1000000000.00,0.000000
975.0,-1575.0,1849.8,0,1000000000.00,0.000000
1000.0,-1575.0,1863.0,0,1000000000.00,0.000000
1025.0,-1575.0,1876.5,0,1000000000.00,0.000000
1050.0,-1575.0,1890.2,0,1000000000.00,0.000000
1075.0,-1575.0,1904.2,0,1000000000.00,0.000000
1100.0,-1575.0,1918.3,0,1000000000.00,0.000000
1125.0,-1575.0,1932.7,0,1000000000.00,0.000000
1150.0,-1575.0,1947.3,0,1000000000.00,0.000000
1175.0,-1575.0,1962.1,0,1000000000.00,0.000000
1200.0,-1575.0,1977.1,0,1000000000.00,0.000000
1225.0,-1575.0,1992.3,0,1000000000.00,0.000000
1250.0,-1575.0,2007.7,0,1000000000.00,0.000000
1275.0,-1575.0,2023.3,0,1000000000.00,0.000000
1300.0,-1575.0,2039.1,0,1000000000.00,0.000000
1325.0,-1575.0,2055.1,0,1000000000.00,0.000000
1350.0,-1575.0,2071.2,0,1000000000.00,0.000000
1375.0,-1575.0,2087.5,0,1000000000.00,0.000000
1400.0,-1575.0,2104.0,0,1000000000.00,0.000000
1425.0,-1575.0,2120.7,0,1000000000.00,0.000000
1450.0,-1575.0,2137.5,0,1000000000.00,0.000000
1475.0,-1575.0,2154.5,0,1000000000.00,0.000000
1500.0,-1575.0,2171.6,0,1000000000.00,0.000000
1525.0,-1575.0,2188.9,0,1000000000.00,0.000000
1550.0,-1575.0,2206.3,0,1000000000.00,0.000000
1575.0,-1575.0,2223.9,0,1000000000.00,0.000000
1600.0,-1575.0,2241.6,0,1000000000.00,0.000000
1625.0,-1575.0,2259.5,0,1000000000.00,0.000000
1650.0,-1575.0,2277.5,0,1000000000.00,0.000000
1675.0,-1575.0,2295.6,0,1000000000.00,0.000000
1700.0,-1575.0,2313.9,0,1000000000.00,0.000000
1725.0,-1575.0,2332.2,0,1000000000.00,0.000000
1750.0,-1575.0,2350.7,0,1000000000.00,0.000000
1775.0,-1575.0,2369.3,0,1000000000.00,0.000000
1800.0,-1575.0,2388.1,0,1000000000.00,0.000000
-1800.0,-1550.0,3656.9,0,1000000000.00,0.000000
-1775.0,-1550.0,3634.3,0,1000000000.00,0.000000
-1750.0,-1550.0,3611.8,0,1000000000.00,0.000000
-1725.0,-1550.0,3589.4,0,1000000000.00,0.000000
-1700.0,-1550.0,3566.9,0,1000000000.00,0.000000
-1675.0,-1550.0,3544.5,0,1000000000.00,0.000000
-1650.0,-1550.0,3522.1,0,1000000000.00,0.000000
-1625.0,-1550.0,3499.8,0,1000000000.00,0.000000
-1600.0,-1550.0,3477.5,0,1000000000.00,0.000000
-1575.0,-1550.0,3455.2,0,1000000000.00,0.000000
-1550.0,-1550.0,3433.0,0,1000000000.00,0.000000
-1525.0,-1550.0,3410.8,0,1000000000.00,0.000000
-1500.0,-1550.0,3388.7,0,1000000000.00,0.000000
-1475.0,-1550.0,3366.5,0,1000000000.00,0.000000
-1450.0,-1550.0,3344.5,0,1000000000.00,0.000000
-1425.0,-1550.0,3322.4,0,1000000000.00,0.000000
-1400.0,-1550.0,3300.5,0,1000000000.00,0.000000
-1375.0,-1550.0,3278.5,0,1000000000.00,0.000000
-1350.0,-1550.0,3256.6,0,1000000000.00,0.000000
-1325.0,-1550.0,3234.8,0,1000000000.00,0.000000
-1300.0,-1550.0,3213.0,0,1000000000.00,0.000000
-1275.0,-1550.0,3191.2,0,1000000000.00,0.000000
-1250.0,-1550.0,3169.5,0,1000000000.00,0.000000
-1225.0,-1550.0,3147.8,0,1000000000.00,0.000000
-1200.0,-1550.0,3126.2,0,1000000000.00,0.000000
-1175.0,-1550.0,3104.6,0,1000000000.00,0.000000
-1150.0,-1550.0,3083.1,0,1000000000.00,0.000000
-1125.0,-1550.0,3061.7,0,1000000000.00,0.000000
-1100.0,-1550.0,3040.3,0,1000000000.00,0.000000
-1075.0,-1550.0,3018.9,0,1000000000.00,0.000000
-1050.0,-1550.0,2997.6,0,1000000000.00,0.000000
-1025.0,-1550.0,2976.4,0,1000000000.00,0.000000
-1000.0,-1550.0,2955.2,0,1000000000.00,0.000000
-975.0,-1550.0,2934.1,0,1000000000.00,0.000000
-950.0,-1550.0,2913.0,0,1000000000.00,0.000000
-925.0,-1550.0,2892.0,0,1000000000.00,0.000000
-900.0,-1550.0,2871.1,0,1000000000.00,0.000000
-875.0,-1550.0,2850.2,0,1000000000.00,0.000000
-850.0,-1550.0,2829.4,0,1000000000.00,0.000000
-825.0,-1550.0,2808.7,0,1000000000.00,0.000000
-800.0,-1550.0,2788.1,0,1000000000.00,0.000000
-775.0,-1550.0,2767.5,0,1000000000.00,0.000000
-750.0,-1550.0,2747.0,0,1000000000.00,0.000000
-725.0,-1550.0,2726.5,0,1000000000.00,0.000000
-700.0,-1550.0,2706.2,0,1000000000.00,0.000000
-675.0,-1550.0,2685.9,0,1000000000.00,0.000000
-650.0,-1550.0,2665.7,0,1000000000.00,0.000000
-625.0,-1550.0,2645.6,0,1000000000.00,0.000000
-600.0,-1550.0,2625.5,0,1000000000.00,0.000000
-575.0,-1550.0,2605.6,0,1000000000.00,0.000000
-550.0,-1550.0,2585.7,0,1000000000.00,0.000000
-525.0,-1550.0,2565.9,0,1000000000.00,0.000000
-500.0,-1550.0,2546.3,0,1000000000.00,0.000000
-475.0,-1550.0,2526.7,0,1000000000.00,0.000000
-450.0,-1550.0,2507.2,0,1000000000.00,0.000000
-425.0,-1550.0,2487.8,0,1000000000.00,0.000000
-400.0,-1550.0,2468.5,0,1000000000.00,0.000000
-375.0,-1550.0,2449.3,0,1000000000.00,0.000000
-350.0,-1550.0,2430.2,0,1000000000.00,0.000000
-325.0,-1550.0,2411.3,0,1000000000.00,0.000000
-300.0,-1550.0,2392.4,0,1000000000.00,0.000000
-275.0,-1550.0,2373.6,0,1000000000.00,0.000000
-250.0,-1550.0,2355.0,0,1000000000.00,0.000000
-225.0,-1550.0,2336.5,0,1000000000.00,0.000000
-200.0,-1550.0,2318.1,0,1000000000.00,0.000000
-175.0,-1550.0,2299.8,0,1000000000.00,0.000000
-150.0,-1550.0,2281.7,0,1000000000.00,0.000000
-125.0,-1550.0,2263.7,0,1000000000.00,0.000000
-100.0,-1550.0,2245.8,0,1000000000.00,0.000000
-75.0,-1550.0,2228.1,0,1000000000.00,0.000000
-50.0,-1550.0,2210.5,0,1000000000.00,0.000000
-25.0,-1550.0,2193.0,0,1000000000.00,0.000000
0.0,-1550.0,2175.7,0,1000000000.00,0.000000
25.0,-1550.0,2158.5,0,1000000000.00,0.000000
50.0,-1550.0,2141.5,0,1000000000.00,0.000000
75.0,-1550.0,2124.7,0,1000000000.00,0.000000
100.0,-1550.0,2108.0,0,1000000000.00,0.000000
125.0,-1550.0,2091.5,0,1000000000.00,0.000000
150.0,-1550.0,2075.1,0,1000000000.00,0.000000
175.0,-1550.0,2059.0,0,1000000000.00,0.000000
200.0,-1550.0,2043.0,0,1000000000.00,0.000000
225.0,-1550.0,2027.2,0,1000000000.00,0.000000
250.0,-1550.0,2011.5,0,1000000000.00,0.000000
275.0,-1550.0,1996.1,0,1000000000.00,0.000000
300.0,-1550.0,1980.9,0,1000000000.00,0.000000
325.0,-1550.0,1965.8,0,1000000000.00,0.000000
350.0,-1550.0,1951.0,0,1000000000.00,0.000000
375.0,-1550.0,1936.3,0,1000000000.00,0.000000
400.0,-1550.0,1921.9,0,1000000000.00,0.000000
425.0,-1550.0,1907.7,0,1000000000.00,0.000000
450.0,-1550.0,1893.8,0,1000000000.00,0.000000
475.0,-1550.0,1880.0,0,1000000000.00,0.000000
500.0,-1550.0,1866.5,0,1000000000.00,0.000000
525.0,-1550.0,1853.2,0,1000000000.00,0.000000
550.0,-1550.0,1840.2,0,1000000000.00,0.000000
575.0,-1550.0,1827.4,0,1000000000.00,0.000000
600.0,-1550.0,1814.9,0,1000000000.00,0.000000
625.0,-1550.0,1802.7,0,1000000000.00,0.000000
650.0,-1550.0,1790.7,0,1000000000.00,0.000000
675.0,-1550.0,1778.9,0,1000000000.00,0.000000
700.0,-1550.0,1767.5,0,1000000000.00,0.000000
725.0,-1550.0,1756.3,0,1000000000.00,0.000000
750.0,-1550.0,1745.4,0,1000000000.00,0.000000
775.0,-1550.0,1734.8,0,1000000000.00,0.000000
800.0,-1550.0,1742.1,0,1000000000.00,0.000000
825.0,-1550.0,1753.6,0,1000000000.00,0.000000
850.0,-1550.0,1765.4,0,1000000000.00,0.000000
875.0,-1550.0,1777.5,0,1000000000.00,0.000000
900.0,-1550.0,1789.9,0,1000000000.00,0.000000
925.0,-1550.0,1802.5,0,1000000000.00,0.000000
950.0,-1550.0,1815.4,0,1000000000.00,0.000000
975.0,-1550.0,1828.6,0,1000000000.00,0.000000
1000.0,-1550.0,1842.0,0,1000000000.00,0.000000
1025.0,-1550.0,1855.6,0,1000000000.00,0.000000
1050.0,-1550.0,1869.4,0,1000000000.00,0.000000
1075.0,-1550.0,1883.5,0,1000000000.00,0.000000
1100.0,-1550.0,1897.8,0,1000000000.00,0.000000
1125.0,-1550.0,1912.4,0,1000000000.00,0.000000
1150.0,-1550.0,1927.1,0,1000000000.00,0.000000
1175.0,-1550.0,1942.1,0,1000000000.00,0.000000
1200.0,-1550.0,1957.2,0,1000000000.00,0.000000
1225.0,-1550.0,1972.6,0,1000000000.00,0.000000
1250.0,-1550.0,1988.2,0,1000000000.00,0.000000
1275.0,-1550.0,2003.9,0,1000000000.00,0.000000
1300.0,-1550.0,2019.9,0,1000000000.00,0.000000
1325.0,-1550.0,2036.0,0,1000000000.00,0.000000
1350.0,-1550.0,2052.3,0,1000000000.00,0.000000
1375.0,-1550.0,2068.7,0,1000000000.00,0.000000
1400.0,-1550.0,2085.4,0,1000000000.00,0.000000
1425.0,-1550.0,2102.2,0,1000000000.00,0.000000
1450.0,-1550.0,2119.2,0,1000000000.00,0.000000
1475.0,-1550.0,2136.3,0,1000000000.00,0.000000
1500.0,-1550.0,2153.6,0,1000000000.00,0.000000
1525.0,-1550.0,2171.0,0,1000000000.00,0.000000
1550.0,-1550.0,2188.6,0,1000000000.00,0.000000
1575.0,-1550.0,2206.3,0,1000000000.00,0.000000
1600.0,-1550.0,2224.1,0,1000000000.00,0.000000
1625.0,-1550.0,2242.1,0,1000000000.00,0.000000
1650.0,-1550.0,2260.3,0,1000000000.00,0.000000
1675.0,-1550.0,2278.5,0,1000000000.00,0.000000
1700.0,-1550.0,2296.9,0,1000000000.00,0.000000
1725.0,-1550.0,2315.4,0,1000000000.00,0.000000
1750.0,-1550.0,2334.1,0,1000000000.00,0.000000
1775.0,-1550.0,2352.8,0,1000000000.00,0.000000
1800.0,-1550.0,2371.7,0,1000000000.00,0.000000
-1800.0,-1525.0,3646.2,0,1000000000.00,0.000000
-1775.0,-1525.0,3623.6,0,1000000000.00,0.000000
-1750.0,-1525.0,3601.0,0,1000000000.00,0.000000
-1725.0,-1525.0,3578.5,0,1000000000.00,0.000000
-1700.0,-1525.0,3555.9,0,1000000000.00,0.000000
-1675.0,-1525.0,3533.5,0,1000000000.00,0.000000
-1650.0,-1525.0,3511.0,0,1000000000.00,0.000000
-1625.0,-1525.0,3488.6,0,1000000000.00,0.000000
-1600.0,-1525.0,3466.2,0,1000000000.00,0.000000
-1575.0,-1525.0,3443.9,0,1000000000.00,0.000000
-1550.0,-1525.0,3421.6,0,1000000000.00,0.000000
-1525.0,-1525.0,3399.3,0,1000000000.00,0.000000
-1500.0,-1525.0,3377.1,0,1000000000.00,0.000000
-1475.0,-1525.0,3354.9,0,1000000000.00,0.000000
-1450.0,-1525.0,3332.8,0,1000000000.00,0.000000
-1425.0,-1525.0,3310.7,0,1000000000.00,0.000000
-1400.0,-1525.0,3288.6,0,1000000000.00,0.000000
-1375.0,-1525.0,3266.6,0,1000000000.00,0.000000
-1350.0,-1525.0,3244.6,0,1000000000.00,0.000000
-1325.0,-1525.0,3222.7,0,1000000000.00,0.000000
-1300.0,-1525.0,3200.8,0,1000000000.00,0.000000
-1275.0,-1525.0,3178.9,0,1000000000.00,0.000000
-1250.0,-1525.0,3157.1,0,1000000000.00,0.000000
-1225.0,-1525.0,3135.4,0,1000000000.00,0.000000
-1200.0,-1525.0,3113.7,0,1000000000.00,0.000000
-1175.0,-1525.0,3092.0,0,1000000000.00,0.000000
-1150.0,-1525.0,3070.4,0,1000000000.00,0.000000
-1125.0,-1525.0,3048.9,0,1000000000.00,0.000000
-1100.0,-1525.0,3027.4,0,1000000000.00,0.000000
-1075.0,-1525.0,3005.9,0,1000000000.00,0.000000
-1050.0,-1525.0,2984.5,0,1000000000.00,0.000000
-1025.0,-1525.0,2963.2,0,1000000000.00,0.000000
-1000.0,-1525.0,2941.9,0,1000000000.00,0.000000
-975.0,-1525.0,2920.7,0,1000000000.00,0.000000
-950.0,-1525.0,2899.6,0,1000000000.00,0.000000
-925.0,-1525.0,2878.5,0,1000000000.00,0.000000
-900.0,-1525.0,2857.5,0,1000000000.00,0.000000
-875.0,-1525.0,2836.5,0,1000000000.00,0.000000
-850.0,-1525.0,2815.6,0,1000000000.00,0.000000
-825.0,-1525.0,2794.8,0,1000000000.00,0.000000
-800.0,-1525.0,2774.0,0,1000000000.00,0.000000
-775.0,-1525.0,2753.3,0,1000000000.00,0.000000
-750.0,-1525.0,2732.7,0,1000000000.00,0.000000
-725.0,-1525.0,2712.2,0,1000000000.00,0.000000
-700.0,-1525.0,2691.7,0,1000000000.00,0.000000
-675.0,-1525.0,2671.3,0,1000000000.00,0.000000
-650.0,-1525.0,2651.0,0,1000000000.00,0.000000
-625.0,-1525.0,2630.7,0,1000000000.00,0.000000
-600.0,-1525.0,2610.6,0,1000000000.00,0.000000
-575.0,-1525.0,2590.5,0,1000000000.00,0.000000
-550.0,-1525.0,2570.5,0,1000000000.00,0.000000
-525.0,-1525.0,2550.7,0,1000000000.00,0.000000
-500.0,-1525.0,2530.9,0,1000000000.00,0.000000
-475.0,-1525.0,2511.2,0,1000000000.00,0.000000
-450.0,-1525.0,2491.5,0,1000000000.00,0.000000
-425.0,-1525.0,2472.0,0,1000000000.00,0.000000
-400.0,-1525.0,2452.6,0,1000000000.00,0.000000
-375.0,-1525.0,2433.3,0,1000000000.00,0.000000
-350.0,-1525.0,2414.1,0,1000000000.00,0.000000
-325.0,-1525.0,2395.0,0,1000000000.00,0.000000
-300.0,-1525.0,2376.0,0,1000000000.00,0.000000
-275.0,-1525.0,2357.1,0,1000000000.00,0.000000
-250.0,-1525.0,2338.3,0,1000000000.00,0.000000
-225.0,-1525.0,2319.7,0,1000000000.00,0.000000
-200.0,-1525.0,2301.2,0,1000000000.00,0.000000
-175.0,-1525.0,2282.8,0,1000000000.00,0.000000
-150.0,-1525.0,2264.5,0,1000000000.00,0.000000
-125.0,-1525.0,2246.3,0,1000000000.00,0.000000
-100.0,-1525.0,2228.3,0,1000000000.00,0.000000
-75.0,-1525.0,2210.4,0,1000000000.00,0.000000
-50.0,-1525.0,2192.7,0,1000000000.00,0.000000
-25.0,-1525.0,2175.1,0,1000000000.00,0.000000
0.0,-1525.0,2157.7,0,1000000000.00,0.000000
25.0,-1525.0,2140.4,0,1000000000.00,0.000000
50.0,-1525.0,2123.2,0,1000000000.00,0.000000
75.0,-1525.0,2106.2,0,1000000000.00,0.000000
100.0,-1525.0,2089.4,0,1000000000.00,0.000000
125.0,-1525.0,2072.7,0,1000000000.00,0.000000
150.0,-1525.0,2056.2,0,1000000000.00,0.000000
175.0,-1525.0,2039.9,0,1000000000.00,0.000000
200.0,-1525.0,2023.7,0,1000000000.00,0.000000
225.0,-1525.0,2007.8,0,1000000000.00,0.000000
250.0,-1525.0,1992.0,0,1000000000.00,0.000000
275.0,-1525.0,1976.4,0,1000000000.00,0.000000
300.0,-1525.0,1961.0,0,1000000000.00,0.000000
325.0,-1525.0,1945.8,0,1000000000.00,0.000000
350.0,-1525.0,1930.8,0,1000000000.00,0.000000
375.0,-1525.0,1916.1,0,1000000000.00,0.000000
400.0,-1525.0,1901.5,0,1000000000.00,0.000000
425.0,-1525.0,1887.1,0,1000000000.00,0.000000
450.0,-1525.0,1873.0,0,1000000000.00,0.000000
475.0,-1525.0,1859.1,0,1000000000.00,0.000000
500.0,-1525.0,1845.5,0,1000000000.00,0.000000
525.0,-1525.0,1832.0,0,1000000000.00,0.000000
550.0,-1525.0,1818.9,0,1000000000.00,0.000000
575.0,-1525.0,1805.9,0,1000000000.00,0.000000
600.0,-1525.0,1793.2,0,1000000000.00,0.000000
625.0,-1525.0,1780.8,0,1000000000.00,0.000000
650.0,-1525.0,1768.7,0,1000000000.00,0.000000
675.0,-1525.0,1756.8,0,1000000000.00,0.000000
700.0,-1525.0,1745.2,0,1000000000.00,0.000000
725.0,-1525.0,1733.9,0,1000000000.00,0.000000
750.0,-1525.0,1722.9,0,1000000000.00,0.000000
775.0,-1525.0,1712.1,0,1000000000.00,0.000000
800.0,-1525.0,1719.9,0,1000000000.00,0.000000
825.0,-1525.0,1731.6,0,1000000000.00,0.000000
850.0,-1525.0,1743.5,0,1000000000.00,0.000000
875.0,-1525.0,1755.8,0,1000000000.00,0.000000
900.0,-1525.0,1768.3,0,1000000000.00,0.000000
925.0,-1525.0,1781.1,0,1000000000.00,0.000000
950.0,-1525.0,1794.1,0,1000000000.00,0.000000
975.0,-1525.0,1807.4,0,1000000000.00,0.000000
1000.0,-1525.0,1821.0,0,1000000000.00,0.000000
1025.0,-1525.0,1834.7,0,1000000000.00,0.000000
1050.0,-1525.0,1848.8,0,1000000000.00,0.000000
1075.0,-1525.0,1863.0,0,1000000000.00,0.000000
1100.0,-1525.0,1877.5,0,1000000000.00,0.000000
1125.0,-1525.0,1892.2,0,1000000000.00,0.000000
1150.0,-1525.0,1907.1,0,1000000000.00,0.000000
1175.0,-1525.0,1922.2,0,1000000000.00,0.000000
1200.0,-1525.0,1937.5,0,1000000000.00,0.000000
1225.0,-1525.0,1953.0,0,1000000000.00,0.000000
1250.0,-1525.0,1968.7,0,1000000000.00,0.000000
1275.0,-1525.0,1984.6,0,1000000000.00,0.000000
1300.0,-1525.0,2000.7,0,1000000000.00,0.000000
1325.0,-1525.0,2017.0,0,1000000000.00,0.000000
1350.0,-1525.0,2033.4,0,1000000000.00,0.000000
1375.0,-1525.0,2050.1,0,1000000000.00,0.000000
1400.0,-1525.0,2066.9,0,1000000000.00,0.000000
1425.0,-1525.0,2083.8,0,1000000000.00,0.000000
1450.0,-1525.0,2100.9,0,1000000000.00,0.000000
1475.0,-1525.0,2118.2,0,1000000000.00,0.000000
1500.0,-1525.0,2135.6,0,1000000000.00,0.000000
1525.0,-1525.0,2153.2,0,1000000000.00,0.000000
1550.0,-1525.0,2170.9,0,1000000000.00,0.000000
1575.0,-1525.0,2188.8,0,1000000000.00,0.000000
1600.0,-1525.0,2206.8,0,1000000000.00,0.000000
1625.0,-1525.0,2224.9,0,1000000000.00,0.000000
1650.0,-1525.0,2243.2,0,1000000000.00,0.000000
1675.0,-1525.0,2261.6,0,1000000000.00,0.000000
1700.0,-1525.0,2280.1,0,1000000000.00,0.000000
1725.0,-1525.0,2298.8,0,1000000000.00,0.000000
1750.0,-1525.0,2317.5,0,1000000000.00,0.000000
1775.0,-1525.0,2336.4,0,1000000000.00,0.000000
1800.0,-1525.0,2355.4,0,1000000000.00,0.000000
-1800.0,-1500.0,3635.6,0,1000000000.00,0.000000
-1775.0,-1500.0,3612.9,0,1000000000.00,0.000000
-1750.0,-1500.0,3590.3,0,1000000000.00,0.000000
-1725.0,-1500.0,3567.7,0,1000000000.00,0.000000
-1700.0,-1500.0,3545.1,0,1000000000.00,0.000000
-1675.0,-1500.0,3522.6,0,1000000000.00,0.000000
-1650.0,-1500.0,3500.0,0,1000000000.00,0.000000
-1625.0,-1500.0,3477.6,0,1000000000.00,0.000000
-1600.0,-1500.0,3455.1,0,1000000000.00,0.000000
-1575.0,-1500.0,3432.7,0,1000000000.00,0.000000
-1550.0,-1500.0,3410.3,0,1000000000.00,0.000000
-1525.0,-1500.0,3388.0,0,1000000000.00,0.000000
-1500.0,-1500.0,3365.7,0,1000000000.00,0.000000
-1475.0,-1500.0,3343.4,0,1000000000.00,0.000000
-1450.0,-1500.0,3321.2,0,1000000000.00,0.000000
-1425.0,-1500.0,3299.0,0,1000000000.00,0.000000
-1400.0,-1500.0,3276.9,0,1000000000.00,0.000000
-1375.0,-1500.0,3254.8,0,1000000000.00,0.000000
-1350.0,-1500.0,3232.7,0,1000000000.00,0.000000
-1325.0,-1500.0,3210.7,0,1000000000.00,0.000000
-1300.0,-1500.0,3188.7,0,1000000000.00,0.000000
-1275.0,-1500.0,3166.8,0,1000000000.00,0.000000
-1250.0,-1500.0,3144.9,0,1000000000.00,0.000000
-1225.0,-1500.0,3123.1,0,1000000000.00,0.000000
-1200.0,-1500.0,3101.3,0,1000000000.00,0.000000
-1175.0,-1500.0,3079.5,0,1000000000.00,0.000000
-1150.0,-1500.0,3057.9,0,1000000000.00,0.000000
-1125.0,-1500.0,3036.2,0,1000000000.00,0.000000
-1100.0,-1500.0,3014.6,0,1000000000.00,0.000000
-1075.0,-1500.0,2993.1,0,1000000000.00,0.000000
-1050.0,-1500.0,2971.6,0,1000000000.00,0.000000
-1025.0,-1500.0,2950.2,0,1000000000.00,0.000000
-1000.0,-1500.0,2928.8,0,1000000000.00,0.000000
-975.0,-1500.0,2907.5,0,1000000000.00,0.000000
-950.0,-1500.0,2886.3,0,1000000000.00,0.000000
-925.0,-1500.0,2865.1,0,1000000000.00,0.000000
-900.0,-1500.0,2844.0,0,1000000000.00,0.000000
-875.0,-1500.0,2822.9,0,1000000000.00,0.000000
-850.0,-1500.0,2801.9,0,1000000000.00,0.000000
-825.0,-1500.0,2781.0,0,1000000000.00,0.000000
-800.0,-1500.0,2760.1,0,1000000000.00,0.000000
-775.0,-1500.0,2739.3,0,1000000000.00,0.000000
-750.0,-1500.0,2718.6,0,1000000000.00,0.000000
-725.0,-1500.0,2697.9,0,1000000000.00,0.000000
-700.0,-1500.0,2677.4,0,1000000000.00,0.000000
-675.0,-1500.0,2656.9,0,1000000000.00,0.000000
-650.0,-1500.0,2636.4,0,1000000000.00,0.000000
-625.0,-1500.0,2616.1,0,1000000000.00,0.000000
-600.0,-1500.0,2595.8,0,1000000000.00,0.000000
-575.0,-1500.0,2575.6,0,1000000000.00,0.000000
-550.0,-1500.0,2555.5,0,1000000000.00,0.000000
-525.0,-1500.0,2535.5,0,1000000000.00,0.000000
-500.0,-1500.0,2515.6,0,1000000000.00,0.000000
-475.0,-1500.0,2495.8,0,1000000000.00,0.000000
-450.0,-1500.0,2476.1,0,1000000000.00,0.000000
-425.0,-1500.0,2456.4,0,1000000000.00,0.000000
-400.0,-1500.0,2436.9,0,1000000000.00,0.000000
-375.0,-1500.0,2417.4,0,1000000000.00,0.000000
-350.0,-1500.0,2398.1,0,1000000000.00,0.000000
-325.0,-1500.0,2378.9,0,1000000000.00,0.000000
-300.0,-1500.0,2359.7,0,1000000000.00,0.000000
-275.0,-1500.0,2340.7,0,1000000000.00,0.000000
-250.0,-1500.0,2321.8,0,1000000000.00,0.000000
-225.0,-1500.0,2303.1,0,1000000000.00,0.000000
-200.0,-1500.0,2284.4,0,1000000000.00,0.000000
-175.0,-1500.0,2265.9,0,1000000000.00,0.000000
-150.0,-1500.0,2247.4,0,1000000000.00,0.000000
-125.0,-1500.0,2229.1,0,1000000000.00,0.000000
-100.0,-1500.0,2211.0,0,1000000000.00,0.000000
-75.0,-1500.0,2193.0,0,1000000000.00,0.000000
-50.0,-1500.0,2175.1,0,1000000000.00,0.000000
-25.0,-1500.0,2157.3,0,1000000000.00,0.000000
0.0,-1500.0,2139.8,0,1000000000.00,0.000000
25.0,-1500.0,2122.3,0,1000000000.00,0.000000
50.0,-1500.0,2105.0,0,1000000000.00,0.000000
75.0,-1500.0,2087.9,0,1000000000.00,0.000000
100.0,-1500.0,2070.9,0,1000000000.00,0.000000
125.0,-1500.0,2054.1,0,1000000000.00,0.000000
150.0,-1500.0,2037.4,0,1000000000.00,0.000000
175.0,-1500.0,2021.0,0,1000000000.00,0.000000
200.0,-1500.0,2004.7,0,1000000000.00,0.000000
225.0,-1500.0,1988.5,0,1000000000.00,0.000000
250.0,-1500.0,1972.6,0,1000000000.00,0.000000
275.0,-1500.0,1956.9,0,1000000000.00,0.000000
300.0,-1500.0,1941.3,0,1000000000.00,0.000000
325.0,-1500.0,1926.0,0,1000000000.00,0.000000
350.0,-1500.0,1910.8,0,1000000000.00,0.000000
375.0,-1500.0,1895.9,0,1000000000.00,0.000000
400.0,-1500.0,1881.1,0,1000000000.00,0.000000
425.0,-1500.0,1866.6,0,1000000000.00,0.000000
450.0,-1500.0,1852.4,0,1000000000.00,0.000000
475.0,-1500.0,1838.3,0,1000000000.00,0.000000
500.0,-1500.0,1824.5,0,1000000000.00,0.000000
525.0,-1500.0,1810.9,0,1000000000.00,0.000000
550.0,-1500.0,1797.6,0,1000000000.00,0.000000
575.0,-1500.0,1784.5,0,1000000000.00,0.000000
600.0,-1500.0,1771.7,0,1000000000.00,0.000000
625.0,-1500.0,1759.1,0,1000000000.00,0.000000
650.0,-1500.0,1746.8,0,1000000000.00,0.000000
675.0,-1500.0,1734.8,0,1000000000.00,0.000000
700.0,-1500.0,1723.0,0,1000000000.00,0.000000
725.0,-1500.0,1711.6,0,1000000000.00,0.000000
750.0,-1500.0,1700.4,0,1000000000.00,0.000000
775.0,-1500.0,1689.5,0,1000000000.00,0.000000
800.0,-1500.0,1697.7,0,1000000000.00,0.000000
825.0,-1500.0,1709.6,0,1000000000.00,0.000000
850.0,-1500.0,1721.7,0,1000000000.00,0.000000
875.0,-1500.0,1734.1,0,1000000000.00,0.000000
900.0,-1500.0,1746.8,0,1000000000.00,0.000000
925.0,-1500.0,1759.7,0,1000000000.00,0.000000
950.0,-1500.0,1772.9,0,1000000000.00,0.000000
975.0,-1500.0,1786.4,0,1000000000.00,0.000000
1000.0,-1500.0,1800.1,0,1000000000.00,0.000000
1025.0,-1500.0,1814.0,0,1000000000.00,0.000000
1050.0,-1500.0,1828.2,0,1000000000.00,0.000000
1075.0,-1500.0,1842.6,0,1000000000.00,0.000000
1100.0,-1500.0,1857.2,0,1000000000.00,0.000000
1125.0,-1500.0,1872.1,0,1000000000.00,0.000000
1150.0,-1500.0,1887.1,0,1000000000.00,0.000000
1175.0,-1500.0,1902.4,0,1000000000.00,0.000000
1200.0,-1500.0,1917.9,0,1000000000.00,0.000000
1225.0,-1500.0,1933.6,0,1000000000.00,0.000000
1250.0,-1500.0,1949.4,0,1000000000.00,0.000000
1275.0,-1500.0,1965.5,0,1000000000.00,0.000000
1300.0,-1500.0,1981.7,0,1000000000.00,0.000000
1325.0,-1500.0,1998.2,0,1000000000.00,0.000000
1350.0,-1500.0,2014.8,0,1000000000.00,0.000000
1375.0,-1500.0,2031.5,0,1000000000.00,0.000000
1400.0,-1500.0,2048.5,0,1000000000.00,0.000000
1425.0,-1500.0,2065.6,0,1000000000.00,0.000000
1450.0,-1500.0,2082.9,0,1000000000.00,0.000000
1475.0,-1500.0,2100.3,0,1000000000.00,0.000000
1500.0,-1500.0,2117.9,0,1000000000.00,0.000000
1525.0,-1500.0,2135.6,0,1000000000.00,0.000000
1550.0,-1500.0,2153.4,0,1000000000.00,0.000000
1575.0,-1500.0,2171.4,0,1000000000.00,0.000000
1600.0,-1500.0,2189.6,0,1000000000.00,0.000000
1625.0,-1500.0,2207.9,0,1000000000.00,0.000000
1650.0,-1500.0,2226.3,0,1000000000.00,0.000000
1675.0,-1500.0,2244.8,0,1000000000.00,0.000000
1700.0,-1500.0,2263.5,0,1000000000.00,0.000000
1725.0,-1500.0,2282.2,0,1000000000.00,0.000000
1750.0,-1500.0,2301.1,0,1000000000.00,0.000000
1775.0,-1500.0,2320.2,0,1000000000.00,0.000000
1800.0,-1500.0,2339.3,0,1000000000.00,0.000000
-1800.0,-1475.0,3625.2,0,1000000000.00,0.000000
-1775.0,-1475.0,3602.5,0,1000000000.00,0.000000
-1750.0,-1475.0,3579.7,0,1000000000.00,0.000000
-1725.0,-1475.0,3557.1,0,1000000000.00,0.000000
-1700.0,-1475.0,3534.4,0,1000000000.00,0.000000
-1675.0,-1475.0,3511.8,0,1000000000.00,0.000000
-1650.0,-1475.0,3489.2,0,1000000000.00,0.000000
-1625.0,-1475.0,3466.7,0,1000000000.00,0.000000
-1600.0,-1475.0,3444.1,0,1000000000.00,0.000000
-1575.0,-1475.0,3421.7,0,1000000000.00,0.000000
-1550.0,-1475.0,3399.2,0,1000000000.00,0.000000
-1525.0,-1475.0,3376.8,0,1000000000.00,0.000000
-1500.0,-1475.0,3354.4,0,1000000000.00,0.000000
-1475.0,-1475.0,3332.1,0,1000000000.00,0.000000
-1450.0,-1475.0,3309.8,0,1000000000.00,0.000000
-1425.0,-1475.0,3287.5,0,1000000000.00,0.000000
-1400.0,-1475.0,3265.3,0,1000000000.00,0.000000
-1375.0,-1475.0,3243.1,0,1000000000.00,0.000000
-1350.0,-1475.0,3221.0,0,1000000000.00,0.000000
-1325.0,-1475.0,3198.9,0,1000000000.00,0.000000
-1300.0,-1475.0,3176.8,0,1000000000.00,0.000000
-1275.0,-1475.0,3154.8,0,1000000000.00,0.000000
-1250.0,-1475.0,3132.9,0,1000000000.00,0.000000
-1225.0,-1475.0,3110.9,0,1000000000.00,0.000000
-1200.0,-1475.0,3089.1,0,1000000000.00,0.000000
-1175.0,-1475.0,3067.2,0,1000000000.00,0.000000
-1150.0,-1475.0,3045.5,0,1000000000.00,0.000000
-1125.0,-1475.0,3023.7,0,1000000000.00,0.000000
-1100.0,-1475.0,3002.1,0,1000000000.00,0.000000
-1075.0,-1475.0,2980.4,0,1000000000.00,0.000000
-1050.0,-1475.0,2958.9,0,1000000000.00,0.000000
-1025.0,-1475.0,2937.3,0,1000000000.00,0.000000
-1000.0,-1475.0,2915.9,0,1000000000.00,0.000000
-975.0,-1475.0,2894.5,0,1000000000.00,0.000000
-950.0,-1475.0,2873.1,0,1000000000.00,0.000000
-925.0,-1475.0,2851.9,0,1000000000.00,0.000000
-900.0,-1475.0,2830.6,0,1000000000.00,0.000000
-875.0,-1475.0,2809.5,0,1000000000.00,0.000000
-850.0,-1475.0,2788.4,0,1000000000.00,0.000000
-825.0,-1475.0,2767.3,0,1000000000.00,0.000000
-800.0,-1475.0,2746.4,0,1000000000.00,0.000000
-775.0,-1475.0,2725.5,0,1000000000.00,0.000000
-750.0,-1475.0,2704.6,0,1000000000.00,0.000000
-725.0,-1475.0,2683.9,0,1000000000.00,0.000000
-700.0,-1475.0,2663.2,0,1000000000.00,0.000000
-675.0,-1475.0,2642.6,0,1000000000.00,0.000000
-650.0,-1475.0,2622.0,0,1000000000.00,0.000000
-625.0,-1475.0,2601.6,0,1000000000.00,0.000000
-600.0,-1475.0,2581.2,0,1000000000.00,0.000000
-575.0,-1475.0,2560.9,0,1000000000.00,0.000000
-550.0,-1475.0,2540.7,0,1000000000.00,0.000000
-525.0,-1475.0,2520.6,0,1000000000.00,0.000000
-500.0,-1475.0,2500.5,0,1000000000.00,0.000000
-475.0,-1475.0,2480.6,0,1000000000.00,0.000000
-450.0,-1475.0,2460.7,0,1000000000.00,0.000000
-425.0,-1475.0,2441.0,0,1000000000.00,0.000000
-400.0,-1475.0,2421.3,0,1000000000.00,0.000000
-375.0,-1475.0,2401.7,0,1000000000.00,0.000000
-350.0,-1475.0,2382.3,0,1000000000.00,0.000000
-325.0,-1475.0,2362.9,0,1000000000.00,0.000000
-300.0,-1475.0,2343.7,0,1000000000.00,0.000000
-275.0,-1475.0,2324.5,0,1000000000.00,0.000000
-250.0,-1475.0,2305.5,0,1000000000.00,0.000000
-225.0,-1475.0,2286.6,0,1000000000.00,0.000000
-200.0,-1475.0,2267.8,0,1000000000.00,0.000000
-175.0,-1475.0,2249.1,0,1000000000.00,0.000000
-150.0,-1475.0,2230.5,0,1000000000.00,0.000000
-125.0,-1475.0,2212.1,0,1000000000.00,0.000000
-100.0,-1475.0,2193.8,0,1000000000.00,0.000000
-75.0,-1475.0,2175.6,0,1000000000.00,0.000000
-50.0,-1475.0,2157.6,0,1000000000.00,0.000000
-25.0,-1475.0,2139.7,0,1000000000.00,0.000000
0.0,-1475.0,2122.0,0,1000000000.00,0.000000
25.0,-1475.0,2104.4,0,1000000000.00,0.000000
50.0,-1475.0,2087.0,0,1000000000.00,0.000000
75.0,-1475.0,2069.7,0,1000000000.00,0.000000
100.0,-1475.0,2052.5,0,1000000000.00,0.000000
125.0,-1475.0,2035.6,0,1000000000.00,0.000000
150.0,-1475.0,2018.8,0,1000000000.00,0.000000
175.0,-1475.0,2002.1,0,1000000000.00,0.000000
200.0,-1475.0,1985.7,0,1000000000.00,0.000000
225.0,-1475.0,1969.4,0,1000000000.00,0.000000
250.0,-1475.0,1953.3,0,1000000000.00,0.000000
275.0,-1475.0,1937.4,0,1000000000.00,0.000000
300.0,-1475.0,1921.7,0,1000000000.00,0.000000
325.0,-1475.0,1906.2,0,1000000000.00,0.000000
350.0,-1475.0,1890.9,0,1000000000.00,0.000000
375.0,-1475.0,1875.8,0,1000000000.00,0.000000
400.0,-1475.0,1860.9,0,1000000000.00,0.000000
425.0,-1475.0,1846.3,0,1000000000.00,0.000000
450.0,-1475.0,1831.8,0,1000000000.00,0.000000
475.0,-1475.0,1817.6,0,1000000000.00,0.000000
500.0,-1475.0,1803.6,0,1000000000.00,0.000000
525.0,-1475.0,1789.9,0,1000000000.00,0.000000
550.0,-1475.0,1776.4,0,1000000000.00,0.000000
575.0,-1475.0,1763.2,0,1000000000.00,0.000000
600.0,-1475.0,1750.2,0,1000000000.00,0.000000
625.0,-1475.0,1737.5,0,1000000000.00,0.000000
650.0,-1475.0,1725.0,0,1000000000.00,0.000000
675.0,-1475.0,1712.8,0,1000000000.00,0.000000
700.0,-1475.0,1700.9,0,1000000000.00,0.000000
725.0,-1475.0,1689.3,0,1000000000.00,0.000000
750.0,-1475.0,1678.0,0,1000000000.00,0.000000
775.0,-1475.0,1667.0,0,1000000000.00,0.000000
800.0,-1475.0,1675.7,0,1000000000.00,0.000000
825.0,-1475.0,1687.7,0,1000000000.00,0.000000
850.0,-1475.0,1700.0,0,1000000000.00,0.000000
875.0,-1475.0,1712.5,0,1000000000.00,0.000000
900.0,-1475.0,1725.4,0,1000000000.00,0.000000
925.0,-1475.0,1738.5,0,1000000000.00,0.000000
950.0,-1475.0,1751.8,0,1000000000.00,0.000000
975.0,-1475.0,1765.4,0,1000000000.00,0.000000
1000.0,-1475.0,1779.3,0,1000000000.00,0.000000
1025.0,-1475.0,1793.4,0,1000000000.00,0.000000
1050.0,-1475.0,1807.7,0,1000000000.00,0.000000
1075.0,-1475.0,1822.3,0,1000000000.00,0.000000
1100.0,-1475.0,1837.1,0,1000000000.00,0.000000
1125.0,-1475.0,1852.1,0,1000000000.00,0.000000
1150.0,-1475.0,1867.3,0,1000000000.00,0.000000
1175.0,-1475.0,1882.8,0,1000000000.00,0.000000
1200.0,-1475.0,1898.4,0,1000000000.00,0.000000
1225.0,-1475.0,1914.2,0,1000000000.00,0.000000
1250.0,-1475.0,1930.3,0,1000000000.00,0.000000
1275.0,-1475.0,1946.5,0,1000000000.00,0.000000
1300.0,-1475.0,1962.9,0,1000000000.00,0.000000
1325.0,-1475.0,1979.5,0,1000000000.00,0.000000
1350.0,-1475.0,1996.2,0,1000000000.00,0.000000
1375.0,-1475.0,2013.2,0,1000000000.00,0.000000
1400.0,-1475.0,2030.2,0,1000000000.00,0.000000
1425.0,-1475.0,2047.5,0,1000000000.00,0.000000
1450.0,-1475.0,2064.9,0,1000000000.00,0.000000
1475.0,-1475.0,2082.5,0,1000000000.00,0.000000
1500.0,-1475.0,2100.2,0,1000000000.00,0.000000
1525.0,-1475.0,2118.1,0,1000000000.00,0.000000
1550.0,-1475.0,2136.1,0,1000000000.00,0.000000
1575.0,-1475.0,2154.2,0,1000000000.00,0.000000
1600.0,-1475.0,2172.5,0,1000000000.00,0.000000
1625.0,-1475.0,2191.0,0,1000000000.00,0.000000
1650.0,-1475.0,2209.5,0,1000000000.00,0.000000
1675.0,-1475.0,2228.2,0,1000000000.00,0.000000
1700.0,-1475.0,2247.0,0,1000000000.00,0.000000
1725.0,-1475.0,2265.9,0,1000000000.00,0.000000
1750.0,-1475.0,2284.9,0,1000000000.00,0.000000
1775.0,-1475.0,2304.1,0,1000000000.00,0.000000
1800.0,-1475.0,2323.3,0,1000000000.00,0.000000
-1800.0,-1450.0,3614.9,0,1000000000.00,0.000000
-1775.0,-1450.0,3592.1,0,1000000000.00,0.000000
-1750.0,-1450.0,3569.3,0,1000000000.00,0.000000
-1725.0,-1450.0,3546.6,0,1000000000.00,0.000000
-1700.0,-1450.0,3523.9,0,1000000000.00,0.000000
-1675.0,-1450.0,3501.2,0,1000000000.00,0.000000
-1650.0,-1450.0,3478.5,0,1000000000.00,0.000000
-1625.0,-1450.0,3455.9,0,1000000000.00,0.000000
-1600.0,-1450.0,3433.3,0,1000000000.00,0.000000
-1575.0,-1450.0,3410.8,0,1000000000.00,0.000000
-1550.0,-1450.0,3388.2,0,1000000000.00,0.000000
-1525.0,-1450.0,3365.8,0,1000000000.00,0.000000
-1500.0,-1450.0,3343.3,0,1000000000.00,0.000000
-1475.0,-1450.0,3320.9,0,1000000000.00,0.000000
-1450.0,-1450.0,3298.5,0,1000000000.00,0.000000
-1425.0,-1450.0,3276.2,0,1000000000.00,0.000000
-1400.0,-1450.0,3253.9,0,1000000000.00,0.000000
-1375.0,-1450.0,3231.6,0,1000000000.00,0.000000
-1350.0,-1450.0,3209.4,0,1000000000.00,0.000000
-1325.0,-1450.0,3187.2,0,1000000000.00,0.000000
-1300.0,-1450.0,3165.1,0,1000000000.00,0.000000
-1275.0,-1450.0,3143.0,0,1000000000.00,0.000000
-1250.0,-1450.0,3121.0,0,1000000000.00,0.000000
-1225.0,-1450.0,3098.9,0,1000000000.00,0.000000
-1200.0,-1450.0,3077.0,0,1000000000.00,0.000000
-1175.0,-1450.0,3055.1,0,1000000000.00,0.000000
-1150.0,-1450.0,3033.2,0,1000000000.00,0.000000
-1125.0,-1450.0,3011.4,0,1000000000.00,0.000000
-1100.0,-1450.0,2989.6,0,1000000000.00,0.000000
-1075.0,-1450.0,2967.9,0,1000000000.00,0.000000
-1050.0,-1450.0,2946.3,0,1000000000.00,0.000000
-1025.0,-1450.0,2924.6,0,1000000000.00,0.000000
-1000.0,-1450.0,2903.1,0,1000000000.00,0.000000
-975.0,-1450.0,2881.6,0,1000000000.00,0.000000
-950.0,-1450.0,2860.2,0,1000000000.00,0.000000
-925.0,-1450.0,2838.8,0,1000000000.00,0.000000
-900.0,-1450.0,2817.4,0,1000000000.00,0.000000
-875.0,-1450.0,2796.2,0,1000000000.00,0.000000
-850.0,-1450.0,2775.0,0,1000000000.00,0.000000
-825.0,-1450.0,2753.8,0,1000000000.00,0.000000
-800.0,-1450.0,2732.8,0,1000000000.00,0.000000
-775.0,-1450.0,2711.8,0,1000000000.00,0.000000
-750.0,-1450.0,2690.8,0,1000000000.00,0.000000
-725.0,-1450.0,2670.0,0,1000000000.00,0.000000
-700.0,-1450.0,2649.2,0,1000000000.00,0.000000
-675.0,-1450.0,2628.4,0,1000000000.00,0.000000
-650.0,-1450.0,2607.8,0,1000000000.00,0.000000
-625.0,-1450.0,2587.2,0,1000000000.00,0.000000
-600.0,-1450.0,2566.7,0,1000000000.00,0.000000
-575.0,-1450.0,2546.3,0,1000000000.00,0.000000
-550.0,-1450.0,2526.0,0,1000000000.00,0.000000
-525.0,-1450.0,2505.8,0,1000000000.00,0.000000
-500.0,-1450.0,2485.6,0,1000000000.00,0.000000
-475.0,-1450.0,2465.5,0,1000000000.00,0.000000
-450.0,-1450.0,2445.5,0,1000000000.00,0.000000
-425.0,-1450.0,2425.7,0,1000000000.00,0.000000
-400.0,-1450.0,2405.9,0,1000000000.00,0.000000
-375.0,-1450.0,2386.2,0,1000000000.00,0.000000
-350.0,-1450.0,2366.6,0,1000000000.00,0.000000
-325.0,-1450.0,2347.1,0,1000000000.00,0.000000
-300.0,-1450.0,2327.7,0,1000000000.00,0.000000
-275.0,-1450.0,2308.4,0,1000000000.00,0.000000
-250.0,-1450.0,2289.3,0,1000000000.00,0.000000
-225.0,-1450.0,2270.2,0,1000000000.00,0.000000
-200.0,-1450.0,2251.3,0,1000000000.00,0.000000
-175.0,-1450.0,2232.5,0,1000000000.00,0.000000
-150.0,-1450.0,2213.8,0,1000000000.00,0.000000
-125.0,-1450.0,2195.2,0,1000000000.00,0.000000
-100.0,-1450.0,2176.8,0,1000000000.00,0.000000
-75.0,-1450.0,2158.5,0,1000000000.00,0.000000
-50.0,-1450.0,2140.3,0,1000000000.00,0.000000
-25.0,-1450.0,2122.3,0,1000000000.00,0.000000
0.0,-1450.0,2104.4,0,1000000000.00,0.000000
25.0,-1450.0,2086.6,0,1000000000.00,0.000000
50.0,-1450.0,2069.0,0,1000000000.00,0.000000
75.0,-1450.0,2051.6,0,1000000000.00,0.000000
100.0,-1450.0,2034.3,0,1000000000.00,0.000000
125.0,-1450.0,2017.2,0,1000000000.00,0.000000
150.0,-1450.0,2000.2,0,1000000000.00,0.000000
175.0,-1450.0,1983.5,0,1000000000.00,0.000000
200.0,-1450.0,1966.9,0,1000000000.00,0.000000
225.0,-1450.0,1950.4,0,1000000000.00,0.000000
250.0,-1450.0,1934.2,0,1000000000.00,0.000000
275.0,-1450.0,1918.1,0,1000000000.00,0.000000
300.0,-1450.0,1902.2,0,1000000000.00,0.000000
325.0,-1450.0,1886.6,0,1000000000.00,0.000000
350.0,-1450.0,1871.1,0,1000000000.00,0.000000
375.0,-1450.0,1855.9,0,1000000000.00,0.000000
400.0,-1450.0,1840.8,0,1000000000.00,0.000000
425.0,-1450.0,1826.0,0,1000000000.00,0.000000
450.0,-1450.0,1811.4,0,1000000000.00,0.000000
475.0,-1450.0,1797.0,0,1000000000.00,0.000000
500.0,-1450.0,1782.9,0,1000000000.00,0.000000
525.0,-1450.0,1769.0,0,1000000000.00,0.000000
550.0,-1450.0,1755.3,0,1000000000.00,0.000000
575.0,-1450.0,1741.9,0,1000000000.00,0.000000
600.0,-1450.0,1728.8,0,1000000000.00,0.000000
625.0,-1450.0,1715.9,0,1000000000.00,0.000000
650.0,-1450.0,1703.3,0,1000000000.00,0.000000
675.0,-1450.0,1691.0,0,1000000000.00,0.000000
700.0,-1450.0,1678.9,0,1000000000.00,0.000000
725.0,-1450.0,1667.1,0,1000000000.00,0.000000
750.0,-1450.0,1655.7,0,1000000000.00,0.000000
775.0,-1450.0,1644.5,0,1000000000.00,0.000000
800.0,-1450.0,1653.7,0,1000000000.00,0.000000
825.0,-1450.0,1665.9,0,1000000000.00,0.000000
850.0,-1450.0,1678.3,0,1000000000.00,0.000000
875.0,-1450.0,1691.1,0,1000000000.00,0.000000
900.0,-1450.0,1704.0,0,1000000000.00,0.000000
925.0,-1450.0,1717.3,0,1000000000.00,0.000000
950.0,-1450.0,1730.8,0,1000000000.00,0.000000
975.0,-1450.0,1744.6,0,1000000000.00,0.000000
1000.0,-1450.0,1758.6,0,1000000000.00,0.000000
1025.0,-1450.0,1772.9,0,1000000000.00,0.000000
1050.0,-1450.0,1787.4,0,1000000000.00,0.000000
1075.0,-1450.0,1802.1,0,1000000000.00,0.000000
1100.0,-1450.0,1817.1,0,1000000000.00,0.000000
1125.0,-1450.0,1832.3,0,1000000000.00,0.000000
1150.0,-1450.0,1847.6,0,1000000000.00,0.000000
1175.0,-1450.0,1863.2,0,1000000000.00,0.000000
1200.0,-1450.0,1879.0,0,1000000000.00,0.000000
1225.0,-1450.0,1895.0,0,1000000000.00,0.000000
1250.0,-1450.0,1911.2,0,1000000000.00,0.000000
1275.0,-1450.0,1927.6,0,1000000000.00,0.000000
1300.0,-1450.0,1944.2,0,1000000000.00,0.000000
1325.0,-1450.0,1960.9,0,1000000000.00,0.000000
1350.0,-1450.0,1977.8,0,1000000000.00,0.000000
1375.0,-1450.0,1994.9,0,1000000000.00,0.000000
1400.0,-1450.0,2012.2,0,1000000000.00,0.000000
1425.0,-1450.0,2029.6,0,1000000000.00,0.000000
1450.0,-1450.0,2047.1,0,1000000000.00,0.000000
1475.0,-1450.0,2064.9,0,1000000000.00,0.000000
1500.0,-1450.0,2082.7,0,1000000000.00,0.000000
1525.0,-1450.0,2100.8,0,1000000000.00,0.000000
1550.0,-1450.0,2118.9,0,1000000000.00,0.000000
1575.0,-1450.0,2137.2,0,1000000000.00,0.000000
1600.0,-1450.0,2155.6,0,1000000000.00,0.000000
1625.0,-1450.0,2174.2,0,1000000000.00,0.000000
1650.0,-1450.0,2192.9,0,1000000000.00,0.000000
1675.0,-1450.0,2211.7,0,1000000000.00,0.000000
1700.0,-1450.0,2230.6,0,1000000000.00,0.000000
1725.0,-1450.0,2249.7,0,1000000000.00,0.000000
1750.0,-1450.0,2268.9,0,1000000000.00,0.000000
1775.0,-1450.0,2288.2,0,1000000000.00,0.000000
1800.0,-1450.0,2307.5,0,1000000000.00,0.000000
-1800.0,-1425.0,3604.8,0,1000000000.00,0.000000
-1775.0,-1425.0,3581.9,0,1000000000.00,0.000000
-1750.0,-1425.0,3559.1,0,1000000000.00,0.000000
-1725.0,-1425.0,3536.3,0,1000000000.00,0.000000
-1700.0,-1425.0,3513.5,0,1000000000.00,0.000000
-1675.0,-1425.0,3490.7,0,1000000000.00,0.000000
-1650.0,-1425.0,3468.0,0,1000000000.00,0.000000
-1625.0,-1425.0,3445.3,0,1000000000.00,0.000000
-1600.0,-1425.0,3422.6,0,1000000000.00,0.000000
-1575.0,-1425.0,3400.0,0,1000000000.00,0.000000
-1550.0,-1425.0,3377.4,0,1000000000.00,0.000000
-1525.0,-1425.0,3354.9,0,1000000000.00,0.000000
-1500.0,-1425.0,3332.3,0,1000000000.00,0.000000
-1475.0,-1425.0,3309.9,0,1000000000.00,0.000000
-1450.0,-1425.0,3287.4,0,1000000000.00,0.000000
-1425.0,-1425.0,3265.0,0,1000000000.00,0.000000
-1400.0,-1425.0,3242.6,0,1000000000.00,0.000000
-1375.0,-1425.0,3220.3,0,1000000000.00,0.000000
-1350.0,-1425.0,3198.0,0,1000000000.00,0.000000
-1325.0,-1425.0,3175.7,0,1000000000.00,0.000000
-1300.0,-1425.0,3153.5,0,1000000000.00,0.000000
-1275.0,-1425.0,3131.3,0,1000000000.00,0.000000
-1250.0,-1425.0,3109.2,0,1000000000.00,0.000000
-1225.0,-1425.0,3087.1,0,1000000000.00,0.000000
-1200.0,-1425.0,3065.1,0,1000000000.00,0.000000
-1175.0,-1425.0,3043.1,0,1000000000.00,0.000000
-1150.0,-1425.0,3021.1,0,1000000000.00,0.000000
-1125.0,-1425.0,2999.2,0,1000000000.00,0.000000
-1100.0,-1425.0,2977.4,0,1000000000.00,0.000000
-1075.0,-1425.0,2955.6,0,1000000000.00,0.000000
-1050.0,-1425.0,2933.8,0,1000000000.00,0.000000
-1025.0,-1425.0,2912.1,0,1000000000.00,0.000000
-1000.0,-1425.0,2890.5,0,1000000000.00,0.000000
-975.0,-1425.0,2868.9,0,1000000000.00,0.000000
-950.0,-1425.0,2847.3,0,1000000000.00,0.000000
-925.0,-1425.0,2825.9,0,1000000000.00,0.000000
-900.0,-1425.0,2804.4,0,1000000000.00,0.000000
-875.0,-1425.0,2783.1,0,1000000000.00,0.000000
-850.0,-1425.0,2761.8,0,1000000000.00,0.000000
-825.0,-1425.0,2740.5,0,1000000000.00,0.000000
-800.0,-1425.0,2719.4,0,1000000000.00,0.000000
-775.0,-1425.0,2698.2,0,1000000000.00,0.000000
-750.0,-1425.0,2677.2,0,1000000000.00,0.000000
-725.0,-1425.0,2656.2,0,1000000000.00,0.000000
-700.0,-1425.0,2635.3,0,1000000000.00,0.000000
-675.0,-1425.0,2614.5,0,1000000000.00,0.000000
-650.0,-1425.0,2593.7,0,1000000000.00,0.000000
-625.0,-1425.0,2573.0,0,1000000000.00,0.000000
-600.0,-1425.0,2552.4,0,1000000000.00,0.000000
-575.0,-1425.0,2531.9,0,1000000000.00,0.000000
-550.0,-1425.0,2511.5,0,1000000000.00,0.000000
-525.0,-1425.0,2491.1,0,1000000000.00,0.000000
-500.0,-1425.0,2470.8,0,1000000000.00,0.000000
-475.0,-1425.0,2450.6,0,1000000000.00,0.000000
-450.0,-1425.0,2430.5,0,1000000000.00,0.000000
-425.0,-1425.0,2410.5,0,1000000000.00,0.000000
-400.0,-1425.0,2390.6,0,1000000000.00,0.000000
-375.0,-1425.0,2370.8,0,1000000000.00,0.000000
-350.0,-1425.0,2351.1,0,1000000000.00,0.000000
-325.0,-1425.0,2331.5,0,1000000000.00,0.000000
-300.0,-1425.0,2311.9,0,1000000000.00,0.000000
-275.0,-1425.0,2292.5,0,1000000000.00,0.000000
-250.0,-1425.0,2273.2,0,1000000000.00,0.000000
-225.0,-1425.0,2254.1,0,1000000000.00,0.000000
-200.0,-1425.0,2235.0,0,1000000000.00,0.000000
-175.0,-1425.0,2216.0,0,1000000000.00,0.000000
-150.0,-1425.0,2197.2,0,1000000000.00,0.000000
-125.0,-1425.0,2178.5,0,1000000000.00,0.000000
-100.0,-1425.0,2159.9,0,1000000000.00,0.000000
-75.0,-1425.0,2141.5,0,1000000000.00,0.000000
-50.0,-1425.0,2123.1,0,1000000000.00,0.000000
-25.0,-1425.0,2105.0,0,1000000000.00,0.000000
0.0,-1425.0,2086.9,0,1000000000.00,0.000000
25.0,-1425.0,2069.0,0,1000000000.00,0.000000
50.0,-1425.0,2051.3,0,1000000000.00,0.000000
75.0,-1425.0,2033.7,0,1000000000.00,0.000000
100.0,-1425.0,2016.3,0,1000000000.00,0.000000
125.0,-1425.0,1999.0,0,1000000000.00,0.000000
150.0,-1425.0,1981.9,0,1000000000.00,0.000000
175.0,-1425.0,1964.9,0,1000000000.00,0.000000
200.0,-1425.0,1948.2,0,1000000000.00,0.000000
225.0,-1425.0,1931.6,0,1000000000.00,0.000000
250.0,-1425.0,1915.2,0,1000000000.00,0.000000
275.0,-1425.0,1898.9,0,1000000000.00,0.000000
300.0,-1425.0,1882.9,0,1000000000.00,0.000000
325.0,-1425.0,1867.1,0,1000000000.00,0.000000
350.0,-1425.0,1851.5,0,1000000000.00,0.000000
375.0,-1425.0,1836.0,0,1000000000.00,0.000000
400.0,-1425.0,1820.8,0,1000000000.00,0.000000
425.0,-1425.0,1805.8,0,1000000000.00,0.000000
450.0,-1425.0,1791.1,0,1000000000.00,0.000000
475.0,-1425.0,1776.5,0,1000000000.00,0.000000
500.0,-1425.0,1762.2,0,1000000000.00,0.000000
525.0,-1425.0,1748.2,0,1000000000.00,0.000000
550.0,-1425.0,1734.4,0,1000000000.00,0.000000
575.0,-1425.0,1720.8,0,1000000000.00,0.000000
600.0,-1425.0,1707.5,0,1000000000.00,0.000000
625.0,-1425.0,1694.4,0,1000000000.00,0.000000
650.0,-1425.0,1681.7,0,1000000000.00,0.000000
675.0,-1425.0,1669.2,0,1000000000.00,0.000000
700.0,-1425.0,1657.0,0,1000000000.00,0.000000
725.0,-1425.0,1645.1,0,1000000000.00,0.000000
750.0,-1425.0,1633.4,0,1000000000.00,0.000000
775.0,-1425.0,1622.1,0,1000000000.00,0.000000
800.0,-1425.0,1631.8,0,1000000000.00,0.000000
825.0,-1425.0,1644.2,0,1000000000.00,0.000000
850.0,-1425.0,1656.8,0,1000000000.00,0.000000
875.0,-1425.0,1669.7,0,1000000000.00,0.000000
900.0,-1425.0,1682.8,0,1000000000.00,0.000000
925.0,-1425.0,1696.3,0,1000000000.00,0.000000
950.0,-1425.0,1709.9,0,1000000000.00,0.000000
975.0,-1425.0,1723.9,0,1000000000.00,0.000000
1000.0,-1425.0,1738.1,0,1000000000.00,0.000000
1025.0,-1425.0,1752.5,0,1000000000.00,0.000000
1050.0,-1425.0,1767.2,0,1000000000.00,0.000000
1075.0,-1425.0,1782.1,0,1000000000.00,0.000000
1100.0,-1425.0,1797.2,0,1000000000.00,0.000000
1125.0,-1425.0,1812.5,0,1000000000.00,0.000000
1150.0,-1425.0,1828.1,0,1000000000.00,0.000000
1175.0,-1425.0,1843.8,0,1000000000.00,0.000000
1200.0,-1425.0,1859.8,0,1000000000.00,0.000000
1225.0,-1425.0,1876.0,0,1000000000.00,0.000000
1250.0,-1425.0,1892.3,0,1000000000.00,0.000000
1275.0,-1425.0,1908.9,0,1000000000.00,0.000000
1300.0,-1425.0,1925.6,0,1000000000.00,0.000000
1325.0,-1425.0,1942.5,0,1000000000.00,0.000000
1350.0,-1425.0,1959.6,0,1000000000.00,0.000000
1375.0,-1425.0,1976.8,0,1000000000.00,0.000000
1400.0,-1425.0,1994.2,0,1000000000.00,0.000000
1425.0,-1425.0,2011.8,0,1000000000.00,0.000000
1450.0,-1425.0,2029.5,0,1000000000.00,0.000000
1475.0,-1425.0,2047.4,0,1000000000.00,0.000000
1500.0,-1425.0,2065.4,0,1000000000.00,0.000000
1525.0,-1425.0,2083.6,0,1000000000.00,0.000000
1550.0,-1425.0,2101.9,0,1000000000.00,0.000000
1575.0,-1425.0,2120.3,0,1000000000.00,0.000000
1600.0,-1425.0,2138.9,0,1000000000.00,0.000000
1625.0,-1425.0,2157.6,0,1000000000.00,0.000000
1650.0,-1425.0,2176.4,0,1000000000.00,0.000000
1675.0,-1425.0,2195.4,0,1000000000.00,0.000000
1700.0,-1425.0,2214.5,0,1000000000.00,0.000000
1725.0,-1425.0,2233.7,0,1000000000.00,0.000000
1750.0,-1425.0,2253.0,0,1000000000.00,0.000000
1775.0,-1425.0,2272.4,0,1000000000.00,0.000000
1800.0,-1425.0,2291.9,0,1000000000.00,0.000000
-1800.0,-1400.0,3594.8,0,1000000000.00,0.000000
-1775.0,-1400.0,3571.9,0,1000000000.00,0.000000
-1750.0,-1400.0,3548.9,0,1000000000.00,0.000000
-1725.0,-1400.0,3526.1,0,1000000000.00,0.000000
-1700.0,-1400.0,3503.2,0,1000000000.00,0.000000
-1675.0,-1400.0,3480.4,0,1000000000.00,0.000000
-1650.0,-1400.0,3457.6,0,1000000000.00,0.000000
-1625.0,-1400.0,3434.8,0,1000000000.00,0.000000
-1600.0,-1400.0,3412.1,0,1000000000.00,0.000000
-1575.0,-1400.0,3389.4,0,1000000000.00,0.000000
-1550.0,-1400.0,3366.8,0,1000000000.00,0.000000
-1525.0,-1400.0,3344.1,0,1000000000.00,0.000000
-1500.0,-1400.0,3321.5,0,1000000000.00,0.000000
-1475.0,-1400.0,3299.0,0,1000000000.00,0.000000
-1450.0,-1400.0,3276.5,0,1000000000.00,0.000000
-1425.0,-1400.0,3254.0,0,1000000000.00,0.000000
-1400.0,-1400.0,3231.5,0,1000000000.00,0.000000
-1375.0,-1400.0,3209.1,0,1000000000.00,0.000000
-1350.0,-1400.0,3186.7,0,1000000000.00,0.000000
-1325.0,-1400.0,3164.4,0,1000000000.00,0.000000
-1300.0,-1400.0,3142.1,0,1000000000.00,0.000000
-1275.0,-1400.0,3119.8,0,1000000000.00,0.000000
-1250.0,-1400.0,3097.6,0,1000000000.00,0.000000
-1225.0,-1400.0,3075.4,0,1000000000.00,0.000000
-1200.0,-1400.0,3053.3,0,1000000000.00,0.000000
-1175.0,-1400.0,3031.2,0,1000000000.00,0.000000
-1150.0,-1400.0,3009.2,0,1000000000.00,0.000000
-1125.0,-1400.0,2987.2,0,1000000000.00,0.000000
-1100.0,-1400.0,2965.3,0,1000000000.00,0.000000
-1075.0,-1400.0,2943.4,0,1000000000.00,0.000000
-1050.0,-1400.0,2921.5,0,1000000000.00,0.000000
-1025.0,-1400.0,2899.7,0,1000000000.00,0.000000
-1000.0,-1400.0,2878.0,0,1000000000.00,0.000000
-975.0,-1400.0,2856.3,0,1000000000.00,0.000000
-950.0,-1400.0,2834.7,0,1000000000.00,0.000000
-925.0,-1400.0,2813.1,0,1000000000.00,0.000000
-900.0,-1400.0,2791.6,0,1000000000.00,0.000000
-875.0,-1400.0,2770.1,0,1000000000.00,0.000000
-850.0,-1400.0,2748.7,0,1000000000.00,0.000000
-825.0,-1400.0,2727.4,0,1000000000.00,0.000000
-800.0,-1400.0,2706.1,0,1000000000.00,0.000000
-775.0,-1400.0,2684.9,0,1000000000.00,0.000000
-750.0,-1400.0,2663.7,0,1000000000.00,0.000000
-725.0,-1400.0,2642.6,0,1000000000.00,0.000000
-700.0,-1400.0,2621.6,0,1000000000.00,0.000000
-675.0,-1400.0,2600.7,0,1000000000.00,0.000000
-650.0,-1400.0,2579.8,0,1000000000.00,0.000000
-625.0,-1400.0,2559.0,0,1000000000.00,0.000000
-600.0,-1400.0,2538.3,0,1000000000.00,0.000000
-575.0,-1400.0,2517.7,0,1000000000.00,0.000000
-550.0,-1400.0,2497.1,0,1000000000.00,0.000000
-525.0,-1400.0,2476.6,0,1000000000.00,0.000000
-500.0,-1400.0,2456.2,0,1000000000.00,0.000000
-475.0,-1400.0,2435.9,0,1000000000.00,0.000000
-450.0,-1400.0,2415.7,0,1000000000.00,0.000000
-425.0,-1400.0,2395.6,0,1000000000.00,0.000000
-400.0,-1400.0,2375.5,0,1000000000.00,0.000000
-375.0,-1400.0,2355.6,0,1000000000.00,0.000000
-350.0,-1400.0,2335.7,0,1000000000.00,0.000000
-325.0,-1400.0,2316.0,0,1000000000.00,0.000000
-300.0,-1400.0,2296.3,0,1000000000.00,0.000000
-275.0,-1400.0,2276.8,0,1000000000.00,0.000000
-250.0,-1400.0,2257.4,0,1000000000.00,0.000000
-225.0,-1400.0,2238.0,0,1000000000.00,0.000000
-200.0,-1400.0,2218.8,0,1000000000.00,0.000000
-175.0,-1400.0,2199.7,0,1000000000.00,0.000000
-150.0,-1400.0,2180.8,0,1000000000.00,0.000000
-125.0,-1400.0,2161.9,0,1000000000.00,0.000000
-100.0,-1400.0,2143.2,0,1000000000.00,0.000000
-75.0,-1400.0,2124.6,0,1000000000.00,0.000000
-50.0,-1400.0,2106.1,0,1000000000.00,0.000000
-25.0,-1400.0,2087.8,0,1000000000.00,0.000000
0.0,-1400.0,2069.6,0,1000000000.00,0.000000
25.0,-1400.0,2051.6,0,1000000000.00,0.000000
50.0,-1400.0,2033.7,0,1000000000.00,0.000000
75.0,-1400.0,2015.9,0,1000000000.00,0.000000
100.0,-1400.0,1998.3,0,1000000000.00,0.000000
125.0,-1400.0,1980.9,0,1000000000.00,0.000000
150.0,-1400.0,1963.6,0,1000000000.00,0.000000
175.0,-1400.0,1946.5,0,1000000000.00,0.000000
200.0,-1400.0,1929.6,0,1000000000.00,0.000000
225.0,-1400.0,1912.9,0,1000000000.00,0.000000
250.0,-1400.0,1896.3,0,1000000000.00,0.000000
275.0,-1400.0,1879.9,0,1000000000.00,0.000000
300.0,-1400.0,1863.7,0,1000000000.00,0.000000
325.0,-1400.0,1847.7,0,1000000000.00,0.000000
350.0,-1400.0,1831.9,0,1000000000.00,0.000000
375.0,-1400.0,1816.3,0,1000000000.00,0.000000
400.0,-1400.0,1801.0,0,1000000000.00,0.000000
425.0,-1400.0,1785.8,0,1000000000.00,0.000000
450.0,-1400.0,1770.9,0,1000000000.00,0.000000
475.0,-1400.0,1756.2,0,1000000000.00,0.000000
500.0,-1400.0,1741.7,0,1000000000.00,0.000000
525.0,-1400.0,1727.5,0,1000000000.00,0.000000
550.0,-1400.0,1713.5,0,1000000000.00,0.000000
575.0,-1400.0,1699.8,0,1000000000.00,0.000000
600.0,-1400.0,1686.3,0,1000000000.00,0.000000
625.0,-1400.0,1673.1,0,1000000000.00,0.000000
650.0,-1400.0,1660.1,0,1000000000.00,0.000000
675.0,-1400.0,1647.5,0,1000000000.00,0.000000
700.0,-1400.0,1635.1,0,1000000000.00,0.000000
725.0,-1400.0,1623.0,0,1000000000.00,0.000000
750.0,-1400.0,1611.3,0,1000000000.00,0.000000
775.0,-1400.0,1599.8,0,1000000000.00,0.000000
800.0,-1400.0,1610.1,0,1000000000.00,0.000000
825.0,-1400.0,1622.5,0,1000000000.00,0.000000
850.0,-1400.0,1635.3,0,1000000000.00,0.000000
875.0,-1400.0,1648.4,0,1000000000.00,0.000000
900.0,-1400.0,1661.7,0,1000000000.00,0.000000
925.0,-1400.0,1675.3,0,1000000000.00,0.000000
950.0,-1400.0,1689.2,0,1000000000.00,0.000000
975.0,-1400.0,1703.3,0,1000000000.00,0.000000
1000.0,-1400.0,1717.6,0,1000000000.00,0.000000
1025.0,-1400.0,1732.2,0,1000000000.00,0.000000
1050.0,-1400.0,1747.1,0,1000000000.00,0.000000
1075.0,-1400.0,1762.1,0,1000000000.00,0.000000
1100.0,-1400.0,1777.4,0,1000000000.00,0.000000
1125.0,-1400.0,1792.9,0,1000000000.00,0.000000
1150.0,-1400.0,1808.7,0,1000000000.00,0.000000
1175.0,-1400.0,1824.6,0,1000000000.00,0.000000
1200.0,-1400.0,1840.7,0,1000000000.00,0.000000
1225.0,-1400.0,1857.1,0,1000000000.00,0.000000
1250.0,-1400.0,1873.6,0,1000000000.00,0.000000
1275.0,-1400.0,1890.3,0,1000000000.00,0.000000
1300.0,-1400.0,1907.2,0,1000000000.00,0.000000
1325.0,-1400.0,1924.2,0,1000000000.00,0.000000
1350.0,-1400.0,1941.5,0,1000000000.00,0.000000
1375.0,-1400.0,1958.9,0,1000000000.00,0.000000
1400.0,-1400.0,1976.4,0,1000000000.00,0.000000
1425.0,-1400.0,1994.2,0,1000000000.00,0.000000
1450.0,-1400.0,2012.0,0,1000000000.00,0.000000
1475.0,-1400.0,2030.1,0,1000000000.00,0.000000
1500.0,-1400.0,2048.2,0,1000000000.00,0.000000
1525.0,-1400.0,2066.6,0,1000000000.00,0.000000
1550.0,-1400.0,2085.0,0,1000000000.00,0.000000
1575.0,-1400.0,2103.6,0,1000000000.00,0.000000
1600.0,-1400.0,2122.3,0,1000000000.00,0.000000
1625.0,-1400.0,2141.2,0,1000000000.00,0.000000
1650.0,-1400.0,2160.2,0,1000000000.00,0.000000
1675.0,-1400.0,2179.3,0,1000000000.00,0.000000
1700.0,-1400.0,2198.5,0,1000000000.00,0.000000
1725.0,-1400.0,2217.8,0,1000000000.00,0.000000
1750.0,-1400.0,2237.2,0,1000000000.00,0.000000
1775.0,-1400.0,2256.8,0,1000000000.00,0.000000
1800.0,-1400.0,2276.5,0,1000000000.00,0.000000
-1800.0,-1375.0,3584.9,0,1000000000.00,0.000000
-1775.0,-1375.0,3561.9,0,1000000000.00,0.000000
-1750.0,-1375.0,3539.0,0,1000000000.00,0.000000
-1725.0,-1375.0,3516.0,0,1000000000.00,0.000000
-1700.0,-1375.0,3493.1,0,1000000000.00,0.000000
-1675.0,-1375.0,3470.2,0,1000000000.00,0.000000
-1650.0,-1375.0,3447.4,0,1000000000.00,0.000000
-1625.0,-1375.0,3424.5,0,1000000000.00,0.000000
-1600.0,-1375.0,3401.7,0,1000000000.00,0.000000
-1575.0,-1375.0,3379.0,0,1000000000.00,0.000000
-1550.0,-1375.0,3356.2,0,1000000000.00,0.000000
-1525.0,-1375.0,3333.5,0,1000000000.00,0.000000
-1500.0,-1375.0,3310.9,0,1000000000.00,0.000000
-1475.0,-1375.0,3288.2,0,1000000000.00,0.000000
-1450.0,-1375.0,3265.6,0,1000000000.00,0.000000
-1425.0,-1375.0,3243.1,0,1000000000.00,0.000000
-1400.0,-1375.0,3220.6,0,1000000000.00,0.000000
-1375.0,-1375.0,3198.1,0,1000000000.00,0.000000
-1350.0,-1375.0,3175.6,0,1000000000.00,0.000000
-1325.0,-1375.0,3153.2,0,1000000000.00,0.000000
-1300.0,-1375.0,3130.8,0,1000000000.00,0.000000
-1275.0,-1375.0,3108.5,0,1000000000.00,0.000000
-1250.0,-1375.0,3086.2,0,1000000000.00,0.000000
-1225.0,-1375.0,3063.9,0,1000000000.00,0.000000
-1200.0,-1375.0,3041.7,0,1000000000.00,0.000000
-1175.0,-1375.0,3019.6,0,1000000000.00,0.000000
-1150.0,-1375.0,2997.4,0,1000000000.00,0.000000
-1125.0,-1375.0,2975.4,0,1000000000.00,0.000000
-1100.0,-1375.0,2953.3,0,1000000000.00,0.000000
-1075.0,-1375.0,2931.3,0,1000000000.00,0.000000
-1050.0,-1375.0,2909.4,0,1000000000.00,0.000000
-1025.0,-1375.0,2887.5,0,1000000000.00,0.000000
-1000.0,-1375.0,2865.7,0,1000000000.00,0.000000
-975.0,-1375.0,2843.9,0,1000000000.00,0.000000
-950.0,-1375.0,2822.2,0,1000000000.00,0.000000
-925.0,-1375.0,2800.5,0,1000000000.00,0.000000
-900.0,-1375.0,2778.9,0,1000000000.00,0.000000
-875.0,-1375.0,2757.3,0,1000000000.00,0.000000
-850.0,-1375.0,2735.8,0,1000000000.00,0.000000
-825.0,-1375.0,2714.4,0,1000000000.00,0.000000
-800.0,-1375.0,2693.0,0,1000000000.00,0.000000
-775.0,-1375.0,2671.7,0,1000000000.00,0.000000
-750.0,-1375.0,2650.4,0,1000000000.00,0.000000
-725.0,-1375.0,2629.2,0,1000000000.00,0.000000
-700.0,-1375.0,2608.1,0,1000000000.00,0.000000
-675.0,-1375.0,2587.1,0,1000000000.00,0.000000
-650.0,-1375.0,2566.1,0,1000000000.00,0.000000
-625.0,-1375.0,2545.2,0,1000000000.00,0.000000
-600.0,-1375.0,2524.3,0,1000000000.00,0.000000
-575.0,-1375.0,2503.6,0,1000000000.00,0.000000
-550.0,-1375.0,2482.9,0,1000000000.00,0.000000
-525.0,-1375.0,2462.3,0,1000000000.00,0.000000
-500.0,-1375.0,2441.8,0,1000000000.00,0.000000
-475.0,-1375.0,2421.4,0,1000000000.00,0.000000
-450.0,-1375.0,2401.0,0,1000000000.00,0.000000
-425.0,-1375.0,2380.8,0,1000000000.00,0.000000
-400.0,-1375.0,2360.6,0,1000000000.00,0.000000
-375.0,-1375.0,2340.5,0,1000000000.00,0.000000
-350.0,-1375.0,2320.6,0,1000000000.00,0.000000
-325.0,-1375.0,2300.7,0,1000000000.00,0.000000
-300.0,-1375.0,2280.9,0,1000000000.00,0.000000
-275.0,-1375.0,2261.2,0,1000000000.00,0.000000
-250.0,-1375.0,2241.7,0,1000000000.00,0.000000
-225.0,-1375.0,2222.2,0,1000000000.00,0.000000
-200.0,-1375.0,2202.8,0,1000000000.00,0.000000
-175.0,-1375.0,2183.6,0,1000000000.00,0.000000
-150.0,-1375.0,2164.5,0,1000000000.00,0.000000
-125.0,-1375.0,2145.5,0,1000000000.00,0.000000
-100.0,-1375.0,2126.6,0,1000000000.00,0.000000
-75.0,-1375.0,2107.9,0,1000000000.00,0.000000
-50.0,-1375.0,2089.3,0,1000000000.00,0.000000
-25.0,-1375.0,2070.8,0,1000000000.00,0.000000
0.0,-1375.0,2052.5,0,1000000000.00,0.000000
25.0,-1375.0,2034.3,0,1000000000.00,0.000000
50.0,-1375.0,2016.2,0,1000000000.00,0.000000
75.0,-1375.0,1998.3,0,1000000000.00,0.000000
100.0,-1375.0,1980.6,0,1000000000.00,0.000000
125.0,-1375.0,1963.0,0,1000000000.00,0.000000
150.0,-1375.0,1945.6,0,1000000000.00,0.000000
175.0,-1375.0,1928.3,0,1000000000.00,0.000000
200.0,-1375.0,1911.2,0,1000000000.00,0.000000
225.0,-1375.0,1894.3,0,1000000000.00,0.000000
250.0,-1375.0,1877.6,0,1000000000.00,0.000000
275.0,-1375.0,1861.0,0,1000000000.00,0.000000
300.0,-1375.0,1844.7,0,1000000000.00,0.000000
325.0,-1375.0,1828.5,0,1000000000.00,0.000000
350.0,-1375.0,1812.5,0,1000000000.00,0.000000
375.0,-1375.0,1796.8,0,1000000000.00,0.000000
400.0,-1375.0,1781.2,0,1000000000.00,0.000000
425.0,-1375.0,1765.9,0,1000000000.00,0.000000
450.0,-1375.0,1750.8,0,1000000000.00,0.000000
475.0,-1375.0,1735.9,0,1000000000.00,0.000000
500.0,-1375.0,1721.3,0,1000000000.00,0.000000
525.0,-1375.0,1706.9,0,1000000000.00,0.000000
550.0,-1375.0,1692.7,0,1000000000.00,0.000000
575.0,-1375.0,1678.8,0,1000000000.00,0.000000
600.0,-1375.0,1665.2,0,1000000000.00,0.000000
625.0,-1375.0,1651.8,0,1000000000.00,0.000000
650.0,-1375.0,1638.7,0,1000000000.00,0.000000
675.0,-1375.0,1625.9,0,1000000000.00,0.000000
700.0,-1375.0,1613.4,0,1000000000.00,0.000000
725.0,-1375.0,1601.1,0,1000000000.00,0.000000
750.0,-1375.0,1589.2,0,1000000000.00,0.000000
775.0,-1375.0,1577.5,0,1000000000.00,0.000000
800.0,-1375.0,1588.4,0,1000000000.00,0.000000
825.0,-1375.0,1601.0,0,1000000000.00,0.000000
850.0,-1375.0,1614.0,0,1000000000.00,0.000000
875.0,-1375.0,1627.2,0,1000000000.00,0.000000
900.0,-1375.0,1640.7,0,1000000000.00,0.000000
925.0,-1375.0,1654.5,0,1000000000.00,0.000000
950.0,-1375.0,1668.5,0,1000000000.00,0.000000
975.0,-1375.0,1682.8,0,1000000000.00,0.000000
1000.0,-1375.0,1697.3,0,1000000000.00,0.000000
1025.0,-1375.0,1712.1,0,1000000000.00,0.000000
1050.0,-1375.0,1727.1,0,1000000000.00,0.000000
1075.0,-1375.0,1742.3,0,1000000000.00,0.000000
1100.0,-1375.0,1757.8,0,1000000000.00,0.000000
1125.0,-1375.0,1773.5,0,1000000000.00,0.000000
1150.0,-1375.0,1789.4,0,1000000000.00,0.000000
1175.0,-1375.0,1805.5,0,1000000000.00,0.000000
1200.0,-1375.0,1821.8,0,1000000000.00,0.000000
1225.0,-1375.0,1838.3,0,1000000000.00,0.000000
1250.0,-1375.0,1855.0,0,1000000000.00,0.000000
1275.0,-1375.0,1871.8,0,1000000000.00,0.000000
1300.0,-1375.0,1888.9,0,1000000000.00,0.000000
1325.0,-1375.0,1906.1,0,1000000000.00,0.000000
1350.0,-1375.0,1923.5,0,1000000000.00,0.000000
1375.0,-1375.0,1941.1,0,1000000000.00,0.000000
1400.0,-1375.0,1958.8,0,1000000000.00,0.000000
1425.0,-1375.0,1976.7,0,1000000000.00,0.000000
1450.0,-1375.0,1994.7,0,1000000000.00,0.000000
1475.0,-1375.0,2012.9,0,1000000000.00,0.000000
1500.0,-1375.0,2031.2,0,1000000000.00,0.000000
1525.0,-1375.0,2049.7,0,1000000000.00,0.000000
1550.0,-1375.0,2068.3,0,1000000000.00,0.000000
1575.0,-1375.0,2087.0,0,1000000000.00,0.000000
1600.0,-1375.0,2105.9,0,1000000000.00,0.000000
1625.0,-1375.0,2124.9,0,1000000000.00,0.000000
1650.0,-1375.0,2144.0,0,1000000000.00,0.000000
1675.0,-1375.0,2163.3,0,1000000000.00,0.000000
1700.0,-1375.0,2182.6,0,1000000000.00,0.000000
1725.0,-1375.0,2202.1,0,1000000000.00,0.000000
1750.0,-1375.0,2221.7,0,1000000000.00,0.000000
1775.0,-1375.0,2241.4,0,1000000000.00,0.000000
1800.0,-1375.0,2261.2,0,1000000000.00,0.000000
-1800.0,-1350.0,3575.2,0,1000000000.00,0.000000
-1775.0,-1350.0,3552.2,0,1000000000.00,0.000000
-1750.0,-1350.0,3529.1,0,1000000000.00,0.000000
-1725.0,-1350.0,3506.1,0,1000000000.00,0.000000
-1700.0,-1350.0,3483.2,0,1000000000.00,0.000000
-1675.0,-1350.0,3460.2,0,1000000000.00,0.000000
-1650.0,-1350.0,3437.3,0,1000000000.00,0.000000
-1625.0,-1350.0,3414.4,0,1000000000.00,0.000000
-1600.0,-1350.0,3391.5,0,1000000000.00,0.000000
-1575.0,-1350.0,3368.7,0,1000000000.00,0.000000
-1550.0,-1350.0,3345.9,0,1000000000.00,0.000000
-1525.0,-1350.0,3323.1,0,1000000000.00,0.000000
-1500.0,-1350.0,3300.4,0,1000000000.00,0.000000
-1475.0,-1350.0,3277.7,0,1000000000.00,0.000000
-1450.0,-1350.0,3255.0,0,1000000000.00,0.000000
-1425.0,-1350.0,3232.4,0,1000000000.00,0.000000
-1400.0,-1350.0,3209.8,0,1000000000.00,0.000000
-1375.0,-1350.0,3187.2,0,1000000000.00,0.000000
-1350.0,-1350.0,3164.7,0,1000000000.00,0.000000
-1325.0,-1350.0,3142.2,0,1000000000.00,0.000000
-1300.0,-1350.0,3119.7,0,1000000000.00,0.000000
-1275.0,-1350.0,3097.3,0,1000000000.00,0.000000
-1250.0,-1350.0,3074.9,0,1000000000.00,0.000000
-1225.0,-1350.0,3052.6,0,1000000000.00,0.000000
-1200.0,-1350.0,3030.3,0,1000000000.00,0.000000
-1175.0,-1350.0,3008.0,0,1000000000.00,0.000000
-1150.0,-1350.0,2985.8,0,1000000000.00,0.000000
-1125.0,-1350.0,2963.7,0,1000000000.00,0.000000
-1100.0,-1350.0,2941.5,0,1000000000.00,0.000000
-1075.0,-1350.0,2919.5,0,1000000000.00,0.000000
-1050.0,-1350.0,2897.4,0,1000000000.00,0.000000
-1025.0,-1350.0,2875.5,0,1000000000.00,0.000000
-1000.0,-1350.0,2853.5,0,1000000000.00,0.000000
-975.0,-1350.0,2831.7,0,1000000000.00,0.000000
-950.0,-1350.0,2809.8,0,1000000000.00,0.000000
-925.0,-1350.0,2788.1,0,1000000000.00,0.000000
-900.0,-1350.0,2766.4,0,1000000000.00,0.000000
-875.0,-1350.0,2744.7,0,1000000000.00,0.000000
-850.0,-1350.0,2723.1,0,1000000000.00,0.000000
-825.0,-1350.0,2701.6,0,1000000000.00,0.000000
-800.0,-1350.0,2680.1,0,1000000000.00,0.000000
-775.0,-1350.0,2658.7,0,1000000000.00,0.000000
-750.0,-1350.0,2637.3,0,1000000000.00,0.000000
-725.0,-1350.0,2616.0,0,1000000000.00,0.000000
-700.0,-1350.0,2594.8,0,1000000000.00,0.000000
-675.0,-1350.0,2573.6,0,1000000000.00,0.000000
-650.0,-1350.0,2552.5,0,1000000000.00,0.000000
-625.0,-1350.0,2531.5,0,1000000000.00,0.000000
-600.0,-1350.0,2510.6,0,1000000000.00,0.000000
-575.0,-1350.0,2489.7,0,1000000000.00,0.000000
-550.0,-1350.0,2468.9,0,1000000000.00,0.000000
-525.0,-1350.0,2448.2,0,1000000000.00,0.000000
-500.0,-1350.0,2427.5,0,1000000000.00,0.000000
-475.0,-1350.0,2407.0,0,1000000000.00,0.000000
-450.0,-1350.0,2386.5,0,1000000000.00,0.000000
-425.0,-1350.0,2366.1,0,1000000000.00,0.000000
-400.0,-1350.0,2345.8,0,1000000000.00,0.000000
-375.0,-1350.0,2325.6,0,1000000000.00,0.000000
-350.0,-1350.0,2305.5,0,1000000000.00,0.000000
-325.0,-1350.0,2285.5,0,1000000000.00,0.000000
-300.0,-1350.0,2265.6,0,1000000000.00,0.000000
-275.0,-1350.0,2245.8,0,1000000000.00,0.000000
-250.0,-1350.0,2226.1,0,1000000000.00,0.000000
-225.0,-1350.0,2206.5,0,1000000000.00,0.000000
-200.0,-1350.0,2187.0,0,1000000000.00,0.000000
-175.0,-1350.0,2167.7,0,1000000000.00,0.000000
-150.0,-1350.0,2148.4,0,1000000000.00,0.000000
-125.0,-1350.0,2129.3,0,1000000000.00,0.000000
-100.0,-1350.0,2110.2,0,1000000000.00,0.000000
-75.0,-1350.0,2091.4,0,1000000000.00,0.000000
-50.0,-1350.0,2072.6,0,1000000000.00,0.000000
-25.0,-1350.0,2054.0,0,1000000000.00,0.000000
0.0,-1350.0,2035.5,0,1000000000.00,0.000000
25.0,-1350.0,2017.1,0,1000000000.00,0.000000
50.0,-1350.0,1998.9,0,1000000000.00,0.000000
75.0,-1350.0,1980.9,0,1000000000.00,0.000000
100.0,-1350.0,1963.0,0,1000000000.00,0.000000
125.0,-1350.0,1945.2,0,1000000000.00,0.000000
150.0,-1350.0,1927.6,0,1000000000.00,0.000000
175.0,-1350.0,1910.2,0,1000000000.00,0.000000
200.0,-1350.0,1893.0,0,1000000000.00,0.000000
225.0,-1350.0,1875.9,0,1000000000.00,0.000000
250.0,-1350.0,1859.0,0,1000000000.00,0.000000
275.0,-1350.0,1842.3,0,1000000000.00,0.000000
300.0,-1350.0,1825.7,0,1000000000.00,0.000000
325.0,-1350.0,1809.4,0,1000000000.00,0.000000
350.0,-1350.0,1793.3,0,1000000000.00,0.000000
375.0,-1350.0,1777.4,0,1000000000.00,0.000000
400.0,-1350.0,1761.6,0,1000000000.00,0.000000
425.0,-1350.0,1746.1,0,1000000000.00,0.000000
450.0,-1350.0,1730.9,0,1000000000.00,0.000000
475.0,-1350.0,1715.8,0,1000000000.00,0.000000
500.0,-1350.0,1701.0,0,1000000000.00,0.000000
525.0,-1350.0,1686.4,0,1000000000.00,0.000000
550.0,-1350.0,1672.1,0,1000000000.00,0.000000
575.0,-1350.0,1658.0,0,1000000000.00,0.000000
600.0,-1350.0,1644.2,0,1000000000.00,0.000000
625.0,-1350.0,1630.7,0,1000000000.00,0.000000
650.0,-1350.0,1617.4,0,1000000000.00,0.000000
675.0,-1350.0,1604.4,0,1000000000.00,0.000000
700.0,-1350.0,1591.7,0,1000000000.00,0.000000
725.0,-1350.0,1579.3,0,1000000000.00,0.000000
750.0,-1350.0,1567.2,0,1000000000.00,0.000000
775.0,-1350.0,1555.4,0,1000000000.00,0.000000
800.0,-1350.0,1566.8,0,1000000000.00,0.000000
825.0,-1350.0,1579.6,0,1000000000.00,0.000000
850.0,-1350.0,1592.7,0,1000000000.00,0.000000
875.0,-1350.0,1606.1,0,1000000000.00,0.000000
900.0,-1350.0,1619.8,0,1000000000.00,0.000000
925.0,-1350.0,1633.7,0,1000000000.00,0.000000
950.0,-1350.0,1648.0,0,1000000000.00,0.000000
975.0,-1350.0,1662.4,0,1000000000.00,0.000000
1000.0,-1350.0,1677.1,0,1000000000.00,0.000000
1025.0,-1350.0,1692.1,0,1000000000.00,0.000000
1050.0,-1350.0,1707.3,0,1000000000.00,0.000000
1075.0,-1350.0,1722.7,0,1000000000.00,0.000000
1100.0,-1350.0,1738.3,0,1000000000.00,0.000000
1125.0,-1350.0,1754.2,0,1000000000.00,0.000000
1150.0,-1350.0,1770.2,0,1000000000.00,0.000000
1175.0,-1350.0,1786.5,0,1000000000.00,0.000000
1200.0,-1350.0,1803.0,0,1000000000.00,0.000000
1225.0,-1350.0,1819.7,0,1000000000.00,0.000000
1250.0,-1350.0,1836.5,0,1000000000.00,0.000000
1275.0,-1350.0,1853.5,0,1000000000.00,0.000000
1300.0,-1350.0,1870.8,0,1000000000.00,0.000000
1325.0,-1350.0,1888.2,0,1000000000.00,0.000000
1350.0,-1350.0,1905.7,0,1000000000.00,0.000000
1375.0,-1350.0,1923.4,0,1000000000.00,0.000000
1400.0,-1350.0,1941.3,0,1000000000.00,0.000000
1425.0,-1350.0,1959.4,0,1000000000.00,0.000000
1450.0,-1350.0,1977.6,0,1000000000.00,0.000000
1475.0,-1350.0,1995.9,0,1000000000.00,0.000000
1500.0,-1350.0,2014.4,0,1000000000.00,0.000000
1525.0,-1350.0,2033.0,0,1000000000.00,0.000000
1550.0,-1350.0,2051.8,0,1000000000.00,0.000000
1575.0,-1350.0,2070.7,0,1000000000.00,0.000000
1600.0,-1350.0,2089.7,0,1000000000.00,0.000000
1625.0,-1350.0,2108.8,0,1000000000.00,0.000000
1650.0,-1350.0,2128.1,0,1000000000.00,0.000000
1675.0,-1350.0,2147.5,0,1000000000.00,0.000000
1700.0,-1350.0,2167.0,0,1000000000.00,0.000000
1725.0,-1350.0,2186.6,0,1000000000.00,0.000000
1750.0,-1350.0,2206.3,0,1000000000.00,0.000000
1775.0,-1350.0,2226.1,0,1000000000.00,0.000000
1800.0,-1350.0,2246.1,0,1000000000.00,0.000000
-1800.0,-1325.0,3565.7,0,1000000000.00,0.000000
-1775.0,-1325.0,3542.6,0,1000000000.00,0.000000
-1750.0,-1325.0,3519.5,0,1000000000.00,0.000000
-1725.0,-1325.0,3496.4,0,1000000000.00,0.000000
-1700.0,-1325.0,3473.4,0,1000000000.00,0.000000
-1675.0,-1325.0,3450.3,0,1000000000.00,0.000000
-1650.0,-1325.0,3427.4,0,1000000000.00,0.000000
-1625.0,-1325.0,3404.4,0,1000000000.00,0.000000
-1600.0,-1325.0,3381.5,0,1000000000.00,0.000000
-1575.0,-1325.0,3358.6,0,1000000000.00,0.000000
-1550.0,-1325.0,3335.7,0,1000000000.00,0.000000
-1525.0,-1325.0,3312.8,0,1000000000.00,0.000000
-1500.0,-1325.0,3290.0,0,1000000000.00,0.000000
-1475.0,-1325.0,3267.3,0,1000000000.00,0.000000
-1450.0,-1325.0,3244.5,0,1000000000.00,0.000000
-1425.0,-1325.0,3221.8,0,1000000000.00,0.000000
-1400.0,-1325.0,3199.1,0,1000000000.00,0.000000
-1375.0,-1325.0,3176.5,0,1000000000.00,0.000000
-1350.0,-1325.0,3153.9,0,1000000000.00,0.000000
-1325.0,-1325.0,3131.3,0,1000000000.00,0.000000
-1300.0,-1325.0,3108.8,0,1000000000.00,0.000000
-1275.0,-1325.0,3086.3,0,1000000000.00,0.000000
-1250.0,-1325.0,3063.8,0,1000000000.00,0.000000
-1225.0,-1325.0,3041.4,0,1000000000.00,0.000000
-1200.0,-1325.0,3019.0,0,1000000000.00,0.000000
-1175.0,-1325.0,2996.7,0,1000000000.00,0.000000
-1150.0,-1325.0,2974.4,0,1000000000.00,0.000000
-1125.0,-1325.0,2952.1,0,1000000000.00,0.000000
-1100.0,-1325.0,2929.9,0,1000000000.00,0.000000
-1075.0,-1325.0,2907.8,0,1000000000.00,0.000000
-1050.0,-1325.0,2885.7,0,1000000000.00,0.000000
-1025.0,-1325.0,2863.6,0,1000000000.00,0.000000
-1000.0,-1325.0,2841.6,0,1000000000.00,0.000000
-975.0,-1325.0,2819.6,0,1000000000.00,0.000000
-950.0,-1325.0,2797.7,0,1000000000.00,0.000000
-925.0,-1325.0,2775.8,0,1000000000.00,0.000000
-900.0,-1325.0,2754.0,0,1000000000.00,0.000000
-875.0,-1325.0,2732.3,0,1000000000.00,0.000000
-850.0,-1325.0,2710.6,0,1000000000.00,0.000000
-825.0,-1325.0,2688.9,0,1000000000.00,0.000000
-800.0,-1325.0,2667.3,0,1000000000.00,0.000000
-775.0,-1325.0,2645.8,0,1000000000.00,0.000000
-750.0,-1325.0,2624.3,0,1000000000.00,0.000000
-725.0,-1325.0,2602.9,0,1000000000.00,0.000000
-700.0,-1325.0,2581.6,0,1000000000.00,0.000000
-675.0,-1325.0,2560.3,0,1000000000.00,0.000000
-650.0,-1325.0,2539.1,0,1000000000.00,0.000000
-625.0,-1325.0,2518.0,0,1000000000.00,0.000000
-600.0,-1325.0,2496.9,0,1000000000.00,0.000000
-575.0,-1325.0,2476.0,0,1000000000.00,0.000000
-550.0,-1325.0,2455.0,0,1000000000.00,0.000000
-525.0,-1325.0,2434.2,0,1000000000.00,0.000000
-500.0,-1325.0,2413.5,0,1000000000.00,0.000000
-475.0,-1325.0,2392.8,0,1000000000.00,0.000000
-450.0,-1325.0,2372.2,0,1000000000.00,0.000000
-425.0,-1325.0,2351.7,0,1000000000.00,0.000000
-400.0,-1325.0,2331.3,0,1000000000.00,0.000000
-375.0,-1325.0,2310.9,0,1000000000.00,0.000000
-350.0,-1325.0,2290.7,0,1000000000.00,0.000000
-325.0,-1325.0,2270.6,0,1000000000.00,0.000000
-300.0,-1325.0,2250.5,0,1000000000.00,0.000000
-275.0,-1325.0,2230.6,0,1000000000.00,0.000000
-250.0,-1325.0,2210.7,0,1000000000.00,0.000000
-225.0,-1325.0,2191.0,0,1000000000.00,0.000000
-200.0,-1325.0,2171.4,0,1000000000.00,0.000000
-175.0,-1325.0,2151.9,0,1000000000.00,0.000000
-150.0,-1325.0,2132.5,0,1000000000.00,0.000000
-125.0,-1325.0,2113.2,0,1000000000.00,0.000000
-100.0,-1325.0,2094.0,0,1000000000.00,0.000000
-75.0,-1325.0,2075.0,0,1000000000.00,0.000000
-50.0,-1325.0,2056.1,0,1000000000.00,0.000000
-25.0,-1325.0,2037.3,0,1000000000.00,0.000000
0.0,-1325.0,2018.7,0,1000000000.00,0.000000
25.0,-1325.0,2000.2,0,1000000000.00,0.000000
50.0,-1325.0,1981.8,0,1000000000.00,0.000000
75.0,-1325.0,1963.6,0,1000000000.00,0.000000
100.0,-1325.0,1945.5,0,1000000000.00,0.000000
125.0,-1325.0,1927.6,0,1000000000.00,0.000000
150.0,-1325.0,1909.9,0,1000000000.00,0.000000
175.0,-1325.0,1892.3,0,1000000000.00,0.000000
200.0,-1325.0,1874.9,0,1000000000.00,0.000000
225.0,-1325.0,1857.6,0,1000000000.00,0.000000
250.0,-1325.0,1840.5,0,1000000000.00,0.000000
275.0,-1325.0,1823.7,0,1000000000.00,0.000000
300.0,-1325.0,1807.0,0,1000000000.00,0.000000
325.0,-1325.0,1790.5,0,1000000000.00,0.000000
350.0,-1325.0,1774.2,0,1000000000.00,0.000000
375.0,-1325.0,1758.1,0,1000000000.00,0.000000
400.0,-1325.0,1742.2,0,1000000000.00,0.000000
425.0,-1325.0,1726.5,0,1000000000.00,0.000000
450.0,-1325.0,1711.1,0,1000000000.00,0.000000
475.0,-1325.0,1695.8,0,1000000000.00,0.000000
500.0,-1325.0,1680.8,0,1000000000.00,0.000000
525.0,-1325.0,1666.1,0,1000000000.00,0.000000
550.0,-1325.0,1651.6,0,1000000000.00,0.000000
575.0,-1325.0,1637.3,0,1000000000.00,0.000000
600.0,-1325.0,1623.4,0,1000000000.00,0.000000
625.0,-1325.0,1609.6,0,1000000000.00,0.000000
650.0,-1325.0,1596.2,0,1000000000.00,0.000000
675.0,-1325.0,1583.0,0,1000000000.00,0.000000
700.0,-1325.0,1570.1,0,1000000000.00,0.000000
725.0,-1325.0,1557.5,0,1000000000.00,0.000000
750.0,-1325.0,1545.3,0,1000000000.00,0.000000
775.0,-1325.0,1533.3,0,1000000000.00,0.000000
800.0,-1325.0,1545.3,0,1000000000.00,0.000000
825.0,-1325.0,1558.3,0,1000000000.00,0.000000
850.0,-1325.0,1571.6,0,1000000000.00,0.000000
875.0,-1325.0,1585.2,0,1000000000.00,0.000000
900.0,-1325.0,1599.0,0,1000000000.00,0.000000
925.0,-1325.0,1613.2,0,1000000000.00,0.000000
950.0,-1325.0,1627.5,0,1000000000.00,0.000000
975.0,-1325.0,1642.2,0,1000000000.00,0.000000
1000.0,-1325.0,1657.1,0,1000000000.00,0.000000
1025.0,-1325.0,1672.2,0,1000000000.00,0.000000
1050.0,-1325.0,1687.6,0,1000000000.00,0.000000
1075.0,-1325.0,1703.2,0,1000000000.00,0.000000
1100.0,-1325.0,1719.0,0,1000000000.00,0.000000
1125.0,-1325.0,1735.0,0,1000000000.00,0.000000
1150.0,-1325.0,1751.3,0,1000000000.00,0.000000
1175.0,-1325.0,1767.7,0,1000000000.00,0.000000
1200.0,-1325.0,1784.3,0,1000000000.00,0.000000
1225.0,-1325.0,1801.2,0,1000000000.00,0.000000
1250.0,-1325.0,1818.2,0,1000000000.00,0.000000
1275.0,-1325.0,1835.4,0,1000000000.00,0.000000
1300.0,-1325.0,1852.8,0,1000000000.00,0.000000
1325.0,-1325.0,1870.4,0,1000000000.00,0.000000
1350.0,-1325.0,1888.1,0,1000000000.00,0.000000
1375.0,-1325.0,1906.0,0,1000000000.00,0.000000
1400.0,-1325.0,1924.0,0,1000000000.00,0.000000
1425.0,-1325.0,1942.2,0,1000000000.00,0.000000
1450.0,-1325.0,1960.6,0,1000000000.00,0.000000
1475.0,-1325.0,1979.1,0,1000000000.00,0.000000
1500.0,-1325.0,1997.7,0,1000000000.00,0.000000
1525.0,-1325.0,2016.5,0,1000000000.00,0.000000
1550.0,-1325.0,2035.4,0,1000000000.00,0.000000
1575.0,-1325.0,2054.4,0,1000000000.00,0.000000
1600.0,-1325.0,2073.6,0,1000000000.00,0.000000
1625.0,-1325.0,2092.9,0,1000000000.00,0.000000
1650.0,-1325.0,2112.3,0,1000000000.00,0.000000
1675.0,-1325.0,2131.8,0,1000000000.00,0.000000
1700.0,-1325.0,2151.5,0,1000000000.00,0.000000
1725.0,-1325.0,2171.2,0,1000000000.00,0.000000
1750.0,-1325.0,2191.1,0,1000000000.00,0.000000
1775.0,-1325.0,2211.1,0,1000000000.00,0.000000
1800.0,-1325.0,2231.1,0,1000000000.00,0.000000
-1800.0,-1300.0,3556.3,0,1000000000.00,0.000000
-1775.0,-1300.0,3533.1,0,1000000000.00,0.000000
-1750.0,-1300.0,3510.0,0,1000000000.00,0.000000
-1725.0,-1300.0,3486.8,0,1000000000.00,0.000000
-1700.0,-1300.0,3463.7,0,1000000000.00,0.000000
-1675.0,-1300.0,3440.6,0,1000000000.00,0.000000
-1650.0,-1300.0,3417.6,0,1000000000.00,0.000000
-1625.0,-1300.0,3394.5,0,1000000000.00,0.000000
-1600.0,-1300.0,3371.5,0,1000000000.00,0.000000
-1575.0,-1300.0,3348.6,0,1000000000.00,0.000000
-1550.0,-1300.0,3325.6,0,1000000000.00,0.000000
-1525.0,-1300.0,3302.7,0,1000000000.00,0.000000
-1500.0,-1300.0,3279.8,0,1000000000.00,0.000000
-1475.0,-1300.0,3257.0,0,1000000000.00,0.000000
-1450.0,-1300.0,3234.2,0,1000000000.00,0.000000
-1425.0,-1300.0,3211.4,0,1000000000.00,0.000000
-1400.0,-1300.0,3188.6,0,1000000000.00,0.000000
-1375.0,-1300.0,3165.9,0,1000000000.00,0.000000
-1350.0,-1300.0,3143.2,0,1000000000.00,0.000000
-1325.0,-1300.0,3120.6,0,1000000000.00,0.000000
-1300.0,-1300.0,3098.0,0,1000000000.00,0.000000
-1275.0,-1300.0,3075.4,0,1000000000.00,0.000000
-1250.0,-1300.0,3052.9,0,1000000000.00,0.000000
-1225.0,-1300.0,3030.4,0,1000000000.00,0.000000
-1200.0,-1300.0,3007.9,0,1000000000.00,0.000000
-1175.0,-1300.0,2985.5,0,1000000000.00,0.000000
-1150.0,-1300.0,2963.1,0,1000000000.00,0.000000
-1125.0,-1300.0,2940.8,0,1000000000.00,0.000000
-1100.0,-1300.0,2918.5,0,1000000000.00,0.000000
-1075.0,-1300.0,2896.2,0,1000000000.00,0.000000
-1050.0,-1300.0,2874.0,0,1000000000.00,0.000000
-1025.0,-1300.0,2851.9,0,1000000000.00,0.000000
-1000.0,-1300.0,2829.8,0,1000000000.00,0.000000
-975.0,-1300.0,2807.7,0,1000000000.00,0.000000
-950.0,-1300.0,2785.7,0,1000000000.00,0.000000
-925.0,-1300.0,2763.7,0,1000000000.00,0.000000
-900.0,-1300.0,2741.8,0,1000000000.00,0.000000
-875.0,-1300.0,2720.0,0,1000000000.00,0.000000
-850.0,-1300.0,2698.2,0,1000000000.00,0.000000
-825.0,-1300.0,2676.4,0,1000000000.00,0.000000
-800.0,-1300.0,2654.8,0,1000000000.00,0.000000
-775.0,-1300.0,2633.1,0,1000000000.00,0.000000
-750.0,-1300.0,2611.6,0,1000000000.00,0.000000
-725.0,-1300.0,2590.0,0,1000000000.00,0.000000
-700.0,-1300.0,2568.6,0,1000000000.00,0.000000
-675.0,-1300.0,2547.2,0,1000000000.00,0.000000
-650.0,-1300.0,2525.9,0,1000000000.00,0.000000
-625.0,-1300.0,2504.7,0,1000000000.00,0.000000
-600.0,-1300.0,2483.5,0,1000000000.00,0.000000
-575.0,-1300.0,2462.4,0,1000000000.00,0.000000
-550.0,-1300.0,2441.4,0,1000000000.00,0.000000
-525.0,-1300.0,2420.4,0,1000000000.00,0.000000
-500.0,-1300.0,2399.5,0,1000000000.00,0.000000
-475.0,-1300.0,2378.8,0,1000000000.00,0.000000
-450.0,-1300.0,2358.0,0,1000000000.00,0.000000
-425.0,-1300.0,2337.4,0,1000000000.00,0.000000
-400.0,-1300.0,2316.9,0,1000000000.00,0.000000
-375.0,-1300.0,2296.4,0,1000000000.00,0.000000
-350.0,-1300.0,2276.1,0,1000000000.00,0.000000
-325.0,-1300.0,2255.8,0,1000000000.00,0.000000
-300.0,-1300.0,2235.6,0,1000000000.00,0.000000
-275.0,-1300.0,2215.5,0,1000000000.00,0.000000
-250.0,-1300.0,2195.6,0,1000000000.00,0.000000
-225.0,-1300.0,2175.7,0,1000000000.00,0.000000
-200.0,-1300.0,2155.9,0,1000000000.00,0.000000
-175.0,-1300.0,2136.3,0,1000000000.00,0.000000
-150.0,-1300.0,2116.7,0,1000000000.00,0.000000
-125.0,-1300.0,2097.3,0,1000000000.00,0.000000
-100.0,-1300.0,2078.0,0,1000000000.00,0.000000
-75.0,-1300.0,2058.8,0,1000000000.00,0.000000
-50.0,-1300.0,2039.7,0,1000000000.00,0.000000
-25.0,-1300.0,2020.8,0,1000000000.00,0.000000
0.0,-1300.0,2002.0,0,1000000000.00,0.000000
25.0,-1300.0,1983.4,0,1000000000.00,0.000000
50.0,-1300.0,1964.8,0,1000000000.00,0.000000
75.0,-1300.0,1946.5,0,1000000000.00,0.000000
100.0,-1300.0,1928.2,0,1000000000.00,0.000000
125.0,-1300.0,1910.2,0,1000000000.00,0.000000
150.0,-1300.0,1892.3,0,1000000000.00,0.000000
175.0,-1300.0,1874.5,0,1000000000.00,0.000000
200.0,-1300.0,1856.9,0,1000000000.00,0.000000
225.0,-1300.0,1839.5,0,1000000000.00,0.000000
250.0,-1300.0,1822.3,0,1000000000.00,0.000000
275.0,-1300.0,1805.2,0,1000000000.00,0.000000
300.0,-1300.0,1788.4,0,1000000000.00,0.000000
325.0,-1300.0,1771.7,0,1000000000.00,0.000000
350.0,-1300.0,1755.2,0,1000000000.00,0.000000
375.0,-1300.0,1738.9,0,1000000000.00,0.000000
400.0,-1300.0,1722.9,0,1000000000.00,0.000000
425.0,-1300.0,1707.0,0,1000000000.00,0.000000
450.0,-1300.0,1691.4,0,1000000000.00,0.000000
475.0,-1300.0,1676.0,0,1000000000.00,0.000000
500.0,-1300.0,1660.8,0,1000000000.00,0.000000
525.0,-1300.0,1645.9,0,1000000000.00,0.000000
550.0,-1300.0,1631.2,0,1000000000.00,0.000000
575.0,-1300.0,1616.8,0,1000000000.00,0.000000
600.0,-1300.0,1602.6,0,1000000000.00,0.000000
625.0,-1300.0,1588.7,0,1000000000.00,0.000000
650.0,-1300.0,1575.1,0,1000000000.00,0.000000
675.0,-1300.0,1561.7,0,1000000000.00,0.000000
700.0,-1300.0,1548.7,0,1000000000.00,0.000000
725.0,-1300.0,1535.9,0,1000000000.00,0.000000
750.0,-1300.0,1523.5,0,1000000000.00,0.000000
775.0,-1300.0,1511.3,0,1000000000.00,0.000000
800.0,-1300.0,1523.9,0,1000000000.00,0.000000
825.0,-1300.0,1537.1,0,1000000000.00,0.000000
850.0,-1300.0,1550.6,0,1000000000.00,0.000000
875.0,-1300.0,1564.3,0,1000000000.00,0.000000
900.0,-1300.0,1578.4,0,1000000000.00,0.000000
925.0,-1300.0,1592.7,0,1000000000.00,0.000000
950.0,-1300.0,1607.3,0,1000000000.00,0.000000
975.0,-1300.0,1622.1,0,1000000000.00,0.000000
1000.0,-1300.0,1637.1,0,1000000000.00,0.000000
1025.0,-1300.0,1652.5,0,1000000000.00,0.000000
1050.0,-1300.0,1668.0,0,1000000000.00,0.000000
1075.0,-1300.0,1683.8,0,1000000000.00,0.000000
1100.0,-1300.0,1699.8,0,1000000000.00,0.000000
1125.0,-1300.0,1716.0,0,1000000000.00,0.000000
1150.0,-1300.0,1732.4,0,1000000000.00,0.000000
1175.0,-1300.0,1749.0,0,1000000000.00,0.000000
1200.0,-1300.0,1765.9,0,1000000000.00,0.000000
1225.0,-1300.0,1782.9,0,1000000000.00,0.000000
1250.0,-1300.0,1800.1,0,1000000000.00,0.000000
1275.0,-1300.0,1817.5,0,1000000000.00,0.000000
1300.0,-1300.0,1835.0,0,1000000000.00,0.000000
1325.0,-1300.0,1852.7,0,1000000000.00,0.000000
1350.0,-1300.0,1870.6,0,1000000000.00,0.000000
1375.0,-1300.0,1888.7,0,1000000000.00,0.000000
1400.0,-1300.0,1906.9,0,1000000000.00,0.000000
1425.0,-1300.0,1925.3,0,1000000000.00,0.000000
1450.0,-1300.0,1943.8,0,1000000000.00,0.000000
1475.0,-1300.0,1962.4,0,1000000000.00,0.000000
1500.0,-1300.0,1981.2,0,1000000000.00,0.000000
1525.0,-1300.0,2000.2,0,1000000000.00,0.000000
1550.0,-1300.0,2019.2,0,1000000000.00,0.000000
1575.0,-1300.0,2038.4,0,1000000000.00,0.000000
1600.0,-1300.0,2057.7,0,1000000000.00,0.000000
1625.0,-1300.0,2077.2,0,1000000000.00,0.000000
1650.0,-1300.0,2096.7,0,1000000000.00,0.000000
1675.0,-1300.0,2116.4,0,1000000000.00,0.000000
1700.0,-1300.0,2136.2,0,1000000000.00,0.000000
1725.0,-1300.0,2156.1,0,1000000000.00,0.000000
1750.0,-1300.0,2176.1,0,1000000000.00,0.000000
1775.0,-1300.0,2196.2,0,1000000000.00,0.000000
1800.0,-1300.0,2216.4,0,1000000000.00,0.000000
-1800.0,-1275.0,3547.0,0,1000000000.00,0.000000
-1775.0,-1275.0,3523.8,0,1000000000.00,0.000000
-1750.0,-1275.0,3500.6,0,1000000000.00,0.000000
-1725.0,-1275.0,3477.4,0,1000000000.00,0.000000
-1700.0,-1275.0,3454.2,0,1000000000.00,0.000000
-1675.0,-1275.0,3431.1,0,1000000000.00,0.000000
-1650.0,-1275.0,3408.0,0,1000000000.00,0.000000
-1625.0,-1275.0,3384.9,0,1000000000.00,0.000000
-1600.0,-1275.0,3361.8,0,1000000000.00,0.000000
-1575.0,-1275.0,3338.8,0,1000000000.00,0.000000
-1550.0,-1275.0,3315.7,0,1000000000.00,0.000000
-1525.0,-1275.0,3292.8,0,1000000000.00,0.000000
-1500.0,-1275.0,3269.8,0,1000000000.00,0.000000
-1475.0,-1275.0,3246.9,0,1000000000.00,0.000000
-1450.0,-1275.0,3224.0,0,1000000000.00,0.000000
-1425.0,-1275.0,3201.1,0,1000000000.00,0.000000
-1400.0,-1275.0,3178.3,0,1000000000.00,0.000000
-1375.0,-1275.0,3155.5,0,1000000000.00,0.000000
-1350.0,-1275.0,3132.8,0,1000000000.00,0.000000
-1325.0,-1275.0,3110.0,0,1000000000.00,0.000000
-1300.0,-1275.0,3087.4,0,1000000000.00,0.000000
-1275.0,-1275.0,3064.7,0,1000000000.00,0.000000
-1250.0,-1275.0,3042.1,0,1000000000.00,0.000000
-1225.0,-1275.0,3019.5,0,1000000000.00,0.000000
-1200.0,-1275.0,2997.0,0,1000000000.00,0.000000
-1175.0,-1275.0,2974.5,0,1000000000.00,0.000000
-1150.0,-1275.0,2952.0,0,1000000000.00,0.000000
-1125.0,-1275.0,2929.6,0,1000000000.00,0.000000
-1100.0,-1275.0,2907.2,0,1000000000.00,0.000000
-1075.0,-1275.0,2884.9,0,1000000000.00,0.000000
-1050.0,-1275.0,2862.6,0,1000000000.00,0.000000
-1025.0,-1275.0,2840.3,0,1000000000.00,0.000000
-1000.0,-1275.0,2818.1,0,1000000000.00,0.000000
-975.0,-1275.0,2796.0,0,1000000000.00,0.000000
-950.0,-1275.0,2773.9,0,1000000000.00,0.000000
-925.0,-1275.0,2751.8,0,1000000000.00,0.000000
-900.0,-1275.0,2729.8,0,1000000000.00,0.000000
-875.0,-1275.0,2707.9,0,1000000000.00,0.000000
-850.0,-1275.0,2686.0,0,1000000000.00,0.000000
-825.0,-1275.0,2664.1,0,1000000000.00,0.000000
-800.0,-1275.0,2642.4,0,1000000000.00,0.000000
-775.0,-1275.0,2620.6,0,1000000000.00,0.000000
-750.0,-1275.0,2598.9,0,1000000000.00,0.000000
-725.0,-1275.0,2577.3,0,1000000000.00,0.000000
-700.0,-1275.0,2555.8,0,1000000000.00,0.000000
-675.0,-1275.0,2534.3,0,1000000000.00,0.000000
-650.0,-1275.0,2512.9,0,1000000000.00,0.000000
-625.0,-1275.0,2491.5,0,1000000000.00,0.000000
-600.0,-1275.0,2470.2,0,1000000000.00,0.000000
-575.0,-1275.0,2449.0,0,1000000000.00,0.000000
-550.0,-1275.0,2427.9,0,1000000000.00,0.000000
-525.0,-1275.0,2406.8,0,1000000000.00,0.000000
-500.0,-1275.0,2385.8,0,1000000000.00,0.000000
-475.0,-1275.0,2364.9,0,1000000000.00,0.000000
-450.0,-1275.0,2344.1,0,1000000000.00,0.000000
-425.0,-1275.0,2323.3,0,1000000000.00,0.000000
-400.0,-1275.0,2302.7,0,1000000000.00,0.000000
-375.0,-1275.0,2282.1,0,1000000000.00,0.000000
-350.0,-1275.0,2261.6,0,1000000000.00,0.000000
-325.0,-1275.0,2241.2,0,1000000000.00,0.000000
-300.0,-1275.0,2220.9,0,1000000000.00,0.000000
-275.0,-1275.0,2200.7,0,1000000000.00,0.000000
-250.0,-1275.0,2180.5,0,1000000000.00,0.000000
-225.0,-1275.0,2160.5,0,1000000000.00,0.000000
-200.0,-1275.0,2140.6,0,1000000000.00,0.000000
-175.0,-1275.0,2120.8,0,1000000000.00,0.000000
-150.0,-1275.0,2101.1,0,1000000000.00,0.000000
-125.0,-1275.0,2081.6,0,1000000000.00,0.000000
-100.0,-1275.0,2062.1,0,1000000000.00,0.000000
-75.0,-1275.0,2042.8,0,1000000000.00,0.000000
-50.0,-1275.0,2023.6,0,1000000000.00,0.000000
-25.0,-1275.0,2004.5,0,1000000000.00,0.000000
0.0,-1275.0,1985.5,0,1000000000.00,0.000000
25.0,-1275.0,1966.7,0,1000000000.00,0.000000
50.0,-1275.0,1948.1,0,1000000000.00,0.000000
75.0,-1275.0,1929.5,0,1000000000.00,0.000000
100.0,-1275.0,1911.1,0,1000000000.00,0.000000
125.0,-1275.0,1892.9,0,1000000000.00,0.000000
150.0,-1275.0,1874.8,0,1000000000.00,0.000000
175.0,-1275.0,1856.9,0,1000000000.00,0.000000
200.0,-1275.0,1839.1,0,1000000000.00,0.000000
225.0,-1275.0,1821.6,0,1000000000.00,0.000000
250.0,-1275.0,1804.2,0,1000000000.00,0.000000
275.0,-1275.0,1786.9,0,1000000000.00,0.000000
300.0,-1275.0,1769.9,0,1000000000.00,0.000000
325.0,-1275.0,1753.0,0,1000000000.00,0.000000
350.0,-1275.0,1736.4,0,1000000000.00,0.000000
375.0,-1275.0,1719.9,0,1000000000.00,0.000000
400.0,-1275.0,1703.7,0,1000000000.00,0.000000
425.0,-1275.0,1687.7,0,1000000000.00,0.000000
450.0,-1275.0,1671.9,0,1000000000.00,0.000000
475.0,-1275.0,1656.3,0,1000000000.00,0.000000
500.0,-1275.0,1640.9,0,1000000000.00,0.000000
525.0,-1275.0,1625.8,0,1000000000.00,0.000000
550.0,-1275.0,1610.9,0,1000000000.00,0.000000
575.0,-1275.0,1596.3,0,1000000000.00,0.000000
600.0,-1275.0,1582.0,0,1000000000.00,0.000000
625.0,-1275.0,1567.9,0,1000000000.00,0.000000
650.0,-1275.0,1554.1,0,1000000000.00,0.000000
675.0,-1275.0,1540.6,0,1000000000.00,0.000000
700.0,-1275.0,1527.3,0,1000000000.00,0.000000
725.0,-1275.0,1514.4,0,1000000000.00,0.000000
750.0,-1275.0,1501.7,0,1000000000.00,0.000000
775.0,-1275.0,1489.5,0,1000000000.00,0.000000
800.0,-1275.0,1502.6,0,1000000000.00,0.000000
825.0,-1275.0,1516.0,0,1000000000.00,0.000000
850.0,-1275.0,1529.7,0,1000000000.00,0.000000
875.0,-1275.0,1543.6,0,1000000000.00,0.000000
900.0,-1275.0,1557.8,0,1000000000.00,0.000000
925.0,-1275.0,1572.3,0,1000000000.00,0.000000
950.0,-1275.0,1587.1,0,1000000000.00,0.000000
975.0,-1275.0,1602.1,0,1000000000.00,0.000000
1000.0,-1275.0,1617.4,0,1000000000.00,0.000000
1025.0,-1275.0,1632.9,0,1000000000.00,0.000000
1050.0,-1275.0,1648.6,0,1000000000.00,0.000000
1075.0,-1275.0,1664.6,0,1000000000.00,0.000000
1100.0,-1275.0,1680.7,0,1000000000.00,0.000000
1125.0,-1275.0,1697.1,0,1000000000.00,0.000000
1150.0,-1275.0,1713.7,0,1000000000.00,0.000000
1175.0,-1275.0,1730.5,0,1000000000.00,0.000000
1200.0,-1275.0,1747.5,0,1000000000.00,0.000000
1225.0,-1275.0,1764.7,0,1000000000.00,0.000000
1250.0,-1275.0,1782.1,0,1000000000.00,0.000000
1275.0,-1275.0,1799.7,0,1000000000.00,0.000000
1300.0,-1275.0,1817.4,0,1000000000.00,0.000000
1325.0,-1275.0,1835.3,0,1000000000.00,0.000000
1350.0,-1275.0,1853.3,0,1000000000.00,0.000000
1375.0,-1275.0,1871.6,0,1000000000.00,0.000000
1400.0,-1275.0,1889.9,0,1000000000.00,0.000000
1425.0,-1275.0,1908.5,0,1000000000.00,0.000000
1450.0,-1275.0,1927.1,0,1000000000.00,0.000000
1475.0,-1275.0,1946.0,0,1000000000.00,0.000000
1500.0,-1275.0,1964.9,0,1000000000.00,0.000000
1525.0,-1275.0,1984.0,0,1000000000.00,0.000000
1550.0,-1275.0,2003.2,0,1000000000.00,0.000000
1575.0,-1275.0,2022.6,0,1000000000.00,0.000000
1600.0,-1275.0,2042.0,0,1000000000.00,0.000000
1625.0,-1275.0,2061.6,0,1000000000.00,0.000000
1650.0,-1275.0,2081.3,0,1000000000.00,0.000000
1675.0,-1275.0,2101.1,0,1000000000.00,0.000000
1700.0,-1275.0,2121.1,0,1000000000.00,0.000000
1725.0,-1275.0,2141.1,0,1000000000.00,0.000000
1750.0,-1275.0,2161.2,0,1000000000.00,0.000000
1775.0,-1275.0,2181.5,0,1000000000.00,0.000000
1800.0,-1275.0,2201.8,0,1000000000.00,0.000000
-1800.0,-1250.0,3538.0,0,1000000000.00,0.000000
-1775.0,-1250.0,3514.6,0,1000000000.00,0.000000
-1750.0,-1250.0,3491.4,0,1000000000.00,0.000000
-1725.0,-1250.0,3468.1,0,1000000000.00,0.000000
-1700.0,-1250.0,3444.9,0,1000000000.00,0.000000
-1675.0,-1250.0,3421.7,0,1000000000.00,0.000000
-1650.0,-1250.0,3398.5,0,1000000000.00,0.000000
-1625.0,-1250.0,3375.3,0,1000000000.00,0.000000
-1600.0,-1250.0,3352.2,0,1000000000.00,0.000000
-1575.0,-1250.0,3329.1,0,1000000000.00,0.000000
-1550.0,-1250.0,3306.0,0,1000000000.00,0.000000
-1525.0,-1250.0,3283.0,0,1000000000.00,0.000000
-1500.0,-1250.0,3259.9,0,1000000000.00,0.000000
-1475.0,-1250.0,3237.0,0,1000000000.00,0.000000
-1450.0,-1250.0,3214.0,0,1000000000.00,0.000000
-1425.0,-1250.0,3191.1,0,1000000000.00,0.000000
-1400.0,-1250.0,3168.2,0,1000000000.00,0.000000
-1375.0,-1250.0,3145.3,0,1000000000.00,0.000000
-1350.0,-1250.0,3122.5,0,1000000000.00,0.000000
-1325.0,-1250.0,3099.7,0,1000000000.00,0.000000
-1300.0,-1250.0,3076.9,0,1000000000.00,0.000000
-1275.0,-1250.0,3054.2,0,1000000000.00,0.000000
-1250.0,-1250.0,3031.5,0,1000000000.00,0.000000
-1225.0,-1250.0,3008.8,0,1000000000.00,0.000000
-1200.0,-1250.0,2986.2,0,1000000000.00,0.000000
-1175.0,-1250.0,2963.6,0,1000000000.00,0.000000
-1150.0,-1250.0,2941.1,0,1000000000.00,0.000000
-1125.0,-1250.0,2918.6,0,1000000000.00,0.000000
-1100.0,-1250.0,2896.1,0,1000000000.00,0.000000
-1075.0,-1250.0,2873.7,0,1000000000.00,0.000000
-1050.0,-1250.0,2851.3,0,1000000000.00,0.000000
-1025.0,-1250.0,2829.0,0,1000000000.00,0.000000
-1000.0,-1250.0,2806.7,0,1000000000.00,0.000000
-975.0,-1250.0,2784.4,0,1000000000.00,0.000000
-950.0,-1250.0,2762.2,0,1000000000.00,0.000000
-925.0,-1250.0,2740.1,0,1000000000.00,0.000000
-900.0,-1250.0,2718.0,0,1000000000.00,0.000000
-875.0,-1250.0,2696.0,0,1000000000.00,0.000000
-850.0,-1250.0,2674.0,0,1000000000.00,0.000000
-825.0,-1250.0,2652.0,0,1000000000.00,0.000000
-800.0,-1250.0,2630.1,0,1000000000.00,0.000000
-775.0,-1250.0,2608.3,0,1000000000.00,0.000000
-750.0,-1250.0,2586.5,0,1000000000.00,0.000000
-725.0,-1250.0,2564.8,0,1000000000.00,0.000000
-700.0,-1250.0,2543.2,0,1000000000.00,0.000000
-675.0,-1250.0,2521.6,0,1000000000.00,0.000000
-650.0,-1250.0,2500.0,0,1000000000.00,0.000000
-625.0,-1250.0,2478.6,0,1000000000.00,0.000000
-600.0,-1250.0,2457.2,0,1000000000.00,0.000000
-575.0,-1250.0,2435.8,0,1000000000.00,0.000000
-550.0,-1250.0,2414.6,0,1000000000.00,0.000000
-525.0,-1250.0,2393.4,0,1000000000.00,0.000000
-500.0,-1250.0,2372.3,0,1000000000.00,0.000000
-475.0,-1250.0,2351.2,0,1000000000.00,0.000000
-450.0,-1250.0,2330.3,0,1000000000.00,0.000000
-425.0,-1250.0,2309.4,0,1000000000.00,0.000000
-400.0,-1250.0,2288.6,0,1000000000.00,0.000000
-375.0,-1250.0,2267.9,0,1000000000.00,0.000000
-350.0,-1250.0,2247.3,0,1000000000.00,0.000000
-325.0,-1250.0,2226.8,0,1000000000.00,0.000000
-300.0,-1250.0,2206.3,0,1000000000.00,0.000000
-275.0,-1250.0,2186.0,0,1000000000.00,0.000000
-250.0,-1250.0,2165.7,0,1000000000.00,0.000000
-225.0,-1250.0,2145.6,0,1000000000.00,0.000000
-200.0,-1250.0,2125.5,0,1000000000.00,0.000000
-175.0,-1250.0,2105.6,0,1000000000.00,0.000000
-150.0,-1250.0,2085.8,0,1000000000.00,0.000000
-125.0,-1250.0,2066.0,0,1000000000.00,0.000000
-100.0,-1250.0,2046.4,0,1000000000.00,0.000000
-75.0,-1250.0,2027.0,0,1000000000.00,0.000000
-50.0,-1250.0,2007.6,0,1000000000.00,0.000000
-25.0,-1250.0,1988.4,0,1000000000.00,0.000000
0.0,-1250.0,1969.3,0,1000000000.00,0.000000
25.0,-1250.0,1950.3,0,1000000000.00,0.000000
50.0,-1250.0,1931.4,0,1000000000.00,0.000000
75.0,-1250.0,1912.7,0,1000000000.00,0.000000
100.0,-1250.0,1894.2,0,1000000000.00,0.000000
125.0,-1250.0,1875.8,0,1000000000.00,0.000000
150.0,-1250.0,1857.6,0,1000000000.00,0.000000
175.0,-1250.0,1839.5,0,1000000000.00,0.000000
200.0,-1250.0,1821.5,0,1000000000.00,0.000000
225.0,-1250.0,1803.8,0,1000000000.00,0.000000
250.0,-1250.0,1786.2,0,1000000000.00,0.000000
275.0,-1250.0,1768.8,0,1000000000.00,0.000000
300.0,-1250.0,1751.6,0,1000000000.00,0.000000
325.0,-1250.0,1734.6,0,1000000000.00,0.000000
350.0,-1250.0,1717.7,0,1000000000.00,0.000000
375.0,-1250.0,1701.1,0,1000000000.00,0.000000
400.0,-1250.0,1684.7,0,1000000000.00,0.000000
425.0,-1250.0,1668.5,0,1000000000.00,0.000000
450.0,-1250.0,1652.5,0,1000000000.00,0.000000
475.0,-1250.0,1636.7,0,1000000000.00,0.000000
500.0,-1250.0,1621.2,0,1000000000.00,0.000000
525.0,-1250.0,1605.9,0,1000000000.00,0.000000
550.0,-1250.0,1590.8,0,1000000000.00,0.000000
575.0,-1250.0,1576.0,0,1000000000.00,0.000000
600.0,-1250.0,1561.5,0,1000000000.00,0.000000
625.0,-1250.0,1547.2,0,1000000000.00,0.000000
650.0,-1250.0,1533.2,0,1000000000.00,0.000000
675.0,-1250.0,1519.5,0,1000000000.00,0.000000
700.0,-1250.0,1506.1,0,1000000000.00,0.000000
725.0,-1250.0,1493.0,0,1000000000.00,0.000000
750.0,-1250.0,1480.1,0,1000000000.00,0.000000
775.0,-1250.0,1468.2,0,1000000000.00,0.000000
800.0,-1250.0,1481.5,0,1000000000.00,0.000000
825.0,-1250.0,1495.0,0,1000000000.00,0.000000
850.0,-1250.0,1508.9,0,1000000000.00,0.000000
875.0,-1250.0,1523.0,0,1000000000.00,0.000000
900.0,-1250.0,1537.4,0,1000000000.00,0.000000
925.0,-1250.0,1552.1,0,1000000000.00,0.000000
950.0,-1250.0,1567.1,0,1000000000.00,0.000000
975.0,-1250.0,1582.3,0,1000000000.00,0.000000
1000.0,-1250.0,1597.7,0,1000000000.00,0.000000
1025.0,-1250.0,1613.4,0,1000000000.00,0.000000
1050.0,-1250.0,1629.3,0,1000000000.00,0.000000
1075.0,-1250.0,1645.5,0,1000000000.00,0.000000
1100.0,-1250.0,1661.8,0,1000000000.00,0.000000
1125.0,-1250.0,1678.4,0,1000000000.00,0.000000
1150.0,-1250.0,1695.2,0,1000000000.00,0.000000
1175.0,-1250.0,1712.2,0,1000000000.00,0.000000
1200.0,-1250.0,1729.4,0,1000000000.00,0.000000
1225.0,-1250.0,1746.7,0,1000000000.00,0.000000
1250.0,-1250.0,1764.3,0,1000000000.00,0.000000
1275.0,-1250.0,1782.0,0,1000000000.00,0.000000
1300.0,-1250.0,1799.9,0,1000000000.00,0.000000
1325.0,-1250.0,1818.0,0,1000000000.00,0.000000
1350.0,-1250.0,1836.2,0,1000000000.00,0.000000
1375.0,-1250.0,1854.6,0,1000000000.00,0.000000
1400.0,-1250.0,1873.2,0,1000000000.00,0.000000
1425.0,-1250.0,1891.9,0,1000000000.00,0.000000
1450.0,-1250.0,1910.7,0,1000000000.00,0.000000
1475.0,-1250.0,1929.7,0,1000000000.00,0.000000
1500.0,-1250.0,1948.8,0,1000000000.00,0.000000
1525.0,-1250.0,1968.0,0,1000000000.00,0.000000
1550.0,-1250.0,1987.4,0,1000000000.00,0.000000
1575.0,-1250.0,2006.9,0,1000000000.00,0.000000
1600.0,-1250.0,2026.5,0,1000000000.00,0.000000
1625.0,-1250.0,2046.2,0,1000000000.00,0.000000
1650.0,-1250.0,2066.1,0,1000000000.00,0.000000
1675.0,-1250.0,2086.1,0,1000000000.00,0.000000
1700.0,-1250.0,2106.1,0,1000000000.00,0.000000
1725.0,-1250.0,2126.3,0,1000000000.00,0.000000
1750.0,-1250.0,2146.6,0,1000000000.00,0.000000
1775.0,-1250.0,2166.9,0,1000000000.00,0.000000
1800.0,-1250.0,2187.4,0,1000000000.00,0.000000
-1800.0,-1225.0,3529.0,0,1000000000.00,0.000000
-1775.0,-1225.0,3505.6,0,1000000000.00,0.000000
-1750.0,-1225.0,3482.3,0,1000000000.00,0.000000
-1725.0,-1225.0,3459.0,0,1000000000.00,0.000000
-1700.0,-1225.0,3435.7,0,1000000000.00,0.000000
-1675.0,-1225.0,3412.4,0,1000000000.00,0.000000
-1650.0,-1225.0,3389.2,0,1000000000.00,0.000000
-1625.0,-1225.0,3366.0,0,1000000000.00,0.000000
-1600.0,-1225.0,3342.8,0,1000000000.00,0.000000
-1575.0,-1225.0,3319.6,0,1000000000.00,0.000000
-1550.0,-1225.0,3296.4,0,1000000000.00,0.000000
-1525.0,-1225.0,3273.3,0,1000000000.00,0.000000
-1500.0,-1225.0,3250.2,0,1000000000.00,0.000000
-1475.0,-1225.0,3227.2,0,1000000000.00,0.000000
-1450.0,-1225.0,3204.2,0,1000000000.00,0.000000
-1425.0,-1225.0,3181.2,0,1000000000.00,0.000000
-1400.0,-1225.0,3158.2,0,1000000000.00,0.000000
-1375.0,-1225.0,3135.2,0,1000000000.00,0.000000
-1350.0,-1225.0,3112.3,0,1000000000.00,0.000000
-1325.0,-1225.0,3089.5,0,1000000000.00,0.000000
-1300.0,-1225.0,3066.6,0,1000000000.00,0.000000
-1275.0,-1225.0,3043.8,0,1000000000.00,0.000000
-1250.0,-1225.0,3021.0,0,1000000000.00,0.000000
-1225.0,-1225.0,2998.3,0,1000000000.00,0.000000
-1200.0,-1225.0,2975.6,0,1000000000.00,0.000000
-1175.0,-1225.0,2952.9,0,1000000000.00,0.000000
-1150.0,-1225.0,2930.3,0,1000000000.00,0.000000
-1125.0,-1225.0,2907.7,0,1000000000.00,0.000000
-1100.0,-1225.0,2885.2,0,1000000000.00,0.000000
-1075.0,-1225.0,2862.7,0,1000000000.00,0.000000
-1050.0,-1225.0,2840.2,0,1000000000.00,0.000000
-1025.0,-1225.0,2817.8,0,1000000000.00,0.000000
-1000.0,-1225.0,2795.4,0,1000000000.00,0.000000
-975.0,-1225.0,2773.1,0,1000000000.00,0.000000
-950.0,-1225.0,2750.8,0,1000000000.00,0.000000
-925.0,-1225.0,2728.5,0,1000000000.00,0.000000
-900.0,-1225.0,2706.4,0,1000000000.00,0.000000
-875.0,-1225.0,2684.2,0,1000000000.00,0.000000
-850.0,-1225.0,2662.1,0,1000000000.00,0.000000
-825.0,-1225.0,2640.1,0,1000000000.00,0.000000
-800.0,-1225.0,2618.1,0,1000000000.00,0.000000
-775.0,-1225.0,2596.2,0,1000000000.00,0.000000
-750.0,-1225.0,2574.3,0,1000000000.00,0.000000
-725.0,-1225.0,2552.5,0,1000000000.00,0.000000
-700.0,-1225.0,2530.7,0,1000000000.00,0.000000
-675.0,-1225.0,2509.0,0,1000000000.00,0.000000
-650.0,-1225.0,2487.4,0,1000000000.00,0.000000
-625.0,-1225.0,2465.8,0,1000000000.00,0.000000
-600.0,-1225.0,2444.3,0,1000000000.00,0.000000
-575.0,-1225.0,2422.8,0,1000000000.00,0.000000
-550.0,-1225.0,2401.5,0,1000000000.00,0.000000
-525.0,-1225.0,2380.2,0,1000000000.00,0.000000
-500.0,-1225.0,2358.9,0,1000000000.00,0.000000
-475.0,-1225.0,2337.8,0,1000000000.00,0.000000
-450.0,-1225.0,2316.7,0,1000000000.00,0.000000
-425.0,-1225.0,2295.7,0,1000000000.00,0.000000
-400.0,-1225.0,2274.8,0,1000000000.00,0.000000
-375.0,-1225.0,2253.9,0,1000000000.00,0.000000
-350.0,-1225.0,2233.2,0,1000000000.00,0.000000
-325.0,-1225.0,2212.5,0,1000000000.00,0.000000
-300.0,-1225.0,2191.9,0,1000000000.00,0.000000
-275.0,-1225.0,2171.5,0,1000000000.00,0.000000
-250.0,-1225.0,2151.1,0,1000000000.00,0.000000
-225.0,-1225.0,2130.8,0,1000000000.00,0.000000
-200.0,-1225.0,2110.6,0,1000000000.00,0.000000
-175.0,-1225.0,2090.5,0,1000000000.00,0.000000
-150.0,-1225.0,2070.6,0,1000000000.00,0.000000
-125.0,-1225.0,2050.7,0,1000000000.00,0.000000
-100.0,-1225.0,2030.9,0,1000000000.00,0.000000
-75.0,-1225.0,2011.3,0,1000000000.00,0.000000
-50.0,-1225.0,1991.8,0,1000000000.00,0.000000
-25.0,-1225.0,1972.4,0,1000000000.00,0.000000
0.0,-1225.0,1953.1,0,1000000000.00,0.000000
25.0,-1225.0,1934.0,0,1000000000.00,0.000000
50.0,-1225.0,1915.0,0,1000000000.00,0.000000
75.0,-1225.0,1896.2,0,1000000000.00,0.000000
100.0,-1225.0,1877.4,0,1000000000.00,0.000000
125.0,-1225.0,1858.9,0,1000000000.00,0.000000
150.0,-1225.0,1840.5,0,1000000000.00,0.000000
175.0,-1225.0,1822.2,0,1000000000.00,0.000000
200.0,-1225.0,1804.1,0,1000000000.00,0.000000
225.0,-1225.0,1786.2,0,1000000000.00,0.000000
250.0,-1225.0,1768.4,0,1000000000.00,0.000000
275.0,-1225.0,1750.9,0,1000000000.00,0.000000
300.0,-1225.0,1733.5,0,1000000000.00,0.000000
325.0,-1225.0,1716.3,0,1000000000.00,0.000000
350.0,-1225.0,1699.2,0,1000000000.00,0.000000
375.0,-1225.0,1682.4,0,1000000000.00,0.000000
400.0,-1225.0,1665.8,0,1000000000.00,0.000000
425.0,-1225.0,1649.4,0,1000000000.00,0.000000
450.0,-1225.0,1633.2,0,1000000000.00,0.000000
475.0,-1225.0,1617.3,0,1000000000.00,0.000000
500.0,-1225.0,1601.6,0,1000000000.00,0.000000
525.0,-1225.0,1586.1,0,1000000000.00,0.000000
550.0,-1225.0,1570.8,0,1000000000.00,0.000000
575.0,-1225.0,1555.8,0,1000000000.00,0.000000
600.0,-1225.0,1541.1,0,1000000000.00,0.000000
625.0,-1225.0,1526.7,0,1000000000.00,0.000000
650.0,-1225.0,1512.5,0,1000000000.00,0.000000
675.0,-1225.0,1498.6,0,1000000000.00,0.000000
700.0,-1225.0,1485.0,0,1000000000.00,0.000000
725.0,-1225.0,1471.6,0,1000000000.00,0.000000
750.0,-1225.0,1458.6,0,1000000000.00,0.000000
775.0,-1225.0,1447.0,0,1000000000.00,0.000000
800.0,-1225.0,1460.4,0,1000000000.00,0.000000
825.0,-1225.0,1474.2,0,1000000000.00,0.000000
850.0,-1225.0,1488.2,0,1000000000.00,0.000000
875.0,-1225.0,1502.6,0,1000000000.00,0.000000
900.0,-1225.0,1517.2,0,1000000000.00,0.000000
925.0,-1225.0,1532.1,0,1000000000.00,0.000000
950.0,-1225.0,1547.2,0,1000000000.00,0.000000
975.0,-1225.0,1562.6,0,1000000000.00,0.000000
1000.0,-1225.0,1578.2,0,1000000000.00,0.000000
1025.0,-1225.0,1594.1,0,1000000000.00,0.000000
1050.0,-1225.0,1610.2,0,1000000000.00,0.000000
1075.0,-1225.0,1626.6,0,1000000000.00,0.000000
1100.0,-1225.0,1643.1,0,1000000000.00,0.000000
1125.0,-1225.0,1659.9,0,1000000000.00,0.000000
1150.0,-1225.0,1676.9,0,1000000000.00,0.000000
1175.0,-1225.0,1694.0,0,1000000000.00,0.000000
1200.0,-1225.0,1711.4,0,1000000000.00,0.000000
1225.0,-1225.0,1728.9,0,1000000000.00,0.000000
1250.0,-1225.0,1746.7,0,1000000000.00,0.000000
1275.0,-1225.0,1764.6,0,1000000000.00,0.000000
1300.0,-1225.0,1782.7,0,1000000000.00,0.000000
1325.0,-1225.0,1800.9,0,1000000000.00,0.000000
1350.0,-1225.0,1819.3,0,1000000000.00,0.000000
1375.0,-1225.0,1837.9,0,1000000000.00,0.000000
1400.0,-1225.0,1856.6,0,1000000000.00,0.000000
1425.0,-1225.0,1875.4,0,1000000000.00,0.000000
1450.0,-1225.0,1894.4,0,1000000000.00,0.000000
1475.0,-1225.0,1913.6,0,1000000000.00,0.000000
1500.0,-1225.0,1932.8,0,1000000000.00,0.000000
1525.0,-1225.0,1952.2,0,1000000000.00,0.000000
1550.0,-1225.0,1971.8,0,1000000000.00,0.000000
1575.0,-1225.0,1991.4,0,1000000000.00,0.000000
1600.0,-1225.0,2011.2,0,1000000000.00,0.000000
1625.0,-1225.0,2031.1,0,1000000000.00,0.000000
1650.0,-1225.0,2051.1,0,1000000000.00,0.000000
1675.0,-1225.0,2071.2,0,1000000000.00,0.000000
1700.0,-1225.0,2091.4,0,1000000000.00,0.000000
1725.0,-1225.0,2111.7,0,1000000000.00,0.000000
1750.0,-1225.0,2132.1,0,1000000000.00,0.000000
1775.0,-1225.0,2152.6,0,1000000000.00,0.000000
1800.0,-1225.0,2173.2,0,1000000000.00,0.000000
-1800.0,-1200.0,3520.2,0,1000000000.00,0.000000
-1775.0,-1200.0,3496.8,0,1000000000.00,0.000000
-1750.0,-1200.0,3473.4,0,1000000000.00,0.000000
-1725.0,-1200.0,3450.0,0,1000000000.00,0.000000
-1700.0,-1200.0,3426.7,0,1000000000.00,0.000000
-1675.0,-1200.0,3403.3,0,1000000000.00,0.000000
-1650.0,-1200.0,3380.0,0,1000000000.00,0.000000
-1625.0,-1200.0,3356.7,0,1000000000.00,0.000000
-1600.0,-1200.0,3333.5,0,1000000000.00,0.000000
-1575.0,-1200.0,3310.2,0,1000000000.00,0.000000
-1550.0,-1200.0,3287.0,0,1000000000.00,0.000000
-1525.0,-1200.0,3263.9,0,1000000000.00,0.000000
-1500.0,-1200.0,3240.7,0,1000000000.00,0.000000
-1475.0,-1200.0,3217.6,0,1000000000.00,0.000000
-1450.0,-1200.0,3194.5,0,1000000000.00,0.000000
-1425.0,-1200.0,3171.4,0,1000000000.00,0.000000
-1400.0,-1200.0,3148.4,0,1000000000.00,0.000000
-1375.0,-1200.0,3125.4,0,1000000000.00,0.000000
-1350.0,-1200.0,3102.4,0,1000000000.00,0.000000
-1325.0,-1200.0,3079.4,0,1000000000.00,0.000000
-1300.0,-1200.0,3056.5,0,1000000000.00,0.000000
-1275.0,-1200.0,3033.6,0,1000000000.00,0.000000
-1250.0,-1200.0,3010.8,0,1000000000.00,0.000000
-1225.0,-1200.0,2988.0,0,1000000000.00,0.000000
-1200.0,-1200.0,2965.2,0,1000000000.00,0.000000
-1175.0,-1200.0,2942.4,0,1000000000.00,0.000000
-1150.0,-1200.0,2919.7,0,1000000000.00,0.000000
-1125.0,-1200.0,2897.1,0,1000000000.00,0.000000
-1100.0,-1200.0,2874.4,0,1000000000.00,0.000000
-1075.0,-1200.0,2851.8,0,1000000000.00,0.000000
-1050.0,-1200.0,2829.3,0,1000000000.00,0.000000
-1025.0,-1200.0,2806.8,0,1000000000.00,0.000000
-1000.0,-1200.0,2784.3,0,1000000000.00,0.000000
-975.0,-1200.0,2761.9,0,1000000000.00,0.000000
-950.0,-1200.0,2739.5,0,1000000000.00,0.000000
-925.0,-1200.0,2717.2,0,1000000000.00,0.000000
-900.0,-1200.0,2694.9,0,1000000000.00,0.000000
-875.0,-1200.0,2672.6,0,1000000000.00,0.000000
-850.0,-1200.0,2650.5,0,1000000000.00,0.000000
-825.0,-1200.0,2628.3,0,1000000000.00,0.000000
-800.0,-1200.0,2606.2,0,1000000000.00,0.000000
-775.0,-1200.0,2584.2,0,1000000000.00,0.000000
-750.0,-1200.0,2562.2,0,1000000000.00,0.000000
-725.0,-1200.0,2540.3,0,1000000000.00,0.000000
-700.0,-1200.0,2518.4,0,1000000000.00,0.000000
-675.0,-1200.0,2496.6,0,1000000000.00,0.000000
-650.0,-1200.0,2474.9,0,1000000000.00,0.000000
-625.0,-1200.0,2453.2,0,1000000000.00,0.000000
-600.0,-1200.0,2431.6,0,1000000000.00,0.000000
-575.0,-1200.0,2410.0,0,1000000000.00,0.000000
-550.0,-1200.0,2388.5,0,1000000000.00,0.000000
-525.0,-1200.0,2367.1,0,1000000000.00,0.000000
-500.0,-1200.0,2345.8,0,1000000000.00,0.000000
-475.0,-1200.0,2324.5,0,1000000000.00,0.000000
-450.0,-1200.0,2303.3,0,1000000000.00,0.000000
-425.0,-1200.0,2282.2,0,1000000000.00,0.000000
-400.0,-1200.0,2261.1,0,1000000000.00,0.000000
-375.0,-1200.0,2240.2,0,1000000000.00,0.000000
-350.0,-1200.0,2219.3,0,1000000000.00,0.000000
-325.0,-1200.0,2198.5,0,1000000000.00,0.000000
-300.0,-1200.0,2177.8,0,1000000000.00,0.000000
-275.0,-1200.0,2157.2,0,1000000000.00,0.000000
-250.0,-1200.0,2136.6,0,1000000000.00,0.000000
-225.0,-1200.0,2116.2,0,1000000000.00,0.000000
-200.0,-1200.0,2095.9,0,1000000000.00,0.000000
-175.0,-1200.0,2075.7,0,1000000000.00,0.000000
-150.0,-1200.0,2055.5,0,1000000000.00,0.000000
-125.0,-1200.0,2035.5,0,1000000000.00,0.000000
-100.0,-1200.0,2015.6,0,1000000000.00,0.000000
-75.0,-1200.0,1995.9,0,1000000000.00,0.000000
-50.0,-1200.0,1976.2,0,1000000000.00,0.000000
-25.0,-1200.0,1956.6,0,1000000000.00,0.000000
0.0,-1200.0,1937.2,0,1000000000.00,0.000000
25.0,-1200.0,1917.9,0,1000000000.00,0.000000
50.0,-1200.0,1898.8,0,1000000000.00,0.000000
75.0,-1200.0,1879.8,0,1000000000.00,0.000000
100.0,-1200.0,1860.9,0,1000000000.00,0.000000
125.0,-1200.0,1842.1,0,1000000000.00,0.000000
150.0,-1200.0,1823.6,0,1000000000.00,0.000000
175.0,-1200.0,1805.1,0,1000000000.00,0.000000
200.0,-1200.0,1786.9,0,1000000000.00,0.000000
225.0,-1200.0,1768.8,0,1000000000.00,0.000000
250.0,-1200.0,1750.8,0,1000000000.00,0.000000
275.0,-1200.0,1733.1,0,1000000000.00,0.000000
300.0,-1200.0,1715.5,0,1000000000.00,0.000000
325.0,-1200.0,1698.1,0,1000000000.00,0.000000
350.0,-1200.0,1680.9,0,1000000000.00,0.000000
375.0,-1200.0,1663.9,0,1000000000.00,0.000000
400.0,-1200.0,1647.1,0,1000000000.00,0.000000
425.0,-1200.0,1630.5,0,1000000000.00,0.000000
450.0,-1200.0,1614.2,0,1000000000.00,0.000000
475.0,-1200.0,1598.0,0,1000000000.00,0.000000
500.0,-1200.0,1582.1,0,1000000000.00,0.000000
525.0,-1200.0,1566.4,0,1000000000.00,0.000000
550.0,-1200.0,1551.0,0,1000000000.00,0.000000
575.0,-1200.0,1535.8,0,1000000000.00,0.000000
600.0,-1200.0,1520.9,0,1000000000.00,0.000000
625.0,-1200.0,1506.2,0,1000000000.00,0.000000
650.0,-1200.0,1491.9,0,1000000000.00,0.000000
675.0,-1200.0,1477.8,0,1000000000.00,0.000000
700.0,-1200.0,1463.9,0,1000000000.00,0.000000
725.0,-1200.0,1450.4,0,1000000000.00,0.000000
750.0,-1200.0,1437.2,0,1000000000.00,0.000000
775.0,-1200.0,1425.9,0,1000000000.00,0.000000
800.0,-1200.0,1439.5,0,1000000000.00,0.000000
825.0,-1200.0,1453.5,0,1000000000.00,0.000000
850.0,-1200.0,1467.7,0,1000000000.00,0.000000
875.0,-1200.0,1482.3,0,1000000000.00,0.000000
900.0,-1200.0,1497.1,0,1000000000.00,0.000000
925.0,-1200.0,1512.2,0,1000000000.00,0.000000
950.0,-1200.0,1527.5,0,1000000000.00,0.000000
975.0,-1200.0,1543.1,0,1000000000.00,0.000000
1000.0,-1200.0,1558.9,0,1000000000.00,0.000000
1025.0,-1200.0,1575.0,0,1000000000.00,0.000000
1050.0,-1200.0,1591.3,0,1000000000.00,0.000000
1075.0,-1200.0,1607.8,0,1000000000.00,0.000000
1100.0,-1200.0,1624.6,0,1000000000.00,0.000000
1125.0,-1200.0,1641.5,0,1000000000.00,0.000000
1150.0,-1200.0,1658.7,0,1000000000.00,0.000000
1175.0,-1200.0,1676.0,0,1000000000.00,0.000000
1200.0,-1200.0,1693.6,0,1000000000.00,0.000000
1225.0,-1200.0,1711.3,0,1000000000.00,0.000000
1250.0,-1200.0,1729.2,0,1000000000.00,0.000000
1275.0,-1200.0,1747.3,0,1000000000.00,0.000000
1300.0,-1200.0,1765.6,0,1000000000.00,0.000000
1325.0,-1200.0,1784.0,0,1000000000.00,0.000000
1350.0,-1200.0,1802.6,0,1000000000.00,0.000000
1375.0,-1200.0,1821.3,0,1000000000.00,0.000000
1400.0,-1200.0,1840.2,0,1000000000.00,0.000000
1425.0,-1200.0,1859.2,0,1000000000.00,0.000000
1450.0,-1200.0,1878.4,0,1000000000.00,0.000000
1475.0,-1200.0,1897.7,0,1000000000.00,0.000000
1500.0,-1200.0,1917.1,0,1000000000.00,0.000000
1525.0,-1200.0,1936.6,0,1000000000.00,0.000000
1550.0,-1200.0,1956.3,0,1000000000.00,0.000000
1575.0,-1200.0,1976.1,0,1000000000.00,0.000000
1600.0,-1200.0,1996.1,0,1000000000.00,0.000000
1625.0,-1200.0,2016.1,0,1000000000.00,0.000000
1650.0,-1200.0,2036.2,0,1000000000.00,0.000000
1675.0,-1200.0,2056.5,0,1000000000.00,0.000000
1700.0,-1200.0,2076.8,0,1000000000.00,0.000000
1725.0,-1200.0,2097.3,0,1000000000.00,0.000000
1750.0,-1200.0,2117.8,0,1000000000.00,0.000000
1775.0,-1200.0,2138.5,0,1000000000.00,0.000000
1800.0,-1200.0,2159.2,0,1000000000.00,0.000000
-1800.0,-1175.0,3511.6,0,1000000000.00,0.000000
-1775.0,-1175.0,3488.1,0,1000000000.00,0.000000
-1750.0,-1175.0,3464.7,0,1000000000.00,0.000000
-1725.0,-1175.0,3441.2,0,1000000000.00,0.000000
-1700.0,-1175.0,3417.8,0,1000000000.00,0.000000
-1675.0,-1175.0,3394.4,0,1000000000.00,0.000000
-1650.0,-1175.0,3371.0,0,1000000000.00,0.000000
-1625.0,-1175.0,3347.7,0,1000000000.00,0.000000
-1600.0,-1175.0,3324.4,0,1000000000.00,0.000000
-1575.0,-1175.0,3301.1,0,1000000000.00,0.000000
-1550.0,-1175.0,3277.8,0,1000000000.00,0.000000
-1525.0,-1175.0,3254.5,0,1000000000.00,0.000000
-1500.0,-1175.0,3231.3,0,1000000000.00,0.000000
-1475.0,-1175.0,3208.1,0,1000000000.00,0.000000
-1450.0,-1175.0,3185.0,0,1000000000.00,0.000000
-1425.0,-1175.0,3161.8,0,1000000000.00,0.000000
-1400.0,-1175.0,3138.7,0,1000000000.00,0.000000
-1375.0,-1175.0,3115.6,0,1000000000.00,0.000000
-1350.0,-1175.0,3092.6,0,1000000000.00,0.000000
-1325.0,-1175.0,3069.6,0,1000000000.00,0.000000
-1300.0,-1175.0,3046.6,0,1000000000.00,0.000000
-1275.0,-1175.0,3023.6,0,1000000000.00,0.000000
-1250.0,-1175.0,3000.7,0,1000000000.00,0.000000
-1225.0,-1175.0,2977.8,0,1000000000.00,0.000000
-1200.0,-1175.0,2954.9,0,1000000000.00,0.000000
-1175.0,-1175.0,2932.1,0,1000000000.00,0.000000
-1150.0,-1175.0,2909.3,0,1000000000.00,0.000000
-1125.0,-1175.0,2886.6,0,1000000000.00,0.000000
-1100.0,-1175.0,2863.9,0,1000000000.00,0.000000
-1075.0,-1175.0,2841.2,0,1000000000.00,0.000000
-1050.0,-1175.0,2818.5,0,1000000000.00,0.000000
-1025.0,-1175.0,2795.9,0,1000000000.00,0.000000
-1000.0,-1175.0,2773.4,0,1000000000.00,0.000000
-975.0,-1175.0,2750.9,0,1000000000.00,0.000000
-950.0,-1175.0,2728.4,0,1000000000.00,0.000000
-925.0,-1175.0,2706.0,0,1000000000.00,0.000000
-900.0,-1175.0,2683.6,0,1000000000.00,0.000000
-875.0,-1175.0,2661.3,0,1000000000.00,0.000000
-850.0,-1175.0,2639.0,0,1000000000.00,0.000000
-825.0,-1175.0,2616.8,0,1000000000.00,0.000000
-800.0,-1175.0,2594.6,0,1000000000.00,0.000000
-775.0,-1175.0,2572.4,0,1000000000.00,0.000000
-750.0,-1175.0,2550.4,0,1000000000.00,0.000000
-725.0,-1175.0,2528.3,0,1000000000.00,0.000000
-700.0,-1175.0,2506.4,0,1000000000.00,0.000000
-675.0,-1175.0,2484.4,0,1000000000.00,0.000000
-650.0,-1175.0,2462.6,0,1000000000.00,0.000000
-625.0,-1175.0,2440.8,0,1000000000.00,0.000000
-600.0,-1175.0,2419.1,0,1000000000.00,0.000000
-575.0,-1175.0,2397.4,0,1000000000.00,0.000000
-550.0,-1175.0,2375.8,0,1000000000.00,0.000000
-525.0,-1175.0,2354.3,0,1000000000.00,0.000000
-500.0,-1175.0,2332.8,0,1000000000.00,0.000000
-475.0,-1175.0,2311.4,0,1000000000.00,0.000000
-450.0,-1175.0,2290.1,0,1000000000.00,0.000000
-425.0,-1175.0,2268.8,0,1000000000.00,0.000000
-400.0,-1175.0,2247.7,0,1000000000.00,0.000000
-375.0,-1175.0,2226.6,0,1000000000.00,0.000000
-350.0,-1175.0,2205.6,0,1000000000.00,0.000000
-325.0,-1175.0,2184.6,0,1000000000.00,0.000000
-300.0,-1175.0,2163.8,0,1000000000.00,0.000000
-275.0,-1175.0,2143.0,0,1000000000.00,0.000000
-250.0,-1175.0,2122.4,0,1000000000.00,0.000000
-225.0,-1175.0,2101.8,0,1000000000.00,0.000000
-200.0,-1175.0,2081.4,0,1000000000.00,0.000000
-175.0,-1175.0,2061.0,0,1000000000.00,0.000000
-150.0,-1175.0,2040.7,0,1000000000.00,0.000000
-125.0,-1175.0,2020.6,0,1000000000.00,0.000000
-100.0,-1175.0,2000.5,0,1000000000.00,0.000000
-75.0,-1175.0,1980.6,0,1000000000.00,0.000000
-50.0,-1175.0,1960.8,0,1000000000.00,0.000000
-25.0,-1175.0,1941.1,0,1000000000.00,0.000000
0.0,-1175.0,1921.5,0,1000000000.00,0.000000
25.0,-1175.0,1902.0,0,1000000000.00,0.000000
50.0,-1175.0,1882.7,0,1000000000.00,0.000000
75.0,-1175.0,1863.5,0,1000000000.00,0.000000
100.0,-1175.0,1844.5,0,1000000000.00,0.000000
125.0,-1175.0,1825.6,0,1000000000.00,0.000000
150.0,-1175.0,1806.9,0,1000000000.00,0.000000
175.0,-1175.0,1788.3,0,1000000000.00,0.000000
200.0,-1175.0,1769.8,0,1000000000.00,0.000000
225.0,-1175.0,1751.5,0,1000000000.00,0.000000
250.0,-1175.0,1733.4,0,1000000000.00,0.000000
275.0,-1175.0,1715.5,0,1000000000.00,0.000000
300.0,-1175.0,1697.7,0,1000000000.00,0.000000
325.0,-1175.0,1680.2,0,1000000000.00,0.000000
350.0,-1175.0,1662.8,0,1000000000.00,0.000000
375.0,-1175.0,1645.6,0,1000000000.00,0.000000
400.0,-1175.0,1628.6,0,1000000000.00,0.000000
425.0,-1175.0,1611.8,0,1000000000.00,0.000000
450.0,-1175.0,1595.3,0,1000000000.00,0.000000
475.0,-1175.0,1578.9,0,1000000000.00,0.000000
500.0,-1175.0,1562.8,0,1000000000.00,0.000000
525.0,-1175.0,1546.9,0,1000000000.00,0.000000
550.0,-1175.0,1531.3,0,1000000000.00,0.000000
575.0,-1175.0,1515.9,0,1000000000.00,0.000000
600.0,-1175.0,1500.8,0,1000000000.00,0.000000
625.0,-1175.0,1486.0,0,1000000000.00,0.000000
650.0,-1175.0,1471.4,0,1000000000.00,0.000000
675.0,-1175.0,1457.1,0,1000000000.00,0.000000
700.0,-1175.0,1443.1,0,1000000000.00,0.000000
725.0,-1175.0,1429.4,0,1000000000.00,0.000000
750.0,-1175.0,1416.0,0,1000000000.00,0.000000
775.0,-1175.0,1404.9,0,1000000000.00,0.000000
800.0,-1175.0,1418.8,0,1000000000.00,0.000000
825.0,-1175.0,1432.9,0,1000000000.00,0.000000
850.0,-1175.0,1447.4,0,1000000000.00,0.000000
875.0,-1175.0,1462.1,0,1000000000.00,0.000000
900.0,-1175.0,1477.1,0,1000000000.00,0.000000
925.0,-1175.0,1492.4,0,1000000000.00,0.000000
950.0,-1175.0,1507.9,0,1000000000.00,0.000000
975.0,-1175.0,1523.7,0,1000000000.00,0.000000
1000.0,-1175.0,1539.8,0,1000000000.00,0.000000
1025.0,-1175.0,1556.0,0,1000000000.00,0.000000
1050.0,-1175.0,1572.5,0,1000000000.00,0.000000
1075.0,-1175.0,1589.3,0,1000000000.00,0.000000
1100.0,-1175.0,1606.2,0,1000000000.00,0.000000
1125.0,-1175.0,1623.3,0,1000000000.00,0.000000
1150.0,-1175.0,1640.7,0,1000000000.00,0.000000
1175.0,-1175.0,1658.2,0,1000000000.00,0.000000
1200.0,-1175.0,1676.0,0,1000000000.00,0.000000
1225.0,-1175.0,1693.9,0,1000000000.00,0.000000
1250.0,-1175.0,1712.0,0,1000000000.00,0.000000
1275.0,-1175.0,1730.2,0,1000000000.00,0.000000
1300.0,-1175.0,1748.7,0,1000000000.00,0.000000
1325.0,-1175.0,1767.3,0,1000000000.00,0.000000
1350.0,-1175.0,1786.0,0,1000000000.00,0.000000
1375.0,-1175.0,1804.9,0,1000000000.00,0.000000
1400.0,-1175.0,1824.0,0,1000000000.00,0.000000
1425.0,-1175.0,1843.2,0,1000000000.00,0.000000
1450.0,-1175.0,1862.5,0,1000000000.00,0.000000
1475.0,-1175.0,1881.9,0,1000000000.00,0.000000
1500.0,-1175.0,1901.5,0,1000000000.00,0.000000
1525.0,-1175.0,1921.3,0,1000000000.00,0.000000
1550.0,-1175.0,1941.1,0,1000000000.00,0.000000
1575.0,-1175.0,1961.1,0,1000000000.00,0.000000
1600.0,-1175.0,1981.1,0,1000000000.00,0.000000
1625.0,-1175.0,2001.3,0,1000000000.00,0.000000
1650.0,-1175.0,2021.6,0,1000000000.00,0.000000
1675.0,-1175.0,2042.0,0,1000000000.00,0.000000
1700.0,-1175.0,2062.5,0,1000000000.00,0.000000
1725.0,-1175.0,2083.1,0,1000000000.00,0.000000
1750.0,-1175.0,2103.8,0,1000000000.00,0.000000
1775.0,-1175.0,2124.6,0,1000000000.00,0.000000
1800.0,-1175.0,2145.4,0,1000000000.00,0.000000
-1800.0,-1150.0,3503.1,0,1000000000.00,0.000000
-1775.0,-1150.0,3479.6,0,1000000000.00,0.000000
-1750.0,-1150.0,3456.1,0,1000000000.00,0.000000
-1725.0,-1150.0,3432.6,0,1000000000.00,0.000000
-1700.0,-1150.0,3409.1,0,1000000000.00,0.000000
-1675.0,-1150.0,3385.6,0,1000000000.00,0.000000
-1650.0,-1150.0,3362.2,0,1000000000.00,0.000000
-1625.0,-1150.0,3338.8,0,1000000000.00,0.000000
-1600.0,-1150.0,3315.4,0,1000000000.00,0.000000
-1575.0,-1150.0,3292.1,0,1000000000.00,0.000000
-1550.0,-1150.0,3268.7,0,1000000000.00,0.000000
-1525.0,-1150.0,3245.4,0,1000000000.00,0.000000
-1500.0,-1150.0,3222.1,0,1000000000.00,0.000000
-1475.0,-1150.0,3198.9,0,1000000000.00,0.000000
-1450.0,-1150.0,3175.6,0,1000000000.00,0.000000
-1425.0,-1150.0,3152.4,0,1000000000.00,0.000000
-1400.0,-1150.0,3129.2,0,1000000000.00,0.000000
-1375.0,-1150.0,3106.1,0,1000000000.00,0.000000
-1350.0,-1150.0,3083.0,0,1000000000.00,0.000000
-1325.0,-1150.0,3059.9,0,1000000000.00,0.000000
-1300.0,-1150.0,3036.8,0,1000000000.00,0.000000
-1275.0,-1150.0,3013.8,0,1000000000.00,0.000000
-1250.0,-1150.0,2990.8,0,1000000000.00,0.000000
-1225.0,-1150.0,2967.8,0,1000000000.00,0.000000
-1200.0,-1150.0,2944.9,0,1000000000.00,0.000000
-1175.0,-1150.0,2922.0,0,1000000000.00,0.000000
-1150.0,-1150.0,2899.1,0,1000000000.00,0.000000
-1125.0,-1150.0,2876.3,0,1000000000.00,0.000000
-1100.0,-1150.0,2853.5,0,1000000000.00,0.000000
-1075.0,-1150.0,2830.7,0,1000000000.00,0.000000
-1050.0,-1150.0,2808.0,0,1000000000.00,0.000000
-1025.0,-1150.0,2785.3,0,1000000000.00,0.000000
-1000.0,-1150.0,2762.7,0,1000000000.00,0.000000
-975.0,-1150.0,2740.1,0,1000000000.00,0.000000
-950.0,-1150.0,2717.5,0,1000000000.00,0.000000
-925.0,-1150.0,2695.0,0,1000000000.00,0.000000
-900.0,-1150.0,2672.5,0,1000000000.00,0.000000
-875.0,-1150.0,2650.1,0,1000000000.00,0.000000
-850.0,-1150.0,2627.7,0,1000000000.00,0.000000
-825.0,-1150.0,2605.4,0,1000000000.00,0.000000
-800.0,-1150.0,2583.1,0,1000000000.00,0.000000
-775.0,-1150.0,2560.9,0,1000000000.00,0.000000
-750.0,-1150.0,2538.7,0,1000000000.00,0.000000
-725.0,-1150.0,2516.5,0,1000000000.00,0.000000
-700.0,-1150.0,2494.5,0,1000000000.00,0.000000
-675.0,-1150.0,2472.5,0,1000000000.00,0.000000
-650.0,-1150.0,2450.5,0,1000000000.00,0.000000
-625.0,-1150.0,2428.6,0,1000000000.00,0.000000
-600.0,-1150.0,2406.7,0,1000000000.00,0.000000
-575.0,-1150.0,2385.0,0,1000000000.00,0.000000
-550.0,-1150.0,2363.3,0,1000000000.00,0.000000
-525.0,-1150.0,2341.6,0,1000000000.00,0.000000
-500.0,-1150.0,2320.0,0,1000000000.00,0.000000
-475.0,-1150.0,2298.5,0,1000000000.00,0.000000
-450.0,-1150.0,2277.1,0,1000000000.00,0.000000
-425.0,-1150.0,2255.7,0,1000000000.00,0.000000
-400.0,-1150.0,2234.4,0,1000000000.00,0.000000
-375.0,-1150.0,2213.2,0,1000000000.00,0.000000
-350.0,-1150.0,2192.0,0,1000000000.00,0.000000
-325.0,-1150.0,2171.0,0,1000000000.00,0.000000
-300.0,-1150.0,2150.0,0,1000000000.00,0.000000
-275.0,-1150.0,2129.1,0,1000000000.00,0.000000
-250.0,-1150.0,2108.3,0,1000000000.00,0.000000
-225.0,-1150.0,2087.6,0,1000000000.00,0.000000
-200.0,-1150.0,2067.0,0,1000000000.00,0.000000
-175.0,-1150.0,2046.5,0,1000000000.00,0.000000
-150.0,-1150.0,2026.1,0,1000000000.00,0.000000
-125.0,-1150.0,2005.8,0,1000000000.00,0.000000
-100.0,-1150.0,1985.6,0,1000000000.00,0.000000
-75.0,-1150.0,1965.5,0,1000000000.00,0.000000
-50.0,-1150.0,1945.6,0,1000000000.00,0.000000
-25.0,-1150.0,1925.7,0,1000000000.00,0.000000
0.0,-1150.0,1906.0,0,1000000000.00,0.000000
25.0,-1150.0,1886.4,0,1000000000.00,0.000000
50.0,-1150.0,1866.9,0,1000000000.00,0.000000
75.0,-1150.0,1847.5,0,1000000000.00,0.000000
100.0,-1150.0,1828.3,0,1000000000.00,0.000000
125.0,-1150.0,1809.3,0,1000000000.00,0.000000
150.0,-1150.0,1790.3,0,1000000000.00,0.000000
175.0,-1150.0,1771.6,0,1000000000.00,0.000000
200.0,-1150.0,1752.9,0,1000000000.00,0.000000
225.0,-1150.0,1734.5,0,1000000000.00,0.000000
250.0,-1150.0,1716.2,0,1000000000.00,0.000000
275.0,-1150.0,1698.1,0,1000000000.00,0.000000
300.0,-1150.0,1680.1,0,1000000000.00,0.000000
325.0,-1150.0,1662.4,0,1000000000.00,0.000000
350.0,-1150.0,1644.8,0,1000000000.00,0.000000
375.0,-1150.0,1627.4,0,1000000000.00,0.000000
400.0,-1150.0,1610.2,0,1000000000.00,0.000000
425.0,-1150.0,1593.3,0,1000000000.00,0.000000
450.0,-1150.0,1576.5,0,1000000000.00,0.000000
475.0,-1150.0,1560.0,0,1000000000.00,0.000000
500.0,-1150.0,1543.7,0,1000000000.00,0.000000
525.0,-1150.0,1527.6,0,1000000000.00,0.000000
550.0,-1150.0,1511.8,0,1000000000.00,0.000000
575.0,-1150.0,1496.2,0,1000000000.00,0.000000
600.0,-1150.0,1480.9,0,1000000000.00,0.000000
625.0,-1150.0,1465.8,0,1000000000.00,0.000000
650.0,-1150.0,1451.0,0,1000000000.00,0.000000
675.0,-1150.0,1436.5,0,1000000000.00,0.000000
700.0,-1150.0,1422.3,0,1000000000.00,0.000000
725.0,-1150.0,1408.4,0,1000000000.00,0.000000
750.0,-1150.0,1394.8,0,1000000000.00,0.000000
775.0,-1150.0,1384.1,0,1000000000.00,0.000000
800.0,-1150.0,1398.1,0,1000000000.00,0.000000
825.0,-1150.0,1412.5,0,1000000000.00,0.000000
850.0,-1150.0,1427.1,0,1000000000.00,0.000000
875.0,-1150.0,1442.1,0,1000000000.00,0.000000
900.0,-1150.0,1457.3,0,1000000000.00,0.000000
925.0,-1150.0,1472.8,0,1000000000.00,0.000000
950.0,-1150.0,1488.5,0,1000000000.00,0.000000
975.0,-1150.0,1504.5,0,1000000000.00,0.000000
1000.0,-1150.0,1520.8,0,1000000000.00,0.000000
1025.0,-1150.0,1537.2,0,1000000000.00,0.000000
1050.0,-1150.0,1553.9,0,1000000000.00,0.000000
1075.0,-1150.0,1570.9,0,1000000000.00,0.000000
1100.0,-1150.0,1588.0,0,1000000000.00,0.000000
1125.0,-1150.0,1605.3,0,1000000000.00,0.000000
1150.0,-1150.0,1622.9,0,1000000000.00,0.000000
1175.0,-1150.0,1640.6,0,1000000000.00,0.000000
1200.0,-1150.0,1658.5,0,1000000000.00,0.000000
1225.0,-1150.0,1676.6,0,1000000000.00,0.000000
1250.0,-1150.0,1694.9,0,1000000000.00,0.000000
1275.0,-1150.0,1713.4,0,1000000000.00,0.000000
1300.0,-1150.0,1732.0,0,1000000000.00,0.000000
1325.0,-1150.0,1750.7,0,1000000000.00,0.000000
1350.0,-1150.0,1769.7,0,1000000000.00,0.000000
1375.0,-1150.0,1788.7,0,1000000000.00,0.000000
1400.0,-1150.0,1808.0,0,1000000000.00,0.000000
1425.0,-1150.0,1827.3,0,1000000000.00,0.000000
1450.0,-1150.0,1846.8,0,1000000000.00,0.000000
1475.0,-1150.0,1866.4,0,1000000000.00,0.000000
1500.0,-1150.0,1886.2,0,1000000000.00,0.000000
1525.0,-1150.0,1906.1,0,1000000000.00,0.000000
1550.0,-1150.0,1926.1,0,1000000000.00,0.000000
1575.0,-1150.0,1946.2,0,1000000000.00,0.000000
1600.0,-1150.0,1966.4,0,1000000000.00,0.000000
1625.0,-1150.0,1986.7,0,1000000000.00,0.000000
1650.0,-1150.0,2007.2,0,1000000000.00,0.000000
1675.0,-1150.0,2027.7,0,1000000000.00,0.000000
1700.0,-1150.0,2048.3,0,1000000000.00,0.000000
1725.0,-1150.0,2069.1,0,1000000000.00,0.000000
1750.0,-1150.0,2089.9,0,1000000000.00,0.000000
1775.0,-1150.0,2110.8,0,1000000000.00,0.000000
1800.0,-1150.0,2131.8,0,1000000000.00,0.000000
-1800.0,-1125.0,3494.8,0,1000000000.00,0.000000
-1775.0,-1125.0,3471.2,0,1000000000.00,0.000000
-1750.0,-1125.0,3447.6,0,1000000000.00,0.000000
-1725.0,-1125.0,3424.1,0,1000000000.00,0.000000
-1700.0,-1125.0,3400.6,0,1000000000.00,0.000000
-1675.0,-1125.0,3377.0,0,1000000000.00,0.000000
-1650.0,-1125.0,3353.5,0,1000000000.00,0.000000
-1625.0,-1125.0,3330.1,0,1000000000.00,0.000000
-1600.0,-1125.0,3306.6,0,1000000000.00,0.000000
-1575.0,-1125.0,3283.2,0,1000000000.00,0.000000
-1550.0,-1125.0,3259.8,0,1000000000.00,0.000000
-1525.0,-1125.0,3236.4,0,1000000000.00,0.000000
-1500.0,-1125.0,3213.1,0,1000000000.00,0.000000
-1475.0,-1125.0,3189.7,0,1000000000.00,0.000000
-1450.0,-1125.0,3166.4,0,1000000000.00,0.000000
-1425.0,-1125.0,3143.2,0,1000000000.00,0.000000
-1400.0,-1125.0,3119.9,0,1000000000.00,0.000000
-1375.0,-1125.0,3096.7,0,1000000000.00,0.000000
-1350.0,-1125.0,3073.5,0,1000000000.00,0.000000
-1325.0,-1125.0,3050.3,0,1000000000.00,0.000000
-1300.0,-1125.0,3027.2,0,1000000000.00,0.000000
-1275.0,-1125.0,3004.1,0,1000000000.00,0.000000
-1250.0,-1125.0,2981.0,0,1000000000.00,0.000000
-1225.0,-1125.0,2958.0,0,1000000000.00,0.000000
-1200.0,-1125.0,2935.0,0,1000000000.00,0.000000
-1175.0,-1125.0,2912.0,0,1000000000.00,0.000000
-1150.0,-1125.0,2889.0,0,1000000000.00,0.000000
-1125.0,-1125.0,2866.1,0,1000000000.00,0.000000
-1100.0,-1125.0,2843.2,0,1000000000.00,0.000000
-1075.0,-1125.0,2820.4,0,1000000000.00,0.000000
-1050.0,-1125.0,2797.6,0,1000000000.00,0.000000
-1025.0,-1125.0,2774.8,0,1000000000.00,0.000000
-1000.0,-1125.0,2752.1,0,1000000000.00,0.000000
-975.0,-1125.0,2729.4,0,1000000000.00,0.000000
-950.0,-1125.0,2706.8,0,1000000000.00,0.000000
-925.0,-1125.0,2684.2,0,1000000000.00,0.000000
-900.0,-1125.0,2661.6,0,1000000000.00,0.000000
-875.0,-1125.0,2639.1,0,1000000000.00,0.000000
-850.0,-1125.0,2616.6,0,1000000000.00,0.000000
-825.0,-1125.0,2594.2,0,1000000000.00,0.000000
-800.0,-1125.0,2571.8,0,1000000000.00,0.000000
-775.0,-1125.0,2549.5,0,1000000000.00,0.000000
-750.0,-1125.0,2527.2,0,1000000000.00,0.000000
-725.0,-1125.0,2505.0,0,1000000000.00,0.000000
-700.0,-1125.0,2482.8,0,1000000000.00,0.000000
-675.0,-1125.0,2460.7,0,1000000000.00,0.000000
-650.0,-1125.0,2438.6,0,1000000000.00,0.000000
-625.0,-1125.0,2416.6,0,1000000000.00,0.000000
-600.0,-1125.0,2394.6,0,1000000000.00,0.000000
-575.0,-1125.0,2372.7,0,1000000000.00,0.000000
-550.0,-1125.0,2350.9,0,1000000000.00,0.000000
-525.0,-1125.0,2329.1,0,1000000000.00,0.000000
-500.0,-1125.0,2307.4,0,1000000000.00,0.000000
-475.0,-1125.0,2285.8,0,1000000000.00,0.000000
-450.0,-1125.0,2264.2,0,1000000000.00,0.000000
-425.0,-1125.0,2242.8,0,1000000000.00,0.000000
-400.0,-1125.0,2221.3,0,1000000000.00,0.000000
-375.0,-1125.0,2200.0,0,1000000000.00,0.000000
-350.0,-1125.0,2178.7,0,1000000000.00,0.000000
-325.0,-1125.0,2157.5,0,1000000000.00,0.000000
-300.0,-1125.0,2136.4,0,1000000000.00,0.000000
-275.0,-1125.0,2115.4,0,1000000000.00,0.000000
-250.0,-1125.0,2094.5,0,1000000000.00,0.000000
-225.0,-1125.0,2073.7,0,1000000000.00,0.000000
-200.0,-1125.0,2052.9,0,1000000000.00,0.000000
-175.0,-1125.0,2032.3,0,1000000000.00,0.000000
-150.0,-1125.0,2011.7,0,1000000000.00,0.000000
-125.0,-1125.0,1991.3,0,1000000000.00,0.000000
-100.0,-1125.0,1970.9,0,1000000000.00,0.000000
-75.0,-1125.0,1950.7,0,1000000000.00,0.000000
-50.0,-1125.0,1930.5,0,1000000000.00,0.000000
-25.0,-1125.0,1910.5,0,1000000000.00,0.000000
0.0,-1125.0,1890.6,0,1000000000.00,0.000000
25.0,-1125.0,1870.9,0,1000000000.00,0.000000
50.0,-1125.0,1851.2,0,1000000000.00,0.000000
75.0,-1125.0,1831.7,0,1000000000.00,0.000000
100.0,-1125.0,1812.3,0,1000000000.00,0.000000
125.0,-1125.0,1793.1,0,1000000000.00,0.000000
150.0,-1125.0,1774.0,0,1000000000.00,0.000000
175.0,-1125.0,1755.1,0,1000000000.00,0.000000
200.0,-1125.0,1736.3,0,1000000000.00,0.000000
225.0,-1125.0,1717.6,0,1000000000.00,0.000000
250.0,-1125.0,1699.2,0,1000000000.00,0.000000
275.0,-1125.0,1680.9,0,1000000000.00,0.000000
300.0,-1125.0,1662.7,0,1000000000.00,0.000000
325.0,-1125.0,1644.8,0,1000000000.00,0.000000
350.0,-1125.0,1627.0,0,1000000000.00,0.000000
375.0,-1125.0,1609.4,0,1000000000.00,0.000000
400.0,-1125.0,1592.1,0,1000000000.00,0.000000
425.0,-1125.0,1574.9,0,1000000000.00,0.000000
450.0,-1125.0,1558.0,0,1000000000.00,0.000000
475.0,-1125.0,1541.2,0,1000000000.00,0.000000
500.0,-1125.0,1524.7,0,1000000000.00,0.000000
525.0,-1125.0,1508.4,0,1000000000.00,0.000000
550.0,-1125.0,1492.4,0,1000000000.00,0.000000
575.0,-1125.0,1476.6,0,1000000000.00,0.000000
600.0,-1125.0,1461.1,0,1000000000.00,0.000000
625.0,-1125.0,1445.8,0,1000000000.00,0.000000
650.0,-1125.0,1430.8,0,1000000000.00,0.000000
675.0,-1125.0,1416.1,0,1000000000.00,0.000000
700.0,-1125.0,1401.7,0,1000000000.00,0.000000
725.0,-1125.0,1387.6,0,1000000000.00,0.000000
750.0,-1125.0,1373.8,0,1000000000.00,0.000000
775.0,-1125.0,1363.3,0,1000000000.00,0.000000
800.0,-1125.0,1377.6,0,1000000000.00,0.000000
825.0,-1125.0,1392.2,0,1000000000.00,0.000000
850.0,-1125.0,1407.1,0,1000000000.00,0.000000
875.0,-1125.0,1422.2,0,1000000000.00,0.000000
900.0,-1125.0,1437.7,0,1000000000.00,0.000000
925.0,-1125.0,1453.3,0,1000000000.00,0.000000
950.0,-1125.0,1469.3,0,1000000000.00,0.000000
975.0,-1125.0,1485.5,0,1000000000.00,0.000000
1000.0,-1125.0,1501.9,0,1000000000.00,0.000000
1025.0,-1125.0,1518.6,0,1000000000.00,0.000000
1050.0,-1125.0,1535.5,0,1000000000.00,0.000000
1075.0,-1125.0,1552.7,0,1000000000.00,0.000000
1100.0,-1125.0,1570.0,0,1000000000.00,0.000000
1125.0,-1125.0,1587.5,0,1000000000.00,0.000000
1150.0,-1125.0,1605.3,0,1000000000.00,0.000000
1175.0,-1125.0,1623.2,0,1000000000.00,0.000000
1200.0,-1125.0,1641.3,0,1000000000.00,0.000000
1225.0,-1125.0,1659.6,0,1000000000.00,0.000000
1250.0,-1125.0,1678.0,0,1000000000.00,0.000000
1275.0,-1125.0,1696.7,0,1000000000.00,0.000000
1300.0,-1125.0,1715.5,0,1000000000.00,0.000000
1325.0,-1125.0,1734.4,0,1000000000.00,0.000000
1350.0,-1125.0,1753.5,0,1000000000.00,0.000000
1375.0,-1125.0,1772.8,0,1000000000.00,0.000000
1400.0,-1125.0,1792.2,0,1000000000.00,0.000000
1425.0,-1125.0,1811.7,0,1000000000.00,0.000000
1450.0,-1125.0,1831.4,0,1000000000.00,0.000000
1475.0,-1125.0,1851.1,0,1000000000.00,0.000000
1500.0,-1125.0,1871.1,0,1000000000.00,0.000000
1525.0,-1125.0,1891.1,0,1000000000.00,0.000000
1550.0,-1125.0,1911.2,0,1000000000.00,0.000000
1575.0,-1125.0,1931.5,0,1000000000.00,0.000000
1600.0,-1125.0,1951.9,0,1000000000.00,0.000000
1625.0,-1125.0,1972.4,0,1000000000.00,0.000000
1650.0,-1125.0,1992.9,0,1000000000.00,0.000000
1675.0,-1125.0,2013.6,0,1000000000.00,0.000000
1700.0,-1125.0,2034.4,0,1000000000.00,0.000000
1725.0,-1125.0,2055.3,0,1000000000.00,0.000000
1750.0,-1125.0,2076.3,0,1000000000.00,0.000000
1775.0,-1125.0,2097.3,0,1000000000.00,0.000000
1800.0,-1125.0,2118.5,0,1000000000.00,0.000000
-1800.0,-1100.0,3486.7,0,1000000000.00,0.000000
-1775.0,-1100.0,3463.0,0,1000000000.00,0.000000
-1750.0,-1100.0,3439.4,0,1000000000.00,0.000000
-1725.0,-1100.0,3415.8,0,1000000000.00,0.000000
-1700.0,-1100.0,3392.2,0,1000000000.00,0.000000
-1675.0,-1100.0,3368.6,0,1000000000.00,0.000000
-1650.0,-1100.0,3345.0,0,1000000000.00,0.000000
-1625.0,-1100.0,3321.5,0,1000000000.00,0.000000
-1600.0,-1100.0,3298.0,0,1000000000.00,0.000000
-1575.0,-1100.0,3274.5,0,1000000000.00,0.000000
-1550.0,-1100.0,3251.1,0,1000000000.00,0.000000
-1525.0,-1100.0,3227.6,0,1000000000.00,0.000000
-1500.0,-1100.0,3204.2,0,1000000000.00,0.000000
-1475.0,-1100.0,3180.8,0,1000000000.00,0.000000
-1450.0,-1100.0,3157.4,0,1000000000.00,0.000000
-1425.0,-1100.0,3134.1,0,1000000000.00,0.000000
-1400.0,-1100.0,3110.8,0,1000000000.00,0.000000
-1375.0,-1100.0,3087.5,0,1000000000.00,0.000000
-1350.0,-1100.0,3064.2,0,1000000000.00,0.000000
-1325.0,-1100.0,3041.0,0,1000000000.00,0.000000
-1300.0,-1100.0,3017.8,0,1000000000.00,0.000000
-1275.0,-1100.0,2994.6,0,1000000000.00,0.000000
-1250.0,-1100.0,2971.5,0,1000000000.00,0.000000
-1225.0,-1100.0,2948.3,0,1000000000.00,0.000000
-1200.0,-1100.0,2925.2,0,1000000000.00,0.000000
-1175.0,-1100.0,2902.2,0,1000000000.00,0.000000
-1150.0,-1100.0,2879.2,0,1000000000.00,0.000000
-1125.0,-1100.0,2856.2,0,1000000000.00,0.000000
-1100.0,-1100.0,2833.2,0,1000000000.00,0.000000
-1075.0,-1100.0,2810.3,0,1000000000.00,0.000000
-1050.0,-1100.0,2787.4,0,1000000000.00,0.000000
-1025.0,-1100.0,2764.6,0,1000000000.00,0.000000
-1000.0,-1100.0,2741.7,0,1000000000.00,0.000000
-975.0,-1100.0,2719.0,0,1000000000.00,0.000000
-950.0,-1100.0,2696.2,0,1000000000.00,0.000000
-925.0,-1100.0,2673.5,0,1000000000.00,0.000000
-900.0,-1100.0,2650.9,0,1000000000.00,0.000000
-875.0,-1100.0,2628.3,0,1000000000.00,0.000000
-850.0,-1100.0,2605.7,0,1000000000.00,0.000000
-825.0,-1100.0,2583.2,0,1000000000.00,0.000000
-800.0,-1100.0,2560.7,0,1000000000.00,0.000000
-775.0,-1100.0,2538.3,0,1000000000.00,0.000000
-750.0,-1100.0,2515.9,0,1000000000.00,0.000000
-725.0,-1100.0,2493.6,0,1000000000.00,0.000000
-700.0,-1100.0,2471.3,0,1000000000.00,0.000000
-675.0,-1100.0,2449.1,0,1000000000.00,0.000000
-650.0,-1100.0,2426.9,0,1000000000.00,0.000000
-625.0,-1100.0,2404.8,0,1000000000.00,0.000000
-600.0,-1100.0,2382.7,0,1000000000.00,0.000000
-575.0,-1100.0,2360.7,0,1000000000.00,0.000000
-550.0,-1100.0,2338.8,0,1000000000.00,0.000000
-525.0,-1100.0,2316.9,0,1000000000.00,0.000000
-500.0,-1100.0,2295.1,0,1000000000.00,0.000000
-475.0,-1100.0,2273.3,0,1000000000.00,0.000000
-450.0,-1100.0,2251.6,0,1000000000.00,0.000000
-425.0,-1100.0,2230.0,0,1000000000.00,0.000000
-400.0,-1100.0,2208.5,0,1000000000.00,0.000000
-375.0,-1100.0,2187.0,0,1000000000.00,0.000000
-350.0,-1100.0,2165.6,0,1000000000.00,0.000000
-325.0,-1100.0,2144.3,0,1000000000.00,0.000000
-300.0,-1100.0,2123.1,0,1000000000.00,0.000000
-275.0,-1100.0,2101.9,0,1000000000.00,0.000000
-250.0,-1100.0,2080.9,0,1000000000.00,0.000000
-225.0,-1100.0,2059.9,0,1000000000.00,0.000000
-200.0,-1100.0,2039.0,0,1000000000.00,0.000000
-175.0,-1100.0,2018.2,0,1000000000.00,0.000000
-150.0,-1100.0,1997.5,0,1000000000.00,0.000000
-125.0,-1100.0,1976.9,0,1000000000.00,0.000000
-100.0,-1100.0,1956.4,0,1000000000.00,0.000000
-75.0,-1100.0,1936.0,0,1000000000.00,0.000000
-50.0,-1100.0,1915.7,0,1000000000.00,0.000000
-25.0,-1100.0,1895.6,0,1000000000.00,0.000000
0.0,-1100.0,1875.5,0,1000000000.00,0.000000
25.0,-1100.0,1855.6,0,1000000000.00,0.000000
50.0,-1100.0,1835.8,0,1000000000.00,0.000000
75.0,-1100.0,1816.1,0,1000000000.00,0.000000
100.0,-1100.0,1796.6,0,1000000000.00,0.000000
125.0,-1100.0,1777.2,0,1000000000.00,0.000000
150.0,-1100.0,1757.9,0,1000000000.00,0.000000
175.0,-1100.0,1738.8,0,1000000000.00,0.000000
200.0,-1100.0,1719.8,0,1000000000.00,0.000000
225.0,-1100.0,1701.0,0,1000000000.00,0.000000
250.0,-1100.0,1682.3,0,1000000000.00,0.000000
275.0,-1100.0,1663.8,0,1000000000.00,0.000000
300.0,-1100.0,1645.5,0,1000000000.00,0.000000
325.0,-1100.0,1627.4,0,1000000000.00,0.000000
350.0,-1100.0,1609.4,0,1000000000.00,0.000000
375.0,-1100.0,1591.7,0,1000000000.00,0.000000
400.0,-1100.0,1574.1,0,1000000000.00,0.000000
425.0,-1100.0,1556.7,0,1000000000.00,0.000000
450.0,-1100.0,1539.6,0,1000000000.00,0.000000
475.0,-1100.0,1522.6,0,1000000000.00,0.000000
500.0,-1100.0,1505.9,0,1000000000.00,0.000000
525.0,-1100.0,1489.4,0,1000000000.00,0.000000
550.0,-1100.0,1473.2,0,1000000000.00,0.000000
575.0,-1100.0,1457.2,0,1000000000.00,0.000000
600.0,-1100.0,1441.5,0,1000000000.00,0.000000
625.0,-1100.0,1426.0,0,1000000000.00,0.000000
650.0,-1100.0,1410.8,0,1000000000.00,0.000000
675.0,-1100.0,1395.9,0,1000000000.00,0.000000
700.0,-1100.0,1381.3,0,1000000000.00,0.000000
725.0,-1100.0,1366.9,0,1000000000.00,0.000000
750.0,-1100.0,1352.9,0,1000000000.00,0.000000
775.0,-1100.0,1342.8,0,1000000000.00,0.000000
800.0,-1100.0,1357.3,0,1000000000.00,0.000000
825.0,-1100.0,1372.1,0,1000000000.00,0.000000
850.0,-1100.0,1387.2,0,1000000000.00,0.000000
875.0,-1100.0,1402.5,0,1000000000.00,0.000000
900.0,-1100.0,1418.2,0,1000000000.00,0.000000
925.0,-1100.0,1434.1,0,1000000000.00,0.000000
950.0,-1100.0,1450.2,0,1000000000.00,0.000000
975.0,-1100.0,1466.7,0,1000000000.00,0.000000
1000.0,-1100.0,1483.3,0,1000000000.00,0.000000
1025.0,-1100.0,1500.2,0,1000000000.00,0.000000
1050.0,-1100.0,1517.3,0,1000000000.00,0.000000
1075.0,-1100.0,1534.6,0,1000000000.00,0.000000
1100.0,-1100.0,1552.2,0,1000000000.00,0.000000
1125.0,-1100.0,1569.9,0,1000000000.00,0.000000
1150.0,-1100.0,1587.8,0,1000000000.00,0.000000
1175.0,-1100.0,1606.0,0,1000000000.00,0.000000
1200.0,-1100.0,1624.3,0,1000000000.00,0.000000
1225.0,-1100.0,1642.7,0,1000000000.00,0.000000
1250.0,-1100.0,1661.4,0,1000000000.00,0.000000
1275.0,-1100.0,1680.2,0,1000000000.00,0.000000
1300.0,-1100.0,1699.2,0,1000000000.00,0.000000
1325.0,-1100.0,1718.3,0,1000000000.00,0.000000
1350.0,-1100.0,1737.6,0,1000000000.00,0.000000
1375.0,-1100.0,1757.0,0,1000000000.00,0.000000
1400.0,-1100.0,1776.6,0,1000000000.00,0.000000
1425.0,-1100.0,1796.3,0,1000000000.00,0.000000
1450.0,-1100.0,1816.1,0,1000000000.00,0.000000
1475.0,-1100.0,1836.1,0,1000000000.00,0.000000
1500.0,-1100.0,1856.1,0,1000000000.00,0.000000
1525.0,-1100.0,1876.3,0,1000000000.00,0.000000
1550.0,-1100.0,1896.6,0,1000000000.00,0.000000
1575.0,-1100.0,1917.1,0,1000000000.00,0.000000
1600.0,-1100.0,1937.6,0,1000000000.00,0.000000
1625.0,-1100.0,1958.2,0,1000000000.00,0.000000
1650.0,-1100.0,1978.9,0,1000000000.00,0.000000
1675.0,-1100.0,1999.8,0,1000000000.00,0.000000
1700.0,-1100.0,2020.7,0,1000000000.00,0.000000
1725.0,-1100.0,2041.7,0,1000000000.00,0.000000
1750.0,-1100.0,2062.8,0,1000000000.00,0.000000
1775.0,-1100.0,2084.0,0,1000000000.00,0.000000
1800.0,-1100.0,2105.3,0,1000000000.00,0.000000
-1800.0,-1075.0,3478.7,0,1000000000.00,0.000000
-1775.0,-1075.0,3455.0,0,1000000000.00,0.000000
-1750.0,-1075.0,3431.3,0,1000000000.00,0.000000
-1725.0,-1075.0,3407.6,0,1000000000.00,0.000000
-1700.0,-1075.0,3384.0,0,1000000000.00,0.000000
-1675.0,-1075.0,3360.3,0,1000000000.00,0.000000
-1650.0,-1075.0,3336.7,0,1000000000.00,0.000000
-1625.0,-1075.0,3313.1,0,1000000000.00,0.000000
-1600.0,-1075.0,3289.6,0,1000000000.00,0.000000
-1575.0,-1075.0,3266.0,0,1000000000.00,0.000000
-1550.0,-1075.0,3242.5,0,1000000000.00,0.000000
-1525.0,-1075.0,3219.0,0,1000000000.00,0.000000
-1500.0,-1075.0,3195.5,0,1000000000.00,0.000000
-1475.0,-1075.0,3172.0,0,1000000000.00,0.000000
-1450.0,-1075.0,3148.6,0,1000000000.00,0.000000
-1425.0,-1075.0,3125.2,0,1000000000.00,0.000000
-1400.0,-1075.0,3101.8,0,1000000000.00,0.000000
-1375.0,-1075.0,3078.5,0,1000000000.00,0.000000
-1350.0,-1075.0,3055.1,0,1000000000.00,0.000000
-1325.0,-1075.0,3031.8,0,1000000000.00,0.000000
-1300.0,-1075.0,3008.5,0,1000000000.00,0.000000
-1275.0,-1075.0,2985.3,0,1000000000.00,0.000000
-1250.0,-1075.0,2962.1,0,1000000000.00,0.000000
-1225.0,-1075.0,2938.9,0,1000000000.00,0.000000
-1200.0,-1075.0,2915.7,0,1000000000.00,0.000000
-1175.0,-1075.0,2892.6,0,1000000000.00,0.000000
-1150.0,-1075.0,2869.5,0,1000000000.00,0.000000
-1125.0,-1075.0,2846.4,0,1000000000.00,0.000000
-1100.0,-1075.0,2823.4,0,1000000000.00,0.000000
-1075.0,-1075.0,2800.4,0,1000000000.00,0.000000
-1050.0,-1075.0,2777.4,0,1000000000.00,0.000000
-1025.0,-1075.0,2754.5,0,1000000000.00,0.000000
-1000.0,-1075.0,2731.6,0,1000000000.00,0.000000
-975.0,-1075.0,2708.7,0,1000000000.00,0.000000
-950.0,-1075.0,2685.9,0,1000000000.00,0.000000
-925.0,-1075.0,2663.1,0,1000000000.00,0.000000
-900.0,-1075.0,2640.4,0,1000000000.00,0.000000
-875.0,-1075.0,2617.7,0,1000000000.00,0.000000
-850.0,-1075.0,2595.0,0,1000000000.00,0.000000
-825.0,-1075.0,2572.4,0,1000000000.00,0.000000
-800.0,-1075.0,2549.8,0,1000000000.00,0.000000
-775.0,-1075.0,2527.3,0,1000000000.00,0.000000
-750.0,-1075.0,2504.8,0,1000000000.00,0.000000
-725.0,-1075.0,2482.4,0,1000000000.00,0.000000
-700.0,-1075.0,2460.0,0,1000000000.00,0.000000
-675.0,-1075.0,2437.7,0,1000000000.00,0.000000
-650.0,-1075.0,2415.4,0,1000000000.00,0.000000
-625.0,-1075.0,2393.2,0,1000000000.00,0.000000
-600.0,-1075.0,2371.0,0,1000000000.00,0.000000
-575.0,-1075.0,2348.9,0,1000000000.00,0.000000
-550.0,-1075.0,2326.8,0,1000000000.00,0.000000
-525.0,-1075.0,2304.8,0,1000000000.00,0.000000
-500.0,-1075.0,2282.9,0,1000000000.00,0.000000
-475.0,-1075.0,2261.0,0,1000000000.00,0.000000
-450.0,-1075.0,2239.2,0,1000000000.00,0.000000
-425.0,-1075.0,2217.5,0,1000000000.00,0.000000
-400.0,-1075.0,2195.8,0,1000000000.00,0.000000
-375.0,-1075.0,2174.2,0,1000000000.00,0.000000
-350.0,-1075.0,2152.7,0,1000000000.00,0.000000
-325.0,-1075.0,2131.3,0,1000000000.00,0.000000
-300.0,-1075.0,2109.9,0,1000000000.00,0.000000
-275.0,-1075.0,2088.6,0,1000000000.00,0.000000
-250.0,-1075.0,2067.4,0,1000000000.00,0.000000
-225.0,-1075.0,2046.3,0,1000000000.00,0.000000
-200.0,-1075.0,2025.3,0,1000000000.00,0.000000
-175.0,-1075.0,2004.4,0,1000000000.00,0.000000
-150.0,-1075.0,1983.5,0,1000000000.00,0.000000
-125.0,-1075.0,1962.8,0,1000000000.00,0.000000
-100.0,-1075.0,1942.1,0,1000000000.00,0.000000
-75.0,-1075.0,1921.6,0,1000000000.00,0.000000
-50.0,-1075.0,1901.2,0,1000000000.00,0.000000
-25.0,-1075.0,1880.8,0,1000000000.00,0.000000
0.0,-1075.0,1860.6,0,1000000000.00,0.000000
25.0,-1075.0,1840.5,0,1000000000.00,0.000000
50.0,-1075.0,1820.6,0,1000000000.00,0.000000
75.0,-1075.0,1800.7,0,1000000000.00,0.000000
100.0,-1075.0,1781.0,0,1000000000.00,0.000000
125.0,-1075.0,1761.4,0,1000000000.00,0.000000
150.0,-1075.0,1742.0,0,1000000000.00,0.000000
175.0,-1075.0,1722.7,0,1000000000.00,0.000000
200.0,-1075.0,1703.5,0,1000000000.00,0.000000
225.0,-1075.0,1684.5,0,1000000000.00,0.000000
250.0,-1075.0,1665.7,0,1000000000.00,0.000000
275.0,-1075.0,1647.0,0,1000000000.00,0.000000
300.0,-1075.0,1628.5,0,1000000000.00,0.000000
325.0,-1075.0,1610.2,0,1000000000.00,0.000000
350.0,-1075.0,1592.0,0,1000000000.00,0.000000
375.0,-1075.0,1574.1,0,1000000000.00,0.000000
400.0,-1075.0,1556.3,0,1000000000.00,0.000000
425.0,-1075.0,1538.7,0,1000000000.00,0.000000
450.0,-1075.0,1521.4,0,1000000000.00,0.000000
475.0,-1075.0,1504.2,0,1000000000.00,0.000000
500.0,-1075.0,1487.3,0,1000000000.00,0.000000
525.0,-1075.0,1470.6,0,1000000000.00,0.000000
550.0,-1075.0,1454.2,0,1000000000.00,0.000000
575.0,-1075.0,1438.0,0,1000000000.00,0.000000
600.0,-1075.0,1422.0,0,1000000000.00,0.000000
625.0,-1075.0,1406.3,0,1000000000.00,0.000000
650.0,-1075.0,1390.9,0,1000000000.00,0.000000
675.0,-1075.0,1375.8,0,1000000000.00,0.000000
700.0,-1075.0,1361.0,0,1000000000.00,0.000000
725.0,-1075.0,1346.4,0,1000000000.00,0.000000
750.0,-1075.0,1332.2,0,1000000000.00,0.000000
775.0,-1075.0,1322.4,0,1000000000.00,0.000000
800.0,-1075.0,1337.1,0,1000000000.00,0.000000
825.0,-1075.0,1352.1,0,1000000000.00,0.000000
850.0,-1075.0,1367.4,0,1000000000.00,0.000000
875.0,-1075.0,1383.0,0,1000000000.00,0.000000
900.0,-1075.0,1398.9,0,1000000000.00,0.000000
925.0,-1075.0,1415.0,0,1000000000.00,0.000000
950.0,-1075.0,1431.4,0,1000000000.00,0.000000
975.0,-1075.0,1448.0,0,1000000000.00,0.000000
1000.0,-1075.0,1464.9,0,1000000000.00,0.000000
1025.0,-1075.0,1482.0,0,1000000000.00,0.000000
1050.0,-1075.0,1499.3,0,1000000000.00,0.000000
1075.0,-1075.0,1516.8,0,1000000000.00,0.000000
1100.0,-1075.0,1534.5,0,1000000000.00,0.000000
1125.0,-1075.0,1552.5,0,1000000000.00,0.000000
1150.0,-1075.0,1570.6,0,1000000000.00,0.000000
1175.0,-1075.0,1588.9,0,1000000000.00,0.000000
1200.0,-1075.0,1607.4,0,1000000000.00,0.000000
1225.0,-1075.0,1626.1,0,1000000000.00,0.000000
1250.0,-1075.0,1644.9,0,1000000000.00,0.000000
1275.0,-1075.0,1663.9,0,1000000000.00,0.000000
1300.0,-1075.0,1683.1,0,1000000000.00,0.000000
1325.0,-1075.0,1702.4,0,1000000000.00,0.000000
1350.0,-1075.0,1721.9,0,1000000000.00,0.000000
1375.0,-1075.0,1741.5,0,1000000000.00,0.000000
1400.0,-1075.0,1761.2,0,1000000000.00,0.000000
1425.0,-1075.0,1781.1,0,1000000000.00,0.000000
1450.0,-1075.0,1801.1,0,1000000000.00,0.000000
1475.0,-1075.0,1821.2,0,1000000000.00,0.000000
1500.0,-1075.0,1841.4,0,1000000000.00,0.000000
1525.0,-1075.0,1861.8,0,1000000000.00,0.000000
1550.0,-1075.0,1882.2,0,1000000000.00,0.000000
1575.0,-1075.0,1902.8,0,1000000000.00,0.000000
1600.0,-1075.0,1923.5,0,1000000000.00,0.000000
1625.0,-1075.0,1944.3,0,1000000000.00,0.000000
1650.0,-1075.0,1965.2,0,1000000000.00,0.000000
1675.0,-1075.0,1986.1,0,1000000000.00,0.000000
1700.0,-1075.0,2007.2,0,1000000000.00,0.000000
1725.0,-1075.0,2028.4,0,1000000000.00,0.000000
1750.0,-1075.0,2049.6,0,1000000000.00,0.000000
1775.0,-1075.0,2070.9,0,1000000000.00,0.000000
1800.0,-1075.0,2092.3,0,1000000000.00,0.000000
-1800.0,-1050.0,3470.8,0,1000000000.00,0.000000
-1775.0,-1050.0,3447.1,0,1000000000.00,0.000000
-1750.0,-1050.0,3423.3,0,1000000000.00,0.000000
-1725.0,-1050.0,3399.6,0,1000000000.00,0.000000
-1700.0,-1050.0,3375.9,0,1000000000.00,0.000000
-1675.0,-1050.0,3352.2,0,1000000000.00,0.000000
-1650.0,-1050.0,3328.5,0,1000000000.00,0.000000
-1625.0,-1050.0,3304.9,0,1000000000.00,0.000000
-1600.0,-1050.0,3281.3,0,1000000000.00,0.000000
-1575.0,-1050.0,3257.7,0,1000000000.00,0.000000
-1550.0,-1050.0,3234.1,0,1000000000.00,0.000000
-1525.0,-1050.0,3210.5,0,1000000000.00,0.000000
-1500.0,-1050.0,3187.0,0,1000000000.00,0.000000
-1475.0,-1050.0,3163.5,0,1000000000.00,0.000000
-1450.0,-1050.0,3140.0,0,1000000000.00,0.000000
-1425.0,-1050.0,3116.5,0,1000000000.00,0.000000
-1400.0,-1050.0,3093.0,0,1000000000.00,0.000000
-1375.0,-1050.0,3069.6,0,1000000000.00,0.000000
-1350.0,-1050.0,3046.2,0,1000000000.00,0.000000
-1325.0,-1050.0,3022.8,0,1000000000.00,0.000000
-1300.0,-1050.0,2999.5,0,1000000000.00,0.000000
-1275.0,-1050.0,2976.2,0,1000000000.00,0.000000
-1250.0,-1050.0,2952.9,0,1000000000.00,0.000000
-1225.0,-1050.0,2929.6,0,1000000000.00,0.000000
-1200.0,-1050.0,2906.4,0,1000000000.00,0.000000
-1175.0,-1050.0,2883.2,0,1000000000.00,0.000000
-1150.0,-1050.0,2860.0,0,1000000000.00,0.000000
-1125.0,-1050.0,2836.8,0,1000000000.00,0.000000
-1100.0,-1050.0,2813.7,0,1000000000.00,0.000000
-1075.0,-1050.0,2790.6,0,1000000000.00,0.000000
-1050.0,-1050.0,2767.6,0,1000000000.00,0.000000
-1025.0,-1050.0,2744.6,0,1000000000.00,0.000000
-1000.0,-1050.0,2721.6,0,1000000000.00,0.000000
-975.0,-1050.0,2698.6,0,1000000000.00,0.000000
-950.0,-1050.0,2675.7,0,1000000000.00,0.000000
-925.0,-1050.0,2652.9,0,1000000000.00,0.000000
-900.0,-1050.0,2630.0,0,1000000000.00,0.000000
-875.0,-1050.0,2607.2,0,1000000000.00,0.000000
-850.0,-1050.0,2584.5,0,1000000000.00,0.000000
-825.0,-1050.0,2561.8,0,1000000000.00,0.000000
-800.0,-1050.0,2539.1,0,1000000000.00,0.000000
-775.0,-1050.0,2516.5,0,1000000000.00,0.000000
-750.0,-1050.0,2493.9,0,1000000000.00,0.000000
-725.0,-1050.0,2471.4,0,1000000000.00,0.000000
-700.0,-1050.0,2448.9,0,1000000000.00,0.000000
-675.0,-1050.0,2426.5,0,1000000000.00,0.000000
-650.0,-1050.0,2404.1,0,1000000000.00,0.000000
-625.0,-1050.0,2381.8,0,1000000000.00,0.000000
-600.0,-1050.0,2359.5,0,1000000000.00,0.000000
-575.0,-1050.0,2337.3,0,1000000000.00,0.000000
-550.0,-1050.0,2315.1,0,1000000000.00,0.000000
-525.0,-1050.0,2293.0,0,1000000000.00,0.000000
-500.0,-1050.0,2271.0,0,1000000000.00,0.000000
-475.0,-1050.0,2249.0,0,1000000000.00,0.000000
-450.0,-1050.0,2227.1,0,1000000000.00,0.000000
-425.0,-1050.0,2205.2,0,1000000000.00,0.000000
-400.0,-1050.0,2183.4,0,1000000000.00,0.000000
-375.0,-1050.0,2161.7,0,1000000000.00,0.000000
-350.0,-1050.0,2140.1,0,1000000000.00,0.000000
-325.0,-1050.0,2118.5,0,1000000000.00,0.000000
-300.0,-1050.0,2097.0,0,1000000000.00,0.000000
-275.0,-1050.0,2075.6,0,1000000000.00,0.000000
-250.0,-1050.0,2054.2,0,1000000000.00,0.000000
-225.0,-1050.0,2033.0,0,1000000000.00,0.000000
-200.0,-1050.0,2011.8,0,1000000000.00,0.000000
-175.0,-1050.0,1990.7,0,1000000000.00,0.000000
-150.0,-1050.0,1969.7,0,1000000000.00,0.000000
-125.0,-1050.0,1948.9,0,1000000000.00,0.000000
-100.0,-1050.0,1928.1,0,1000000000.00,0.000000
-75.0,-1050.0,1907.4,0,1000000000.00,0.000000
-50.0,-1050.0,1886.8,0,1000000000.00,0.000000
-25.0,-1050.0,1866.3,0,1000000000.00,0.000000
0.0,-1050.0,1845.9,0,1000000000.00,0.000000
25.0,-1050.0,1825.7,0,1000000000.00,0.000000
50.0,-1050.0,1805.5,0,1000000000.00,0.000000
75.0,-1050.0,1785.5,0,1000000000.00,0.000000
100.0,-1050.0,1765.7,0,1000000000.00,0.000000
125.0,-1050.0,1745.9,0,1000000000.00,0.000000
150.0,-1050.0,1726.3,0,1000000000.00,0.000000
175.0,-1050.0,1706.8,0,1000000000.00,0.000000
200.0,-1050.0,1687.5,0,1000000000.00,0.000000
225.0,-1050.0,1668.3,0,1000000000.00,0.000000
250.0,-1050.0,1649.3,0,1000000000.00,0.000000
275.0,-1050.0,1630.4,0,1000000000.00,0.000000
300.0,-1050.0,1611.7,0,1000000000.00,0.000000
325.0,-1050.0,1593.2,0,1000000000.00,0.000000
350.0,-1050.0,1574.8,0,1000000000.00,0.000000
375.0,-1050.0,1556.7,0,1000000000.00,0.000000
400.0,-1050.0,1538.7,0,1000000000.00,0.000000
425.0,-1050.0,1521.0,0,1000000000.00,0.000000
450.0,-1050.0,1503.4,0,1000000000.00,0.000000
475.0,-1050.0,1486.0,0,1000000000.00,0.000000
500.0,-1050.0,1468.9,0,1000000000.00,0.000000
525.0,-1050.0,1452.0,0,1000000000.00,0.000000
550.0,-1050.0,1435.3,0,1000000000.00,0.000000
575.0,-1050.0,1418.9,0,1000000000.00,0.000000
600.0,-1050.0,1402.8,0,1000000000.00,0.000000
625.0,-1050.0,1386.9,0,1000000000.00,0.000000
650.0,-1050.0,1371.2,0,1000000000.00,0.000000
675.0,-1050.0,1355.9,0,1000000000.00,0.000000
700.0,-1050.0,1340.8,0,1000000000.00,0.000000
725.0,-1050.0,1326.1,0,1000000000.00,0.000000
750.0,-1050.0,1311.6,0,1000000000.00,0.000000
775.0,-1050.0,1302.1,0,1000000000.00,0.000000
800.0,-1050.0,1317.1,0,1000000000.00,0.000000
825.0,-1050.0,1332.3,0,1000000000.00,0.000000
850.0,-1050.0,1347.9,0,1000000000.00,0.000000
875.0,-1050.0,1363.7,0,1000000000.00,0.000000
900.0,-1050.0,1379.7,0,1000000000.00,0.000000
925.0,-1050.0,1396.1,0,1000000000.00,0.000000
950.0,-1050.0,1412.7,0,1000000000.00,0.000000
975.0,-1050.0,1429.5,0,1000000000.00,0.000000
1000.0,-1050.0,1446.6,0,1000000000.00,0.000000
1025.0,-1050.0,1463.9,0,1000000000.00,0.000000
1050.0,-1050.0,1481.5,0,1000000000.00,0.000000
1075.0,-1050.0,1499.2,0,1000000000.00,0.000000
1100.0,-1050.0,1517.1,0,1000000000.00,0.000000
1125.0,-1050.0,1535.3,0,1000000000.00,0.000000
1150.0,-1050.0,1553.6,0,1000000000.00,0.000000
1175.0,-1050.0,1572.1,0,1000000000.00,0.000000
1200.0,-1050.0,1590.8,0,1000000000.00,0.000000
1225.0,-1050.0,1609.7,0,1000000000.00,0.000000
1250.0,-1050.0,1628.7,0,1000000000.00,0.000000
1275.0,-1050.0,1647.9,0,1000000000.00,0.000000
1300.0,-1050.0,1667.2,0,1000000000.00,0.000000
1325.0,-1050.0,1686.7,0,1000000000.00,0.000000
1350.0,-1050.0,1706.4,0,1000000000.00,0.000000
1375.0,-1050.0,1726.1,0,1000000000.00,0.000000
1400.0,-1050.0,1746.1,0,1000000000.00,0.000000
1425.0,-1050.0,1766.1,0,1000000000.00,0.000000
1450.0,-1050.0,1786.3,0,1000000000.00,0.000000
1475.0,-1050.0,1806.5,0,1000000000.00,0.000000
1500.0,-1050.0,1826.9,0,1000000000.00,0.000000
1525.0,-1050.0,1847.5,0,1000000000.00,0.000000
1550.0,-1050.0,1868.1,0,1000000000.00,0.000000
1575.0,-1050.0,1888.8,0,1000000000.00,0.000000
1600.0,-1050.0,1909.6,0,1000000000.00,0.000000
1625.0,-1050.0,1930.6,0,1000000000.00,0.000000
1650.0,-1050.0,1951.6,0,1000000000.00,0.000000
1675.0,-1050.0,1972.7,0,1000000000.00,0.000000
1700.0,-1050.0,1993.9,0,1000000000.00,0.000000
1725.0,-1050.0,2015.2,0,1000000000.00,0.000000
1750.0,-1050.0,2036.6,0,1000000000.00,0.000000
1775.0,-1050.0,2058.1,0,1000000000.00,0.000000
1800.0,-1050.0,2079.6,0,1000000000.00,0.000000
-1800.0,-1025.0,3463.2,0,1000000000.00,0.000000
-1775.0,-1025.0,3439.3,0,1000000000.00,0.000000
-1750.0,-1025.0,3415.6,0,1000000000.00,0.000000
-1725.0,-1025.0,3391.8,0,1000000000.00,0.000000
-1700.0,-1025.0,3368.0,0,1000000000.00,0.000000
-1675.0,-1025.0,3344.3,0,1000000000.00,0.000000
-1650.0,-1025.0,3320.5,0,1000000000.00,0.000000
-1625.0,-1025.0,3296.8,0,1000000000.00,0.000000
-1600.0,-1025.0,3273.2,0,1000000000.00,0.000000
-1575.0,-1025.0,3249.5,0,1000000000.00,0.000000
-1550.0,-1025.0,3225.8,0,1000000000.00,0.000000
-1525.0,-1025.0,3202.2,0,1000000000.00,0.000000
-1500.0,-1025.0,3178.6,0,1000000000.00,0.000000
-1475.0,-1025.0,3155.0,0,1000000000.00,0.000000
-1450.0,-1025.0,3131.5,0,1000000000.00,0.000000
-1425.0,-1025.0,3107.9,0,1000000000.00,0.000000
-1400.0,-1025.0,3084.4,0,1000000000.00,0.000000
-1375.0,-1025.0,3060.9,0,1000000000.00,0.000000
-1350.0,-1025.0,3037.5,0,1000000000.00,0.000000
-1325.0,-1025.0,3014.0,0,1000000000.00,0.000000
-1300.0,-1025.0,2990.6,0,1000000000.00,0.000000
-1275.0,-1025.0,2967.2,0,1000000000.00,0.000000
-1250.0,-1025.0,2943.8,0,1000000000.00,0.000000
-1225.0,-1025.0,2920.5,0,1000000000.00,0.000000
-1200.0,-1025.0,2897.2,0,1000000000.00,0.000000
-1175.0,-1025.0,2873.9,0,1000000000.00,0.000000
-1150.0,-1025.0,2850.7,0,1000000000.00,0.000000
-1125.0,-1025.0,2827.4,0,1000000000.00,0.000000
-1100.0,-1025.0,2804.2,0,1000000000.00,0.000000
-1075.0,-1025.0,2781.1,0,1000000000.00,0.000000
-1050.0,-1025.0,2758.0,0,1000000000.00,0.000000
-1025.0,-1025.0,2734.9,0,1000000000.00,0.000000
-1000.0,-1025.0,2711.8,0,1000000000.00,0.000000
-975.0,-1025.0,2688.8,0,1000000000.00,0.000000
-950.0,-1025.0,2665.8,0,1000000000.00,0.000000
-925.0,-1025.0,2642.8,0,1000000000.00,0.000000
-900.0,-1025.0,2619.9,0,1000000000.00,0.000000
-875.0,-1025.0,2597.0,0,1000000000.00,0.000000
-850.0,-1025.0,2574.2,0,1000000000.00,0.000000
-825.0,-1025.0,2551.4,0,1000000000.00,0.000000
-800.0,-1025.0,2528.6,0,1000000000.00,0.000000
-775.0,-1025.0,2505.9,0,1000000000.00,0.000000
-750.0,-1025.0,2483.2,0,1000000000.00,0.000000
-725.0,-1025.0,2460.6,0,1000000000.00,0.000000
-700.0,-1025.0,2438.0,0,1000000000.00,0.000000
-675.0,-1025.0,2415.5,0,1000000000.00,0.000000
-650.0,-1025.0,2393.0,0,1000000000.00,0.000000
-625.0,-1025.0,2370.6,0,1000000000.00,0.000000
-600.0,-1025.0,2348.2,0,1000000000.00,0.000000
-575.0,-1025.0,2325.9,0,1000000000.00,0.000000
-550.0,-1025.0,2303.6,0,1000000000.00,0.000000
-525.0,-1025.0,2281.4,0,1000000000.00,0.000000
-500.0,-1025.0,2259.2,0,1000000000.00,0.000000
-475.0,-1025.0,2237.1,0,1000000000.00,0.000000
-450.0,-1025.0,2215.1,0,1000000000.00,0.000000
-425.0,-1025.0,2193.1,0,1000000000.00,0.000000
-400.0,-1025.0,2171.2,0,1000000000.00,0.000000
-375.0,-1025.0,2149.4,0,1000000000.00,0.000000
-350.0,-1025.0,2127.6,0,1000000000.00,0.000000
-325.0,-1025.0,2105.9,0,1000000000.00,0.000000
-300.0,-1025.0,2084.3,0,1000000000.00,0.000000
-275.0,-1025.0,2062.7,0,1000000000.00,0.000000
-250.0,-1025.0,2041.2,0,1000000000.00,0.000000
-225.0,-1025.0,2019.9,0,1000000000.00,0.000000
-200.0,-1025.0,1998.5,0,1000000000.00,0.000000
-175.0,-1025.0,1977.3,0,1000000000.00,0.000000
-150.0,-1025.0,1956.2,0,1000000000.00,0.000000
-125.0,-1025.0,1935.2,0,1000000000.00,0.000000
-100.0,-1025.0,1914.2,0,1000000000.00,0.000000
-75.0,-1025.0,1893.4,0,1000000000.00,0.000000
-50.0,-1025.0,1872.6,0,1000000000.00,0.000000
-25.0,-1025.0,1852.0,0,1000000000.00,0.000000
0.0,-1025.0,1831.5,0,1000000000.00,0.000000
25.0,-1025.0,1811.1,0,1000000000.00,0.000000
50.0,-1025.0,1790.8,0,1000000000.00,0.000000
75.0,-1025.0,1770.6,0,1000000000.00,0.000000
100.0,-1025.0,1750.5,0,1000000000.00,0.000000
125.0,-1025.0,1730.6,0,1000000000.00,0.000000
150.0,-1025.0,1710.8,0,1000000000.00,0.000000
175.0,-1025.0,1691.2,0,1000000000.00,0.000000
200.0,-1025.0,1671.6,0,1000000000.00,0.000000
225.0,-1025.0,1652.3,0,1000000000.00,0.000000
250.0,-1025.0,1633.1,0,1000000000.00,0.000000
275.0,-1025.0,1614.0,0,1000000000.00,0.000000
300.0,-1025.0,1595.1,0,1000000000.00,0.000000
325.0,-1025.0,1576.4,0,1000000000.00,0.000000
350.0,-1025.0,1557.9,0,1000000000.00,0.000000
375.0,-1025.0,1539.5,0,1000000000.00,0.000000
400.0,-1025.0,1521.3,0,1000000000.00,0.000000
425.0,-1025.0,1503.4,0,1000000000.00,0.000000
450.0,-1025.0,1485.6,0,1000000000.00,0.000000
475.0,-1025.0,1468.0,0,1000000000.00,0.000000
500.0,-1025.0,1450.7,0,1000000000.00,0.000000
525.0,-1025.0,1433.6,0,1000000000.00,0.000000
550.0,-1025.0,1416.7,0,1000000000.00,0.000000
575.0,-1025.0,1400.1,0,1000000000.00,0.000000
600.0,-1025.0,1383.7,0,1000000000.00,0.000000
625.0,-1025.0,1367.6,0,1000000000.00,0.000000
650.0,-1025.0,1351.7,0,1000000000.00,0.000000
675.0,-1025.0,1336.1,0,1000000000.00,0.000000
700.0,-1025.0,1320.8,0,1000000000.00,0.000000
725.0,-1025.0,1305.9,0,1000000000.00,0.000000
750.0,-1025.0,1291.2,0,1000000000.00,0.000000
775.0,-1025.0,1282.1,0,1000000000.00,0.000000
800.0,-1025.0,1297.2,0,1000000000.00,0.000000
825.0,-1025.0,1312.7,0,1000000000.00,0.000000
850.0,-1025.0,1328.5,0,1000000000.00,0.000000
875.0,-1025.0,1344.5,0,1000000000.00,0.000000
900.0,-1025.0,1360.8,0,1000000000.00,0.000000
925.0,-1025.0,1377.4,0,1000000000.00,0.000000
950.0,-1025.0,1394.2,0,1000000000.00,0.000000
975.0,-1025.0,1411.3,0,1000000000.00,0.000000
1000.0,-1025.0,1428.6,0,1000000000.00,0.000000
1025.0,-1025.0,1446.1,0,1000000000.00,0.000000
1050.0,-1025.0,1463.8,0,1000000000.00,0.000000
1075.0,-1025.0,1481.8,0,1000000000.00,0.000000
1100.0,-1025.0,1499.9,0,1000000000.00,0.000000
1125.0,-1025.0,1518.3,0,1000000000.00,0.000000
1150.0,-1025.0,1536.8,0,1000000000.00,0.000000
1175.0,-1025.0,1555.5,0,1000000000.00,0.000000
1200.0,-1025.0,1574.4,0,1000000000.00,0.000000
1225.0,-1025.0,1593.5,0,1000000000.00,0.000000
1250.0,-1025.0,1612.7,0,1000000000.00,0.000000
1275.0,-1025.0,1632.1,0,1000000000.00,0.000000
1300.0,-1025.0,1651.6,0,1000000000.00,0.000000
1325.0,-1025.0,1671.3,0,1000000000.00,0.000000
1350.0,-1025.0,1691.1,0,1000000000.00,0.000000
1375.0,-1025.0,1711.1,0,1000000000.00,0.000000
1400.0,-1025.0,1731.1,0,1000000000.00,0.000000
1425.0,-1025.0,1751.3,0,1000000000.00,0.000000
1450.0,-1025.0,1771.7,0,1000000000.00,0.000000
1475.0,-1025.0,1792.1,0,1000000000.00,0.000000
1500.0,-1025.0,1812.7,0,1000000000.00,0.000000
1525.0,-1025.0,1833.4,0,1000000000.00,0.000000
1550.0,-1025.0,1854.1,0,1000000000.00,0.000000
1575.0,-1025.0,1875.0,0,1000000000.00,0.000000
1600.0,-1025.0,1896.0,0,1000000000.00,0.000000
1625.0,-1025.0,1917.1,0,1000000000.00,0.000000
1650.0,-1025.0,1938.3,0,1000000000.00,0.000000
1675.0,-1025.0,1959.5,0,1000000000.00,0.000000
1700.0,-1025.0,1980.9,0,1000000000.00,0.000000
1725.0,-1025.0,2002.3,0,1000000000.00,0.000000
1750.0,-1025.0,2023.8,0,1000000000.00,0.000000
1775.0,-1025.0,2045.4,0,1000000000.00,0.000000
1800.0,-1025.0,2067.1,0,1000000000.00,0.000000
-1800.0,-1000.0,3455.7,0,1000000000.00,0.000000
-1775.0,-1000.0,3431.8,0,1000000000.00,0.000000
-1750.0,-1000.0,3407.9,0,1000000000.00,0.000000
-1725.0,-1000.0,3384.1,0,1000000000.00,0.000000
-1700.0,-1000.0,3360.3,0,1000000000.00,0.000000
-1675.0,-1000.0,3336.5,0,1000000000.00,0.000000
-1650.0,-1000.0,3312.7,0,1000000000.00,0.000000
-1625.0,-1000.0,3289.0,0,1000000000.00,0.000000
-1600.0,-1000.0,3265.2,0,1000000000.00,0.000000
-1575.0,-1000.0,3241.5,0,1000000000.00,0.000000
-1550.0,-1000.0,3217.8,0,1000000000.00,0.000000
-1525.0,-1000.0,3194.1,0,1000000000.00,0.000000
-1500.0,-1000.0,3170.4,0,1000000000.00,0.000000
-1475.0,-1000.0,3146.8,0,1000000000.00,0.000000
-1450.0,-1000.0,3123.2,0,1000000000.00,0.000000
-1425.0,-1000.0,3099.6,0,1000000000.00,0.000000
-1400.0,-1000.0,3076.0,0,1000000000.00,0.000000
-1375.0,-1000.0,3052.4,0,1000000000.00,0.000000
-1350.0,-1000.0,3028.9,0,1000000000.00,0.000000
-1325.0,-1000.0,3005.4,0,1000000000.00,0.000000
-1300.0,-1000.0,2981.9,0,1000000000.00,0.000000
-1275.0,-1000.0,2958.4,0,1000000000.00,0.000000
-1250.0,-1000.0,2935.0,0,1000000000.00,0.000000
-1225.0,-1000.0,2911.6,0,1000000000.00,0.000000
-1200.0,-1000.0,2888.2,0,1000000000.00,0.000000
-1175.0,-1000.0,2864.9,0,1000000000.00,0.000000
-1150.0,-1000.0,2841.5,0,1000000000.00,0.000000
-1125.0,-1000.0,2818.2,0,1000000000.00,0.000000
-1100.0,-1000.0,2795.0,0,1000000000.00,0.000000
-1075.0,-1000.0,2771.7,0,1000000000.00,0.000000
-1050.0,-1000.0,2748.5,0,1000000000.00,0.000000
-1025.0,-1000.0,2725.3,0,1000000000.00,0.000000
-1000.0,-1000.0,2702.2,0,1000000000.00,0.000000
-975.0,-1000.0,2679.1,0,1000000000.00,0.000000
-950.0,-1000.0,2656.0,0,1000000000.00,0.000000
-925.0,-1000.0,2633.0,0,1000000000.00,0.000000
-900.0,-1000.0,2610.0,0,1000000000.00,0.000000
-875.0,-1000.0,2587.0,0,1000000000.00,0.000000
-850.0,-1000.0,2564.1,0,1000000000.00,0.000000
-825.0,-1000.0,2541.2,0,1000000000.00,0.000000
-800.0,-1000.0,2518.3,0,1000000000.00,0.000000
-775.0,-1000.0,2495.5,0,1000000000.00,0.000000
-750.0,-1000.0,2472.8,0,1000000000.00,0.000000
-725.0,-1000.0,2450.0,0,1000000000.00,0.000000
-700.0,-1000.0,2427.4,0,1000000000.00,0.000000
-675.0,-1000.0,2404.7,0,1000000000.00,0.000000
-650.0,-1000.0,2382.1,0,1000000000.00,0.000000
-625.0,-1000.0,2359.6,0,1000000000.00,0.000000
-600.0,-1000.0,2337.1,0,1000000000.00,0.000000
-575.0,-1000.0,2314.7,0,1000000000.00,0.000000
-550.0,-1000.0,2292.3,0,1000000000.00,0.000000
-525.0,-1000.0,2270.0,0,1000000000.00,0.000000
-500.0,-1000.0,2247.7,0,1000000000.00,0.000000
-475.0,-1000.0,2225.5,0,1000000000.00,0.000000
-450.0,-1000.0,2203.3,0,1000000000.00,0.000000
-425.0,-1000.0,2181.2,0,1000000000.00,0.000000
-400.0,-1000.0,2159.2,0,1000000000.00,0.000000
-375.0,-1000.0,2137.2,0,1000000000.00,0.000000
-350.0,-1000.0,2115.3,0,1000000000.00,0.000000
-325.0,-1000.0,2093.5,0,1000000000.00,0.000000
-300.0,-1000.0,2071.8,0,1000000000.00,0.000000
-275.0,-1000.0,2050.1,0,1000000000.00,0.000000
-250.0,-1000.0,2028.5,0,1000000000.00,0.000000
-225.0,-1000.0,2007.0,0,1000000000.00,0.000000
-200.0,-1000.0,1985.5,0,1000000000.00,0.000000
-175.0,-1000.0,1964.2,0,1000000000.00,0.000000
-150.0,-1000.0,1942.9,0,1000000000.00,0.000000
-125.0,-1000.0,1921.7,0,1000000000.00,0.000000
-100.0,-1000.0,1900.6,0,1000000000.00,0.000000
-75.0,-1000.0,1879.6,0,1000000000.00,0.000000
-50.0,-1000.0,1858.7,0,1000000000.00,0.000000
-25.0,-1000.0,1837.9,0,1000000000.00,0.000000
0.0,-1000.0,1817.2,0,1000000000.00,0.000000
25.0,-1000.0,1796.7,0,1000000000.00,0.000000
50.0,-1000.0,1776.2,0,1000000000.00,0.000000
75.0,-1000.0,1755.9,0,1000000000.00,0.000000
100.0,-1000.0,1735.6,0,1000000000.00,0.000000
125.0,-1000.0,1715.5,0,1000000000.00,0.000000
150.0,-1000.0,1695.6,0,1000000000.00,0.000000
175.0,-1000.0,1675.7,0,1000000000.00,0.000000
200.0,-1000.0,1656.0,0,1000000000.00,0.000000
225.0,-1000.0,1636.5,0,1000000000.00,0.000000
250.0,-1000.0,1617.1,0,1000000000.00,0.000000
275.0,-1000.0,1597.8,0,1000000000.00,0.000000
300.0,-1000.0,1578.8,0,1000000000.00,0.000000
325.0,-1000.0,1559.8,0,1000000000.00,0.000000
350.0,-1000.0,1541.1,0,1000000000.00,0.000000
375.0,-1000.0,1522.5,0,1000000000.00,0.000000
400.0,-1000.0,1504.2,0,1000000000.00,0.000000
425.0,-1000.0,1486.0,0,1000000000.00,0.000000
450.0,-1000.0,1468.0,0,1000000000.00,0.000000
475.0,-1000.0,1450.2,0,1000000000.00,0.000000
500.0,-1000.0,1432.7,0,1000000000.00,0.000000
525.0,-1000.0,1415.4,0,1000000000.00,0.000000
550.0,-1000.0,1398.3,0,1000000000.00,0.000000
575.0,-1000.0,1381.4,0,1000000000.00,0.000000
600.0,-1000.0,1364.8,0,1000000000.00,0.000000
625.0,-1000.0,1348.4,0,1000000000.00,0.000000
650.0,-1000.0,1332.3,0,1000000000.00,0.000000
675.0,-1000.0,1316.5,0,1000000000.00,0.000000
700.0,-1000.0,1301.0,0,1000000000.00,0.000000
725.0,-1000.0,1285.8,0,1000000000.00,0.000000
750.0,-1000.0,1270.9,0,1000000000.00,0.000000
775.0,-1000.0,1262.2,0,1000000000.00,0.000000
800.0,-1000.0,1277.6,0,1000000000.00,0.000000
825.0,-1000.0,1293.3,0,1000000000.00,0.000000
850.0,-1000.0,1309.3,0,1000000000.00,0.000000
875.0,-1000.0,1325.5,0,1000000000.00,0.000000
900.0,-1000.0,1342.1,0,1000000000.00,0.000000
925.0,-1000.0,1358.9,0,1000000000.00,0.000000
950.0,-1000.0,1375.9,0,1000000000.00,0.000000
975.0,-1000.0,1393.2,0,1000000000.00,0.000000
1000.0,-1000.0,1410.7,0,1000000000.00,0.000000
1025.0,-1000.0,1428.5,0,1000000000.00,0.000000
1050.0,-1000.0,1446.4,0,1000000000.00,0.000000
1075.0,-1000.0,1464.6,0,1000000000.00,0.000000
1100.0,-1000.0,1483.0,0,1000000000.00,0.000000
1125.0,-1000.0,1501.5,0,1000000000.00,0.000000
1150.0,-1000.0,1520.3,0,1000000000.00,0.000000
1175.0,-1000.0,1539.2,0,1000000000.00,0.000000
1200.0,-1000.0,1558.3,0,1000000000.00,0.000000
1225.0,-1000.0,1577.5,0,1000000000.00,0.000000
1250.0,-1000.0,1596.9,0,1000000000.00,0.000000
1275.0,-1000.0,1616.5,0,1000000000.00,0.000000
1300.0,-1000.0,1636.2,0,1000000000.00,0.000000
1325.0,-1000.0,1656.1,0,1000000000.00,0.000000
1350.0,-1000.0,1676.1,0,1000000000.00,0.000000
1375.0,-1000.0,1696.2,0,1000000000.00,0.000000
1400.0,-1000.0,1716.5,0,1000000000.00,0.000000
1425.0,-1000.0,1736.8,0,1000000000.00,0.000000
1450.0,-1000.0,1757.3,0,1000000000.00,0.000000
1475.0,-1000.0,1777.9,0,1000000000.00,0.000000
1500.0,-1000.0,1798.7,0,1000000000.00,0.000000
1525.0,-1000.0,1819.5,0,1000000000.00,0.000000
1550.0,-1000.0,1840.4,0,1000000000.00,0.000000
1575.0,-1000.0,1861.5,0,1000000000.00,0.000000
1600.0,-1000.0,1882.6,0,1000000000.00,0.000000
1625.0,-1000.0,1903.8,0,1000000000.00,0.000000
1650.0,-1000.0,1925.1,0,1000000000.00,0.000000
1675.0,-1000.0,1946.6,0,1000000000.00,0.000000
1700.0,-1000.0,1968.0,0,1000000000.00,0.000000
1725.0,-1000.0,1989.6,0,1000000000.00,0.000000
1750.0,-1000.0,2011.3,0,1000000000.00,0.000000
1775.0,-1000.0,2033.0,0,1000000000.00,0.000000
1800.0,-1000.0,2054.8,0,1000000000.00,0.000000
-1800.0,-975.0,3448.3,0,1000000000.00,0.000000
-1775.0,-975.0,3424.4,0,1000000000.00,0.000000
-1750.0,-975.0,3400.5,0,1000000000.00,0.000000
-1725.0,-975.0,3376.6,0,1000000000.00,0.000000
-1700.0,-975.0,3352.7,0,1000000000.00,0.000000
-1675.0,-975.0,3328.9,0,1000000000.00,0.000000
-1650.0,-975.0,3305.1,0,1000000000.00,0.000000
-1625.0,-975.0,3281.2,0,1000000000.00,0.000000
-1600.0,-975.0,3257.4,0,1000000000.00,0.000000
-1575.0,-975.0,3233.7,0,1000000000.00,0.000000
-1550.0,-975.0,3209.9,0,1000000000.00,0.000000
-1525.0,-975.0,3186.2,0,1000000000.00,0.000000
-1500.0,-975.0,3162.4,0,1000000000.00,0.000000
-1475.0,-975.0,3138.7,0,1000000000.00,0.000000
-1450.0,-975.0,3115.0,0,1000000000.00,0.000000
-1425.0,-975.0,3091.4,0,1000000000.00,0.000000
-1400.0,-975.0,3067.7,0,1000000000.00,0.000000
-1375.0,-975.0,3044.1,0,1000000000.00,0.000000
-1350.0,-975.0,3020.5,0,1000000000.00,0.000000
-1325.0,-975.0,2996.9,0,1000000000.00,0.000000
-1300.0,-975.0,2973.4,0,1000000000.00,0.000000
-1275.0,-975.0,2949.9,0,1000000000.00,0.000000
-1250.0,-975.0,2926.4,0,1000000000.00,0.000000
-1225.0,-975.0,2902.9,0,1000000000.00,0.000000
-1200.0,-975.0,2879.4,0,1000000000.00,0.000000
-1175.0,-975.0,2856.0,0,1000000000.00,0.000000
-1150.0,-975.0,2832.6,0,1000000000.00,0.000000
-1125.0,-975.0,2809.2,0,1000000000.00,0.000000
-1100.0,-975.0,2785.9,0,1000000000.00,0.000000
-1075.0,-975.0,2762.6,0,1000000000.00,0.000000
-1050.0,-975.0,2739.3,0,1000000000.00,0.000000
-1025.0,-975.0,2716.0,0,1000000000.00,0.000000
-1000.0,-975.0,2692.8,0,1000000000.00,0.000000
-975.0,-975.0,2669.6,0,1000000000.00,0.000000
-950.0,-975.0,2646.5,0,1000000000.00,0.000000
-925.0,-975.0,2623.3,0,1000000000.00,0.000000
-900.0,-975.0,2600.2,0,1000000000.00,0.000000
-875.0,-975.0,2577.2,0,1000000000.00,0.000000
-850.0,-975.0,2554.2,0,1000000000.00,0.000000
-825.0,-975.0,2531.2,0,1000000000.00,0.000000
-800.0,-975.0,2508.2,0,1000000000.00,0.000000
-775.0,-975.0,2485.3,0,1000000000.00,0.000000
-750.0,-975.0,2462.5,0,1000000000.00,0.000000
-725.0,-975.0,2439.7,0,1000000000.00,0.000000
-700.0,-975.0,2416.9,0,1000000000.00,0.000000
-675.0,-975.0,2394.2,0,1000000000.00,0.000000
-650.0,-975.0,2371.5,0,1000000000.00,0.000000
-625.0,-975.0,2348.8,0,1000000000.00,0.000000
-600.0,-975.0,2326.2,0,1000000000.00,0.000000
-575.0,-975.0,2303.7,0,1000000000.00,0.000000
-550.0,-975.0,2281.2,0,1000000000.00,0.000000
-525.0,-975.0,2258.8,0,1000000000.00,0.000000
-500.0,-975.0,2236.4,0,1000000000.00,0.000000
-475.0,-975.0,2214.1,0,1000000000.00,0.000000
-450.0,-975.0,2191.8,0,1000000000.00,0.000000
-425.0,-975.0,2169.6,0,1000000000.00,0.000000
-400.0,-975.0,2147.4,0,1000000000.00,0.000000
-375.0,-975.0,2125.4,0,1000000000.00,0.000000
-350.0,-975.0,2103.3,0,1000000000.00,0.000000
-325.0,-975.0,2081.4,0,1000000000.00,0.000000
-300.0,-975.0,2059.5,0,1000000000.00,0.000000
-275.0,-975.0,2037.7,0,1000000000.00,0.000000
-250.0,-975.0,2016.0,0,1000000000.00,0.000000
-225.0,-975.0,1994.3,0,1000000000.00,0.000000
-200.0,-975.0,1972.7,0,1000000000.00,0.000000
-175.0,-975.0,1951.2,0,1000000000.00,0.000000
-150.0,-975.0,1929.8,0,1000000000.00,0.000000
-125.0,-975.0,1908.5,0,1000000000.00,0.000000
-100.0,-975.0,1887.2,0,1000000000.00,0.000000
-75.0,-975.0,1866.1,0,1000000000.00,0.000000
-50.0,-975.0,1845.0,0,1000000000.00,0.000000
-25.0,-975.0,1824.1,0,1000000000.00,0.000000
0.0,-975.0,1803.2,0,1000000000.00,0.000000
25.0,-975.0,1782.5,0,1000000000.00,0.000000
50.0,-975.0,1761.9,0,1000000000.00,0.000000
75.0,-975.0,1741.4,0,1000000000.00,0.000000
100.0,-975.0,1721.0,0,1000000000.00,0.000000
125.0,-975.0,1700.7,0,1000000000.00,0.000000
150.0,-975.0,1680.5,0,1000000000.00,0.000000
175.0,-975.0,1660.5,0,1000000000.00,0.000000
200.0,-975.0,1640.7,0,1000000000.00,0.000000
225.0,-975.0,1620.9,0,1000000000.00,0.000000
250.0,-975.0,1601.3,0,1000000000.00,0.000000
275.0,-975.0,1581.9,0,1000000000.00,0.000000
300.0,-975.0,1562.6,0,1000000000.00,0.000000
325.0,-975.0,1543.5,0,1000000000.00,0.000000
350.0,-975.0,1524.6,0,1000000000.00,0.000000
375.0,-975.0,1505.8,0,1000000000.00,0.000000
400.0,-975.0,1487.2,0,1000000000.00,0.000000
425.0,-975.0,1468.8,0,1000000000.00,0.000000
450.0,-975.0,1450.6,0,1000000000.00,0.000000
475.0,-975.0,1432.7,0,1000000000.00,0.000000
500.0,-975.0,1414.9,0,1000000000.00,0.000000
525.0,-975.0,1397.3,0,1000000000.00,0.000000
550.0,-975.0,1380.0,0,1000000000.00,0.000000
575.0,-975.0,1362.9,0,1000000000.00,0.000000
600.0,-975.0,1346.1,0,1000000000.00,0.000000
625.0,-975.0,1329.5,0,1000000000.00,0.000000
650.0,-975.0,1313.2,0,1000000000.00,0.000000
675.0,-975.0,1297.2,0,1000000000.00,0.000000
700.0,-975.0,1281.4,0,1000000000.00,0.000000
725.0,-975.0,1266.0,0,1000000000.00,0.000000
750.0,-975.0,1250.8,0,1000000000.00,0.000000
775.0,-975.0,1242.5,0,1000000000.00,0.000000
800.0,-975.0,1258.1,0,1000000000.00,0.000000
825.0,-975.0,1274.0,0,1000000000.00,0.000000
850.0,-975.0,1290.3,0,1000000000.00,0.000000
875.0,-975.0,1306.8,0,1000000000.00,0.000000
900.0,-975.0,1323.6,0,1000000000.00,0.000000
925.0,-975.0,1340.6,0,1000000000.00,0.000000
950.0,-975.0,1357.9,0,1000000000.00,0.000000
975.0,-975.0,1375.4,0,1000000000.00,0.000000
1000.0,-975.0,1393.1,0,1000000000.00,0.000000
1025.0,-975.0,1411.1,0,1000000000.00,0.000000
1050.0,-975.0,1429.3,0,1000000000.00,0.000000
1075.0,-975.0,1447.7,0,1000000000.00,0.000000
1100.0,-975.0,1466.2,0,1000000000.00,0.000000
1125.0,-975.0,1485.0,0,1000000000.00,0.000000
1150.0,-975.0,1503.9,0,1000000000.00,0.000000
1175.0,-975.0,1523.1,0,1000000000.00,0.000000
1200.0,-975.0,1542.3,0,1000000000.00,0.000000
1225.0,-975.0,1561.8,0,1000000000.00,0.000000
1250.0,-975.0,1581.4,0,1000000000.00,0.000000
1275.0,-975.0,1601.2,0,1000000000.00,0.000000
1300.0,-975.0,1621.1,0,1000000000.00,0.000000
1325.0,-975.0,1641.1,0,1000000000.00,0.000000
1350.0,-975.0,1661.3,0,1000000000.00,0.000000
1375.0,-975.0,1681.6,0,1000000000.00,0.000000
1400.0,-975.0,1702.0,0,1000000000.00,0.000000
1425.0,-975.0,1722.6,0,1000000000.00,0.000000
1450.0,-975.0,1743.2,0,1000000000.00,0.000000
1475.0,-975.0,1764.0,0,1000000000.00,0.000000
1500.0,-975.0,1784.9,0,1000000000.00,0.000000
1525.0,-975.0,1805.9,0,1000000000.00,0.000000
1550.0,-975.0,1827.0,0,1000000000.00,0.000000
1575.0,-975.0,1848.2,0,1000000000.00,0.000000
1600.0,-975.0,1869.4,0,1000000000.00,0.000000
1625.0,-975.0,1890.8,0,1000000000.00,0.000000
1650.0,-975.0,1912.3,0,1000000000.00,0.000000
1675.0,-975.0,1933.8,0,1000000000.00,0.000000
1700.0,-975.0,1955.5,0,1000000000.00,0.000000
1725.0,-975.0,1977.2,0,1000000000.00,0.000000
1750.0,-975.0,1999.0,0,1000000000.00,0.000000
1775.0,-975.0,2020.8,0,1000000000.00,0.000000
1800.0,-975.0,2042.7,0,1000000000.00,0.000000
-1800.0,-950.0,3441.1,0,1000000000.00,0.000000
-1775.0,-950.0,3417.2,0,1000000000.00,0.000000
-1750.0,-950.0,3393.2,0,1000000000.00,0.000000
-1725.0,-950.0,3369.3,0,1000000000.00,0.000000
-1700.0,-950.0,3345.4,0,1000000000.00,0.000000
-1675.0,-950.0,3321.5,0,1000000000.00,0.000000
-1650.0,-950.0,3297.6,0,1000000000.00,0.000000
-1625.0,-950.0,3273.7,0,1000000000.00,0.000000
-1600.0,-950.0,3249.8,0,1000000000.00,0.000000
-1575.0,-950.0,3226.0,0,1000000000.00,0.000000
-1550.0,-950.0,3202.2,0,1000000000.00,0.000000
-1525.0,-950.0,3178.4,0,1000000000.00,0.000000
-1500.0,-950.0,3154.6,0,1000000000.00,0.000000
-1475.0,-950.0,3130.8,0,1000000000.00,0.000000
-1450.0,-950.0,3107.1,0,1000000000.00,0.000000
-1425.0,-950.0,3083.4,0,1000000000.00,0.000000
-1400.0,-950.0,3059.7,0,1000000000.00,0.000000
-1375.0,-950.0,3036.0,0,1000000000.00,0.000000
-1350.0,-950.0,3012.3,0,1000000000.00,0.000000
-1325.0,-950.0,2988.7,0,1000000000.00,0.000000
-1300.0,-950.0,2965.1,0,1000000000.00,0.000000
-1275.0,-950.0,2941.5,0,1000000000.00,0.000000
-1250.0,-950.0,2917.9,0,1000000000.00,0.000000
-1225.0,-950.0,2894.4,0,1000000000.00,0.000000
-1200.0,-950.0,2870.8,0,1000000000.00,0.000000
-1175.0,-950.0,2847.3,0,1000000000.00,0.000000
-1150.0,-950.0,2823.9,0,1000000000.00,0.000000
-1125.0,-950.0,2800.4,0,1000000000.00,0.000000
-1100.0,-950.0,2777.0,0,1000000000.00,0.000000
-1075.0,-950.0,2753.6,0,1000000000.00,0.000000
-1050.0,-950.0,2730.2,0,1000000000.00,0.000000
-1025.0,-950.0,2706.9,0,1000000000.00,0.000000
-1000.0,-950.0,2683.6,0,1000000000.00,0.000000
-975.0,-950.0,2660.3,0,1000000000.00,0.000000
-950.0,-950.0,2637.1,0,1000000000.00,0.000000
-925.0,-950.0,2613.9,0,1000000000.00,0.000000
-900.0,-950.0,2590.7,0,1000000000.00,0.000000
-875.0,-950.0,2567.6,0,1000000000.00,0.000000
-850.0,-950.0,2544.5,0,1000000000.00,0.000000
-825.0,-950.0,2521.4,0,1000000000.00,0.000000
-800.0,-950.0,2498.4,0,1000000000.00,0.000000
-775.0,-950.0,2475.4,0,1000000000.00,0.000000
-750.0,-950.0,2452.4,0,1000000000.00,0.000000
-725.0,-950.0,2429.5,0,1000000000.00,0.000000
-700.0,-950.0,2406.6,0,1000000000.00,0.000000
-675.0,-950.0,2383.8,0,1000000000.00,0.000000
-650.0,-950.0,2361.0,0,1000000000.00,0.000000
-625.0,-950.0,2338.3,0,1000000000.00,0.000000
-600.0,-950.0,2315.6,0,1000000000.00,0.000000
-575.0,-950.0,2292.9,0,1000000000.00,0.000000
-550.0,-950.0,2270.3,0,1000000000.00,0.000000
-525.0,-950.0,2247.8,0,1000000000.00,0.000000
-500.0,-950.0,2225.3,0,1000000000.00,0.000000
-475.0,-950.0,2202.9,0,1000000000.00,0.000000
-450.0,-950.0,2180.5,0,1000000000.00,0.000000
-425.0,-950.0,2158.2,0,1000000000.00,0.000000
-400.0,-950.0,2135.9,0,1000000000.00,0.000000
-375.0,-950.0,2113.7,0,1000000000.00,0.000000
-350.0,-950.0,2091.5,0,1000000000.00,0.000000
-325.0,-950.0,2069.5,0,1000000000.00,0.000000
-300.0,-950.0,2047.5,0,1000000000.00,0.000000
-275.0,-950.0,2025.5,0,1000000000.00,0.000000
-250.0,-950.0,2003.7,0,1000000000.00,0.000000
-225.0,-950.0,1981.9,0,1000000000.00,0.000000
-200.0,-950.0,1960.1,0,1000000000.00,0.000000
-175.0,-950.0,1938.5,0,1000000000.00,0.000000
-150.0,-950.0,1916.9,0,1000000000.00,0.000000
-125.0,-950.0,1895.5,0,1000000000.00,0.000000
-100.0,-950.0,1874.1,0,1000000000.00,0.000000
-75.0,-950.0,1852.8,0,1000000000.00,0.000000
-50.0,-950.0,1831.6,0,1000000000.00,0.000000
-25.0,-950.0,1810.5,0,1000000000.00,0.000000
0.0,-950.0,1789.5,0,1000000000.00,0.000000
25.0,-950.0,1768.6,0,1000000000.00,0.000000
50.0,-950.0,1747.8,0,1000000000.00,0.000000
75.0,-950.0,1727.1,0,1000000000.00,0.000000
100.0,-950.0,1706.5,0,1000000000.00,0.000000
125.0,-950.0,1686.1,0,1000000000.00,0.000000
150.0,-950.0,1665.8,0,1000000000.00,0.000000
175.0,-950.0,1645.6,0,1000000000.00,0.000000
200.0,-950.0,1625.5,0,1000000000.00,0.000000
225.0,-950.0,1605.6,0,1000000000.00,0.000000
250.0,-950.0,1585.8,0,1000000000.00,0.000000
275.0,-950.0,1566.2,0,1000000000.00,0.000000
300.0,-950.0,1546.7,0,1000000000.00,0.000000
325.0,-950.0,1527.4,0,1000000000.00,0.000000
350.0,-950.0,1508.3,0,1000000000.00,0.000000
375.0,-950.0,1489.3,0,1000000000.00,0.000000
400.0,-950.0,1470.5,0,1000000000.00,0.000000
425.0,-950.0,1451.9,0,1000000000.00,0.000000
450.0,-950.0,1433.5,0,1000000000.00,0.000000
475.0,-950.0,1415.3,0,1000000000.00,0.000000
500.0,-950.0,1397.3,0,1000000000.00,0.000000
525.0,-950.0,1379.5,0,1000000000.00,0.000000
550.0,-950.0,1362.0,0,1000000000.00,0.000000
575.0,-950.0,1344.7,0,1000000000.00,0.000000
600.0,-950.0,1327.6,0,1000000000.00,0.000000
625.0,-950.0,1310.8,0,1000000000.00,0.000000
650.0,-950.0,1294.2,0,1000000000.00,0.000000
675.0,-950.0,1278.0,0,1000000000.00,0.000000
700.0,-950.0,1262.0,0,1000000000.00,0.000000
725.0,-950.0,1246.3,0,1000000000.00,0.000000
750.0,-950.0,1230.9,0,1000000000.00,0.000000
775.0,-950.0,1222.9,0,1000000000.00,0.000000
800.0,-950.0,1238.8,0,1000000000.00,0.000000
825.0,-950.0,1255.0,0,1000000000.00,0.000000
850.0,-950.0,1271.5,0,1000000000.00,0.000000
875.0,-950.0,1288.2,0,1000000000.00,0.000000
900.0,-950.0,1305.3,0,1000000000.00,0.000000
925.0,-950.0,1322.5,0,1000000000.00,0.000000
950.0,-950.0,1340.0,0,1000000000.00,0.000000
975.0,-950.0,1357.8,0,1000000000.00,0.000000
1000.0,-950.0,1375.8,0,1000000000.00,0.000000
1025.0,-950.0,1393.9,0,1000000000.00,0.000000
1050.0,-950.0,1412.3,0,1000000000.00,0.000000
1075.0,-950.0,1430.9,0,1000000000.00,0.000000
1100.0,-950.0,1449.7,0,1000000000.00,0.000000
1125.0,-950.0,1468.7,0,1000000000.00,0.000000
1150.0,-950.0,1487.8,0,1000000000.00,0.000000
1175.0,-950.0,1507.2,0,1000000000.00,0.000000
1200.0,-950.0,1526.7,0,1000000000.00,0.000000
1225.0,-950.0,1546.3,0,1000000000.00,0.000000
1250.0,-950.0,1566.1,0,1000000000.00,0.000000
1275.0,-950.0,1586.1,0,1000000000.00,0.000000
1300.0,-950.0,1606.1,0,1000000000.00,0.000000
1325.0,-950.0,1626.4,0,1000000000.00,0.000000
1350.0,-950.0,1646.7,0,1000000000.00,0.000000
1375.0,-950.0,1667.2,0,1000000000.00,0.000000
1400.0,-950.0,1687.8,0,1000000000.00,0.000000
1425.0,-950.0,1708.5,0,1000000000.00,0.000000
1450.0,-950.0,1729.4,0,1000000000.00,0.000000
1475.0,-950.0,1750.3,0,1000000000.00,0.000000
1500.0,-950.0,1771.4,0,1000000000.00,0.000000
1525.0,-950.0,1792.5,0,1000000000.00,0.000000
1550.0,-950.0,1813.8,0,1000000000.00,0.000000
1575.0,-950.0,1835.1,0,1000000000.00,0.000000
1600.0,-950.0,1856.5,0,1000000000.00,0.000000
1625.0,-950.0,1878.0,0,1000000000.00,0.000000
1650.0,-950.0,1899.7,0,1000000000.00,0.000000
1675.0,-950.0,1921.3,0,1000000000.00,0.000000
1700.0,-950.0,1943.1,0,1000000000.00,0.000000
1725.0,-950.0,1965.0,0,1000000000.00,0.000000
1750.0,-950.0,1986.9,0,1000000000.00,0.000000
1775.0,-950.0,2008.9,0,1000000000.00,0.000000
1800.0,-950.0,2030.9,0,1000000000.00,0.000000
-1800.0,-925.0,3434.1,0,1000000000.00,0.000000
-1775.0,-925.0,3410.1,0,1000000000.00,0.000000
-1750.0,-925.0,3386.1,0,1000000000.00,0.000000
-1725.0,-925.0,3362.1,0,1000000000.00,0.000000
-1700.0,-925.0,3338.2,0,1000000000.00,0.000000
-1675.0,-925.0,3314.2,0,1000000000.00,0.000000
-1650.0,-925.0,3290.3,0,1000000000.00,0.000000
-1625.0,-925.0,3266.3,0,1000000000.00,0.000000
-1600.0,-925.0,3242.4,0,1000000000.00,0.000000
-1575.0,-925.0,3218.5,0,1000000000.00,0.000000
-1550.0,-925.0,3194.7,0,1000000000.00,0.000000
-1525.0,-925.0,3170.8,0,1000000000.00,0.000000
-1500.0,-925.0,3147.0,0,1000000000.00,0.000000
-1475.0,-925.0,3123.1,0,1000000000.00,0.000000
-1450.0,-925.0,3099.3,0,1000000000.00,0.000000
-1425.0,-925.0,3075.6,0,1000000000.00,0.000000
-1400.0,-925.0,3051.8,0,1000000000.00,0.000000
-1375.0,-925.0,3028.0,0,1000000000.00,0.000000
-1350.0,-925.0,3004.3,0,1000000000.00,0.000000
-1325.0,-925.0,2980.6,0,1000000000.00,0.000000
-1300.0,-925.0,2956.9,0,1000000000.00,0.000000
-1275.0,-925.0,2933.3,0,1000000000.00,0.000000
-1250.0,-925.0,2909.6,0,1000000000.00,0.000000
-1225.0,-925.0,2886.0,0,1000000000.00,0.000000
-1200.0,-925.0,2862.4,0,1000000000.00,0.000000
-1175.0,-925.0,2838.9,0,1000000000.00,0.000000
-1150.0,-925.0,2815.3,0,1000000000.00,0.000000
-1125.0,-925.0,2791.8,0,1000000000.00,0.000000
-1100.0,-925.0,2768.3,0,1000000000.00,0.000000
-1075.0,-925.0,2744.8,0,1000000000.00,0.000000
-1050.0,-925.0,2721.4,0,1000000000.00,0.000000
-1025.0,-925.0,2698.0,0,1000000000.00,0.000000
-1000.0,-925.0,2674.6,0,1000000000.00,0.000000
-975.0,-925.0,2651.3,0,1000000000.00,0.000000
-950.0,-925.0,2628.0,0,1000000000.00,0.000000
-925.0,-925.0,2604.7,0,1000000000.00,0.000000
-900.0,-925.0,2581.4,0,1000000000.00,0.000000
-875.0,-925.0,2558.2,0,1000000000.00,0.000000
-850.0,-925.0,2535.0,0,1000000000.00,0.000000
-825.0,-925.0,2511.8,0,1000000000.00,0.000000
-800.0,-925.0,2488.7,0,1000000000.00,0.000000
-775.0,-925.0,2465.6,0,1000000000.00,0.000000
-750.0,-925.0,2442.6,0,1000000000.00,0.000000
-725.0,-925.0,2419.6,0,1000000000.00,0.000000
-700.0,-925.0,2396.6,0,1000000000.00,0.000000
-675.0,-925.0,2373.7,0,1000000000.00,0.000000
-650.0,-925.0,2350.8,0,1000000000.00,0.000000
-625.0,-925.0,2328.0,0,1000000000.00,0.000000
-600.0,-925.0,2305.2,0,1000000000.00,0.000000
-575.0,-925.0,2282.4,0,1000000000.00,0.000000
-550.0,-925.0,2259.7,0,1000000000.00,0.000000
-525.0,-925.0,2237.1,0,1000000000.00,0.000000
-500.0,-925.0,2214.5,0,1000000000.00,0.000000
-475.0,-925.0,2191.9,0,1000000000.00,0.000000
-450.0,-925.0,2169.4,0,1000000000.00,0.000000
-425.0,-925.0,2147.0,0,1000000000.00,0.000000
-400.0,-925.0,2124.6,0,1000000000.00,0.000000
-375.0,-925.0,2102.3,0,1000000000.00,0.000000
-350.0,-925.0,2080.0,0,1000000000.00,0.000000
-325.0,-925.0,2057.8,0,1000000000.00,0.000000
-300.0,-925.0,2035.7,0,1000000000.00,0.000000
-275.0,-925.0,2013.6,0,1000000000.00,0.000000
-250.0,-925.0,1991.6,0,1000000000.00,0.000000
-225.0,-925.0,1969.7,0,1000000000.00,0.000000
-200.0,-925.0,1947.8,0,1000000000.00,0.000000
-175.0,-925.0,1926.0,0,1000000000.00,0.000000
-150.0,-925.0,1904.3,0,1000000000.00,0.000000
-125.0,-925.0,1882.7,0,1000000000.00,0.000000
-100.0,-925.0,1861.2,0,1000000000.00,0.000000
-75.0,-925.0,1839.7,0,1000000000.00,0.000000
-50.0,-925.0,1818.4,0,1000000000.00,0.000000
-25.0,-925.0,1797.1,0,1000000000.00,0.000000
0.0,-925.0,1776.0,0,1000000000.00,0.000000
25.0,-925.0,1754.9,0,1000000000.00,0.000000
50.0,-925.0,1733.9,0,1000000000.00,0.000000
75.0,-925.0,1713.1,0,1000000000.00,0.000000
100.0,-925.0,1692.4,0,1000000000.00,0.000000
125.0,-925.0,1671.7,0,1000000000.00,0.000000
150.0,-925.0,1651.2,0,1000000000.00,0.000000
175.0,-925.0,1630.9,0,1000000000.00,0.000000
200.0,-925.0,1610.6,0,1000000000.00,0.000000
225.0,-925.0,1590.5,0,1000000000.00,0.000000
250.0,-925.0,1570.6,0,1000000000.00,0.000000
275.0,-925.0,1550.7,0,1000000000.00,0.000000
300.0,-925.0,1531.1,0,1000000000.00,0.000000
325.0,-925.0,1511.6,0,1000000000.00,0.000000
350.0,-925.0,1492.2,0,1000000000.00,0.000000
375.0,-925.0,1473.0,0,1000000000.00,0.000000
400.0,-925.0,1454.0,0,1000000000.00,0.000000
425.0,-925.0,1435.2,0,1000000000.00,0.000000
450.0,-925.0,1416.6,0,1000000000.00,0.000000
475.0,-925.0,1398.2,0,1000000000.00,0.000000
500.0,-925.0,1380.0,0,1000000000.00,0.000000
525.0,-925.0,1362.0,0,1000000000.00,0.000000
550.0,-925.0,1344.2,0,1000000000.00,0.000000
575.0,-925.0,1326.6,0,1000000000.00,0.000000
600.0,-925.0,1309.3,0,1000000000.00,0.000000
625.0,-925.0,1292.3,0,1000000000.00,0.000000
650.0,-925.0,1275.5,0,1000000000.00,0.000000
675.0,-925.0,1259.0,0,1000000000.00,0.000000
700.0,-925.0,1242.7,0,1000000000.00,0.000000
725.0,-925.0,1226.8,0,1000000000.00,0.000000
750.0,-925.0,1211.2,0,1000000000.00,0.000000
775.0,-925.0,1203.6,0,1000000000.00,0.000000
800.0,-925.0,1219.8,0,1000000000.00,0.000000
825.0,-925.0,1236.2,0,1000000000.00,0.000000
850.0,-925.0,1252.9,0,1000000000.00,0.000000
875.0,-925.0,1269.9,0,1000000000.00,0.000000
900.0,-925.0,1287.2,0,1000000000.00,0.000000
925.0,-925.0,1304.7,0,1000000000.00,0.000000
950.0,-925.0,1322.4,0,1000000000.00,0.000000
975.0,-925.0,1340.4,0,1000000000.00,0.000000
1000.0,-925.0,1358.6,0,1000000000.00,0.000000
1025.0,-925.0,1377.0,0,1000000000.00,0.000000
1050.0,-925.0,1395.6,0,1000000000.00,0.000000
1075.0,-925.0,1414.5,0,1000000000.00,0.000000
1100.0,-925.0,1433.5,0,1000000000.00,0.000000
1125.0,-925.0,1452.6,0,1000000000.00,0.000000
1150.0,-925.0,1472.0,0,1000000000.00,0.000000
1175.0,-925.0,1491.5,0,1000000000.00,0.000000
1200.0,-925.0,1511.2,0,1000000000.00,0.000000
1225.0,-925.0,1531.1,0,1000000000.00,0.000000
1250.0,-925.0,1551.1,0,1000000000.00,0.000000
1275.0,-925.0,1571.2,0,1000000000.00,0.000000
1300.0,-925.0,1591.5,0,1000000000.00,0.000000
1325.0,-925.0,1611.9,0,1000000000.00,0.000000
1350.0,-925.0,1632.4,0,1000000000.00,0.000000
1375.0,-925.0,1653.1,0,1000000000.00,0.000000
1400.0,-925.0,1673.9,0,1000000000.00,0.000000
1425.0,-925.0,1694.8,0,1000000000.00,0.000000
1450.0,-925.0,1715.8,0,1000000000.00,0.000000
1475.0,-925.0,1736.9,0,1000000000.00,0.000000
1500.0,-925.0,1758.1,0,1000000000.00,0.000000
1525.0,-925.0,1779.4,0,1000000000.00,0.000000
1550.0,-925.0,1800.8,0,1000000000.00,0.000000
1575.0,-925.0,1822.3,0,1000000000.00,0.000000
1600.0,-925.0,1843.9,0,1000000000.00,0.000000
1625.0,-925.0,1865.5,0,1000000000.00,0.000000
1650.0,-925.0,1887.3,0,1000000000.00,0.000000
1675.0,-925.0,1909.1,0,1000000000.00,0.000000
1700.0,-925.0,1931.0,0,1000000000.00,0.000000
1725.0,-925.0,1953.0,0,1000000000.00,0.000000
1750.0,-925.0,1975.0,0,1000000000.00,0.000000
1775.0,-925.0,1997.2,0,1000000000.00,0.000000
1800.0,-925.0,2019.4,0,1000000000.00,0.000000
-1800.0,-900.0,3427.3,0,1000000000.00,0.000000
-1775.0,-900.0,3403.2,0,1000000000.00,0.000000
-1750.0,-900.0,3379.2,0,1000000000.00,0.000000
-1725.0,-900.0,3355.1,0,1000000000.00,0.000000
-1700.0,-900.0,3331.1,0,1000000000.00,0.000000
-1675.0,-900.0,3307.1,0,1000000000.00,0.000000
-1650.0,-900.0,3283.1,0,1000000000.00,0.000000
-1625.0,-900.0,3259.1,0,1000000000.00,0.000000
-1600.0,-900.0,3235.2,0,1000000000.00,0.000000
-1575.0,-900.0,3211.2,0,1000000000.00,0.000000
-1550.0,-900.0,3187.3,0,1000000000.00,0.000000
-1525.0,-900.0,3163.4,0,1000000000.00,0.000000
-1500.0,-900.0,3139.5,0,1000000000.00,0.000000
-1475.0,-900.0,3115.6,0,1000000000.00,0.000000
-1450.0,-900.0,3091.8,0,1000000000.00,0.000000
-1425.0,-900.0,3067.9,0,1000000000.00,0.000000
-1400.0,-900.0,3044.1,0,1000000000.00,0.000000
-1375.0,-900.0,3020.3,0,1000000000.00,0.000000
-1350.0,-900.0,2996.5,0,1000000000.00,0.000000
-1325.0,-900.0,2972.7,0,1000000000.00,0.000000
-1300.0,-900.0,2949.0,0,1000000000.00,0.000000
-1275.0,-900.0,2925.3,0,1000000000.00,0.000000
-1250.0,-900.0,2901.6,0,1000000000.00,0.000000
-1225.0,-900.0,2877.9,0,1000000000.00,0.000000
-1200.0,-900.0,2854.2,0,1000000000.00,0.000000
-1175.0,-900.0,2830.6,0,1000000000.00,0.000000
-1150.0,-900.0,2807.0,0,1000000000.00,0.000000
-1125.0,-900.0,2783.4,0,1000000000.00,0.000000
-1100.0,-900.0,2759.8,0,1000000000.00,0.000000
-1075.0,-900.0,2736.3,0,1000000000.00,0.000000
-1050.0,-900.0,2712.8,0,1000000000.00,0.000000
-1025.0,-900.0,2689.3,0,1000000000.00,0.000000
-1000.0,-900.0,2665.8,0,1000000000.00,0.000000
-975.0,-900.0,2642.4,0,1000000000.00,0.000000
-950.0,-900.0,2619.0,0,1000000000.00,0.000000
-925.0,-900.0,2595.6,0,1000000000.00,0.000000
-900.0,-900.0,2572.3,0,1000000000.00,0.000000
-875.0,-900.0,2549.0,0,1000000000.00,0.000000
-850.0,-900.0,2525.7,0,1000000000.00,0.000000
-825.0,-900.0,2502.5,0,1000000000.00,0.000000
-800.0,-900.0,2479.3,0,1000000000.00,0.000000
-775.0,-900.0,2456.1,0,1000000000.00,0.000000
-750.0,-900.0,2433.0,0,1000000000.00,0.000000
-725.0,-900.0,2409.9,0,1000000000.00,0.000000
-700.0,-900.0,2386.8,0,1000000000.00,0.000000
-675.0,-900.0,2363.8,0,1000000000.00,0.000000
-650.0,-900.0,2340.8,0,1000000000.00,0.000000
-625.0,-900.0,2317.9,0,1000000000.00,0.000000
-600.0,-900.0,2295.0,0,1000000000.00,0.000000
-575.0,-900.0,2272.1,0,1000000000.00,0.000000
-550.0,-900.0,2249.3,0,1000000000.00,0.000000
-525.0,-900.0,2226.5,0,1000000000.00,0.000000
-500.0,-900.0,2203.8,0,1000000000.00,0.000000
-475.0,-900.0,2181.2,0,1000000000.00,0.000000
-450.0,-900.0,2158.6,0,1000000000.00,0.000000
-425.0,-900.0,2136.0,0,1000000000.00,0.000000
-400.0,-900.0,2113.5,0,1000000000.00,0.000000
-375.0,-900.0,2091.1,0,1000000000.00,0.000000
-350.0,-900.0,2068.7,0,1000000000.00,0.000000
-325.0,-900.0,2046.4,0,1000000000.00,0.000000
-300.0,-900.0,2024.1,0,1000000000.00,0.000000
-275.0,-900.0,2001.9,0,1000000000.00,0.000000
-250.0,-900.0,1979.8,0,1000000000.00,0.000000
-225.0,-900.0,1957.7,0,1000000000.00,0.000000
-200.0,-900.0,1935.7,0,1000000000.00,0.000000
-175.0,-900.0,1913.8,0,1000000000.00,0.000000
-150.0,-900.0,1892.0,0,1000000000.00,0.000000
-125.0,-900.0,1870.2,0,1000000000.00,0.000000
-100.0,-900.0,1848.5,0,1000000000.00,0.000000
-75.0,-900.0,1826.9,0,1000000000.00,0.000000
-50.0,-900.0,1805.4,0,1000000000.00,0.000000
-25.0,-900.0,1784.0,0,1000000000.00,0.000000
0.0,-900.0,1762.7,0,1000000000.00,0.000000
25.0,-900.0,1741.5,0,1000000000.00,0.000000
50.0,-900.0,1720.4,0,1000000000.00,0.000000
75.0,-900.0,1699.3,0,1000000000.00,0.000000
100.0,-900.0,1678.4,0,1000000000.00,0.000000
125.0,-900.0,1657.7,0,1000000000.00,0.000000
150.0,-900.0,1637.0,0,1000000000.00,0.000000
175.0,-900.0,1616.4,0,1000000000.00,0.000000
200.0,-900.0,1596.0,0,1000000000.00,0.000000
225.0,-900.0,1575.7,0,1000000000.00,0.000000
250.0,-900.0,1555.5,0,1000000000.00,0.000000
275.0,-900.0,1535.5,0,1000000000.00,0.000000
300.0,-900.0,1515.7,0,1000000000.00,0.000000
325.0,-900.0,1496.0,0,1000000000.00,0.000000
350.0,-900.0,1476.4,0,1000000000.00,0.000000
375.0,-900.0,1457.0,0,1000000000.00,0.000000
400.0,-900.0,1437.8,0,1000000000.00,0.000000
425.0,-900.0,1418.8,0,1000000000.00,0.000000
450.0,-900.0,1399.9,0,1000000000.00,0.000000
475.0,-900.0,1381.3,0,1000000000.00,0.000000
500.0,-900.0,1362.8,0,1000000000.00,0.000000
525.0,-900.0,1344.6,0,1000000000.00,0.000000
550.0,-900.0,1326.6,0,1000000000.00,0.000000
575.0,-900.0,1308.8,0,1000000000.00,0.000000
600.0,-900.0,1291.3,0,1000000000.00,0.000000
625.0,-900.0,1274.0,0,1000000000.00,0.000000
650.0,-900.0,1256.9,0,1000000000.00,0.000000
675.0,-900.0,1240.2,0,1000000000.00,0.000000
700.0,-900.0,1223.7,0,1000000000.00,0.000000
725.0,-900.0,1207.5,0,1000000000.00,0.000000
750.0,-900.0,1191.6,0,1000000000.00,0.000000
775.0,-900.0,1184.5,0,1000000000.00,0.000000
800.0,-900.0,1200.9,0,1000000000.00,0.000000
825.0,-900.0,1217.6,0,1000000000.00,0.000000
850.0,-900.0,1234.6,0,1000000000.00,0.000000
875.0,-900.0,1251.8,0,1000000000.00,0.000000
900.0,-900.0,1269.3,0,1000000000.00,0.000000
925.0,-900.0,1287.1,0,1000000000.00,0.000000
950.0,-900.0,1305.1,0,1000000000.00,0.000000
975.0,-900.0,1323.3,0,1000000000.00,0.000000
1000.0,-900.0,1341.7,0,1000000000.00,0.000000
1025.0,-900.0,1360.4,0,1000000000.00,0.000000
1050.0,-900.0,1379.2,0,1000000000.00,0.000000
1075.0,-900.0,1398.2,0,1000000000.00,0.000000
1100.0,-900.0,1417.5,0,1000000000.00,0.000000
1125.0,-900.0,1436.9,0,1000000000.00,0.000000
1150.0,-900.0,1456.4,0,1000000000.00,0.000000
1175.0,-900.0,1476.2,0,1000000000.00,0.000000
1200.0,-900.0,1496.1,0,1000000000.00,0.000000
1225.0,-900.0,1516.1,0,1000000000.00,0.000000
1250.0,-900.0,1536.3,0,1000000000.00,0.000000
1275.0,-900.0,1556.6,0,1000000000.00,0.000000
1300.0,-900.0,1577.1,0,1000000000.00,0.000000
1325.0,-900.0,1597.7,0,1000000000.00,0.000000
1350.0,-900.0,1618.4,0,1000000000.00,0.000000
1375.0,-900.0,1639.2,0,1000000000.00,0.000000
1400.0,-900.0,1660.2,0,1000000000.00,0.000000
1425.0,-900.0,1681.2,0,1000000000.00,0.000000
1450.0,-900.0,1702.4,0,1000000000.00,0.000000
1475.0,-900.0,1723.7,0,1000000000.00,0.000000
1500.0,-900.0,1745.0,0,1000000000.00,0.000000
1525.0,-900.0,1766.5,0,1000000000.00,0.000000
1550.0,-900.0,1788.1,0,1000000000.00,0.000000
1575.0,-900.0,1809.7,0,1000000000.00,0.000000
1600.0,-900.0,1831.4,0,1000000000.00,0.000000
1625.0,-900.0,1853.3,0,1000000000.00,0.000000
1650.0,-900.0,1875.1,0,1000000000.00,0.000000
1675.0,-900.0,1897.1,0,1000000000.00,0.000000
1700.0,-900.0,1919.2,0,1000000000.00,0.000000
1725.0,-900.0,1941.3,0,1000000000.00,0.000000
1750.0,-900.0,1963.5,0,1000000000.00,0.000000
1775.0,-900.0,1985.7,0,1000000000.00,0.000000
1800.0,-900.0,2008.0,0,1000000000.00,0.000000
-1800.0,-875.0,3420.6,0,1000000000.00,0.000000
-1775.0,-875.0,3396.5,0,1000000000.00,0.000000
-1750.0,-875.0,3372.4,0,1000000000.00,0.000000
-1725.0,-875.0,3348.3,0,1000000000.00,0.000000
-1700.0,-875.0,3324.3,0,1000000000.00,0.000000
-1675.0,-875.0,3300.2,0,1000000000.00,0.000000
-1650.0,-875.0,3276.2,0,1000000000.00,0.000000
-1625.0,-875.0,3252.1,0,1000000000.00,0.000000
-1600.0,-875.0,3228.1,0,1000000000.00,0.000000
-1575.0,-875.0,3204.1,0,1000000000.00,0.000000
-1550.0,-875.0,3180.1,0,1000000000.00,0.000000
-1525.0,-875.0,3156.2,0,1000000000.00,0.000000
-1500.0,-875.0,3132.2,0,1000000000.00,0.000000
-1475.0,-875.0,3108.3,0,1000000000.00,0.000000
-1450.0,-875.0,3084.4,0,1000000000.00,0.000000
-1425.0,-875.0,3060.5,0,1000000000.00,0.000000
-1400.0,-875.0,3036.6,0,1000000000.00,0.000000
-1375.0,-875.0,3012.7,0,1000000000.00,0.000000
-1350.0,-875.0,2988.9,0,1000000000.00,0.000000
-1325.0,-875.0,2965.0,0,1000000000.00,0.000000
-1300.0,-875.0,2941.2,0,1000000000.00,0.000000
-1275.0,-875.0,2917.4,0,1000000000.00,0.000000
-1250.0,-875.0,2893.7,0,1000000000.00,0.000000
-1225.0,-875.0,2869.9,0,1000000000.00,0.000000
-1200.0,-875.0,2846.2,0,1000000000.00,0.000000
-1175.0,-875.0,2822.5,0,1000000000.00,0.000000
-1150.0,-875.0,2798.8,0,1000000000.00,0.000000
-1125.0,-875.0,2775.2,0,1000000000.00,0.000000
-1100.0,-875.0,2751.5,0,1000000000.00,0.000000
-1075.0,-875.0,2727.9,0,1000000000.00,0.000000
-1050.0,-875.0,2704.3,0,1000000000.00,0.000000
-1025.0,-875.0,2680.8,0,1000000000.00,0.000000
-1000.0,-875.0,2657.3,0,1000000000.00,0.000000
-975.0,-875.0,2633.7,0,1000000000.00,0.000000
-950.0,-875.0,2610.3,0,1000000000.00,0.000000
-925.0,-875.0,2586.8,0,1000000000.00,0.000000
-900.0,-875.0,2563.4,0,1000000000.00,0.000000
-875.0,-875.0,2540.0,0,1000000000.00,0.000000
-850.0,-875.0,2516.7,0,1000000000.00,0.000000
-825.0,-875.0,2493.3,0,1000000000.00,0.000000
-800.0,-875.0,2470.0,0,1000000000.00,0.000000
-775.0,-875.0,2446.8,0,1000000000.00,0.000000
-750.0,-875.0,2423.6,0,1000000000.00,0.000000
-725.0,-875.0,2400.4,0,1000000000.00,0.000000
-700.0,-875.0,2377.2,0,1000000000.00,0.000000
-675.0,-875.0,2354.1,0,1000000000.00,0.000000
-650.0,-875.0,2331.0,0,1000000000.00,0.000000
-625.0,-875.0,2308.0,0,1000000000.00,0.000000
-600.0,-875.0,2285.0,0,1000000000.00,0.000000
-575.0,-875.0,2262.0,0,1000000000.00,0.000000
-550.0,-875.0,2239.1,0,1000000000.00,0.000000
-525.0,-875.0,2216.3,0,1000000000.00,0.000000
-500.0,-875.0,2193.4,0,1000000000.00,0.000000
-475.0,-875.0,2170.7,0,1000000000.00,0.000000
-450.0,-875.0,2148.0,0,1000000000.00,0.000000
-425.0,-875.0,2125.3,0,1000000000.00,0.000000
-400.0,-875.0,2102.7,0,1000000000.00,0.000000
-375.0,-875.0,2080.1,0,1000000000.00,0.000000
-350.0,-875.0,2057.6,0,1000000000.00,0.000000
-325.0,-875.0,2035.2,0,1000000000.00,0.000000
-300.0,-875.0,2012.8,0,1000000000.00,0.000000
-275.0,-875.0,1990.5,0,1000000000.00,0.000000
-250.0,-875.0,1968.2,0,1000000000.00,0.000000
-225.0,-875.0,1946.0,0,1000000000.00,0.000000
-200.0,-875.0,1923.9,0,1000000000.00,0.000000
-175.0,-875.0,1901.8,0,1000000000.00,0.000000
-150.0,-875.0,1879.9,0,1000000000.00,0.000000
-125.0,-875.0,1858.0,0,1000000000.00,0.000000
-100.0,-875.0,1836.1,0,1000000000.00,0.000000
-75.0,-875.0,1814.4,0,1000000000.00,0.000000
-50.0,-875.0,1792.7,0,1000000000.00,0.000000
-25.0,-875.0,1771.2,0,1000000000.00,0.000000
0.0,-875.0,1749.7,0,1000000000.00,0.000000
25.0,-875.0,1728.3,0,1000000000.00,0.000000
50.0,-875.0,1707.0,0,1000000000.00,0.000000
75.0,-875.0,1685.9,0,1000000000.00,0.000000
100.0,-875.0,1664.8,0,1000000000.00,0.000000
125.0,-875.0,1643.8,0,1000000000.00,0.000000
150.0,-875.0,1623.0,0,1000000000.00,0.000000
175.0,-875.0,1602.2,0,1000000000.00,0.000000
200.0,-875.0,1581.6,0,1000000000.00,0.000000
225.0,-875.0,1561.1,0,1000000000.00,0.000000
250.0,-875.0,1540.8,0,1000000000.00,0.000000
275.0,-875.0,1520.6,0,1000000000.00,0.000000
300.0,-875.0,1500.5,0,1000000000.00,0.000000
325.0,-875.0,1480.6,0,1000000000.00,0.000000
350.0,-875.0,1460.9,0,1000000000.00,0.000000
375.0,-875.0,1441.3,0,1000000000.00,0.000000
400.0,-875.0,1421.8,0,1000000000.00,0.000000
425.0,-875.0,1402.6,0,1000000000.00,0.000000
450.0,-875.0,1383.5,0,1000000000.00,0.000000
475.0,-875.0,1364.7,0,1000000000.00,0.000000
500.0,-875.0,1346.0,0,1000000000.00,0.000000
525.0,-875.0,1327.5,0,1000000000.00,0.000000
550.0,-875.0,1309.3,0,1000000000.00,0.000000
575.0,-875.0,1291.2,0,1000000000.00,0.000000
600.0,-875.0,1273.5,0,1000000000.00,0.000000
625.0,-875.0,1255.9,0,1000000000.00,0.000000
650.0,-875.0,1238.6,0,1000000000.00,0.000000
675.0,-875.0,1221.6,0,1000000000.00,0.000000
700.0,-875.0,1204.9,0,1000000000.00,0.000000
725.0,-875.0,1188.4,0,1000000000.00,0.000000
750.0,-875.0,1172.3,0,1000000000.00,0.000000
775.0,-875.0,1165.6,0,1000000000.00,0.000000
800.0,-875.0,1182.3,0,1000000000.00,0.000000
825.0,-875.0,1199.2,0,1000000000.00,0.000000
850.0,-875.0,1216.5,0,1000000000.00,0.000000
875.0,-875.0,1234.0,0,1000000000.00,0.000000
900.0,-875.0,1251.7,0,1000000000.00,0.000000
925.0,-875.0,1269.7,0,1000000000.00,0.000000
950.0,-875.0,1287.9,0,1000000000.00,0.000000
975.0,-875.0,1306.4,0,1000000000.00,0.000000
1000.0,-875.0,1325.1,0,1000000000.00,0.000000
1025.0,-875.0,1343.9,0,1000000000.00,0.000000
1050.0,-875.0,1363.0,0,1000000000.00,0.000000
1075.0,-875.0,1382.3,0,1000000000.00,0.000000
1100.0,-875.0,1401.7,0,1000000000.00,0.000000
1125.0,-875.0,1421.3,0,1000000000.00,0.000000
1150.0,-875.0,1441.1,0,1000000000.00,0.000000
1175.0,-875.0,1461.1,0,1000000000.00,0.000000
1200.0,-875.0,1481.1,0,1000000000.00,0.000000
1225.0,-875.0,1501.4,0,1000000000.00,0.000000
1250.0,-875.0,1521.8,0,1000000000.00,0.000000
1275.0,-875.0,1542.3,0,1000000000.00,0.000000
1300.0,-875.0,1562.9,0,1000000000.00,0.000000
1325.0,-875.0,1583.7,0,1000000000.00,0.000000
1350.0,-875.0,1604.6,0,1000000000.00,0.000000
1375.0,-875.0,1625.6,0,1000000000.00,0.000000
1400.0,-875.0,1646.8,0,1000000000.00,0.000000
1425.0,-875.0,1668.0,0,1000000000.00,0.000000
1450.0,-875.0,1689.3,0,1000000000.00,0.000000
1475.0,-875.0,1710.8,0,1000000000.00,0.000000
1500.0,-875.0,1732.3,0,1000000000.00,0.000000
1525.0,-875.0,1753.9,0,1000000000.00,0.000000
1550.0,-875.0,1775.6,0,1000000000.00,0.000000
1575.0,-875.0,1797.4,0,1000000000.00,0.000000
1600.0,-875.0,1819.3,0,1000000000.00,0.000000
1625.0,-875.0,1841.2,0,1000000000.00,0.000000
1650.0,-875.0,1863.3,0,1000000000.00,0.000000
1675.0,-875.0,1885.4,0,1000000000.00,0.000000
1700.0,-875.0,1907.6,0,1000000000.00,0.000000
1725.0,-875.0,1929.8,0,1000000000.00,0.000000
1750.0,-875.0,1952.1,0,1000000000.00,0.000000
1775.0,-875.0,1974.5,0,1000000000.00,0.000000
1800.0,-875.0,1996.9,0,1000000000.00,0.000000
-1800.0,-850.0,3414.1,0,1000000000.00,0.000000
-1775.0,-850.0,3390.0,0,1000000000.00,0.000000
-1750.0,-850.0,3365.8,0,1000000000.00,0.000000
-1725.0,-850.0,3341.7,0,1000000000.00,0.000000
-1700.0,-850.0,3317.6,0,1000000000.00,0.000000
-1675.0,-850.0,3293.5,0,1000000000.00,0.000000
-1650.0,-850.0,3269.4,0,1000000000.00,0.000000
-1625.0,-850.0,3245.3,0,1000000000.00,0.000000
-1600.0,-850.0,3221.2,0,1000000000.00,0.000000
-1575.0,-850.0,3197.2,0,1000000000.00,0.000000
-1550.0,-850.0,3173.1,0,1000000000.00,0.000000
-1525.0,-850.0,3149.1,0,1000000000.00,0.000000
-1500.0,-850.0,3125.1,0,1000000000.00,0.000000
-1475.0,-850.0,3101.1,0,1000000000.00,0.000000
-1450.0,-850.0,3077.1,0,1000000000.00,0.000000
-1425.0,-850.0,3053.2,0,1000000000.00,0.000000
-1400.0,-850.0,3029.3,0,1000000000.00,0.000000
-1375.0,-850.0,3005.3,0,1000000000.00,0.000000
-1350.0,-850.0,2981.4,0,1000000000.00,0.000000
-1325.0,-850.0,2957.5,0,1000000000.00,0.000000
-1300.0,-850.0,2933.7,0,1000000000.00,0.000000
-1275.0,-850.0,2909.8,0,1000000000.00,0.000000
-1250.0,-850.0,2886.0,0,1000000000.00,0.000000
-1225.0,-850.0,2862.2,0,1000000000.00,0.000000
-1200.0,-850.0,2838.4,0,1000000000.00,0.000000
-1175.0,-850.0,2814.6,0,1000000000.00,0.000000
-1150.0,-850.0,2790.9,0,1000000000.00,0.000000
-1125.0,-850.0,2767.1,0,1000000000.00,0.000000
-1100.0,-850.0,2743.4,0,1000000000.00,0.000000
-1075.0,-850.0,2719.8,0,1000000000.00,0.000000
-1050.0,-850.0,2696.1,0,1000000000.00,0.000000
-1025.0,-850.0,2672.5,0,1000000000.00,0.000000
-1000.0,-850.0,2648.9,0,1000000000.00,0.000000
-975.0,-850.0,2625.3,0,1000000000.00,0.000000
-950.0,-850.0,2601.7,0,1000000000.00,0.000000
-925.0,-850.0,2578.2,0,1000000000.00,0.000000
-900.0,-850.0,2554.7,0,1000000000.00,0.000000
-875.0,-850.0,2531.3,0,1000000000.00,0.000000
-850.0,-850.0,2507.8,0,1000000000.00,0.000000
-825.0,-850.0,2484.4,0,1000000000.00,0.000000
-800.0,-850.0,2461.0,0,1000000000.00,0.000000
-775.0,-850.0,2437.7,0,1000000000.00,0.000000
-750.0,-850.0,2414.4,0,1000000000.00,0.000000
-725.0,-850.0,2391.1,0,1000000000.00,0.000000
-700.0,-850.0,2367.8,0,1000000000.00,0.000000
-675.0,-850.0,2344.6,0,1000000000.00,0.000000
-650.0,-850.0,2321.5,0,1000000000.00,0.000000
-625.0,-850.0,2298.3,0,1000000000.00,0.000000
-600.0,-850.0,2275.2,0,1000000000.00,0.000000
-575.0,-850.0,2252.2,0,1000000000.00,0.000000
-550.0,-850.0,2229.2,0,1000000000.00,0.000000
-525.0,-850.0,2206.2,0,1000000000.00,0.000000
-500.0,-850.0,2183.3,0,1000000000.00,0.000000
-475.0,-850.0,2160.4,0,1000000000.00,0.000000
-450.0,-850.0,2137.6,0,1000000000.00,0.000000
-425.0,-850.0,2114.8,0,1000000000.00,0.000000
-400.0,-850.0,2092.1,0,1000000000.00,0.000000
-375.0,-850.0,2069.4,0,1000000000.00,0.000000
-350.0,-850.0,2046.8,0,1000000000.00,0.000000
-325.0,-850.0,2024.2,0,1000000000.00,0.000000
-300.0,-850.0,2001.7,0,1000000000.00,0.000000
-275.0,-850.0,1979.3,0,1000000000.00,0.000000
-250.0,-850.0,1956.9,0,1000000000.00,0.000000
-225.0,-850.0,1934.6,0,1000000000.00,0.000000
-200.0,-850.0,1912.3,0,1000000000.00,0.000000
-175.0,-850.0,1890.1,0,1000000000.00,0.000000
-150.0,-850.0,1868.0,0,1000000000.00,0.000000
-125.0,-850.0,1846.0,0,1000000000.00,0.000000
-100.0,-850.0,1824.0,0,1000000000.00,0.000000
-75.0,-850.0,1802.1,0,1000000000.00,0.000000
-50.0,-850.0,1780.3,0,1000000000.00,0.000000
-25.0,-850.0,1758.6,0,1000000000.00,0.000000
0.0,-850.0,1737.0,0,1000000000.00,0.000000
25.0,-850.0,1715.4,0,1000000000.00,0.000000
50.0,-850.0,1694.0,0,1000000000.00,0.000000
75.0,-850.0,1672.6,0,1000000000.00,0.000000
100.0,-850.0,1651.4,0,1000000000.00,0.000000
125.0,-850.0,1630.2,0,1000000000.00,0.000000
150.0,-850.0,1609.2,0,1000000000.00,0.000000
175.0,-850.0,1588.3,0,1000000000.00,0.000000
200.0,-850.0,1567.5,0,1000000000.00,0.000000
225.0,-850.0,1546.8,0,1000000000.00,0.000000
250.0,-850.0,1526.3,0,1000000000.00,0.000000
275.0,-850.0,1505.9,0,1000000000.00,0.000000
300.0,-850.0,1485.6,0,1000000000.00,0.000000
325.0,-850.0,1465.5,0,1000000000.00,0.000000
350.0,-850.0,1445.6,0,1000000000.00,0.000000
375.0,-850.0,1425.8,0,1000000000.00,0.000000
400.0,-850.0,1406.1,0,1000000000.00,0.000000
425.0,-850.0,1386.7,0,1000000000.00,0.000000
450.0,-850.0,1367.4,0,1000000000.00,0.000000
475.0,-850.0,1348.3,0,1000000000.00,0.000000
500.0,-850.0,1329.4,0,1000000000.00,0.000000
525.0,-850.0,1310.7,0,1000000000.00,0.000000
550.0,-850.0,1292.2,0,1000000000.00,0.000000
575.0,-850.0,1273.9,0,1000000000.00,0.000000
600.0,-850.0,1255.9,0,1000000000.00,0.000000
625.0,-850.0,1238.1,0,1000000000.00,0.000000
650.0,-850.0,1220.6,0,1000000000.00,0.000000
675.0,-850.0,1203.3,0,1000000000.00,0.000000
700.0,-850.0,1186.3,0,1000000000.00,0.000000
725.0,-850.0,1169.6,0,1000000000.00,0.000000
750.0,-850.0,1153.2,0,1000000000.00,0.000000
775.0,-850.0,1147.0,0,1000000000.00,0.000000
800.0,-850.0,1163.9,0,1000000000.00,0.000000
825.0,-850.0,1181.1,0,1000000000.00,0.000000
850.0,-850.0,1198.6,0,1000000000.00,0.000000
875.0,-850.0,1216.4,0,1000000000.00,0.000000
900.0,-850.0,1234.4,0,1000000000.00,0.000000
925.0,-850.0,1252.6,0,1000000000.00,0.000000
950.0,-850.0,1271.1,0,1000000000.00,0.000000
975.0,-850.0,1289.8,0,1000000000.00,0.000000
1000.0,-850.0,1308.7,0,1000000000.00,0.000000
1025.0,-850.0,1327.8,0,1000000000.00,0.000000
1050.0,-850.0,1347.1,0,1000000000.00,0.000000
1075.0,-850.0,1366.6,0,1000000000.00,0.000000
1100.0,-850.0,1386.2,0,1000000000.00,0.000000
1125.0,-850.0,1406.1,0,1000000000.00,0.000000
1150.0,-850.0,1426.1,0,1000000000.00,0.000000
1175.0,-850.0,1446.2,0,1000000000.00,0.000000
1200.0,-850.0,1466.5,0,1000000000.00,0.000000
1225.0,-850.0,1487.0,0,1000000000.00,0.000000
1250.0,-850.0,1507.5,0,1000000000.00,0.000000
1275.0,-850.0,1528.3,0,1000000000.00,0.000000
1300.0,-850.0,1549.1,0,1000000000.00,0.000000
1325.0,-850.0,1570.0,0,1000000000.00,0.000000
1350.0,-850.0,1591.1,0,1000000000.00,0.000000
1375.0,-850.0,1612.3,0,1000000000.00,0.000000
1400.0,-850.0,1633.6,0,1000000000.00,0.000000
1425.0,-850.0,1655.0,0,1000000000.00,0.000000
1450.0,-850.0,1676.5,0,1000000000.00,0.000000
1475.0,-850.0,1698.1,0,1000000000.00,0.000000
1500.0,-850.0,1719.8,0,1000000000.00,0.000000
1525.0,-850.0,1741.6,0,1000000000.00,0.000000
1550.0,-850.0,1763.4,0,1000000000.00,0.000000
1575.0,-850.0,1785.4,0,1000000000.00,0.000000
1600.0,-850.0,1807.4,0,1000000000.00,0.000000
1625.0,-850.0,1829.5,0,1000000000.00,0.000000
1650.0,-850.0,1851.7,0,1000000000.00,0.000000
1675.0,-850.0,1873.9,0,1000000000.00,0.000000
1700.0,-850.0,1896.2,0,1000000000.00,0.000000
1725.0,-850.0,1918.6,0,1000000000.00,0.000000
1750.0,-850.0,1941.1,0,1000000000.00,0.000000
1775.0,-850.0,1963.6,0,1000000000.00,0.000000
1800.0,-850.0,1986.1,0,1000000000.00,0.000000
-1800.0,-825.0,3407.8,0,1000000000.00,0.000000
-1775.0,-825.0,3383.6,0,1000000000.00,0.000000
-1750.0,-825.0,3359.4,0,1000000000.00,0.000000
-1725.0,-825.0,3335.2,0,1000000000.00,0.000000
-1700.0,-825.0,3311.0,0,1000000000.00,0.000000
-1675.0,-825.0,3286.9,0,1000000000.00,0.000000
-1650.0,-825.0,3262.8,0,1000000000.00,0.000000
-1625.0,-825.0,3238.6,0,1000000000.00,0.000000
-1600.0,-825.0,3214.5,0,1000000000.00,0.000000
-1575.0,-825.0,3190.4,0,1000000000.00,0.000000
-1550.0,-825.0,3166.3,0,1000000000.00,0.000000
-1525.0,-825.0,3142.3,0,1000000000.00,0.000000
-1500.0,-825.0,3118.2,0,1000000000.00,0.000000
-1475.0,-825.0,3094.2,0,1000000000.00,0.000000
-1450.0,-825.0,3070.1,0,1000000000.00,0.000000
-1425.0,-825.0,3046.1,0,1000000000.00,0.000000
-1400.0,-825.0,3022.1,0,1000000000.00,0.000000
-1375.0,-825.0,2998.1,0,1000000000.00,0.000000
-1350.0,-825.0,2974.2,0,1000000000.00,0.000000
-1325.0,-825.0,2950.2,0,1000000000.00,0.000000
-1300.0,-825.0,2926.3,0,1000000000.00,0.000000
-1275.0,-825.0,2902.4,0,1000000000.00,0.000000
-1250.0,-825.0,2878.5,0,1000000000.00,0.000000
-1225.0,-825.0,2854.6,0,1000000000.00,0.000000
-1200.0,-825.0,2830.8,0,1000000000.00,0.000000
-1175.0,-825.0,2806.9,0,1000000000.00,0.000000
-1150.0,-825.0,2783.1,0,1000000000.00,0.000000
-1125.0,-825.0,2759.3,0,1000000000.00,0.000000
-1100.0,-825.0,2735.6,0,1000000000.00,0.000000
-1075.0,-825.0,2711.8,0,1000000000.00,0.000000
-1050.0,-825.0,2688.1,0,1000000000.00,0.000000
-1025.0,-825.0,2664.4,0,1000000000.00,0.000000
-1000.0,-825.0,2640.7,0,1000000000.00,0.000000
-975.0,-825.0,2617.1,0,1000000000.00,0.000000
-950.0,-825.0,2593.4,0,1000000000.00,0.000000
-925.0,-825.0,2569.8,0,1000000000.00,0.000000
-900.0,-825.0,2546.3,0,1000000000.00,0.000000
-875.0,-825.0,2522.7,0,1000000000.00,0.000000
-850.0,-825.0,2499.2,0,1000000000.00,0.000000
-825.0,-825.0,2475.7,0,1000000000.00,0.000000
-800.0,-825.0,2452.2,0,1000000000.00,0.000000
-775.0,-825.0,2428.8,0,1000000000.00,0.000000
-750.0,-825.0,2405.4,0,1000000000.00,0.000000
-725.0,-825.0,2382.0,0,1000000000.00,0.000000
-700.0,-825.0,2358.7,0,1000000000.00,0.000000
-675.0,-825.0,2335.4,0,1000000000.00,0.000000
-650.0,-825.0,2312.1,0,1000000000.00,0.000000
-625.0,-825.0,2288.9,0,1000000000.00,0.000000
-600.0,-825.0,2265.7,0,1000000000.00,0.000000
-575.0,-825.0,2242.6,0,1000000000.00,0.000000
-550.0,-825.0,2219.5,0,1000000000.00,0.000000
-525.0,-825.0,2196.4,0,1000000000.00,0.000000
-500.0,-825.0,2173.4,0,1000000000.00,0.000000
-475.0,-825.0,2150.4,0,1000000000.00,0.000000
-450.0,-825.0,2127.5,0,1000000000.00,0.000000
-425.0,-825.0,2104.6,0,1000000000.00,0.000000
-400.0,-825.0,2081.7,0,1000000000.00,0.000000
-375.0,-825.0,2058.9,0,1000000000.00,0.000000
-350.0,-825.0,2036.2,0,1000000000.00,0.000000
-325.0,-825.0,2013.5,0,1000000000.00,0.000000
-300.0,-825.0,1990.9,0,1000000000.00,0.000000
-275.0,-825.0,1968.3,0,1000000000.00,0.000000
-250.0,-825.0,1945.8,0,1000000000.00,0.000000
-225.0,-825.0,1923.4,0,1000000000.00,0.000000
-200.0,-825.0,1901.0,0,1000000000.00,0.000000
-175.0,-825.0,1878.7,0,1000000000.00,0.000000
-150.0,-825.0,1856.4,0,1000000000.00,0.000000
-125.0,-825.0,1834.2,0,1000000000.00,0.000000
-100.0,-825.0,1812.1,0,1000000000.00,0.000000
-75.0,-825.0,1790.1,0,1000000000.00,0.000000
-50.0,-825.0,1768.1,0,1000000000.00,0.000000
-25.0,-825.0,1746.3,0,1000000000.00,0.000000
0.0,-825.0,1724.5,0,1000000000.00,0.000000
25.0,-825.0,1702.8,0,1000000000.00,0.000000
50.0,-825.0,1681.2,0,1000000000.00,0.000000
75.0,-825.0,1659.7,0,1000000000.00,0.000000
100.0,-825.0,1638.3,0,1000000000.00,0.000000
125.0,-825.0,1616.9,0,1000000000.00,0.000000
150.0,-825.0,1595.7,0,1000000000.00,0.000000
175.0,-825.0,1574.7,0,1000000000.00,0.000000
200.0,-825.0,1553.7,0,1000000000.00,0.000000
225.0,-825.0,1532.8,0,1000000000.00,0.000000
250.0,-825.0,1512.1,0,1000000000.00,0.000000
275.0,-825.0,1491.5,0,1000000000.00,0.000000
300.0,-825.0,1471.0,0,1000000000.00,0.000000
325.0,-825.0,1450.7,0,1000000000.00,0.000000
350.0,-825.0,1430.6,0,1000000000.00,0.000000
375.0,-825.0,1410.5,0,1000000000.00,0.000000
400.0,-825.0,1390.7,0,1000000000.00,0.000000
425.0,-825.0,1371.0,0,1000000000.00,0.000000
450.0,-825.0,1351.5,0,1000000000.00,0.000000
475.0,-825.0,1332.2,0,1000000000.00,0.000000
500.0,-825.0,1313.0,0,1000000000.00,0.000000
525.0,-825.0,1294.1,0,1000000000.00,0.000000
550.0,-825.0,1275.4,0,1000000000.00,0.000000
575.0,-825.0,1256.9,0,1000000000.00,0.000000
600.0,-825.0,1238.6,0,1000000000.00,0.000000
625.0,-825.0,1220.5,0,1000000000.00,0.000000
650.0,-825.0,1202.8,0,1000000000.00,0.000000
675.0,-825.0,1185.2,0,1000000000.00,0.000000
700.0,-825.0,1168.0,0,1000000000.00,0.000000
725.0,-825.0,1151.0,0,1000000000.00,0.000000
750.0,-825.0,1134.3,0,1000000000.00,0.000000
775.0,-825.0,1128.6,0,1000000000.00,0.000000
800.0,-825.0,1145.8,0,1000000000.00,0.000000
825.0,-825.0,1163.3,0,1000000000.00,0.000000
850.0,-825.0,1181.0,0,1000000000.00,0.000000
875.0,-825.0,1199.0,0,1000000000.00,0.000000
900.0,-825.0,1217.3,0,1000000000.00,0.000000
925.0,-825.0,1235.8,0,1000000000.00,0.000000
950.0,-825.0,1254.5,0,1000000000.00,0.000000
975.0,-825.0,1273.4,0,1000000000.00,0.000000
1000.0,-825.0,1292.6,0,1000000000.00,0.000000
1025.0,-825.0,1311.9,0,1000000000.00,0.000000
1050.0,-825.0,1331.5,0,1000000000.00,0.000000
1075.0,-825.0,1351.2,0,1000000000.00,0.000000
1100.0,-825.0,1371.1,0,1000000000.00,0.000000
1125.0,-825.0,1391.1,0,1000000000.00,0.000000
1150.0,-825.0,1411.3,0,1000000000.00,0.000000
1175.0,-825.0,1431.7,0,1000000000.00,0.000000
1200.0,-825.0,1452.2,0,1000000000.00,0.000000
1225.0,-825.0,1472.8,0,1000000000.00,0.000000
1250.0,-825.0,1493.6,0,1000000000.00,0.000000
1275.0,-825.0,1514.5,0,1000000000.00,0.000000
1300.0,-825.0,1535.5,0,1000000000.00,0.000000
1325.0,-825.0,1556.7,0,1000000000.00,0.000000
1350.0,-825.0,1577.9,0,1000000000.00,0.000000
1375.0,-825.0,1599.3,0,1000000000.00,0.000000
1400.0,-825.0,1620.7,0,1000000000.00,0.000000
1425.0,-825.0,1642.3,0,1000000000.00,0.000000
1450.0,-825.0,1664.0,0,1000000000.00,0.000000
1475.0,-825.0,1685.7,0,1000000000.00,0.000000
1500.0,-825.0,1707.6,0,1000000000.00,0.000000
1525.0,-825.0,1729.5,0,1000000000.00,0.000000
1550.0,-825.0,1751.5,0,1000000000.00,0.000000
1575.0,-825.0,1773.6,0,1000000000.00,0.000000
1600.0,-825.0,1795.8,0,1000000000.00,0.000000
1625.0,-825.0,1818.0,0,1000000000.00,0.000000
1650.0,-825.0,1840.3,0,1000000000.00,0.000000
1675.0,-825.0,1862.7,0,1000000000.00,0.000000
1700.0,-825.0,1885.2,0,1000000000.00,0.000000
1725.0,-825.0,1907.7,0,1000000000.00,0.000000
1750.0,-825.0,1930.2,0,1000000000.00,0.000000
1775.0,-825.0,1952.9,0,1000000000.00,0.000000
1800.0,-825.0,1975.5,0,1000000000.00,0.000000
-1800.0,-800.0,3401.6,0,1000000000.00,0.000000
-1775.0,-800.0,3377.4,0,1000000000.00,0.000000
-1750.0,-800.0,3353.1,0,1000000000.00,0.000000
-1725.0,-800.0,3328.9,0,1000000000.00,0.000000
-1700.0,-800.0,3304.7,0,1000000000.00,0.000000
-1675.0,-800.0,3280.5,0,1000000000.00,0.000000
-1650.0,-800.0,3256.3,0,1000000000.00,0.000000
-1625.0,-800.0,3232.1,0,1000000000.00,0.000000
-1600.0,-800.0,3208.0,0,1000000000.00,0.000000
-1575.0,-800.0,3183.8,0,1000000000.00,0.000000
-1550.0,-800.0,3159.7,0,1000000000.00,0.000000
-1525.0,-800.0,3135.6,0,1000000000.00,0.000000
-1500.0,-800.0,3111.5,0,1000000000.00,0.000000
-1475.0,-800.0,3087.4,0,1000000000.00,0.000000
-1450.0,-800.0,3063.3,0,1000000000.00,0.000000
-1425.0,-800.0,3039.2,0,1000000000.00,0.000000
-1400.0,-800.0,3015.2,0,1000000000.00,0.000000
-1375.0,-800.0,2991.1,0,1000000000.00,0.000000
-1350.0,-800.0,2967.1,0,1000000000.00,0.000000
-1325.0,-800.0,2943.1,0,1000000000.00,0.000000
-1300.0,-800.0,2919.1,0,1000000000.00,0.000000
-1275.0,-800.0,2895.2,0,1000000000.00,0.000000
-1250.0,-800.0,2871.2,0,1000000000.00,0.000000
-1225.0,-800.0,2847.3,0,1000000000.00,0.000000
-1200.0,-800.0,2823.4,0,1000000000.00,0.000000
-1175.0,-800.0,2799.5,0,1000000000.00,0.000000
-1150.0,-800.0,2775.6,0,1000000000.00,0.000000
-1125.0,-800.0,2751.7,0,1000000000.00,0.000000
-1100.0,-800.0,2727.9,0,1000000000.00,0.000000
-1075.0,-800.0,2704.1,0,1000000000.00,0.000000
-1050.0,-800.0,2680.3,0,1000000000.00,0.000000
-1025.0,-800.0,2656.5,0,1000000000.00,0.000000
-1000.0,-800.0,2632.8,0,1000000000.00,0.000000
-975.0,-800.0,2609.0,0,1000000000.00,0.000000
-950.0,-800.0,2585.3,0,1000000000.00,0.000000
-925.0,-800.0,2561.7,0,1000000000.00,0.000000
-900.0,-800.0,2538.0,0,1000000000.00,0.000000
-875.0,-800.0,2514.4,0,1000000000.00,0.000000
-850.0,-800.0,2490.8,0,1000000000.00,0.000000
-825.0,-800.0,2467.2,0,1000000000.00,0.000000
-800.0,-800.0,2443.7,0,1000000000.00,0.000000
-775.0,-800.0,2420.2,0,1000000000.00,0.000000
-750.0,-800.0,2396.7,0,1000000000.00,0.000000
-725.0,-800.0,2373.2,0,1000000000.00,0.000000
-700.0,-800.0,2349.8,0,1000000000.00,0.000000
-675.0,-800.0,2326.4,0,1000000000.00,0.000000
-650.0,-800.0,2303.1,0,1000000000.00,0.000000
-625.0,-800.0,2279.7,0,1000000000.00,0.000000
-600.0,-800.0,2256.5,0,1000000000.00,0.000000
-575.0,-800.0,2233.2,0,1000000000.00,0.000000
-550.0,-800.0,2210.0,0,1000000000.00,0.000000
-525.0,-800.0,2186.8,0,1000000000.00,0.000000
-500.0,-800.0,2163.7,0,1000000000.00,0.000000
-475.0,-800.0,2140.6,0,1000000000.00,0.000000
-450.0,-800.0,2117.6,0,1000000000.00,0.000000
-425.0,-800.0,2094.6,0,1000000000.00,0.000000
-400.0,-800.0,2071.6,0,1000000000.00,0.000000
-375.0,-800.0,2048.7,0,1000000000.00,0.000000
-350.0,-800.0,2025.9,0,1000000000.00,0.000000
-325.0,-800.0,2003.1,0,1000000000.00,0.000000
-300.0,-800.0,1980.3,0,1000000000.00,0.000000
-275.0,-800.0,1957.6,0,1000000000.00,0.000000
-250.0,-800.0,1935.0,0,1000000000.00,0.000000
-225.0,-800.0,1912.4,0,1000000000.00,0.000000
-200.0,-800.0,1889.9,0,1000000000.00,0.000000
-175.0,-800.0,1867.5,0,1000000000.00,0.000000
-150.0,-800.0,1845.1,0,1000000000.00,0.000000
-125.0,-800.0,1822.8,0,1000000000.00,0.000000
-100.0,-800.0,1800.5,0,1000000000.00,0.000000
-75.0,-800.0,1778.3,0,1000000000.00,0.000000
-50.0,-800.0,1756.2,0,1000000000.00,0.000000
-25.0,-800.0,1734.2,0,1000000000.00,0.000000
0.0,-800.0,1712.3,0,1000000000.00,0.000000
25.0,-800.0,1690.4,0,1000000000.00,0.000000
50.0,-800.0,1668.7,0,1000000000.00,0.000000
75.0,-800.0,1647.0,0,1000000000.00,0.000000
100.0,-800.0,1625.4,0,1000000000.00,0.000000
125.0,-800.0,1603.9,0,1000000000.00,0.000000
150.0,-800.0,1582.5,0,1000000000.00,0.000000
175.0,-800.0,1561.3,0,1000000000.00,0.000000
200.0,-800.0,1540.1,0,1000000000.00,0.000000
225.0,-800.0,1519.1,0,1000000000.00,0.000000
250.0,-800.0,1498.2,0,1000000000.00,0.000000
275.0,-800.0,1477.4,0,1000000000.00,0.000000
300.0,-800.0,1456.7,0,1000000000.00,0.000000
325.0,-800.0,1436.2,0,1000000000.00,0.000000
350.0,-800.0,1415.8,0,1000000000.00,0.000000
375.0,-800.0,1395.6,0,1000000000.00,0.000000
400.0,-800.0,1375.5,0,1000000000.00,0.000000
425.0,-800.0,1355.6,0,1000000000.00,0.000000
450.0,-800.0,1335.9,0,1000000000.00,0.000000
475.0,-800.0,1316.3,0,1000000000.00,0.000000
500.0,-800.0,1297.0,0,1000000000.00,0.000000
525.0,-800.0,1277.8,0,1000000000.00,0.000000
550.0,-800.0,1258.8,0,1000000000.00,0.000000
575.0,-800.0,1240.1,0,1000000000.00,0.000000
600.0,-800.0,1221.5,0,1000000000.00,0.000000
625.0,-800.0,1203.2,0,1000000000.00,0.000000
650.0,-800.0,1185.2,0,1000000000.00,0.000000
675.0,-800.0,1167.4,0,1000000000.00,0.000000
700.0,-800.0,1149.9,0,1000000000.00,0.000000
725.0,-800.0,1132.6,0,1000000000.00,0.000000
750.0,-800.0,1115.7,0,1000000000.00,0.000000
775.0,-800.0,1110.4,0,1000000000.00,0.000000
800.0,-800.0,1127.9,0,1000000000.00,0.000000
825.0,-800.0,1145.7,0,1000000000.00,0.000000
850.0,-800.0,1163.7,0,1000000000.00,0.000000
875.0,-800.0,1182.0,0,1000000000.00,0.000000
900.0,-800.0,1200.5,0,1000000000.00,0.000000
925.0,-800.0,1219.2,0,1000000000.00,0.000000
950.0,-800.0,1238.2,0,1000000000.00,0.000000
975.0,-800.0,1257.4,0,1000000000.00,0.000000
1000.0,-800.0,1276.8,0,1000000000.00,0.000000
1025.0,-800.0,1296.4,0,1000000000.00,0.000000
1050.0,-800.0,1316.1,0,1000000000.00,0.000000
1075.0,-800.0,1336.1,0,1000000000.00,0.000000
1100.0,-800.0,1356.2,0,1000000000.00,0.000000
1125.0,-800.0,1376.4,0,1000000000.00,0.000000
1150.0,-800.0,1396.8,0,1000000000.00,0.000000
1175.0,-800.0,1417.4,0,1000000000.00,0.000000
1200.0,-800.0,1438.1,0,1000000000.00,0.000000
1225.0,-800.0,1459.0,0,1000000000.00,0.000000
1250.0,-800.0,1479.9,0,1000000000.00,0.000000
1275.0,-800.0,1501.0,0,1000000000.00,0.000000
1300.0,-800.0,1522.2,0,1000000000.00,0.000000
1325.0,-800.0,1543.5,0,1000000000.00,0.000000
1350.0,-800.0,1565.0,0,1000000000.00,0.000000
1375.0,-800.0,1586.5,0,1000000000.00,0.000000
1400.0,-800.0,1608.2,0,1000000000.00,0.000000
1425.0,-800.0,1629.9,0,1000000000.00,0.000000
1450.0,-800.0,1651.7,0,1000000000.00,0.000000
1475.0,-800.0,1673.6,0,1000000000.00,0.000000
1500.0,-800.0,1695.6,0,1000000000.00,0.000000
1525.0,-800.0,1717.7,0,1000000000.00,0.000000
1550.0,-800.0,1739.9,0,1000000000.00,0.000000
1575.0,-800.0,1762.1,0,1000000000.00,0.000000
1600.0,-800.0,1784.4,0,1000000000.00,0.000000
1625.0,-800.0,1806.8,0,1000000000.00,0.000000
1650.0,-800.0,1829.3,0,1000000000.00,0.000000
1675.0,-800.0,1851.8,0,1000000000.00,0.000000
1700.0,-800.0,1874.3,0,1000000000.00,0.000000
1725.0,-800.0,1897.0,0,1000000000.00,0.000000
1750.0,-800.0,1919.7,0,1000000000.00,0.000000
1775.0,-800.0,1942.4,0,1000000000.00,0.000000
1800.0,-800.0,1965.2,0,1000000000.00,0.000000
-1800.0,-775.0,3395.6,0,1000000000.00,0.000000
-1775.0,-775.0,3371.4,0,1000000000.00,0.000000
-1750.0,-775.0,3347.1,0,1000000000.00,0.000000
-1725.0,-775.0,3322.8,0,1000000000.00,0.000000
-1700.0,-775.0,3298.5,0,1000000000.00,0.000000
-1675.0,-775.0,3274.3,0,1000000000.00,0.000000
-1650.0,-775.0,3250.1,0,1000000000.00,0.000000
-1625.0,-775.0,3225.8,0,1000000000.00,0.000000
-1600.0,-775.0,3201.6,0,1000000000.00,0.000000
-1575.0,-775.0,3177.4,0,1000000000.00,0.000000
-1550.0,-775.0,3153.3,0,1000000000.00,0.000000
-1525.0,-775.0,3129.1,0,1000000000.00,0.000000
-1500.0,-775.0,3104.9,0,1000000000.00,0.000000
-1475.0,-775.0,3080.8,0,1000000000.00,0.000000
-1450.0,-775.0,3056.6,0,1000000000.00,0.000000
-1425.0,-775.0,3032.5,0,1000000000.00,0.000000
-1400.0,-775.0,3008.4,0,1000000000.00,0.000000
-1375.0,-775.0,2984.3,0,1000000000.00,0.000000
-1350.0,-775.0,2960.3,0,1000000000.00,0.000000
-1325.0,-775.0,2936.2,0,1000000000.00,0.000000
-1300.0,-775.0,2912.1,0,1000000000.00,0.000000
-1275.0,-775.0,2888.1,0,1000000000.00,0.000000
-1250.0,-775.0,2864.1,0,1000000000.00,0.000000
-1225.0,-775.0,2840.1,0,1000000000.00,0.000000
-1200.0,-775.0,2816.1,0,1000000000.00,0.000000
-1175.0,-775.0,2792.2,0,1000000000.00,0.000000
-1150.0,-775.0,2768.2,0,1000000000.00,0.000000
-1125.0,-775.0,2744.3,0,1000000000.00,0.000000
-1100.0,-775.0,2720.4,0,1000000000.00,0.000000
-1075.0,-775.0,2696.5,0,1000000000.00,0.000000
-1050.0,-775.0,2672.7,0,1000000000.00,0.000000
-1025.0,-775.0,2648.8,0,1000000000.00,0.000000
-1000.0,-775.0,2625.0,0,1000000000.00,0.000000
-975.0,-775.0,2601.2,0,1000000000.00,0.000000
-950.0,-775.0,2577.5,0,1000000000.00,0.000000
-925.0,-775.0,2553.7,0,1000000000.00,0.000000
-900.0,-775.0,2530.0,0,1000000000.00,0.000000
-875.0,-775.0,2506.3,0,1000000000.00,0.000000
-850.0,-775.0,2482.6,0,1000000000.00,0.000000
-825.0,-775.0,2459.0,0,1000000000.00,0.000000
-800.0,-775.0,2435.3,0,1000000000.00,0.000000
-775.0,-775.0,2411.7,0,1000000000.00,0.000000
-750.0,-775.0,2388.2,0,1000000000.00,0.000000
-725.0,-775.0,2364.6,0,1000000000.00,0.000000
-700.0,-775.0,2341.1,0,1000000000.00,0.000000
-675.0,-775.0,2317.7,0,1000000000.00,0.000000
-650.0,-775.0,2294.2,0,1000000000.00,0.000000
-625.0,-775.0,2270.8,0,1000000000.00,0.000000
-600.0,-775.0,2247.4,0,1000000000.00,0.000000
-575.0,-775.0,2224.1,0,1000000000.00,0.000000
-550.0,-775.0,2200.8,0,1000000000.00,0.000000
-525.0,-775.0,2177.5,0,1000000000.00,0.000000
-500.0,-775.0,2154.3,0,1000000000.00,0.000000
-475.0,-775.0,2131.1,0,1000000000.00,0.000000
-450.0,-775.0,2108.0,0,1000000000.00,0.000000
-425.0,-775.0,2084.9,0,1000000000.00,0.000000
-400.0,-775.0,2061.8,0,1000000000.00,0.000000
-375.0,-775.0,2038.8,0,1000000000.00,0.000000
-350.0,-775.0,2015.8,0,1000000000.00,0.000000
-325.0,-775.0,1992.9,0,1000000000.00,0.000000
-300.0,-775.0,1970.0,0,1000000000.00,0.000000
-275.0,-775.0,1947.2,0,1000000000.00,0.000000
-250.0,-775.0,1924.5,0,1000000000.00,0.000000
-225.0,-775.0,1901.8,0,1000000000.00,0.000000
-200.0,-775.0,1879.1,0,1000000000.00,0.000000
-175.0,-775.0,1856.5,0,1000000000.00,0.000000
-150.0,-775.0,1834.0,0,1000000000.00,0.000000
-125.0,-775.0,1811.6,0,1000000000.00,0.000000
-100.0,-775.0,1789.2,0,1000000000.00,0.000000
-75.0,-775.0,1766.9,0,1000000000.00,0.000000
-50.0,-775.0,1744.6,0,1000000000.00,0.000000
-25.0,-775.0,1722.4,0,1000000000.00,0.000000
0.0,-775.0,1700.4,0,1000000000.00,0.000000
25.0,-775.0,1678.3,0,1000000000.00,0.000000
50.0,-775.0,1656.4,0,1000000000.00,0.000000
75.0,-775.0,1634.6,0,1000000000.00,0.000000
100.0,-775.0,1612.8,0,1000000000.00,0.000000
125.0,-775.0,1591.2,0,1000000000.00,0.000000
150.0,-775.0,1569.6,0,1000000000.00,0.000000
175.0,-775.0,1548.2,0,1000000000.00,0.000000
200.0,-775.0,1526.9,0,1000000000.00,0.000000
225.0,-775.0,1505.6,0,1000000000.00,0.000000
250.0,-775.0,1484.5,0,1000000000.00,0.000000
275.0,-775.0,1463.5,0,1000000000.00,0.000000
300.0,-775.0,1442.7,0,1000000000.00,0.000000
325.0,-775.0,1422.0,0,1000000000.00,0.000000
350.0,-775.0,1401.4,0,1000000000.00,0.000000
375.0,-775.0,1380.9,0,1000000000.00,0.000000
400.0,-775.0,1360.7,0,1000000000.00,0.000000
425.0,-775.0,1340.5,0,1000000000.00,0.000000
450.0,-775.0,1320.6,0,1000000000.00,0.000000
475.0,-775.0,1300.8,0,1000000000.00,0.000000
500.0,-775.0,1281.2,0,1000000000.00,0.000000
525.0,-775.0,1261.8,0,1000000000.00,0.000000
550.0,-775.0,1242.6,0,1000000000.00,0.000000
575.0,-775.0,1223.6,0,1000000000.00,0.000000
600.0,-775.0,1204.8,0,1000000000.00,0.000000
625.0,-775.0,1186.2,0,1000000000.00,0.000000
650.0,-775.0,1167.9,0,1000000000.00,0.000000
675.0,-775.0,1149.8,0,1000000000.00,0.000000
700.0,-775.0,1132.0,0,1000000000.00,0.000000
725.0,-775.0,1114.5,0,1000000000.00,0.000000
750.0,-775.0,1097.3,0,1000000000.00,0.000000
775.0,-775.0,1092.5,0,1000000000.00,0.000000
800.0,-775.0,1110.3,0,1000000000.00,0.000000
825.0,-775.0,1128.3,0,1000000000.00,0.000000
850.0,-775.0,1146.6,0,1000000000.00,0.000000
875.0,-775.0,1165.2,0,1000000000.00,0.000000
900.0,-775.0,1184.0,0,1000000000.00,0.000000
925.0,-775.0,1203.0,0,1000000000.00,0.000000
950.0,-775.0,1222.2,0,1000000000.00,0.000000
975.0,-775.0,1241.6,0,1000000000.00,0.000000
1000.0,-775.0,1261.3,0,1000000000.00,0.000000
1025.0,-775.0,1281.1,0,1000000000.00,0.000000
1050.0,-775.0,1301.1,0,1000000000.00,0.000000
1075.0,-775.0,1321.2,0,1000000000.00,0.000000
1100.0,-775.0,1341.6,0,1000000000.00,0.000000
1125.0,-775.0,1362.0,0,1000000000.00,0.000000
1150.0,-775.0,1382.7,0,1000000000.00,0.000000
1175.0,-775.0,1403.4,0,1000000000.00,0.000000
1200.0,-775.0,1424.4,0,1000000000.00,0.000000
1225.0,-775.0,1445.4,0,1000000000.00,0.000000
1250.0,-775.0,1466.6,0,1000000000.00,0.000000
1275.0,-775.0,1487.8,0,1000000000.00,0.000000
1300.0,-775.0,1509.2,0,1000000000.00,0.000000
1325.0,-775.0,1530.7,0,1000000000.00,0.000000
1350.0,-775.0,1552.3,0,1000000000.00,0.000000
1375.0,-775.0,1574.1,0,1000000000.00,0.000000
1400.0,-775.0,1595.9,0,1000000000.00,0.000000
1425.0,-775.0,1617.8,0,1000000000.00,0.000000
1450.0,-775.0,1639.8,0,1000000000.00,0.000000
1475.0,-775.0,1661.8,0,1000000000.00,0.000000
1500.0,-775.0,1684.0,0,1000000000.00,0.000000
1525.0,-775.0,1706.2,0,1000000000.00,0.000000
1550.0,-775.0,1728.5,0,1000000000.00,0.000000
1575.0,-775.0,1750.9,0,1000000000.00,0.000000
1600.0,-775.0,1773.4,0,1000000000.00,0.000000
1625.0,-775.0,1795.9,0,1000000000.00,0.000000
1650.0,-775.0,1818.5,0,1000000000.00,0.000000
1675.0,-775.0,1841.1,0,1000000000.00,0.000000
1700.0,-775.0,1863.8,0,1000000000.00,0.000000
1725.0,-775.0,1886.6,0,1000000000.00,0.000000
1750.0,-775.0,1909.4,0,1000000000.00,0.000000
1775.0,-775.0,1932.3,0,1000000000.00,0.000000
1800.0,-775.0,1955.2,0,1000000000.00,0.000000
-1800.0,-750.0,3389.8,0,1000000000.00,0.000000
-1775.0,-750.0,3365.5,0,1000000000.00,0.000000
-1750.0,-750.0,3341.2,0,1000000000.00,0.000000
-1725.0,-750.0,3316.9,0,1000000000.00,0.000000
-1700.0,-750.0,3292.6,0,1000000000.00,0.000000
-1675.0,-750.0,3268.3,0,1000000000.00,0.000000
-1650.0,-750.0,3244.0,0,1000000000.00,0.000000
-1625.0,-750.0,3219.7,0,1000000000.00,0.000000
-1600.0,-750.0,3195.5,0,1000000000.00,0.000000
-1575.0,-750.0,3171.2,0,1000000000.00,0.000000
-1550.0,-750.0,3147.0,0,1000000000.00,0.000000
-1525.0,-750.0,3122.8,0,1000000000.00,0.000000
-1500.0,-750.0,3098.6,0,1000000000.00,0.000000
-1475.0,-750.0,3074.4,0,1000000000.00,0.000000
-1450.0,-750.0,3050.2,0,1000000000.00,0.000000
-1425.0,-750.0,3026.0,0,1000000000.00,0.000000
-1400.0,-750.0,3001.9,0,1000000000.00,0.000000
-1375.0,-750.0,2977.7,0,1000000000.00,0.000000
-1350.0,-750.0,2953.6,0,1000000000.00,0.000000
-1325.0,-750.0,2929.5,0,1000000000.00,0.000000
-1300.0,-750.0,2905.4,0,1000000000.00,0.000000
-1275.0,-750.0,2881.3,0,1000000000.00,0.000000
-1250.0,-750.0,2857.2,0,1000000000.00,0.000000
-1225.0,-750.0,2833.2,0,1000000000.00,0.000000
-1200.0,-750.0,2809.1,0,1000000000.00,0.000000
-1175.0,-750.0,2785.1,0,1000000000.00,0.000000
-1150.0,-750.0,2761.1,0,1000000000.00,0.000000
-1125.0,-750.0,2737.1,0,1000000000.00,0.000000
-1100.0,-750.0,2713.2,0,1000000000.00,0.000000
-1075.0,-750.0,2689.2,0,1000000000.00,0.000000
-1050.0,-750.0,2665.3,0,1000000000.00,0.000000
-1025.0,-750.0,2641.4,0,1000000000.00,0.000000
-1000.0,-750.0,2617.5,0,1000000000.00,0.000000
-975.0,-750.0,2593.6,0,1000000000.00,0.000000
-950.0,-750.0,2569.8,0,1000000000.00,0.000000
-925.0,-750.0,2546.0,0,1000000000.00,0.000000
-900.0,-750.0,2522.2,0,1000000000.00,0.000000
-875.0,-750.0,2498.4,0,1000000000.00,0.000000
-850.0,-750.0,2474.6,0,1000000000.00,0.000000
-825.0,-750.0,2450.9,0,1000000000.00,0.000000
-800.0,-750.0,2427.2,0,1000000000.00,0.000000
-775.0,-750.0,2403.5,0,1000000000.00,0.000000
-750.0,-750.0,2379.9,0,1000000000.00,0.000000
-725.0,-750.0,2356.3,0,1000000000.00,0.000000
-700.0,-750.0,2332.7,0,1000000000.00,0.000000
-675.0,-750.0,2309.1,0,1000000000.00,0.000000
-650.0,-750.0,2285.6,0,1000000000.00,0.000000
-625.0,-750.0,2262.1,0,1000000000.00,0.000000
-600.0,-750.0,2238.6,0,1000000000.00,0.000000
-575.0,-750.0,2215.2,0,1000000000.00,0.000000
-550.0,-750.0,2191.8,0,1000000000.00,0.000000
-525.0,-750.0,2168.4,0,1000000000.00,0.000000
-500.0,-750.0,2145.1,0,1000000000.00,0.000000
-475.0,-750.0,2121.8,0,1000000000.00,0.000000
-450.0,-750.0,2098.6,0,1000000000.00,0.000000
-425.0,-750.0,2075.4,0,1000000000.00,0.000000
-400.0,-750.0,2052.2,0,1000000000.00,0.000000
-375.0,-750.0,2029.1,0,1000000000.00,0.000000
-350.0,-750.0,2006.0,0,1000000000.00,0.000000
-325.0,-750.0,1983.0,0,1000000000.00,0.000000
-300.0,-750.0,1960.0,0,1000000000.00,0.000000
-275.0,-750.0,1937.1,0,1000000000.00,0.000000
-250.0,-750.0,1914.2,0,1000000000.00,0.000000
-225.0,-750.0,1891.4,0,1000000000.00,0.000000
-200.0,-750.0,1868.6,0,1000000000.00,0.000000
-175.0,-750.0,1845.9,0,1000000000.00,0.000000
-150.0,-750.0,1823.2,0,1000000000.00,0.000000
-125.0,-750.0,1800.6,0,1000000000.00,0.000000
-100.0,-750.0,1778.1,0,1000000000.00,0.000000
-75.0,-750.0,1755.7,0,1000000000.00,0.000000
-50.0,-750.0,1733.3,0,1000000000.00,0.000000
-25.0,-750.0,1711.0,0,1000000000.00,0.000000
0.0,-750.0,1688.7,0,1000000000.00,0.000000
25.0,-750.0,1666.6,0,1000000000.00,0.000000
50.0,-750.0,1644.5,0,1000000000.00,0.000000
75.0,-750.0,1622.5,0,1000000000.00,0.000000
100.0,-750.0,1600.6,0,1000000000.00,0.000000
125.0,-750.0,1578.7,0,1000000000.00,0.000000
150.0,-750.0,1557.0,0,1000000000.00,0.000000
175.0,-750.0,1535.4,0,1000000000.00,0.000000
200.0,-750.0,1513.9,0,1000000000.00,0.000000
225.0,-750.0,1492.5,0,1000000000.00,0.000000
250.0,-750.0,1471.2,0,1000000000.00,0.000000
275.0,-750.0,1450.0,0,1000000000.00,0.000000
300.0,-750.0,1429.0,0,1000000000.00,0.000000
325.0,-750.0,1408.0,0,1000000000.00,0.000000
350.0,-750.0,1387.2,0,1000000000.00,0.000000
375.0,-750.0,1366.6,0,1000000000.00,0.000000
400.0,-750.0,1346.1,0,1000000000.00,0.000000
425.0,-750.0,1325.7,0,1000000000.00,0.000000
450.0,-750.0,1305.6,0,1000000000.00,0.000000
475.0,-750.0,1285.5,0,1000000000.00,0.000000
500.0,-750.0,1265.7,0,1000000000.00,0.000000
525.0,-750.0,1246.0,0,1000000000.00,0.000000
550.0,-750.0,1226.6,0,1000000000.00,0.000000
575.0,-750.0,1207.3,0,1000000000.00,0.000000
600.0,-750.0,1188.3,0,1000000000.00,0.000000
625.0,-750.0,1169.5,0,1000000000.00,0.000000
650.0,-750.0,1150.9,0,1000000000.00,0.000000
675.0,-750.0,1132.6,0,1000000000.00,0.000000
700.0,-750.0,1114.5,0,1000000000.00,0.000000
725.0,-750.0,1096.7,0,1000000000.00,0.000000
750.0,-750.0,1079.2,0,1000000000.00,0.000000
775.0,-750.0,1075.0,0,1000000000.00,0.000000
800.0,-750.0,1093.0,0,1000000000.00,0.000000
825.0,-750.0,1111.3,0,1000000000.00,0.000000
850.0,-750.0,1129.9,0,1000000000.00,0.000000
875.0,-750.0,1148.7,0,1000000000.00,0.000000
900.0,-750.0,1167.8,0,1000000000.00,0.000000
925.0,-750.0,1187.0,0,1000000000.00,0.000000
950.0,-750.0,1206.5,0,1000000000.00,0.000000
975.0,-750.0,1226.2,0,1000000000.00,0.000000
1000.0,-750.0,1246.1,0,1000000000.00,0.000000
1025.0,-750.0,1266.1,0,1000000000.00,0.000000
1050.0,-750.0,1286.3,0,1000000000.00,0.000000
1075.0,-750.0,1306.7,0,1000000000.00,0.000000
1100.0,-750.0,1327.3,0,1000000000.00,0.000000
1125.0,-750.0,1348.0,0,1000000000.00,0.000000
1150.0,-750.0,1368.8,0,1000000000.00,0.000000
1175.0,-750.0,1389.8,0,1000000000.00,0.000000
1200.0,-750.0,1410.9,0,1000000000.00,0.000000
1225.0,-750.0,1432.1,0,1000000000.00,0.000000
1250.0,-750.0,1453.5,0,1000000000.00,0.000000
1275.0,-750.0,1475.0,0,1000000000.00,0.000000
1300.0,-750.0,1496.5,0,1000000000.00,0.000000
1325.0,-750.0,1518.2,0,1000000000.00,0.000000
1350.0,-750.0,1540.0,0,1000000000.00,0.000000
1375.0,-750.0,1561.9,0,1000000000.00,0.000000
1400.0,-750.0,1583.9,0,1000000000.00,0.000000
1425.0,-750.0,1605.9,0,1000000000.00,0.000000
1450.0,-750.0,1628.1,0,1000000000.00,0.000000
1475.0,-750.0,1650.3,0,1000000000.00,0.000000
1500.0,-750.0,1672.6,0,1000000000.00,0.000000
1525.0,-750.0,1695.0,0,1000000000.00,0.000000
1550.0,-750.0,1717.5,0,1000000000.00,0.000000
1575.0,-750.0,1740.0,0,1000000000.00,0.000000
1600.0,-750.0,1762.6,0,1000000000.00,0.000000
1625.0,-750.0,1785.2,0,1000000000.00,0.000000
1650.0,-750.0,1807.9,0,1000000000.00,0.000000
1675.0,-750.0,1830.7,0,1000000000.00,0.000000
1700.0,-750.0,1853.6,0,1000000000.00,0.000000
1725.0,-750.0,1876.4,0,1000000000.00,0.000000
1750.0,-750.0,1899.4,0,1000000000.00,0.000000
1775.0,-750.0,1922.4,0,1000000000.00,0.000000
1800.0,-750.0,1945.4,0,1000000000.00,0.000000
-1800.0,-725.0,3384.2,0,1000000000.00,0.000000
-1775.0,-725.0,3359.8,0,1000000000.00,0.000000
-1750.0,-725.0,3335.5,0,1000000000.00,0.000000
-1725.0,-725.0,3311.1,0,1000000000.00,0.000000
-1700.0,-725.0,3286.8,0,1000000000.00,0.000000
-1675.0,-725.0,3262.4,0,1000000000.00,0.000000
-1650.0,-725.0,3238.1,0,1000000000.00,0.000000
-1625.0,-725.0,3213.8,0,1000000000.00,0.000000
-1600.0,-725.0,3189.5,0,1000000000.00,0.000000
-1575.0,-725.0,3165.2,0,1000000000.00,0.000000
-1550.0,-725.0,3140.9,0,1000000000.00,0.000000
-1525.0,-725.0,3116.7,0,1000000000.00,0.000000
-1500.0,-725.0,3092.4,0,1000000000.00,0.000000
-1475.0,-725.0,3068.1,0,1000000000.00,0.000000
-1450.0,-725.0,3043.9,0,1000000000.00,0.000000
-1425.0,-725.0,3019.7,0,1000000000.00,0.000000
-1400.0,-725.0,2995.5,0,1000000000.00,0.000000
-1375.0,-725.0,2971.3,0,1000000000.00,0.000000
-1350.0,-725.0,2947.1,0,1000000000.00,0.000000
-1325.0,-725.0,2922.9,0,1000000000.00,0.000000
-1300.0,-725.0,2898.8,0,1000000000.00,0.000000
-1275.0,-725.0,2874.7,0,1000000000.00,0.000000
-1250.0,-725.0,2850.5,0,1000000000.00,0.000000
-1225.0,-725.0,2826.4,0,1000000000.00,0.000000
-1200.0,-725.0,2802.3,0,1000000000.00,0.000000
-1175.0,-725.0,2778.2,0,1000000000.00,0.000000
-1150.0,-725.0,2754.2,0,1000000000.00,0.000000
-1125.0,-725.0,2730.1,0,1000000000.00,0.000000
-1100.0,-725.0,2706.1,0,1000000000.00,0.000000
-1075.0,-725.0,2682.1,0,1000000000.00,0.000000
-1050.0,-725.0,2658.1,0,1000000000.00,0.000000
-1025.0,-725.0,2634.1,0,1000000000.00,0.000000
-1000.0,-725.0,2610.2,0,1000000000.00,0.000000
-975.0,-725.0,2586.3,0,1000000000.00,0.000000
-950.0,-725.0,2562.4,0,1000000000.00,0.000000
-925.0,-725.0,2538.5,0,1000000000.00,0.000000
-900.0,-725.0,2514.6,0,1000000000.00,0.000000
-875.0,-725.0,2490.7,0,1000000000.00,0.000000
-850.0,-725.0,2466.9,0,1000000000.00,0.000000
-825.0,-725.0,2443.1,0,1000000000.00,0.000000
-800.0,-725.0,2419.3,0,1000000000.00,0.000000
-775.0,-725.0,2395.6,0,1000000000.00,0.000000
-750.0,-725.0,2371.9,0,1000000000.00,0.000000
-725.0,-725.0,2348.2,0,1000000000.00,0.000000
-700.0,-725.0,2324.5,0,1000000000.00,0.000000
-675.0,-725.0,2300.8,0,1000000000.00,0.000000
-650.0,-725.0,2277.2,0,1000000000.00,0.000000
-625.0,-725.0,2253.6,0,1000000000.00,0.000000
-600.0,-725.0,2230.1,0,1000000000.00,0.000000
-575.0,-725.0,2206.6,0,1000000000.00,0.000000
-550.0,-725.0,2183.1,0,1000000000.00,0.000000
-525.0,-725.0,2159.6,0,1000000000.00,0.000000
-500.0,-725.0,2136.2,0,1000000000.00,0.000000
-475.0,-725.0,2112.8,0,1000000000.00,0.000000
-450.0,-725.0,2089.5,0,1000000000.00,0.000000
-425.0,-725.0,2066.2,0,1000000000.00,0.000000
-400.0,-725.0,2042.9,0,1000000000.00,0.000000
-375.0,-725.0,2019.7,0,1000000000.00,0.000000
-350.0,-725.0,1996.5,0,1000000000.00,0.000000
-325.0,-725.0,1973.3,0,1000000000.00,0.000000
-300.0,-725.0,1950.2,0,1000000000.00,0.000000
-275.0,-725.0,1927.2,0,1000000000.00,0.000000
-250.0,-725.0,1904.2,0,1000000000.00,0.000000
-225.0,-725.0,1881.3,0,1000000000.00,0.000000
-200.0,-725.0,1858.4,0,1000000000.00,0.000000
-175.0,-725.0,1835.5,0,1000000000.00,0.000000
-150.0,-725.0,1812.7,0,1000000000.00,0.000000
-125.0,-725.0,1790.0,0,1000000000.00,0.000000
-100.0,-725.0,1767.4,0,1000000000.00,0.000000
-75.0,-725.0,1744.8,0,1000000000.00,0.000000
-50.0,-725.0,1722.2,0,1000000000.00,0.000000
-25.0,-725.0,1699.8,0,1000000000.00,0.000000
0.0,-725.0,1677.4,0,1000000000.00,0.000000
25.0,-725.0,1655.1,0,1000000000.00,0.000000
50.0,-725.0,1632.8,0,1000000000.00,0.000000
75.0,-725.0,1610.7,0,1000000000.00,0.000000
100.0,-725.0,1588.6,0,1000000000.00,0.000000
125.0,-725.0,1566.6,0,1000000000.00,0.000000
150.0,-725.0,1544.7,0,1000000000.00,0.000000
175.0,-725.0,1522.9,0,1000000000.00,0.000000
200.0,-725.0,1501.2,0,1000000000.00,0.000000
225.0,-725.0,1479.6,0,1000000000.00,0.000000
250.0,-725.0,1458.1,0,1000000000.00,0.000000
275.0,-725.0,1436.8,0,1000000000.00,0.000000
300.0,-725.0,1415.5,0,1000000000.00,0.000000
325.0,-725.0,1394.4,0,1000000000.00,0.000000
350.0,-725.0,1373.4,0,1000000000.00,0.000000
375.0,-725.0,1352.5,0,1000000000.00,0.000000
400.0,-725.0,1331.8,0,1000000000.00,0.000000
425.0,-725.0,1311.3,0,1000000000.00,0.000000
450.0,-725.0,1290.8,0,1000000000.00,0.000000
475.0,-725.0,1270.6,0,1000000000.00,0.000000
500.0,-725.0,1250.5,0,1000000000.00,0.000000
525.0,-725.0,1230.6,0,1000000000.00,0.000000
550.0,-725.0,1210.9,0,1000000000.00,0.000000
575.0,-725.0,1191.4,0,1000000000.00,0.000000
600.0,-725.0,1172.1,0,1000000000.00,0.000000
625.0,-725.0,1153.0,0,1000000000.00,0.000000
650.0,-725.0,1134.2,0,1000000000.00,0.000000
675.0,-725.0,1115.6,0,1000000000.00,0.000000
700.0,-725.0,1097.2,0,1000000000.00,0.000000
725.0,-725.0,1079.1,0,1000000000.00,0.000000
750.0,-725.0,1061.3,0,1000000000.00,0.000000
775.0,-725.0,1057.7,0,1000000000.00,0.000000
800.0,-725.0,1076.0,0,1000000000.00,0.000000
825.0,-725.0,1094.6,0,1000000000.00,0.000000
850.0,-725.0,1113.5,0,1000000000.00,0.000000
875.0,-725.0,1132.5,0,1000000000.00,0.000000
900.0,-725.0,1151.9,0,1000000000.00,0.000000
925.0,-725.0,1171.4,0,1000000000.00,0.000000
950.0,-725.0,1191.1,0,1000000000.00,0.000000
975.0,-725.0,1211.1,0,1000000000.00,0.000000
1000.0,-725.0,1231.2,0,1000000000.00,0.000000
1025.0,-725.0,1251.5,0,1000000000.00,0.000000
1050.0,-725.0,1271.9,0,1000000000.00,0.000000
1075.0,-725.0,1292.5,0,1000000000.00,0.000000
1100.0,-725.0,1313.3,0,1000000000.00,0.000000
1125.0,-725.0,1334.2,0,1000000000.00,0.000000
1150.0,-725.0,1355.3,0,1000000000.00,0.000000
1175.0,-725.0,1376.5,0,1000000000.00,0.000000
1200.0,-725.0,1397.8,0,1000000000.00,0.000000
1225.0,-725.0,1419.2,0,1000000000.00,0.000000
1250.0,-725.0,1440.8,0,1000000000.00,0.000000
1275.0,-725.0,1462.4,0,1000000000.00,0.000000
1300.0,-725.0,1484.2,0,1000000000.00,0.000000
1325.0,-725.0,1506.0,0,1000000000.00,0.000000
1350.0,-725.0,1528.0,0,1000000000.00,0.000000
1375.0,-725.0,1550.0,0,1000000000.00,0.000000
1400.0,-725.0,1572.2,0,1000000000.00,0.000000
1425.0,-725.0,1594.4,0,1000000000.00,0.000000
1450.0,-725.0,1616.7,0,1000000000.00,0.000000
1475.0,-725.0,1639.1,0,1000000000.00,0.000000
1500.0,-725.0,1661.6,0,1000000000.00,0.000000
1525.0,-725.0,1684.1,0,1000000000.00,0.000000
1550.0,-725.0,1706.7,0,1000000000.00,0.000000
1575.0,-725.0,1729.4,0,1000000000.00,0.000000
1600.0,-725.0,1752.1,0,1000000000.00,0.000000
1625.0,-725.0,1774.9,0,1000000000.00,0.000000
1650.0,-725.0,1797.7,0,1000000000.00,0.000000
1675.0,-725.0,1820.6,0,1000000000.00,0.000000
1700.0,-725.0,1843.6,0,1000000000.00,0.000000
1725.0,-725.0,1866.6,0,1000000000.00,0.000000
1750.0,-725.0,1889.7,0,1000000000.00,0.000000
1775.0,-725.0,1912.8,0,1000000000.00,0.000000
1800.0,-725.0,1935.9,0,1000000000.00,0.000000
-1800.0,-700.0,3378.7,0,1000000000.00,0.000000
-1775.0,-700.0,3354.3,0,1000000000.00,0.000000
-1750.0,-700.0,3329.9,0,1000000000.00,0.000000
-1725.0,-700.0,3305.5,0,1000000000.00,0.000000
-1700.0,-700.0,3281.1,0,1000000000.00,0.000000
-1675.0,-700.0,3256.8,0,1000000000.00,0.000000
-1650.0,-700.0,3232.4,0,1000000000.00,0.000000
-1625.0,-700.0,3208.0,0,1000000000.00,0.000000
-1600.0,-700.0,3183.7,0,1000000000.00,0.000000
-1575.0,-700.0,3159.4,0,1000000000.00,0.000000
-1550.0,-700.0,3135.0,0,1000000000.00,0.000000
-1525.0,-700.0,3110.7,0,1000000000.00,0.000000
-1500.0,-700.0,3086.4,0,1000000000.00,0.000000
-1475.0,-700.0,3062.1,0,1000000000.00,0.000000
-1450.0,-700.0,3037.8,0,1000000000.00,0.000000
-1425.0,-700.0,3013.6,0,1000000000.00,0.000000
-1400.0,-700.0,2989.3,0,1000000000.00,0.000000
-1375.0,-700.0,2965.1,0,1000000000.00,0.000000
-1350.0,-700.0,2940.8,0,1000000000.00,0.000000
-1325.0,-700.0,2916.6,0,1000000000.00,0.000000
-1300.0,-700.0,2892.4,0,1000000000.00,0.000000
-1275.0,-700.0,2868.2,0,1000000000.00,0.000000
-1250.0,-700.0,2844.0,0,1000000000.00,0.000000
-1225.0,-700.0,2819.9,0,1000000000.00,0.000000
-1200.0,-700.0,2795.7,0,1000000000.00,0.000000
-1175.0,-700.0,2771.6,0,1000000000.00,0.000000
-1150.0,-700.0,2747.5,0,1000000000.00,0.000000
-1125.0,-700.0,2723.4,0,1000000000.00,0.000000
-1100.0,-700.0,2699.3,0,1000000000.00,0.000000
-1075.0,-700.0,2675.2,0,1000000000.00,0.000000
-1050.0,-700.0,2651.2,0,1000000000.00,0.000000
-1025.0,-700.0,2627.1,0,1000000000.00,0.000000
-1000.0,-700.0,2603.1,0,1000000000.00,0.000000
-975.0,-700.0,2579.1,0,1000000000.00,0.000000
-950.0,-700.0,2555.1,0,1000000000.00,0.000000
-925.0,-700.0,2531.2,0,1000000000.00,0.000000
-900.0,-700.0,2507.2,0,1000000000.00,0.000000
-875.0,-700.0,2483.3,0,1000000000.00,0.000000
-850.0,-700.0,2459.4,0,1000000000.00,0.000000
-825.0,-700.0,2435.5,0,1000000000.00,0.000000
-800.0,-700.0,2411.7,0,1000000000.00,0.000000
-775.0,-700.0,2387.9,0,1000000000.00,0.000000
-750.0,-700.0,2364.1,0,1000000000.00,0.000000
-725.0,-700.0,2340.3,0,1000000000.00,0.000000
-700.0,-700.0,2316.5,0,1000000000.00,0.000000
-675.0,-700.0,2292.8,0,1000000000.00,0.000000
-650.0,-700.0,2269.1,0,1000000000.00,0.000000
-625.0,-700.0,2245.4,0,1000000000.00,0.000000
-600.0,-700.0,2221.8,0,1000000000.00,0.000000
-575.0,-700.0,2198.2,0,1000000000.00,0.000000
-550.0,-700.0,2174.6,0,1000000000.00,0.000000
-525.0,-700.0,2151.1,0,1000000000.00,0.000000
-500.0,-700.0,2127.5,0,1000000000.00,0.000000
-475.0,-700.0,2104.1,0,1000000000.00,0.000000
-450.0,-700.0,2080.6,0,1000000000.00,0.000000
-425.0,-700.0,2057.2,0,1000000000.00,0.000000
-400.0,-700.0,2033.8,0,1000000000.00,0.000000
-375.0,-700.0,2010.5,0,1000000000.00,0.000000
-350.0,-700.0,1987.2,0,1000000000.00,0.000000
-325.0,-700.0,1964.0,0,1000000000.00,0.000000
-300.0,-700.0,1940.8,0,1000000000.00,0.000000
-275.0,-700.0,1917.6,0,1000000000.00,0.000000
-250.0,-700.0,1894.5,0,1000000000.00,0.000000
-225.0,-700.0,1871.4,0,1000000000.00,0.000000
-200.0,-700.0,1848.4,0,1000000000.00,0.000000
-175.0,-700.0,1825.4,0,1000000000.00,0.000000
-150.0,-700.0,1802.5,0,1000000000.00,0.000000
-125.0,-700.0,1779.7,0,1000000000.00,0.000000
-100.0,-700.0,1756.9,0,1000000000.00,0.000000
-75.0,-700.0,1734.1,0,1000000000.00,0.000000
-50.0,-700.0,1711.5,0,1000000000.00,0.000000
-25.0,-700.0,1688.9,0,1000000000.00,0.000000
0.0,-700.0,1666.3,0,1000000000.00,0.000000
25.0,-700.0,1643.9,0,1000000000.00,0.000000
50.0,-700.0,1621.5,0,1000000000.00,0.000000
75.0,-700.0,1599.2,0,1000000000.00,0.000000
100.0,-700.0,1576.9,0,1000000000.00,0.000000
125.0,-700.0,1554.8,0,1000000000.00,0.000000
150.0,-700.0,1532.7,0,1000000000.00,0.000000
175.0,-700.0,1510.7,0,1000000000.00,0.000000
200.0,-700.0,1488.9,0,1000000000.00,0.000000
225.0,-700.0,1467.1,0,1000000000.00,0.000000
250.0,-700.0,1445.4,0,1000000000.00,0.000000
275.0,-700.0,1423.9,0,1000000000.00,0.000000
300.0,-700.0,1402.4,0,1000000000.00,0.000000
325.0,-700.0,1381.1,0,1000000000.00,0.000000
350.0,-700.0,1359.9,0,1000000000.00,0.000000
375.0,-700.0,1338.8,0,1000000000.00,0.000000
400.0,-700.0,1317.9,0,1000000000.00,0.000000
425.0,-700.0,1297.1,0,1000000000.00,0.000000
450.0,-700.0,1276.5,0,1000000000.00,0.000000
475.0,-700.0,1256.0,0,1000000000.00,0.000000
500.0,-700.0,1235.7,0,1000000000.00,0.000000
525.0,-700.0,1215.5,0,1000000000.00,0.000000
550.0,-700.0,1195.6,0,1000000000.00,0.000000
575.0,-700.0,1175.8,0,1000000000.00,0.000000
600.0,-700.0,1156.3,0,1000000000.00,0.000000
625.0,-700.0,1136.9,0,1000000000.00,0.000000
650.0,-700.0,1117.8,0,1000000000.00,0.000000
675.0,-700.0,1098.9,0,1000000000.00,0.000000
700.0,-700.0,1080.3,0,1000000000.00,0.000000
725.0,-700.0,1061.9,0,1000000000.00,0.000000
750.0,-700.0,1043.8,0,1000000000.00,0.000000
775.0,-700.0,1040.7,0,1000000000.00,0.000000
800.0,-700.0,1059.3,0,1000000000.00,0.000000
825.0,-700.0,1078.2,0,1000000000.00,0.000000
850.0,-700.0,1097.3,0,1000000000.00,0.000000
875.0,-700.0,1116.7,0,1000000000.00,0.000000
900.0,-700.0,1136.3,0,1000000000.00,0.000000
925.0,-700.0,1156.1,0,1000000000.00,0.000000
950.0,-700.0,1176.1,0,1000000000.00,0.000000
975.0,-700.0,1196.3,0,1000000000.00,0.000000
1000.0,-700.0,1216.6,0,1000000000.00,0.000000
1025.0,-700.0,1237.1,0,1000000000.00,0.000000
1050.0,-700.0,1257.8,0,1000000000.00,0.000000
1075.0,-700.0,1278.7,0,1000000000.00,0.000000
1100.0,-700.0,1299.7,0,1000000000.00,0.000000
1125.0,-700.0,1320.8,0,1000000000.00,0.000000
1150.0,-700.0,1342.1,0,1000000000.00,0.000000
1175.0,-700.0,1363.5,0,1000000000.00,0.000000
1200.0,-700.0,1385.0,0,1000000000.00,0.000000
1225.0,-700.0,1406.6,0,1000000000.00,0.000000
1250.0,-700.0,1428.3,0,1000000000.00,0.000000
1275.0,-700.0,1450.2,0,1000000000.00,0.000000
1300.0,-700.0,1472.1,0,1000000000.00,0.000000
1325.0,-700.0,1494.2,0,1000000000.00,0.000000
1350.0,-700.0,1516.3,0,1000000000.00,0.000000
1375.0,-700.0,1538.5,0,1000000000.00,0.000000
1400.0,-700.0,1560.8,0,1000000000.00,0.000000
1425.0,-700.0,1583.2,0,1000000000.00,0.000000
1450.0,-700.0,1605.7,0,1000000000.00,0.000000
1475.0,-700.0,1628.2,0,1000000000.00,0.000000
1500.0,-700.0,1650.8,0,1000000000.00,0.000000
1525.0,-700.0,1673.5,0,1000000000.00,0.000000
1550.0,-700.0,1696.2,0,1000000000.00,0.000000
1575.0,-700.0,1719.0,0,1000000000.00,0.000000
1600.0,-700.0,1741.9,0,1000000000.00,0.000000
1625.0,-700.0,1764.8,0,1000000000.00,0.000000
1650.0,-700.0,1787.8,0,1000000000.00,0.000000
1675.0,-700.0,1810.8,0,1000000000.00,0.000000
1700.0,-700.0,1833.9,0,1000000000.00,0.000000
1725.0,-700.0,1857.0,0,1000000000.00,0.000000
1750.0,-700.0,1880.2,0,1000000000.00,0.000000
1775.0,-700.0,1903.4,0,1000000000.00,0.000000
1800.0,-700.0,1926.7,0,1000000000.00,0.000000
-1800.0,-675.0,3373.4,0,1000000000.00,0.000000
-1775.0,-675.0,3349.0,0,1000000000.00,0.000000
-1750.0,-675.0,3324.6,0,1000000000.00,0.000000
-1725.0,-675.0,3300.1,0,1000000000.00,0.000000
-1700.0,-675.0,3275.7,0,1000000000.00,0.000000
-1675.0,-675.0,3251.3,0,1000000000.00,0.000000
-1650.0,-675.0,3226.9,0,1000000000.00,0.000000
-1625.0,-675.0,3202.5,0,1000000000.00,0.000000
-1600.0,-675.0,3178.1,0,1000000000.00,0.000000
-1575.0,-675.0,3153.7,0,1000000000.00,0.000000
-1550.0,-675.0,3129.3,0,1000000000.00,0.000000
-1525.0,-675.0,3105.0,0,1000000000.00,0.000000
-1500.0,-675.0,3080.6,0,1000000000.00,0.000000
-1475.0,-675.0,3056.3,0,1000000000.00,0.000000
-1450.0,-675.0,3032.0,0,1000000000.00,0.000000
-1425.0,-675.0,3007.6,0,1000000000.00,0.000000
-1400.0,-675.0,2983.3,0,1000000000.00,0.000000
-1375.0,-675.0,2959.0,0,1000000000.00,0.000000
-1350.0,-675.0,2934.8,0,1000000000.00,0.000000
-1325.0,-675.0,2910.5,0,1000000000.00,0.000000
-1300.0,-675.0,2886.2,0,1000000000.00,0.000000
-1275.0,-675.0,2862.0,0,1000000000.00,0.000000
-1250.0,-675.0,2837.8,0,1000000000.00,0.000000
-1225.0,-675.0,2813.5,0,1000000000.00,0.000000
-1200.0,-675.0,2789.3,0,1000000000.00,0.000000
-1175.0,-675.0,2765.1,0,1000000000.00,0.000000
-1150.0,-675.0,2741.0,0,1000000000.00,0.000000
-1125.0,-675.0,2716.8,0,1000000000.00,0.000000
-1100.0,-675.0,2692.7,0,1000000000.00,0.000000
-1075.0,-675.0,2668.5,0,1000000000.00,0.000000
-1050.0,-675.0,2644.4,0,1000000000.00,0.000000
-1025.0,-675.0,2620.3,0,1000000000.00,0.000000
-1000.0,-675.0,2596.2,0,1000000000.00,0.000000
-975.0,-675.0,2572.2,0,1000000000.00,0.000000
-950.0,-675.0,2548.1,0,1000000000.00,0.000000
-925.0,-675.0,2524.1,0,1000000000.00,0.000000
-900.0,-675.0,2500.1,0,1000000000.00,0.000000
-875.0,-675.0,2476.1,0,1000000000.00,0.000000
-850.0,-675.0,2452.2,0,1000000000.00,0.000000
-825.0,-675.0,2428.2,0,1000000000.00,0.000000
-800.0,-675.0,2404.3,0,1000000000.00,0.000000
-775.0,-675.0,2380.4,0,1000000000.00,0.000000
-750.0,-675.0,2356.5,0,1000000000.00,0.000000
-725.0,-675.0,2332.7,0,1000000000.00,0.000000
-700.0,-675.0,2308.8,0,1000000000.00,0.000000
-675.0,-675.0,2285.0,0,1000000000.00,0.000000
-650.0,-675.0,2261.2,0,1000000000.00,0.000000
-625.0,-675.0,2237.5,0,1000000000.00,0.000000
-600.0,-675.0,2213.8,0,1000000000.00,0.000000
-575.0,-675.0,2190.1,0,1000000000.00,0.000000
-550.0,-675.0,2166.4,0,1000000000.00,0.000000
-525.0,-675.0,2142.7,0,1000000000.00,0.000000
-500.0,-675.0,2119.1,0,1000000000.00,0.000000
-475.0,-675.0,2095.6,0,1000000000.00,0.000000
-450.0,-675.0,2072.0,0,1000000000.00,0.000000
-425.0,-675.0,2048.5,0,1000000000.00,0.000000
-400.0,-675.0,2025.0,0,1000000000.00,0.000000
-375.0,-675.0,2001.6,0,1000000000.00,0.000000
-350.0,-675.0,1978.2,0,1000000000.00,0.000000
-325.0,-675.0,1954.9,0,1000000000.00,0.000000
-300.0,-675.0,1931.5,0,1000000000.00,0.000000
-275.0,-675.0,1908.3,0,1000000000.00,0.000000
-250.0,-675.0,1885.0,0,1000000000.00,0.000000
-225.0,-675.0,1861.9,0,1000000000.00,0.000000
-200.0,-675.0,1838.7,0,1000000000.00,0.000000
-175.0,-675.0,1815.6,0,1000000000.00,0.000000
-150.0,-675.0,1792.6,0,1000000000.00,0.000000
-125.0,-675.0,1769.6,0,1000000000.00,0.000000
-100.0,-675.0,1746.7,0,1000000000.00,0.000000
-75.0,-675.0,1723.8,0,1000000000.00,0.000000
-50.0,-675.0,1701.0,0,1000000000.00,0.000000
-25.0,-675.0,1678.3,0,1000000000.00,0.000000
0.0,-675.0,1655.6,0,1000000000.00,0.000000
25.0,-675.0,1633.0,0,1000000000.00,0.000000
50.0,-675.0,1610.4,0,1000000000.00,0.000000
75.0,-675.0,1588.0,0,1000000000.00,0.000000
100.0,-675.0,1565.6,0,1000000000.00,0.000000
125.0,-675.0,1543.3,0,1000000000.00,0.000000
150.0,-675.0,1521.0,0,1000000000.00,0.000000
175.0,-675.0,1498.9,0,1000000000.00,0.000000
200.0,-675.0,1476.8,0,1000000000.00,0.000000
225.0,-675.0,1454.9,0,1000000000.00,0.000000
250.0,-675.0,1433.0,0,1000000000.00,0.000000
275.0,-675.0,1411.3,0,1000000000.00,0.000000
300.0,-675.0,1389.6,0,1000000000.00,0.000000
325.0,-675.0,1368.1,0,1000000000.00,0.000000
350.0,-675.0,1346.7,0,1000000000.00,0.000000
375.0,-675.0,1325.4,0,1000000000.00,0.000000
400.0,-675.0,1304.3,0,1000000000.00,0.000000
425.0,-675.0,1283.3,0,1000000000.00,0.000000
450.0,-675.0,1262.4,0,1000000000.00,0.000000
475.0,-675.0,1241.7,0,1000000000.00,0.000000
500.0,-675.0,1221.1,0,1000000000.00,0.000000
525.0,-675.0,1200.8,0,1000000000.00,0.000000
550.0,-675.0,1180.6,0,1000000000.00,0.000000
575.0,-675.0,1160.5,0,1000000000.00,0.000000
600.0,-675.0,1140.7,0,1000000000.00,0.000000
625.0,-675.0,1121.1,0,1000000000.00,0.000000
650.0,-675.0,1101.7,0,1000000000.00,0.000000
675.0,-675.0,1082.5,0,1000000000.00,0.000000
700.0,-675.0,1063.6,0,1000000000.00,0.000000
725.0,-675.0,1045.0,0,1000000000.00,0.000000
750.0,-675.0,1026.6,0,1000000000.00,0.000000
775.0,-675.0,1024.0,0,1000000000.00,0.000000
800.0,-675.0,1043.0,0,1000000000.00,0.000000
825.0,-675.0,1062.1,0,1000000000.00,0.000000
850.0,-675.0,1081.6,0,1000000000.00,0.000000
875.0,-675.0,1101.2,0,1000000000.00,0.000000
900.0,-675.0,1121.1,0,1000000000.00,0.000000
925.0,-675.0,1141.1,0,1000000000.00,0.000000
950.0,-675.0,1161.4,0,1000000000.00,0.000000
975.0,-675.0,1181.8,0,1000000000.00,0.000000
1000.0,-675.0,1202.4,0,1000000000.00,0.000000
1025.0,-675.0,1223.2,0,1000000000.00,0.000000
1050.0,-675.0,1244.1,0,1000000000.00,0.000000
1075.0,-675.0,1265.2,0,1000000000.00,0.000000
1100.0,-675.0,1286.4,0,1000000000.00,0.000000
1125.0,-675.0,1307.7,0,1000000000.00,0.000000
1150.0,-675.0,1329.2,0,1000000000.00,0.000000
1175.0,-675.0,1350.8,0,1000000000.00,0.000000
1200.0,-675.0,1372.5,0,1000000000.00,0.000000
1225.0,-675.0,1394.3,0,1000000000.00,0.000000
1250.0,-675.0,1416.3,0,1000000000.00,0.000000
1275.0,-675.0,1438.3,0,1000000000.00,0.000000
1300.0,-675.0,1460.4,0,1000000000.00,0.000000
1325.0,-675.0,1482.6,0,1000000000.00,0.000000
1350.0,-675.0,1504.9,0,1000000000.00,0.000000
1375.0,-675.0,1527.3,0,1000000000.00,0.000000
1400.0,-675.0,1549.8,0,1000000000.00,0.000000
1425.0,-675.0,1572.3,0,1000000000.00,0.000000
1450.0,-675.0,1594.9,0,1000000000.00,0.000000
1475.0,-675.0,1617.6,0,1000000000.00,0.000000
1500.0,-675.0,1640.4,0,1000000000.00,0.000000
1525.0,-675.0,1663.2,0,1000000000.00,0.000000
1550.0,-675.0,1686.1,0,1000000000.00,0.000000
1575.0,-675.0,1709.0,0,1000000000.00,0.000000
1600.0,-675.0,1732.0,0,1000000000.00,0.000000
1625.0,-675.0,1755.0,0,1000000000.00,0.000000
1650.0,-675.0,1778.1,0,1000000000.00,0.000000
1675.0,-675.0,1801.3,0,1000000000.00,0.000000
1700.0,-675.0,1824.5,0,1000000000.00,0.000000
1725.0,-675.0,1847.7,0,1000000000.00,0.000000
1750.0,-675.0,1871.0,0,1000000000.00,0.000000
1775.0,-675.0,1894.4,0,1000000000.00,0.000000
1800.0,-675.0,1917.8,0,1000000000.00,0.000000
-1800.0,-650.0,3368.3,0,1000000000.00,0.000000
-1775.0,-650.0,3343.9,0,1000000000.00,0.000000
-1750.0,-650.0,3319.4,0,1000000000.00,0.000000
-1725.0,-650.0,3294.9,0,1000000000.00,0.000000
-1700.0,-650.0,3270.4,0,1000000000.00,0.000000
-1675.0,-650.0,3246.0,0,1000000000.00,0.000000
-1650.0,-650.0,3221.5,0,1000000000.00,0.000000
-1625.0,-650.0,3197.1,0,1000000000.00,0.000000
-1600.0,-650.0,3172.7,0,1000000000.00,0.000000
-1575.0,-650.0,3148.2,0,1000000000.00,0.000000
-1550.0,-650.0,3123.8,0,1000000000.00,0.000000
-1525.0,-650.0,3099.4,0,1000000000.00,0.000000
-1500.0,-650.0,3075.0,0,1000000000.00,0.000000
-1475.0,-650.0,3050.7,0,1000000000.00,0.000000
-1450.0,-650.0,3026.3,0,1000000000.00,0.000000
-1425.0,-650.0,3001.9,0,1000000000.00,0.000000
-1400.0,-650.0,2977.6,0,1000000000.00,0.000000
-1375.0,-650.0,2953.2,0,1000000000.00,0.000000
-1350.0,-650.0,2928.9,0,1000000000.00,0.000000
-1325.0,-650.0,2904.6,0,1000000000.00,0.000000
-1300.0,-650.0,2880.3,0,1000000000.00,0.000000
-1275.0,-650.0,2856.0,0,1000000000.00,0.000000
-1250.0,-650.0,2831.7,0,1000000000.00,0.000000
-1225.0,-650.0,2807.4,0,1000000000.00,0.000000
-1200.0,-650.0,2783.2,0,1000000000.00,0.000000
-1175.0,-650.0,2758.9,0,1000000000.00,0.000000
-1150.0,-650.0,2734.7,0,1000000000.00,0.000000
-1125.0,-650.0,2710.5,0,1000000000.00,0.000000
-1100.0,-650.0,2686.3,0,1000000000.00,0.000000
-1075.0,-650.0,2662.1,0,1000000000.00,0.000000
-1050.0,-650.0,2637.9,0,1000000000.00,0.000000
-1025.0,-650.0,2613.7,0,1000000000.00,0.000000
-1000.0,-650.0,2589.6,0,1000000000.00,0.000000
-975.0,-650.0,2565.5,0,1000000000.00,0.000000
-950.0,-650.0,2541.4,0,1000000000.00,0.000000
-925.0,-650.0,2517.3,0,1000000000.00,0.000000
-900.0,-650.0,2493.2,0,1000000000.00,0.000000
-875.0,-650.0,2469.2,0,1000000000.00,0.000000
-850.0,-650.0,2445.1,0,1000000000.00,0.000000
-825.0,-650.0,2421.1,0,1000000000.00,0.000000
-800.0,-650.0,2397.1,0,1000000000.00,0.000000
-775.0,-650.0,2373.1,0,1000000000.00,0.000000
-750.0,-650.0,2349.2,0,1000000000.00,0.000000
-725.0,-650.0,2325.3,0,1000000000.00,0.000000
-700.0,-650.0,2301.4,0,1000000000.00,0.000000
-675.0,-650.0,2277.5,0,1000000000.00,0.000000
-650.0,-650.0,2253.6,0,1000000000.00,0.000000
-625.0,-650.0,2229.8,0,1000000000.00,0.000000
-600.0,-650.0,2206.0,0,1000000000.00,0.000000
-575.0,-650.0,2182.2,0,1000000000.00,0.000000
-550.0,-650.0,2158.4,0,1000000000.00,0.000000
-525.0,-650.0,2134.7,0,1000000000.00,0.000000
-500.0,-650.0,2111.0,0,1000000000.00,0.000000
-475.0,-650.0,2087.3,0,1000000000.00,0.000000
-450.0,-650.0,2063.7,0,1000000000.00,0.000000
-425.0,-650.0,2040.1,0,1000000000.00,0.000000
-400.0,-650.0,2016.5,0,1000000000.00,0.000000
-375.0,-650.0,1993.0,0,1000000000.00,0.000000
-350.0,-650.0,1969.5,0,1000000000.00,0.000000
-325.0,-650.0,1946.0,0,1000000000.00,0.000000
-300.0,-650.0,1922.6,0,1000000000.00,0.000000
-275.0,-650.0,1899.2,0,1000000000.00,0.000000
-250.0,-650.0,1875.9,0,1000000000.00,0.000000
-225.0,-650.0,1852.6,0,1000000000.00,0.000000
-200.0,-650.0,1829.3,0,1000000000.00,0.000000
-175.0,-650.0,1806.1,0,1000000000.00,0.000000
-150.0,-650.0,1783.0,0,1000000000.00,0.000000
-125.0,-650.0,1759.9,0,1000000000.00,0.000000
-100.0,-650.0,1736.8,0,1000000000.00,0.000000
-75.0,-650.0,1713.8,0,1000000000.00,0.000000
-50.0,-650.0,1690.9,0,1000000000.00,0.000000
-25.0,-650.0,1668.0,0,1000000000.00,0.000000
0.0,-650.0,1645.2,0,1000000000.00,0.000000
25.0,-650.0,1622.4,0,1000000000.00,0.000000
50.0,-650.0,1599.7,0,1000000000.00,0.000000
75.0,-650.0,1577.1,0,1000000000.00,0.000000
100.0,-650.0,1554.5,0,1000000000.00,0.000000
125.0,-650.0,1532.1,0,1000000000.00,0.000000
150.0,-650.0,1509.7,0,1000000000.00,0.000000
175.0,-650.0,1487.4,0,1000000000.00,0.000000
200.0,-650.0,1465.1,0,1000000000.00,0.000000
225.0,-650.0,1443.0,0,1000000000.00,0.000000
250.0,-650.0,1421.0,0,1000000000.00,0.000000
275.0,-650.0,1399.0,0,1000000000.00,0.000000
300.0,-650.0,1377.2,0,1000000000.00,0.000000
325.0,-650.0,1355.5,0,1000000000.00,0.000000
350.0,-650.0,1333.9,0,1000000000.00,0.000000
375.0,-650.0,1312.4,0,1000000000.00,0.000000
400.0,-650.0,1291.0,0,1000000000.00,0.000000
425.0,-650.0,1269.8,0,1000000000.00,0.000000
450.0,-650.0,1248.7,0,1000000000.00,0.000000
475.0,-650.0,1227.8,0,1000000000.00,0.000000
500.0,-650.0,1207.0,0,1000000000.00,0.000000
525.0,-650.0,1186.3,0,1000000000.00,0.000000
550.0,-650.0,1165.9,0,1000000000.00,0.000000
575.0,-650.0,1145.6,0,1000000000.00,0.000000
600.0,-650.0,1125.5,0,1000000000.00,0.000000
625.0,-650.0,1105.6,0,1000000000.00,0.000000
650.0,-650.0,1086.0,0,1000000000.00,0.000000
675.0,-650.0,1066.5,0,1000000000.00,0.000000
700.0,-650.0,1047.3,0,1000000000.00,0.000000
725.0,-650.0,1028.3,0,1000000000.00,0.000000
750.0,-650.0,1009.6,0,1000000000.00,0.000000
775.0,-650.0,1007.7,0,1000000000.00,0.000000
800.0,-650.0,1027.0,0,1000000000.00,0.000000
825.0,-650.0,1046.4,0,1000000000.00,0.000000
850.0,-650.0,1066.1,0,1000000000.00,0.000000
875.0,-650.0,1086.1,0,1000000000.00,0.000000
900.0,-650.0,1106.2,0,1000000000.00,0.000000
925.0,-650.0,1126.5,0,1000000000.00,0.000000
950.0,-650.0,1147.0,0,1000000000.00,0.000000
975.0,-650.0,1167.7,0,1000000000.00,0.000000
1000.0,-650.0,1188.5,0,1000000000.00,0.000000
1025.0,-650.0,1209.6,0,1000000000.00,0.000000
1050.0,-650.0,1230.7,0,1000000000.00,0.000000
1075.0,-650.0,1252.0,0,1000000000.00,0.000000
1100.0,-650.0,1273.4,0,1000000000.00,0.000000
1125.0,-650.0,1295.0,0,1000000000.00,0.000000
1150.0,-650.0,1316.7,0,1000000000.00,0.000000
1175.0,-650.0,1338.5,0,1000000000.00,0.000000
1200.0,-650.0,1360.4,0,1000000000.00,0.000000
1225.0,-650.0,1382.4,0,1000000000.00,0.000000
1250.0,-650.0,1404.5,0,1000000000.00,0.000000
1275.0,-650.0,1426.7,0,1000000000.00,0.000000
1300.0,-650.0,1449.0,0,1000000000.00,0.000000
1325.0,-650.0,1471.4,0,1000000000.00,0.000000
1350.0,-650.0,1493.9,0,1000000000.00,0.000000
1375.0,-650.0,1516.4,0,1000000000.00,0.000000
1400.0,-650.0,1539.0,0,1000000000.00,0.000000
1425.0,-650.0,1561.7,0,1000000000.00,0.000000
1450.0,-650.0,1584.5,0,1000000000.00,0.000000
1475.0,-650.0,1607.3,0,1000000000.00,0.000000
1500.0,-650.0,1630.2,0,1000000000.00,0.000000
1525.0,-650.0,1653.2,0,1000000000.00,0.000000
1550.0,-650.0,1676.2,0,1000000000.00,0.000000
1575.0,-650.0,1699.3,0,1000000000.00,0.000000
1600.0,-650.0,1722.4,0,1000000000.00,0.000000
1625.0,-650.0,1745.6,0,1000000000.00,0.000000
1650.0,-650.0,1768.8,0,1000000000.00,0.000000
1675.0,-650.0,1792.1,0,1000000000.00,0.000000
1700.0,-650.0,1815.4,0,1000000000.00,0.000000
1725.0,-650.0,1838.8,0,1000000000.00,0.000000
1750.0,-650.0,1862.2,0,1000000000.00,0.000000
1775.0,-650.0,1885.6,0,1000000000.00,0.000000
1800.0,-650.0,1909.1,0,1000000000.00,0.000000
-1800.0,-625.0,3363.4,0,1000000000.00,0.000000
-1775.0,-625.0,3338.9,0,1000000000.00,0.000000
-1750.0,-625.0,3314.4,0,1000000000.00,0.000000
-1725.0,-625.0,3289.9,0,1000000000.00,0.000000
-1700.0,-625.0,3265.4,0,1000000000.00,0.000000
-1675.0,-625.0,3240.9,0,1000000000.00,0.000000
-1650.0,-625.0,3216.4,0,1000000000.00,0.000000
-1625.0,-625.0,3191.9,0,1000000000.00,0.000000
-1600.0,-625.0,3167.4,0,1000000000.00,0.000000
-1575.0,-625.0,3143.0,0,1000000000.00,0.000000
-1550.0,-625.0,3118.5,0,1000000000.00,0.000000
-1525.0,-625.0,3094.1,0,1000000000.00,0.000000
-1500.0,-625.0,3069.6,0,1000000000.00,0.000000
-1475.0,-625.0,3045.2,0,1000000000.00,0.000000
-1450.0,-625.0,3020.8,0,1000000000.00,0.000000
-1425.0,-625.0,2996.4,0,1000000000.00,0.000000
-1400.0,-625.0,2972.0,0,1000000000.00,0.000000
-1375.0,-625.0,2947.6,0,1000000000.00,0.000000
-1350.0,-625.0,2923.2,0,1000000000.00,0.000000
-1325.0,-625.0,2898.9,0,1000000000.00,0.000000
-1300.0,-625.0,2874.5,0,1000000000.00,0.000000
-1275.0,-625.0,2850.2,0,1000000000.00,0.000000
-1250.0,-625.0,2825.8,0,1000000000.00,0.000000
-1225.0,-625.0,2801.5,0,1000000000.00,0.000000
-1200.0,-625.0,2777.2,0,1000000000.00,0.000000
-1175.0,-625.0,2752.9,0,1000000000.00,0.000000
-1150.0,-625.0,2728.6,0,1000000000.00,0.000000
-1125.0,-625.0,2704.3,0,1000000000.00,0.000000
-1100.0,-625.0,2680.1,0,1000000000.00,0.000000
-1075.0,-625.0,2655.8,0,1000000000.00,0.000000
-1050.0,-625.0,2631.6,0,1000000000.00,0.000000
-1025.0,-625.0,2607.4,0,1000000000.00,0.000000
-1000.0,-625.0,2583.2,0,1000000000.00,0.000000
-975.0,-625.0,2559.0,0,1000000000.00,0.000000
-950.0,-625.0,2534.8,0,1000000000.00,0.000000
-925.0,-625.0,2510.7,0,1000000000.00,0.000000
-900.0,-625.0,2486.6,0,1000000000.00,0.000000
-875.0,-625.0,2462.4,0,1000000000.00,0.000000
-850.0,-625.0,2438.3,0,1000000000.00,0.000000
-825.0,-625.0,2414.2,0,1000000000.00,0.000000
-800.0,-625.0,2390.2,0,1000000000.00,0.000000
-775.0,-625.0,2366.1,0,1000000000.00,0.000000
-750.0,-625.0,2342.1,0,1000000000.00,0.000000
-725.0,-625.0,2318.1,0,1000000000.00,0.000000
-700.0,-625.0,2294.1,0,1000000000.00,0.000000
-675.0,-625.0,2270.2,0,1000000000.00,0.000000
-650.0,-625.0,2246.2,0,1000000000.00,0.000000
-625.0,-625.0,2222.3,0,1000000000.00,0.000000
-600.0,-625.0,2198.4,0,1000000000.00,0.000000
-575.0,-625.0,2174.6,0,1000000000.00,0.000000
-550.0,-625.0,2150.7,0,1000000000.00,0.000000
-525.0,-625.0,2126.9,0,1000000000.00,0.000000
-500.0,-625.0,2103.1,0,1000000000.00,0.000000
-475.0,-625.0,2079.4,0,1000000000.00,0.000000
-450.0,-625.0,2055.6,0,1000000000.00,0.000000
-425.0,-625.0,2031.9,0,1000000000.00,0.000000
-400.0,-625.0,2008.3,0,1000000000.00,0.000000
-375.0,-625.0,1984.6,0,1000000000.00,0.000000
-350.0,-625.0,1961.0,0,1000000000.00,0.000000
-325.0,-625.0,1937.5,0,1000000000.00,0.000000
-300.0,-625.0,1914.0,0,1000000000.00,0.000000
-275.0,-625.0,1890.5,0,1000000000.00,0.000000
-250.0,-625.0,1867.0,0,1000000000.00,0.000000
-225.0,-625.0,1843.6,0,1000000000.00,0.000000
-200.0,-625.0,1820.2,0,1000000000.00,0.000000
-175.0,-625.0,1796.9,0,1000000000.00,0.000000
-150.0,-625.0,1773.6,0,1000000000.00,0.000000
-125.0,-625.0,1750.4,0,1000000000.00,0.000000
-100.0,-625.0,1727.2,0,1000000000.00,0.000000
-75.0,-625.0,1704.1,0,1000000000.00,0.000000
-50.0,-625.0,1681.0,0,1000000000.00,0.000000
-25.0,-625.0,1658.0,0,1000000000.00,0.000000
0.0,-625.0,1635.0,0,1000000000.00,0.000000
25.0,-625.0,1612.1,0,1000000000.00,0.000000
50.0,-625.0,1589.3,0,1000000000.00,0.000000
75.0,-625.0,1566.5,0,1000000000.00,0.000000
100.0,-625.0,1543.8,0,1000000000.00,0.000000
125.0,-625.0,1521.2,0,1000000000.00,0.000000
150.0,-625.0,1498.6,0,1000000000.00,0.000000
175.0,-625.0,1476.2,0,1000000000.00,0.000000
200.0,-625.0,1453.8,0,1000000000.00,0.000000
225.0,-625.0,1431.5,0,1000000000.00,0.000000
250.0,-625.0,1409.2,0,1000000000.00,0.000000
275.0,-625.0,1387.1,0,1000000000.00,0.000000
300.0,-625.0,1365.1,0,1000000000.00,0.000000
325.0,-625.0,1343.2,0,1000000000.00,0.000000
350.0,-625.0,1321.4,0,1000000000.00,0.000000
375.0,-625.0,1299.7,0,1000000000.00,0.000000
400.0,-625.0,1278.1,0,1000000000.00,0.000000
425.0,-625.0,1256.6,0,1000000000.00,0.000000
450.0,-625.0,1235.3,0,1000000000.00,0.000000
475.0,-625.0,1214.2,0,1000000000.00,0.000000
500.0,-625.0,1193.1,0,1000000000.00,0.000000
525.0,-625.0,1172.3,0,1000000000.00,0.000000
550.0,-625.0,1151.6,0,1000000000.00,0.000000
575.0,-625.0,1131.0,0,1000000000.00,0.000000
600.0,-625.0,1110.7,0,1000000000.00,0.000000
625.0,-625.0,1090.5,0,1000000000.00,0.000000
650.0,-625.0,1070.6,0,1000000000.00,0.000000
675.0,-625.0,1050.8,0,1000000000.00,0.000000
700.0,-625.0,1031.3,0,1000000000.00,0.000000
725.0,-625.0,1012.1,0,1000000000.00,0.000000
750.0,-625.0,993.1,1,140.69,0.953007
775.0,-625.0,991.8,1,136.13,0.984994
800.0,-625.0,1011.3,0,1000000000.00,0.000000
825.0,-625.0,1031.1,0,1000000000.00,0.000000
850.0,-625.0,1051.1,0,1000000000.00,0.000000
875.0,-625.0,1071.3,0,1000000000.00,0.000000
900.0,-625.0,1091.7,0,1000000000.00,0.000000
925.0,-625.0,1112.3,0,1000000000.00,0.000000
950.0,-625.0,1133.0,0,1000000000.00,0.000000
975.0,-625.0,1154.0,0,1000000000.00,0.000000
1000.0,-625.0,1175.1,0,1000000000.00,0.000000
1025.0,-625.0,1196.3,0,1000000000.00,0.000000
1050.0,-625.0,1217.7,0,1000000000.00,0.000000
1075.0,-625.0,1239.2,0,1000000000.00,0.000000
1100.0,-625.0,1260.9,0,1000000000.00,0.000000
1125.0,-625.0,1282.6,0,1000000000.00,0.000000
1150.0,-625.0,1304.5,0,1000000000.00,0.000000
1175.0,-625.0,1326.5,0,1000000000.00,0.000000
1200.0,-625.0,1348.6,0,1000000000.00,0.000000
1225.0,-625.0,1370.8,0,1000000000.00,0.000000
1250.0,-625.0,1393.1,0,1000000000.00,0.000000
1275.0,-625.0,1415.5,0,1000000000.00,0.000000
1300.0,-625.0,1438.0,0,1000000000.00,0.000000
1325.0,-625.0,1460.5,0,1000000000.00,0.000000
1350.0,-625.0,1483.2,0,1000000000.00,0.000000
1375.0,-625.0,1505.9,0,1000000000.00,0.000000
1400.0,-625.0,1528.6,0,1000000000.00,0.000000
1425.0,-625.0,1551.5,0,1000000000.00,0.000000
1450.0,-625.0,1574.4,0,1000000000.00,0.000000
1475.0,-625.0,1597.4,0,1000000000.00,0.000000
1500.0,-625.0,1620.4,0,1000000000.00,0.000000
1525.0,-625.0,1643.5,0,1000000000.00,0.000000
1550.0,-625.0,1666.7,0,1000000000.00,0.000000
1575.0,-625.0,1689.9,0,1000000000.00,0.000000
1600.0,-625.0,1713.1,0,1000000000.00,0.000000
1625.0,-625.0,1736.4,0,1000000000.00,0.000000
1650.0,-625.0,1759.8,0,1000000000.00,0.000000
1675.0,-625.0,1783.2,0,1000000000.00,0.000000
1700.0,-625.0,1806.6,0,1000000000.00,0.000000
1725.0,-625.0,1830.1,0,1000000000.00,0.000000
1750.0,-625.0,1853.6,0,1000000000.00,0.000000
1775.0,-625.0,1877.1,0,1000000000.00,0.000000
1800.0,-625.0,1900.7,0,1000000000.00,0.000000
-1800.0,-600.0,3358.7,0,1000000000.00,0.000000
-1775.0,-600.0,3334.1,0,1000000000.00,0.000000
-1750.0,-600.0,3309.5,0,1000000000.00,0.000000
-1725.0,-600.0,3285.0,0,1000000000.00,0.000000
-1700.0,-600.0,3260.5,0,1000000000.00,0.000000
-1675.0,-600.0,3235.9,0,1000000000.00,0.000000
-1650.0,-600.0,3211.4,0,1000000000.00,0.000000
-1625.0,-600.0,3186.9,0,1000000000.00,0.000000
-1600.0,-600.0,3162.4,0,1000000000.00,0.000000
-1575.0,-600.0,3137.9,0,1000000000.00,0.000000
-1550.0,-600.0,3113.4,0,1000000000.00,0.000000
-1525.0,-600.0,3088.9,0,1000000000.00,0.000000
-1500.0,-600.0,3064.4,0,1000000000.00,0.000000
-1475.0,-600.0,3040.0,0,1000000000.00,0.000000
-1450.0,-600.0,3015.5,0,1000000000.00,0.000000
-1425.0,-600.0,2991.1,0,1000000000.00,0.000000
-1400.0,-600.0,2966.6,0,1000000000.00,0.000000
-1375.0,-600.0,2942.2,0,1000000000.00,0.000000
-1350.0,-600.0,2917.8,0,1000000000.00,0.000000
-1325.0,-600.0,2893.3,0,1000000000.00,0.000000
-1300.0,-600.0,2868.9,0,1000000000.00,0.000000
-1275.0,-600.0,2844.5,0,1000000000.00,0.000000
-1250.0,-600.0,2820.2,0,1000000000.00,0.000000
-1225.0,-600.0,2795.8,0,1000000000.00,0.000000
-1200.0,-600.0,2771.4,0,1000000000.00,0.000000
-1175.0,-600.0,2747.1,0,1000000000.00,0.000000
-1150.0,-600.0,2722.8,0,1000000000.00,0.000000
-1125.0,-600.0,2698.4,0,1000000000.00,0.000000
-1100.0,-600.0,2674.1,0,1000000000.00,0.000000
-1075.0,-600.0,2649.8,0,1000000000.00,0.000000
-1050.0,-600.0,2625.5,0,1000000000.00,0.000000
-1025.0,-600.0,2601.3,0,1000000000.00,0.000000
-1000.0,-600.0,2577.0,0,1000000000.00,0.000000
-975.0,-600.0,2552.8,0,1000000000.00,0.000000
-950.0,-600.0,2528.5,0,1000000000.00,0.000000
-925.0,-600.0,2504.3,0,1000000000.00,0.000000
-900.0,-600.0,2480.1,0,1000000000.00,0.000000
-875.0,-600.0,2455.9,0,1000000000.00,0.000000
-850.0,-600.0,2431.8,0,1000000000.00,0.000000
-825.0,-600.0,2407.6,0,1000000000.00,0.000000
-800.0,-600.0,2383.5,0,1000000000.00,0.000000
-775.0,-600.0,2359.4,0,1000000000.00,0.000000
-750.0,-600.0,2335.3,0,1000000000.00,0.000000
-725.0,-600.0,2311.2,0,1000000000.00,0.000000
-700.0,-600.0,2287.2,0,1000000000.00,0.000000
-675.0,-600.0,2263.1,0,1000000000.00,0.000000
-650.0,-600.0,2239.1,0,1000000000.00,0.000000
-625.0,-600.0,2215.1,0,1000000000.00,0.000000
-600.0,-600.0,2191.2,0,1000000000.00,0.000000
-575.0,-600.0,2167.2,0,1000000000.00,0.000000
-550.0,-600.0,2143.3,0,1000000000.00,0.000000
-525.0,-600.0,2119.4,0,1000000000.00,0.000000
-500.0,-600.0,2095.5,0,1000000000.00,0.000000
-475.0,-600.0,2071.7,0,1000000000.00,0.000000
-450.0,-600.0,2047.9,0,1000000000.00,0.000000
-425.0,-600.0,2024.1,0,1000000000.00,0.000000
-400.0,-600.0,2000.3,0,1000000000.00,0.000000
-375.0,-600.0,1976.6,0,1000000000.00,0.000000
-350.0,-600.0,1952.9,0,1000000000.00,0.000000
-325.0,-600.0,1929.2,0,1000000000.00,0.000000
-300.0,-600.0,1905.6,0,1000000000.00,0.000000
-275.0,-600.0,1882.0,0,1000000000.00,0.000000
-250.0,-600.0,1858.4,0,1000000000.00,0.000000
-225.0,-600.0,1834.9,0,1000000000.00,0.000000
-200.0,-600.0,1811.4,0,1000000000.00,0.000000
-175.0,-600.0,1788.0,0,1000000000.00,0.000000
-150.0,-600.0,1764.6,0,1000000000.00,0.000000
-125.0,-600.0,1741.3,0,1000000000.00,0.000000
-100.0,-600.0,1718.0,0,1000000000.00,0.000000
-75.0,-600.0,1694.7,0,1000000000.00,0.000000
-50.0,-600.0,1671.5,0,1000000000.00,0.000000
-25.0,-600.0,1648.3,0,1000000000.00,0.000000
0.0,-600.0,1625.2,0,1000000000.00,0.000000
25.0,-600.0,1602.2,0,1000000000.00,0.000000
50.0,-600.0,1579.2,0,1000000000.00,0.000000
75.0,-600.0,1556.3,0,1000000000.00,0.000000
100.0,-600.0,1533.4,0,1000000000.00,0.000000
125.0,-600.0,1510.7,0,1000000000.00,0.000000
150.0,-600.0,1487.9,0,1000000000.00,0.000000
175.0,-600.0,1465.3,0,1000000000.00,0.000000
200.0,-600.0,1442.7,0,1000000000.00,0.000000
225.0,-600.0,1420.3,0,1000000000.00,0.000000
250.0,-600.0,1397.9,0,1000000000.00,0.000000
275.0,-600.0,1375.6,0,1000000000.00,0.000000
300.0,-600.0,1353.3,0,1000000000.00,0.000000
325.0,-600.0,1331.2,0,1000000000.00,0.000000
350.0,-600.0,1309.2,0,1000000000.00,0.000000
375.0,-600.0,1287.3,0,1000000000.00,0.000000
400.0,-600.0,1265.5,0,1000000000.00,0.000000
425.0,-600.0,1243.9,0,1000000000.00,0.000000
450.0,-600.0,1222.3,0,1000000000.00,0.000000
475.0,-600.0,1200.9,0,1000000000.00,0.000000
500.0,-600.0,1179.7,0,1000000000.00,0.000000
525.0,-600.0,1158.6,0,1000000000.00,0.000000
550.0,-600.0,1137.6,0,1000000000.00,0.000000
575.0,-600.0,1116.8,0,1000000000.00,0.000000
600.0,-600.0,1096.2,0,1000000000.00,0.000000
625.0,-600.0,1075.8,0,1000000000.00,0.000000
650.0,-600.0,1055.6,0,1000000000.00,0.000000
675.0,-600.0,1035.5,0,1000000000.00,0.000000
700.0,-600.0,1015.7,0,1000000000.00,0.000000
725.0,-600.0,996.2,1,149.41,0.897415
750.0,-600.0,976.9,1,144.47,0.928079
775.0,-600.0,976.2,1,139.66,0.960053
800.0,-600.0,996.1,1,134.98,0.993386
825.0,-600.0,1016.1,0,1000000000.00,0.000000
850.0,-600.0,1036.4,0,1000000000.00,0.000000
875.0,-600.0,1056.9,0,1000000000.00,0.000000
900.0,-600.0,1077.6,0,1000000000.00,0.000000
925.0,-600.0,1098.4,0,1000000000.00,0.000000
950.0,-600.0,1119.4,0,1000000000.00,0.000000
975.0,-600.0,1140.6,0,1000000000.00,0.000000
1000.0,-600.0,1162.0,0,1000000000.00,0.000000
1025.0,-600.0,1183.4,0,1000000000.00,0.000000
1050.0,-600.0,1205.0,0,1000000000.00,0.000000
1075.0,-600.0,1226.8,0,1000000000.00,0.000000
1100.0,-600.0,1248.7,0,1000000000.00,0.000000
1125.0,-600.0,1270.6,0,1000000000.00,0.000000
1150.0,-600.0,1292.7,0,1000000000.00,0.000000
1175.0,-600.0,1314.9,0,1000000000.00,0.000000
1200.0,-600.0,1337.2,0,1000000000.00,0.000000
1225.0,-600.0,1359.6,0,1000000000.00,0.000000
1250.0,-600.0,1382.1,0,1000000000.00,0.000000
1275.0,-600.0,1404.6,0,1000000000.00,0.000000
1300.0,-600.0,1427.3,0,1000000000.00,0.000000
1325.0,-600.0,1450.0,0,1000000000.00,0.000000
1350.0,-600.0,1472.8,0,1000000000.00,0.000000
1375.0,-600.0,1495.7,0,1000000000.00,0.000000
1400.0,-600.0,1518.6,0,1000000000.00,0.000000
1425.0,-600.0,1541.6,0,1000000000.00,0.000000
1450.0,-600.0,1564.7,0,1000000000.00,0.000000
1475.0,-600.0,1587.8,0,1000000000.00,0.000000
1500.0,-600.0,1610.9,0,1000000000.00,0.000000
1525.0,-600.0,1634.2,0,1000000000.00,0.000000
1550.0,-600.0,1657.4,0,1000000000.00,0.000000
1575.0,-600.0,1680.8,0,1000000000.00,0.000000
1600.0,-600.0,1704.2,0,1000000000.00,0.000000
1625.0,-600.0,1727.6,0,1000000000.00,0.000000
1650.0,-600.0,1751.0,0,1000000000.00,0.000000
1675.0,-600.0,1774.5,0,1000000000.00,0.000000
1700.0,-600.0,1798.1,0,1000000000.00,0.000000
1725.0,-600.0,1821.7,0,1000000000.00,0.000000
1750.0,-600.0,1845.3,0,1000000000.00,0.000000
1775.0,-600.0,1869.0,0,1000000000.00,0.000000
1800.0,-600.0,1892.7,0,1000000000.00,0.000000
-1800.0,-575.0,3354.1,0,1000000000.00,0.000000
-1775.0,-575.0,3329.5,0,1000000000.00,0.000000
-1750.0,-575.0,3304.9,0,1000000000.00,0.000000
-1725.0,-575.0,3280.3,0,1000000000.00,0.000000
-1700.0,-575.0,3255.8,0,1000000000.00,0.000000
-1675.0,-575.0,3231.2,0,1000000000.00,0.000000
-1650.0,-575.0,3206.6,0,1000000000.00,0.000000
-1625.0,-575.0,3182.1,0,1000000000.00,0.000000
-1600.0,-575.0,3157.5,0,1000000000.00,0.000000
-1575.0,-575.0,3133.0,0,1000000000.00,0.000000
-1550.0,-575.0,3108.5,0,1000000000.00,0.000000
-1525.0,-575.0,3083.9,0,1000000000.00,0.000000
-1500.0,-575.0,3059.4,0,1000000000.00,0.000000
-1475.0,-575.0,3034.9,0,1000000000.00,0.000000
-1450.0,-575.0,3010.4,0,1000000000.00,0.000000
-1425.0,-575.0,2985.9,0,1000000000.00,0.000000
-1400.0,-575.0,2961.4,0,1000000000.00,0.000000
-1375.0,-575.0,2937.0,0,1000000000.00,0.000000
-1350.0,-575.0,2912.5,0,1000000000.00,0.000000
-1325.0,-575.0,2888.0,0,1000000000.00,0.000000
-1300.0,-575.0,2863.6,0,1000000000.00,0.000000
-1275.0,-575.0,2839.2,0,1000000000.00,0.000000
-1250.0,-575.0,2814.7,0,1000000000.00,0.000000
-1225.0,-575.0,2790.3,0,1000000000.00,0.000000
-1200.0,-575.0,2765.9,0,1000000000.00,0.000000
-1175.0,-575.0,2741.5,0,1000000000.00,0.000000
-1150.0,-575.0,2717.1,0,1000000000.00,0.000000
-1125.0,-575.0,2692.7,0,1000000000.00,0.000000
-1100.0,-575.0,2668.4,0,1000000000.00,0.000000
-1075.0,-575.0,2644.0,0,1000000000.00,0.000000
-1050.0,-575.0,2619.7,0,1000000000.00,0.000000
-1025.0,-575.0,2595.4,0,1000000000.00,0.000000
-1000.0,-575.0,2571.0,0,1000000000.00,0.000000
-975.0,-575.0,2546.7,0,1000000000.00,0.000000
-950.0,-575.0,2522.5,0,1000000000.00,0.000000
-925.0,-575.0,2498.2,0,1000000000.00,0.000000
-900.0,-575.0,2473.9,0,1000000000.00,0.000000
-875.0,-575.0,2449.7,0,1000000000.00,0.000000
-850.0,-575.0,2425.5,0,1000000000.00,0.000000
-825.0,-575.0,2401.2,0,1000000000.00,0.000000
-800.0,-575.0,2377.0,0,1000000000.00,0.000000
-775.0,-575.0,2352.9,0,1000000000.00,0.000000
-750.0,-575.0,2328.7,0,1000000000.00,0.000000
-725.0,-575.0,2304.6,0,1000000000.00,0.000000
-700.0,-575.0,2280.4,0,1000000000.00,0.000000
-675.0,-575.0,2256.3,0,1000000000.00,0.000000
-650.0,-575.0,2232.2,0,1000000000.00,0.000000
-625.0,-575.0,2208.2,0,1000000000.00,0.000000
-600.0,-575.0,2184.1,0,1000000000.00,0.000000
-575.0,-575.0,2160.1,0,1000000000.00,0.000000
-550.0,-575.0,2136.1,0,1000000000.00,0.000000
-525.0,-575.0,2112.1,0,1000000000.00,0.000000
-500.0,-575.0,2088.2,0,1000000000.00,0.000000
-475.0,-575.0,2064.3,0,1000000000.00,0.000000
-450.0,-575.0,2040.3,0,1000000000.00,0.000000
-425.0,-575.0,2016.5,0,1000000000.00,0.000000
-400.0,-575.0,1992.6,0,1000000000.00,0.000000
-375.0,-575.0,1968.8,0,1000000000.00,0.000000
-350.0,-575.0,1945.0,0,1000000000.00,0.000000
-325.0,-575.0,1921.3,0,1000000000.00,0.000000
-300.0,-575.0,1897.5,0,1000000000.00,0.000000
-275.0,-575.0,1873.8,0,1000000000.00,0.000000
-250.0,-575.0,1850.2,0,1000000000.00,0.000000
-225.0,-575.0,1826.5,0,1000000000.00,0.000000
-200.0,-575.0,1803.0,0,1000000000.00,0.000000
-175.0,-575.0,1779.4,0,1000000000.00,0.000000
-150.0,-575.0,1755.9,0,1000000000.00,0.000000
-125.0,-575.0,1732.4,0,1000000000.00,0.000000
-100.0,-575.0,1709.0,0,1000000000.00,0.000000
-75.0,-575.0,1685.6,0,1000000000.00,0.000000
-50.0,-575.0,1662.3,0,1000000000.00,0.000000
-25.0,-575.0,1639.0,0,1000000000.00,0.000000
0.0,-575.0,1615.8,0,1000000000.00,0.000000
25.0,-575.0,1592.6,0,1000000000.00,0.000000
50.0,-575.0,1569.5,0,1000000000.00,0.000000
75.0,-575.0,1546.4,0,1000000000.00,0.000000
100.0,-575.0,1523.4,0,1000000000.00,0.000000
125.0,-575.0,1500.5,0,1000000000.00,0.000000
150.0,-575.0,1477.6,0,1000000000.00,0.000000
175.0,-575.0,1454.8,0,1000000000.00,0.000000
200.0,-575.0,1432.1,0,1000000000.00,0.000000
225.0,-575.0,1409.4,0,1000000000.00,0.000000
250.0,-575.0,1386.8,0,1000000000.00,0.000000
275.0,-575.0,1364.4,0,1000000000.00,0.000000
300.0,-575.0,1342.0,0,1000000000.00,0.000000
325.0,-575.0,1319.7,0,1000000000.00,0.000000
350.0,-575.0,1297.5,0,1000000000.00,0.000000
375.0,-575.0,1275.4,0,1000000000.00,0.000000
400.0,-575.0,1253.4,0,1000000000.00,0.000000
425.0,-575.0,1231.5,0,1000000000.00,0.000000
450.0,-575.0,1209.7,0,1000000000.00,0.000000
475.0,-575.0,1188.1,0,1000000000.00,0.000000
500.0,-575.0,1166.6,0,1000000000.00,0.000000
525.0,-575.0,1145.2,0,1000000000.00,0.000000
550.0,-575.0,1124.0,0,1000000000.00,0.000000
575.0,-575.0,1103.0,0,1000000000.00,0.000000
600.0,-575.0,1082.1,0,1000000000.00,0.000000
625.0,-575.0,1061.4,0,1000000000.00,0.000000
650.0,-575.0,1040.9,0,1000000000.00,0.000000
675.0,-575.0,1020.6,0,1000000000.00,0.000000
700.0,-575.0,1000.5,0,1000000000.00,0.000000
725.0,-575.0,980.7,1,153.93,0.871048
750.0,-575.0,961.0,1,148.72,0.901574
775.0,-575.0,961.1,1,143.64,0.933458
800.0,-575.0,981.2,1,138.69,0.966758
825.0,-575.0,1001.6,0,1000000000.00,0.000000
850.0,-575.0,1022.1,0,1000000000.00,0.000000
875.0,-575.0,1042.9,0,1000000000.00,0.000000
900.0,-575.0,1063.8,0,1000000000.00,0.000000
925.0,-575.0,1085.0,0,1000000000.00,0.000000
950.0,-575.0,1106.2,0,1000000000.00,0.000000
975.0,-575.0,1127.7,0,1000000000.00,0.000000
1000.0,-575.0,1149.2,0,1000000000.00,0.000000
1025.0,-575.0,1171.0,0,1000000000.00,0.000000
1050.0,-575.0,1192.8,0,1000000000.00,0.000000
1075.0,-575.0,1214.8,0,1000000000.00,0.000000
1100.0,-575.0,1236.8,0,1000000000.00,0.000000
1125.0,-575.0,1259.0,0,1000000000.00,0.000000
1150.0,-575.0,1281.3,0,1000000000.00,0.000000
1175.0,-575.0,1303.7,0,1000000000.00,0.000000
1200.0,-575.0,1326.2,0,1000000000.00,0.000000
1225.0,-575.0,1348.8,0,1000000000.00,0.000000
1250.0,-575.0,1371.4,0,1000000000.00,0.000000
1275.0,-575.0,1394.1,0,1000000000.00,0.000000
1300.0,-575.0,1417.0,0,1000000000.00,0.000000
1325.0,-575.0,1439.8,0,1000000000.00,0.000000
1350.0,-575.0,1462.8,0,1000000000.00,0.000000
1375.0,-575.0,1485.8,0,1000000000.00,0.000000
1400.0,-575.0,1508.9,0,1000000000.00,0.000000
1425.0,-575.0,1532.0,0,1000000000.00,0.000000
1450.0,-575.0,1555.2,0,1000000000.00,0.000000
1475.0,-575.0,1578.5,0,1000000000.00,0.000000
1500.0,-575.0,1601.8,0,1000000000.00,0.000000
1525.0,-575.0,1625.2,0,1000000000.00,0.000000
1550.0,-575.0,1648.6,0,1000000000.00,0.000000
1575.0,-575.0,1672.0,0,1000000000.00,0.000000
1600.0,-575.0,1695.5,0,1000000000.00,0.000000
1625.0,-575.0,1719.0,0,1000000000.00,0.000000
1650.0,-575.0,1742.6,0,1000000000.00,0.000000
1675.0,-575.0,1766.2,0,1000000000.00,0.000000
1700.0,-575.0,1789.9,0,1000000000.00,0.000000
1725.0,-575.0,1813.6,0,1000000000.00,0.000000
1750.0,-575.0,1837.3,0,1000000000.00,0.000000
1775.0,-575.0,1861.1,0,1000000000.00,0.000000
1800.0,-575.0,1884.9,0,1000000000.00,0.000000
-1800.0,-550.0,3349.7,0,1000000000.00,0.000000
-1775.0,-550.0,3325.1,0,1000000000.00,0.000000
-1750.0,-550.0,3300.5,0,1000000000.00,0.000000
-1725.0,-550.0,3275.8,0,1000000000.00,0.000000
-1700.0,-550.0,3251.2,0,1000000000.00,0.000000
-1675.0,-550.0,3226.6,0,1000000000.00,0.000000
-1650.0,-550.0,3202.0,0,1000000000.00,0.000000
-1625.0,-550.0,3177.4,0,1000000000.00,0.000000
-1600.0,-550.0,3152.9,0,1000000000.00,0.000000
-1575.0,-550.0,3128.3,0,1000000000.00,0.000000
-1550.0,-550.0,3103.7,0,1000000000.00,0.000000
-1525.0,-550.0,3079.2,0,1000000000.00,0.000000
-1500.0,-550.0,3054.6,0,1000000000.00,0.000000
-1475.0,-550.0,3030.1,0,1000000000.00,0.000000
-1450.0,-550.0,3005.5,0,1000000000.00,0.000000
-1425.0,-550.0,2981.0,0,1000000000.00,0.000000
-1400.0,-550.0,2956.5,0,1000000000.00,0.000000
-1375.0,-550.0,2931.9,0,1000000000.00,0.000000
-1350.0,-550.0,2907.4,0,1000000000.00,0.000000
-1325.0,-550.0,2882.9,0,1000000000.00,0.000000
-1300.0,-550.0,2858.4,0,1000000000.00,0.000000
-1275.0,-550.0,2834.0,0,1000000000.00,0.000000
-1250.0,-550.0,2809.5,0,1000000000.00,0.000000
-1225.0,-550.0,2785.0,0,1000000000.00,0.000000
-1200.0,-550.0,2760.6,0,1000000000.00,0.000000
-1175.0,-550.0,2736.1,0,1000000000.00,0.000000
-1150.0,-550.0,2711.7,0,1000000000.00,0.000000
-1125.0,-550.0,2687.3,0,1000000000.00,0.000000
-1100.0,-550.0,2662.9,0,1000000000.00,0.000000
-1075.0,-550.0,2638.5,0,1000000000.00,0.000000
-1050.0,-550.0,2614.1,0,1000000000.00,0.000000
-1025.0,-550.0,2589.7,0,1000000000.00,0.000000
-1000.0,-550.0,2565.3,0,1000000000.00,0.000000
-975.0,-550.0,2541.0,0,1000000000.00,0.000000
-950.0,-550.0,2516.6,0,1000000000.00,0.000000
-925.0,-550.0,2492.3,0,1000000000.00,0.000000
-900.0,-550.0,2468.0,0,1000000000.00,0.000000
-875.0,-550.0,2443.7,0,1000000000.00,0.000000
-850.0,-550.0,2419.4,0,1000000000.00,0.000000
-825.0,-550.0,2395.1,0,1000000000.00,0.000000
-800.0,-550.0,2370.9,0,1000000000.00,0.000000
-775.0,-550.0,2346.6,0,1000000000.00,0.000000
-750.0,-550.0,2322.4,0,1000000000.00,0.000000
-725.0,-550.0,2298.2,0,1000000000.00,0.000000
-700.0,-550.0,2274.0,0,1000000000.00,0.000000
-675.0,-550.0,2249.8,0,1000000000.00,0.000000
-650.0,-550.0,2225.6,0,1000000000.00,0.000000
-625.0,-550.0,2201.5,0,1000000000.00,0.000000
-600.0,-550.0,2177.4,0,1000000000.00,0.000000
-575.0,-550.0,2153.3,0,1000000000.00,0.000000
-550.0,-550.0,2129.2,0,1000000000.00,0.000000
-525.0,-550.0,2105.2,0,1000000000.00,0.000000
-500.0,-550.0,2081.1,0,1000000000.00,0.000000
-475.0,-550.0,2057.1,0,1000000000.00,0.000000
-450.0,-550.0,2033.1,0,1000000000.00,0.000000
-425.0,-550.0,2009.2,0,1000000000.00,0.000000
-400.0,-550.0,1985.2,0,1000000000.00,0.000000
-375.0,-550.0,1961.3,0,1000000000.00,0.000000
-350.0,-550.0,1937.4,0,1000000000.00,0.000000
-325.0,-550.0,1913.6,0,1000000000.00,0.000000
-300.0,-550.0,1889.8,0,1000000000.00,0.000000
-275.0,-550.0,1866.0,0,1000000000.00,0.000000
-250.0,-550.0,1842.2,0,1000000000.00,0.000000
-225.0,-550.0,1818.5,0,1000000000.00,0.000000
-200.0,-550.0,1794.8,0,1000000000.00,0.000000
-175.0,-550.0,1771.1,0,1000000000.00,0.000000
-150.0,-550.0,1747.5,0,1000000000.00,0.000000
-125.0,-550.0,1723.9,0,1000000000.00,0.000000
-100.0,-550.0,1700.4,0,1000000000.00,0.000000
-75.0,-550.0,1676.9,0,1000000000.00,0.000000
-50.0,-550.0,1653.4,0,1000000000.00,0.000000
-25.0,-550.0,1630.0,0,1000000000.00,0.000000
0.0,-550.0,1606.6,0,1000000000.00,0.000000
25.0,-550.0,1583.3,0,1000000000.00,0.000000
50.0,-550.0,1560.1,0,1000000000.00,0.000000
75.0,-550.0,1536.9,0,1000000000.00,0.000000
100.0,-550.0,1513.7,0,1000000000.00,0.000000
125.0,-550.0,1490.6,0,1000000000.00,0.000000
150.0,-550.0,1467.6,0,1000000000.00,0.000000
175.0,-550.0,1444.6,0,1000000000.00,0.000000
200.0,-550.0,1421.8,0,1000000000.00,0.000000
225.0,-550.0,1398.9,0,1000000000.00,0.000000
250.0,-550.0,1376.2,0,1000000000.00,0.000000
275.0,-550.0,1353.5,0,1000000000.00,0.000000
300.0,-550.0,1331.0,0,1000000000.00,0.000000
325.0,-550.0,1308.5,0,1000000000.00,0.000000
350.0,-550.0,1286.1,0,1000000000.00,0.000000
375.0,-550.0,1263.8,0,1000000000.00,0.000000
400.0,-550.0,1241.6,0,1000000000.00,0.000000
425.0,-550.0,1219.5,0,1000000000.00,0.000000
450.0,-550.0,1197.5,0,1000000000.00,0.000000
475.0,-550.0,1175.6,0,1000000000.00,0.000000
500.0,-550.0,1153.9,0,1000000000.00,0.000000
525.0,-550.0,1132.3,0,1000000000.00,0.000000
550.0,-550.0,1110.9,0,1000000000.00,0.000000
575.0,-550.0,1089.6,0,1000000000.00,0.000000
600.0,-550.0,1068.4,0,1000000000.00,0.000000
625.0,-550.0,1047.5,0,1000000000.00,0.000000
650.0,-550.0,1026.7,0,1000000000.00,0.000000
675.0,-550.0,1006.1,0,1000000000.00,0.000000
700.0,-550.0,985.7,1,164.69,0.814172
725.0,-550.0,965.5,1,159.03,0.843135
750.0,-550.0,945.6,1,153.51,0.873439
775.0,-550.0,946.3,1,148.13,0.905149
800.0,-550.0,966.8,1,142.90,0.938329
825.0,-550.0,987.4,1,137.80,0.973043
850.0,-550.0,1008.3,0,1000000000.00,0.000000
875.0,-550.0,1029.3,0,1000000000.00,0.000000
900.0,-550.0,1050.5,0,1000000000.00,0.000000
925.0,-550.0,1071.9,0,1000000000.00,0.000000
950.0,-550.0,1093.4,0,1000000000.00,0.000000
975.0,-550.0,1115.1,0,1000000000.00,0.000000
1000.0,-550.0,1136.9,0,1000000000.00,0.000000
1025.0,-550.0,1158.9,0,1000000000.00,0.000000
1050.0,-550.0,1180.9,0,1000000000.00,0.000000
1075.0,-550.0,1203.1,0,1000000000.00,0.000000
1100.0,-550.0,1225.4,0,1000000000.00,0.000000
1125.0,-550.0,1247.8,0,1000000000.00,0.000000
1150.0,-550.0,1270.3,0,1000000000.00,0.000000
1175.0,-550.0,1292.9,0,1000000000.00,0.000000
1200.0,-550.0,1315.5,0,1000000000.00,0.000000
1225.0,-550.0,1338.3,0,1000000000.00,0.000000
1250.0,-550.0,1361.1,0,1000000000.00,0.000000
1275.0,-550.0,1384.0,0,1000000000.00,0.000000
1300.0,-550.0,1407.0,0,1000000000.00,0.000000
1325.0,-550.0,1430.0,0,1000000000.00,0.000000
1350.0,-550.0,1453.1,0,1000000000.00,0.000000
1375.0,-550.0,1476.3,0,1000000000.00,0.000000
1400.0,-550.0,1499.5,0,1000000000.00,0.000000
1425.0,-550.0,1522.8,0,1000000000.00,0.000000
1450.0,-550.0,1546.2,0,1000000000.00,0.000000
1475.0,-550.0,1569.6,0,1000000000.00,0.000000
1500.0,-550.0,1593.0,0,1000000000.00,0.000000
1525.0,-550.0,1616.5,0,1000000000.00,0.000000
1550.0,-550.0,1640.0,0,1000000000.00,0.000000
1575.0,-550.0,1663.6,0,1000000000.00,0.000000
1600.0,-550.0,1687.2,0,1000000000.00,0.000000
1625.0,-550.0,1710.8,0,1000000000.00,0.000000
1650.0,-550.0,1734.5,0,1000000000.00,0.000000
1675.0,-550.0,1758.3,0,1000000000.00,0.000000
1700.0,-550.0,1782.0,0,1000000000.00,0.000000
1725.0,-550.0,1805.8,0,1000000000.00,0.000000
1750.0,-550.0,1829.7,0,1000000000.00,0.000000
1775.0,-550.0,1853.5,0,1000000000.00,0.000000
1800.0,-550.0,1877.4,0,1000000000.00,0.000000
-1800.0,-525.0,3345.5,0,1000000000.00,0.000000
-1775.0,-525.0,3320.8,0,1000000000.00,0.000000
-1750.0,-525.0,3296.2,0,1000000000.00,0.000000
-1725.0,-525.0,3271.5,0,1000000000.00,0.000000
-1700.0,-525.0,3246.9,0,1000000000.00,0.000000
-1675.0,-525.0,3222.3,0,1000000000.00,0.000000
-1650.0,-525.0,3197.6,0,1000000000.00,0.000000
-1625.0,-525.0,3173.0,0,1000000000.00,0.000000
-1600.0,-525.0,3148.4,0,1000000000.00,0.000000
-1575.0,-525.0,3123.8,0,1000000000.00,0.000000
-1550.0,-525.0,3099.2,0,1000000000.00,0.000000
-1525.0,-525.0,3074.6,0,1000000000.00,0.000000
-1500.0,-525.0,3050.0,0,1000000000.00,0.000000
-1475.0,-525.0,3025.4,0,1000000000.00,0.000000
-1450.0,-525.0,3000.8,0,1000000000.00,0.000000
-1425.0,-525.0,2976.3,0,1000000000.00,0.000000
-1400.0,-525.0,2951.7,0,1000000000.00,0.000000
-1375.0,-525.0,2927.1,0,1000000000.00,0.000000
-1350.0,-525.0,2902.6,0,1000000000.00,0.000000
-1325.0,-525.0,2878.0,0,1000000000.00,0.000000
-1300.0,-525.0,2853.5,0,1000000000.00,0.000000
-1275.0,-525.0,2829.0,0,1000000000.00,0.000000
-1250.0,-525.0,2804.5,0,1000000000.00,0.000000
-1225.0,-525.0,2780.0,0,1000000000.00,0.000000
-1200.0,-525.0,2755.5,0,1000000000.00,0.000000
-1175.0,-525.0,2731.0,0,1000000000.00,0.000000
-1150.0,-525.0,2706.5,0,1000000000.00,0.000000
-1125.0,-525.0,2682.0,0,1000000000.00,0.000000
-1100.0,-525.0,2657.6,0,1000000000.00,0.000000
-1075.0,-525.0,2633.1,0,1000000000.00,0.000000
-1050.0,-525.0,2608.7,0,1000000000.00,0.000000
-1025.0,-525.0,2584.2,0,1000000000.00,0.000000
-1000.0,-525.0,2559.8,0,1000000000.00,0.000000
-975.0,-525.0,2535.4,0,1000000000.00,0.000000
-950.0,-525.0,2511.0,0,1000000000.00,0.000000
-925.0,-525.0,2486.6,0,1000000000.00,0.000000
-900.0,-525.0,2462.3,0,1000000000.00,0.000000
-875.0,-525.0,2437.9,0,1000000000.00,0.000000
-850.0,-525.0,2413.6,0,1000000000.00,0.000000
-825.0,-525.0,2389.2,0,1000000000.00,0.000000
-800.0,-525.0,2364.9,0,1000000000.00,0.000000
-775.0,-525.0,2340.6,0,1000000000.00,0.000000
-750.0,-525.0,2316.3,0,1000000000.00,0.000000
-725.0,-525.0,2292.0,0,1000000000.00,0.000000
-700.0,-525.0,2267.8,0,1000000000.00,0.000000
-675.0,-525.0,2243.5,0,1000000000.00,0.000000
-650.0,-525.0,2219.3,0,1000000000.00,0.000000
-625.0,-525.0,2195.1,0,1000000000.00,0.000000
-600.0,-525.0,2170.9,0,1000000000.00,0.000000
-575.0,-525.0,2146.7,0,1000000000.00,0.000000
-550.0,-525.0,2122.6,0,1000000000.00,0.000000
-525.0,-525.0,2098.5,0,1000000000.00,0.000000
-500.0,-525.0,2074.3,0,1000000000.00,0.000000
-475.0,-525.0,2050.2,0,1000000000.00,0.000000
-450.0,-525.0,2026.2,0,1000000000.00,0.000000
-425.0,-525.0,2002.1,0,1000000000.00,0.000000
-400.0,-525.0,1978.1,0,1000000000.00,0.000000
-375.0,-525.0,1954.1,0,1000000000.00,0.000000
-350.0,-525.0,1930.1,0,1000000000.00,0.000000
-325.0,-525.0,1906.2,0,1000000000.00,0.000000
-300.0,-525.0,1882.3,0,1000000000.00,0.000000
-275.0,-525.0,1858.4,0,1000000000.00,0.000000
-250.0,-525.0,1834.5,0,1000000000.00,0.000000
-225.0,-525.0,1810.7,0,1000000000.00,0.000000
-200.0,-525.0,1786.9,0,1000000000.00,0.000000
-175.0,-525.0,1763.1,0,1000000000.00,0.000000
-150.0,-525.0,1739.4,0,1000000000.00,0.000000
-125.0,-525.0,1715.7,0,1000000000.00,0.000000
-100.0,-525.0,1692.1,0,1000000000.00,0.000000
-75.0,-525.0,1668.4,0,1000000000.00,0.000000
-50.0,-525.0,1644.9,0,1000000000.00,0.000000
-25.0,-525.0,1621.3,0,1000000000.00,0.000000
0.0,-525.0,1597.8,0,1000000000.00,0.000000
25.0,-525.0,1574.4,0,1000000000.00,0.000000
50.0,-525.0,1551.0,0,1000000000.00,0.000000
75.0,-525.0,1527.7,0,1000000000.00,0.000000
100.0,-525.0,1504.4,0,1000000000.00,0.000000
125.0,-525.0,1481.1,0,1000000000.00,0.000000
150.0,-525.0,1458.0,0,1000000000.00,0.000000
175.0,-525.0,1434.9,0,1000000000.00,0.000000
200.0,-525.0,1411.8,0,1000000000.00,0.000000
225.0,-525.0,1388.8,0,1000000000.00,0.000000
250.0,-525.0,1365.9,0,1000000000.00,0.000000
275.0,-525.0,1343.1,0,1000000000.00,0.000000
300.0,-525.0,1320.3,0,1000000000.00,0.000000
325.0,-525.0,1297.6,0,1000000000.00,0.000000
350.0,-525.0,1275.1,0,1000000000.00,0.000000
375.0,-525.0,1252.6,0,1000000000.00,0.000000
400.0,-525.0,1230.2,0,1000000000.00,0.000000
425.0,-525.0,1207.9,0,1000000000.00,0.000000
450.0,-525.0,1185.7,0,1000000000.00,0.000000
475.0,-525.0,1163.6,0,1000000000.00,0.000000
500.0,-525.0,1141.6,0,1000000000.00,0.000000
525.0,-525.0,1119.8,0,1000000000.00,0.000000
550.0,-525.0,1098.1,0,1000000000.00,0.000000
575.0,-525.0,1076.6,0,1000000000.00,0.000000
600.0,-525.0,1055.2,0,1000000000.00,0.000000
625.0,-525.0,1033.9,0,1000000000.00,0.000000
650.0,-525.0,1012.9,0,1000000000.00,0.000000
675.0,-525.0,992.0,1,176.96,0.757709
700.0,-525.0,971.3,1,170.80,0.785017
725.0,-525.0,950.8,1,164.80,0.813634
750.0,-525.0,930.6,1,158.94,0.843629
775.0,-525.0,932.0,1,153.23,0.875072
800.0,-525.0,952.8,1,147.66,0.908034
825.0,-525.0,973.7,1,142.25,0.942590
850.0,-525.0,994.9,1,136.99,0.978813
875.0,-525.0,1016.2,0,1000000000.00,0.000000
900.0,-525.0,1037.7,0,1000000000.00,0.000000
925.0,-525.0,1059.3,0,1000000000.00,0.000000
950.0,-525.0,1081.1,0,1000000000.00,0.000000
975.0,-525.0,1103.0,0,1000000000.00,0.000000
1000.0,-525.0,1125.1,0,1000000000.00,0.000000
1025.0,-525.0,1147.2,0,1000000000.00,0.000000
1050.0,-525.0,1169.5,0,1000000000.00,0.000000
1075.0,-525.0,1191.9,0,1000000000.00,0.000000
1100.0,-525.0,1214.4,0,1000000000.00,0.000000
1125.0,-525.0,1237.0,0,1000000000.00,0.000000
1150.0,-525.0,1259.7,0,1000000000.00,0.000000
1175.0,-525.0,1282.4,0,1000000000.00,0.000000
1200.0,-525.0,1305.3,0,1000000000.00,0.000000
1225.0,-525.0,1328.2,0,1000000000.00,0.000000
1250.0,-525.0,1351.2,0,1000000000.00,0.000000
1275.0,-525.0,1374.3,0,1000000000.00,0.000000
1300.0,-525.0,1397.4,0,1000000000.00,0.000000
1325.0,-525.0,1420.6,0,1000000000.00,0.000000
1350.0,-525.0,1443.9,0,1000000000.00,0.000000
1375.0,-525.0,1467.2,0,1000000000.00,0.000000
1400.0,-525.0,1490.6,0,1000000000.00,0.000000
1425.0,-525.0,1514.0,0,1000000000.00,0.000000
1450.0,-525.0,1537.4,0,1000000000.00,0.000000
1475.0,-525.0,1561.0,0,1000000000.00,0.000000
1500.0,-525.0,1584.5,0,1000000000.00,0.000000
1525.0,-525.0,1608.1,0,1000000000.00,0.000000
1550.0,-525.0,1631.8,0,1000000000.00,0.000000
1575.0,-525.0,1655.5,0,1000000000.00,0.000000
1600.0,-525.0,1679.2,0,1000000000.00,0.000000
1625.0,-525.0,1703.0,0,1000000000.00,0.000000
1650.0,-525.0,1726.8,0,1000000000.00,0.000000
1675.0,-525.0,1750.6,0,1000000000.00,0.000000
1700.0,-525.0,1774.5,0,1000000000.00,0.000000
1725.0,-525.0,1798.4,0,1000000000.00,0.000000
1750.0,-525.0,1822.3,0,1000000000.00,0.000000
1775.0,-525.0,1846.2,0,1000000000.00,0.000000
1800.0,-525.0,1870.2,0,1000000000.00,0.000000
-1800.0,-500.0,3341.5,0,1000000000.00,0.000000
-1775.0,-500.0,3316.8,0,1000000000.00,0.000000
-1750.0,-500.0,3292.1,0,1000000000.00,0.000000
-1725.0,-500.0,3267.4,0,1000000000.00,0.000000
-1700.0,-500.0,3242.7,0,1000000000.00,0.000000
-1675.0,-500.0,3218.1,0,1000000000.00,0.000000
-1650.0,-500.0,3193.4,0,1000000000.00,0.000000
-1625.0,-500.0,3168.8,0,1000000000.00,0.000000
-1600.0,-500.0,3144.1,0,1000000000.00,0.000000
-1575.0,-500.0,3119.5,0,1000000000.00,0.000000
-1550.0,-500.0,3094.8,0,1000000000.00,0.000000
-1525.0,-500.0,3070.2,0,1000000000.00,0.000000
-1500.0,-500.0,3045.6,0,1000000000.00,0.000000
-1475.0,-500.0,3020.9,0,1000000000.00,0.000000
-1450.0,-500.0,2996.3,0,1000000000.00,0.000000
-1425.0,-500.0,2971.7,0,1000000000.00,0.000000
-1400.0,-500.0,2947.1,0,1000000000.00,0.000000
-1375.0,-500.0,2922.5,0,1000000000.00,0.000000
-1350.0,-500.0,2897.9,0,1000000000.00,0.000000
-1325.0,-500.0,2873.4,0,1000000000.00,0.000000
-1300.0,-500.0,2848.8,0,1000000000.00,0.000000
-1275.0,-500.0,2824.2,0,1000000000.00,0.000000
-1250.0,-500.0,2799.7,0,1000000000.00,0.000000
-1225.0,-500.0,2775.1,0,1000000000.00,0.000000
-1200.0,-500.0,2750.6,0,1000000000.00,0.000000
-1175.0,-500.0,2726.0,0,1000000000.00,0.000000
-1150.0,-500.0,2701.5,0,1000000000.00,0.000000
-1125.0,-500.0,2677.0,0,1000000000.00,0.000000
-1100.0,-500.0,2652.5,0,1000000000.00,0.000000
-1075.0,-500.0,2628.0,0,1000000000.00,0.000000
-1050.0,-500.0,2603.5,0,1000000000.00,0.000000
-1025.0,-500.0,2579.0,0,1000000000.00,0.000000
-1000.0,-500.0,2554.5,0,1000000000.00,0.000000
-975.0,-500.0,2530.1,0,1000000000.00,0.000000
-950.0,-500.0,2505.6,0,1000000000.00,0.000000
-925.0,-500.0,2481.2,0,1000000000.00,0.000000
-900.0,-500.0,2456.8,0,1000000000.00,0.000000
-875.0,-500.0,2432.4,0,1000000000.00,0.000000
-850.0,-500.0,2408.0,0,1000000000.00,0.000000
-825.0,-500.0,2383.6,0,1000000000.00,0.000000
-800.0,-500.0,2359.2,0,1000000000.00,0.000000
-775.0,-500.0,2334.8,0,1000000000.00,0.000000
-750.0,-500.0,2310.5,0,1000000000.00,0.000000
-725.0,-500.0,2286.1,0,1000000000.00,0.000000
-700.0,-500.0,2261.8,0,1000000000.00,0.000000
-675.0,-500.0,2237.5,0,1000000000.00,0.000000
-650.0,-500.0,2213.2,0,1000000000.00,0.000000
-625.0,-500.0,2189.0,0,1000000000.00,0.000000
-600.0,-500.0,2164.7,0,1000000000.00,0.000000
-575.0,-500.0,2140.5,0,1000000000.00,0.000000
-550.0,-500.0,2116.2,0,1000000000.00,0.000000
-525.0,-500.0,2092.0,0,1000000000.00,0.000000
-500.0,-500.0,2067.8,0,1000000000.00,0.000000
-475.0,-500.0,2043.7,0,1000000000.00,0.000000
-450.0,-500.0,2019.5,0,1000000000.00,0.000000
-425.0,-500.0,1995.4,0,1000000000.00,0.000000
-400.0,-500.0,1971.3,0,1000000000.00,0.000000
-375.0,-500.0,1947.2,0,1000000000.00,0.000000
-350.0,-500.0,1923.2,0,1000000000.00,0.000000
-325.0,-500.0,1899.1,0,1000000000.00,0.000000
-300.0,-500.0,1875.1,0,1000000000.00,0.000000
-275.0,-500.0,1851.1,0,1000000000.00,0.000000
-250.0,-500.0,1827.2,0,1000000000.00,0.000000
-225.0,-500.0,1803.2,0,1000000000.00,0.000000
-200.0,-500.0,1779.4,0,1000000000.00,0.000000
-175.0,-500.0,1755.5,0,1000000000.00,0.000000
-150.0,-500.0,1731.6,0,1000000000.00,0.000000
-125.0,-500.0,1707.8,0,1000000000.00,0.000000
-100.0,-500.0,1684.1,0,1000000000.00,0.000000
-75.0,-500.0,1660.4,0,1000000000.00,0.000000
-50.0,-500.0,1636.7,0,1000000000.00,0.000000
-25.0,-500.0,1613.0,0,1000000000.00,0.000000
0.0,-500.0,1589.4,0,1000000000.00,0.000000
25.0,-500.0,1565.8,0,1000000000.00,0.000000
50.0,-500.0,1542.3,0,1000000000.00,0.000000
75.0,-500.0,1518.8,0,1000000000.00,0.000000
100.0,-500.0,1495.4,0,1000000000.00,0.000000
125.0,-500.0,1472.0,0,1000000000.00,0.000000
150.0,-500.0,1448.7,0,1000000000.00,0.000000
175.0,-500.0,1425.4,0,1000000000.00,0.000000
200.0,-500.0,1402.2,0,1000000000.00,0.000000
225.0,-500.0,1379.1,0,1000000000.00,0.000000
250.0,-500.0,1356.0,0,1000000000.00,0.000000
275.0,-500.0,1333.0,0,1000000000.00,0.000000
300.0,-500.0,1310.1,0,1000000000.00,0.000000
325.0,-500.0,1287.2,0,1000000000.00,0.000000
350.0,-500.0,1264.5,0,1000000000.00,0.000000
375.0,-500.0,1241.8,0,1000000000.00,0.000000
400.0,-500.0,1219.2,0,1000000000.00,0.000000
425.0,-500.0,1196.7,0,1000000000.00,0.000000
450.0,-500.0,1174.3,0,1000000000.00,0.000000
475.0,-500.0,1152.0,0,1000000000.00,0.000000
500.0,-500.0,1129.8,0,1000000000.00,0.000000
525.0,-500.0,1107.7,0,1000000000.00,0.000000
550.0,-500.0,1085.8,0,1000000000.00,0.000000
575.0,-500.0,1064.0,0,1000000000.00,0.000000
600.0,-500.0,1042.3,0,1000000000.00,0.000000
625.0,-500.0,1020.8,0,1000000000.00,0.000000
650.0,-500.0,999.5,1,191.03,0.701901
675.0,-500.0,978.3,1,184.31,0.727486
700.0,-500.0,957.3,1,177.75,0.754333
725.0,-500.0,936.6,1,171.35,0.782512
750.0,-500.0,916.0,1,165.11,0.812100
775.0,-500.0,918.1,1,159.02,0.843173
800.0,-500.0,939.2,1,153.10,0.875812
825.0,-500.0,960.5,1,147.33,0.910099
850.0,-500.0,981.9,1,141.72,0.946119
875.0,-500.0,1003.5,0,1000000000.00,0.000000
900.0,-500.0,1025.2,0,1000000000.00,0.000000
925.0,-500.0,1047.1,0,1000000000.00,0.000000
950.0,-500.0,1069.2,0,1000000000.00,0.000000
975.0,-500.0,1091.3,0,1000000000.00,0.000000
1000.0,-500.0,1113.6,0,1000000000.00,0.000000
1025.0,-500.0,1136.0,0,1000000000.00,0.000000
1050.0,-500.0,1158.5,0,1000000000.00,0.000000
1075.0,-500.0,1181.1,0,1000000000.00,0.000000
1100.0,-500.0,1203.8,0,1000000000.00,0.000000
1125.0,-500.0,1226.6,0,1000000000.00,0.000000
1150.0,-500.0,1249.4,0,1000000000.00,0.000000
1175.0,-500.0,1272.4,0,1000000000.00,0.000000
1200.0,-500.0,1295.4,0,1000000000.00,0.000000
1225.0,-500.0,1318.5,0,1000000000.00,0.000000
1250.0,-500.0,1341.7,0,1000000000.00,0.000000
1275.0,-500.0,1364.9,0,1000000000.00,0.000000
1300.0,-500.0,1388.2,0,1000000000.00,0.000000
1325.0,-500.0,1411.6,0,1000000000.00,0.000000
1350.0,-500.0,1435.0,0,1000000000.00,0.000000
1375.0,-500.0,1458.4,0,1000000000.00,0.000000
1400.0,-500.0,1481.9,0,1000000000.00,0.000000
1425.0,-500.0,1505.5,0,1000000000.00,0.000000
1450.0,-500.0,1529.1,0,1000000000.00,0.000000
1475.0,-500.0,1552.7,0,1000000000.00,0.000000
1500.0,-500.0,1576.4,0,1000000000.00,0.000000
1525.0,-500.0,1600.2,0,1000000000.00,0.000000
1550.0,-500.0,1623.9,0,1000000000.00,0.000000
1575.0,-500.0,1647.7,0,1000000000.00,0.000000
1600.0,-500.0,1671.6,0,1000000000.00,0.000000
1625.0,-500.0,1695.4,0,1000000000.00,0.000000
1650.0,-500.0,1719.3,0,1000000000.00,0.000000
1675.0,-500.0,1743.3,0,1000000000.00,0.000000
1700.0,-500.0,1767.2,0,1000000000.00,0.000000
1725.0,-500.0,1791.2,0,1000000000.00,0.000000
1750.0,-500.0,1815.2,0,1000000000.00,0.000000
1775.0,-500.0,1839.3,0,1000000000.00,0.000000
1800.0,-500.0,1863.4,0,1000000000.00,0.000000
-1800.0,-475.0,3337.6,0,1000000000.00,0.000000
-1775.0,-475.0,3312.9,0,1000000000.00,0.000000
-1750.0,-475.0,3288.2,0,1000000000.00,0.000000
-1725.0,-475.0,3263.5,0,1000000000.00,0.000000
-1700.0,-475.0,3238.8,0,1000000000.00,0.000000
-1675.0,-475.0,3214.1,0,1000000000.00,0.000000
-1650.0,-475.0,3189.4,0,1000000000.00,0.000000
-1625.0,-475.0,3164.7,0,1000000000.00,0.000000
-1600.0,-475.0,3140.0,0,1000000000.00,0.000000
-1575.0,-475.0,3115.3,0,1000000000.00,0.000000
-1550.0,-475.0,3090.7,0,1000000000.00,0.000000
-1525.0,-475.0,3066.0,0,1000000000.00,0.000000
-1500.0,-475.0,3041.3,0,1000000000.00,0.000000
-1475.0,-475.0,3016.7,0,1000000000.00,0.000000
-1450.0,-475.0,2992.0,0,1000000000.00,0.000000
-1425.0,-475.0,2967.4,0,1000000000.00,0.000000
-1400.0,-475.0,2942.8,0,1000000000.00,0.000000
-1375.0,-475.0,2918.1,0,1000000000.00,0.000000
-1350.0,-475.0,2893.5,0,1000000000.00,0.000000
-1325.0,-475.0,2868.9,0,1000000000.00,0.000000
-1300.0,-475.0,2844.3,0,1000000000.00,0.000000
-1275.0,-475.0,2819.7,0,1000000000.00,0.000000
-1250.0,-475.0,2795.1,0,1000000000.00,0.000000
-1225.0,-475.0,2770.5,0,1000000000.00,0.000000
-1200.0,-475.0,2745.9,0,1000000000.00,0.000000
-1175.0,-475.0,2721.3,0,1000000000.00,0.000000
-1150.0,-475.0,2696.8,0,1000000000.00,0.000000
-1125.0,-475.0,2672.2,0,1000000000.00,0.000000
-1100.0,-475.0,2647.6,0,1000000000.00,0.000000
-1075.0,-475.0,2623.1,0,1000000000.00,0.000000
-1050.0,-475.0,2598.6,0,1000000000.00,0.000000
-1025.0,-475.0,2574.0,0,1000000000.00,0.000000
-1000.0,-475.0,2549.5,0,1000000000.00,0.000000
-975.0,-475.0,2525.0,0,1000000000.00,0.000000
-950.0,-475.0,2500.5,0,1000000000.00,0.000000
-925.0,-475.0,2476.0,0,1000000000.00,0.000000
-900.0,-475.0,2451.5,0,1000000000.00,0.000000
-875.0,-475.0,2427.1,0,1000000000.00,0.000000
-850.0,-475.0,2402.6,0,1000000000.00,0.000000
-825.0,-475.0,2378.2,0,1000000000.00,0.000000
-800.0,-475.0,2353.7,0,1000000000.00,0.000000
-775.0,-475.0,2329.3,0,1000000000.00,0.000000
-750.0,-475.0,2304.9,0,1000000000.00,0.000000
-725.0,-475.0,2280.5,0,1000000000.00,0.000000
-700.0,-475.0,2256.1,0,1000000000.00,0.000000
-675.0,-475.0,2231.8,0,1000000000.00,0.000000
-650.0,-475.0,2207.4,0,1000000000.00,0.000000
-625.0,-475.0,2183.1,0,1000000000.00,0.000000
-600.0,-475.0,2158.8,0,1000000000.00,0.000000
-575.0,-475.0,2134.4,0,1000000000.00,0.000000
-550.0,-475.0,2110.2,0,1000000000.00,0.000000
-525.0,-475.0,2085.9,0,1000000000.00,0.000000
-500.0,-475.0,2061.6,0,1000000000.00,0.000000
-475.0,-475.0,2037.4,0,1000000000.00,0.000000
-450.0,-475.0,2013.2,0,1000000000.00,0.000000
-425.0,-475.0,1989.0,0,1000000000.00,0.000000
-400.0,-475.0,1964.8,0,1000000000.00,0.000000
-375.0,-475.0,1940.6,0,1000000000.00,0.000000
-350.0,-475.0,1916.5,0,1000000000.00,0.000000
-325.0,-475.0,1892.3,0,1000000000.00,0.000000
-300.0,-475.0,1868.2,0,1000000000.00,0.000000
-275.0,-475.0,1844.2,0,1000000000.00,0.000000
-250.0,-475.0,1820.1,0,1000000000.00,0.000000
-225.0,-475.0,1796.1,0,1000000000.00,0.000000
-200.0,-475.0,1772.1,0,1000000000.00,0.000000
-175.0,-475.0,1748.2,0,1000000000.00,0.000000
-150.0,-475.0,1724.2,0,1000000000.00,0.000000
-125.0,-475.0,1700.3,0,1000000000.00,0.000000
-100.0,-475.0,1676.4,0,1000000000.00,0.000000
-75.0,-475.0,1652.6,0,1000000000.00,0.000000
-50.0,-475.0,1628.8,0,1000000000.00,0.000000
-25.0,-475.0,1605.0,0,1000000000.00,0.000000
0.0,-475.0,1581.3,0,1000000000.00,0.000000
25.0,-475.0,1557.6,0,1000000000.00,0.000000
50.0,-475.0,1534.0,0,1000000000.00,0.000000
75.0,-475.0,1510.3,0,1000000000.00,0.000000
100.0,-475.0,1486.8,0,1000000000.00,0.000000
125.0,-475.0,1463.3,0,1000000000.00,0.000000
150.0,-475.0,1439.8,0,1000000000.00,0.000000
175.0,-475.0,1416.4,0,1000000000.00,0.000000
200.0,-475.0,1393.0,0,1000000000.00,0.000000
225.0,-475.0,1369.8,0,1000000000.00,0.000000
250.0,-475.0,1346.5,0,1000000000.00,0.000000
275.0,-475.0,1323.3,0,1000000000.00,0.000000
300.0,-475.0,1300.2,0,1000000000.00,0.000000
325.0,-475.0,1277.2,0,1000000000.00,0.000000
350.0,-475.0,1254.3,0,1000000000.00,0.000000
375.0,-475.0,1231.4,0,1000000000.00,0.000000
400.0,-475.0,1208.6,0,1000000000.00,0.000000
425.0,-475.0,1185.9,0,1000000000.00,0.000000
450.0,-475.0,1163.3,0,1000000000.00,0.000000
475.0,-475.0,1140.8,0,1000000000.00,0.000000
500.0,-475.0,1118.4,0,1000000000.00,0.000000
525.0,-475.0,1096.1,0,1000000000.00,0.000000
550.0,-475.0,1073.9,0,1000000000.00,0.000000
575.0,-475.0,1051.8,0,1000000000.00,0.000000
600.0,-475.0,1029.9,0,1000000000.00,0.000000
625.0,-475.0,1008.2,0,1000000000.00,0.000000
650.0,-475.0,986.6,1,199.89,0.670787
675.0,-475.0,965.1,1,192.70,0.695804
700.0,-475.0,943.8,1,185.69,0.722096
725.0,-475.0,922.7,1,178.84,0.749739
750.0,-475.0,901.9,1,172.16,0.778815
775.0,-475.0,904.8,1,165.66,0.809408
800.0,-475.0,926.1,1,159.32,0.841606
825.0,-475.0,947.7,1,153.15,0.875502
850.0,-475.0,969.4,1,147.15,0.911190
875.0,-475.0,991.3,1,141.32,0.948766
900.0,-475.0,1013.3,0,1000000000.00,0.000000
925.0,-475.0,1035.4,0,1000000000.00,0.000000
950.0,-475.0,1057.7,0,1000000000.00,0.000000
975.0,-475.0,1080.1,0,1000000000.00,0.000000
1000.0,-475.0,1102.6,0,1000000000.00,0.000000
1025.0,-475.0,1125.2,0,1000000000.00,0.000000
1050.0,-475.0,1147.9,0,1000000000.00,0.000000
1075.0,-475.0,1170.7,0,1000000000.00,0.000000
1100.0,-475.0,1193.6,0,1000000000.00,0.000000
1125.0,-475.0,1216.6,0,1000000000.00,0.000000
1150.0,-475.0,1239.7,0,1000000000.00,0.000000
1175.0,-475.0,1262.8,0,1000000000.00,0.000000
1200.0,-475.0,1286.0,0,1000000000.00,0.000000
1225.0,-475.0,1309.2,0,1000000000.00,0.000000
1250.0,-475.0,1332.6,0,1000000000.00,0.000000
1275.0,-475.0,1356.0,0,1000000000.00,0.000000
1300.0,-475.0,1379.4,0,1000000000.00,0.000000
1325.0,-475.0,1402.9,0,1000000000.00,0.000000
1350.0,-475.0,1426.4,0,1000000000.00,0.000000
1375.0,-475.0,1450.0,0,1000000000.00,0.000000
1400.0,-475.0,1473.7,0,1000000000.00,0.000000
1425.0,-475.0,1497.4,0,1000000000.00,0.000000
1450.0,-475.0,1521.1,0,1000000000.00,0.000000
1475.0,-475.0,1544.9,0,1000000000.00,0.000000
1500.0,-475.0,1568.7,0,1000000000.00,0.000000
1525.0,-475.0,1592.5,0,1000000000.00,0.000000
1550.0,-475.0,1616.4,0,1000000000.00,0.000000
1575.0,-475.0,1640.3,0,1000000000.00,0.000000
1600.0,-475.0,1664.3,0,1000000000.00,0.000000
1625.0,-475.0,1688.2,0,1000000000.00,0.000000
1650.0,-475.0,1712.2,0,1000000000.00,0.000000
1675.0,-475.0,1736.3,0,1000000000.00,0.000000
1700.0,-475.0,1760.3,0,1000000000.00,0.000000
1725.0,-475.0,1784.4,0,1000000000.00,0.000000
1750.0,-475.0,1808.5,0,1000000000.00,0.000000
1775.0,-475.0,1832.7,0,1000000000.00,0.000000
1800.0,-475.0,1856.8,0,1000000000.00,0.000000
-1800.0,-450.0,3334.0,0,1000000000.00,0.000000
-1775.0,-450.0,3309.2,0,1000000000.00,0.000000
-1750.0,-450.0,3284.5,0,1000000000.00,0.000000
-1725.0,-450.0,3259.7,0,1000000000.00,0.000000
-1700.0,-450.0,3235.0,0,1000000000.00,0.000000
-1675.0,-450.0,3210.3,0,1000000000.00,0.000000
-1650.0,-450.0,3185.6,0,1000000000.00,0.000000
-1625.0,-450.0,3160.8,0,1000000000.00,0.000000
-1600.0,-450.0,3136.1,0,1000000000.00,0.000000
-1575.0,-450.0,3111.4,0,1000000000.00,0.000000
-1550.0,-450.0,3086.7,0,1000000000.00,0.000000
-1525.0,-450.0,3062.0,0,1000000000.00,0.000000
-1500.0,-450.0,3037.3,0,1000000000.00,0.000000
-1475.0,-450.0,3012.6,0,1000000000.00,0.000000
-1450.0,-450.0,2988.0,0,1000000000.00,0.000000
-1425.0,-450.0,2963.3,0,1000000000.00,0.000000
-1400.0,-450.0,2938.6,0,1000000000.00,0.000000
-1375.0,-450.0,2913.9,0,1000000000.00,0.000000
-1350.0,-450.0,2889.3,0,1000000000.00,0.000000
-1325.0,-450.0,2864.6,0,1000000000.00,0.000000
-1300.0,-450.0,2840.0,0,1000000000.00,0.000000
-1275.0,-450.0,2815.3,0,1000000000.00,0.000000
-1250.0,-450.0,2790.7,0,1000000000.00,0.000000
-1225.0,-450.0,2766.1,0,1000000000.00,0.000000
-1200.0,-450.0,2741.4,0,1000000000.00,0.000000
-1175.0,-450.0,2716.8,0,1000000000.00,0.000000
-1150.0,-450.0,2692.2,0,1000000000.00,0.000000
-1125.0,-450.0,2667.6,0,1000000000.00,0.000000
-1100.0,-450.0,2643.0,0,1000000000.00,0.000000
-1075.0,-450.0,2618.4,0,1000000000.00,0.000000
-1050.0,-450.0,2593.9,0,1000000000.00,0.000000
-1025.0,-450.0,2569.3,0,1000000000.00,0.000000
-1000.0,-450.0,2544.7,0,1000000000.00,0.000000
-975.0,-450.0,2520.2,0,1000000000.00,0.000000
-950.0,-450.0,2495.6,0,1000000000.00,0.000000
-925.0,-450.0,2471.1,0,1000000000.00,0.000000
-900.0,-450.0,2446.6,0,1000000000.00,0.000000
-875.0,-450.0,2422.0,0,1000000000.00,0.000000
-850.0,-450.0,2397.5,0,1000000000.00,0.000000
-825.0,-450.0,2373.0,0,1000000000.00,0.000000
-800.0,-450.0,2348.6,0,1000000000.00,0.000000
-775.0,-450.0,2324.1,0,1000000000.00,0.000000
-750.0,-450.0,2299.6,0,1000000000.00,0.000000
-725.0,-450.0,2275.2,0,1000000000.00,0.000000
-700.0,-450.0,2250.7,0,1000000000.00,0.000000
-675.0,-450.0,2226.3,0,1000000000.00,0.000000
-650.0,-450.0,2201.9,0,1000000000.00,0.000000
-625.0,-450.0,2177.5,0,1000000000.00,0.000000
-600.0,-450.0,2153.1,0,1000000000.00,0.000000
-575.0,-450.0,2128.7,0,1000000000.00,0.000000
-550.0,-450.0,2104.4,0,1000000000.00,0.000000
-525.0,-450.0,2080.0,0,1000000000.00,0.000000
-500.0,-450.0,2055.7,0,1000000000.00,0.000000
-475.0,-450.0,2031.4,0,1000000000.00,0.000000
-450.0,-450.0,2007.1,0,1000000000.00,0.000000
-425.0,-450.0,1982.8,0,1000000000.00,0.000000
-400.0,-450.0,1958.5,0,1000000000.00,0.000000
-375.0,-450.0,1934.3,0,1000000000.00,0.000000
-350.0,-450.0,1910.1,0,1000000000.00,0.000000
-325.0,-450.0,1885.9,0,1000000000.00,0.000000
-300.0,-450.0,1861.7,0,1000000000.00,0.000000
-275.0,-450.0,1837.5,0,1000000000.00,0.000000
-250.0,-450.0,1813.4,0,1000000000.00,0.000000
-225.0,-450.0,1789.3,0,1000000000.00,0.000000
-200.0,-450.0,1765.2,0,1000000000.00,0.000000
-175.0,-450.0,1741.2,0,1000000000.00,0.000000
-150.0,-450.0,1717.1,0,1000000000.00,0.000000
-125.0,-450.0,1693.1,0,1000000000.00,0.000000
-100.0,-450.0,1669.1,0,1000000000.00,0.000000
-75.0,-450.0,1645.2,0,1000000000.00,0.000000
-50.0,-450.0,1621.3,0,1000000000.00,0.000000
-25.0,-450.0,1597.4,0,1000000000.00,0.000000
0.0,-450.0,1573.6,0,1000000000.00,0.000000
25.0,-450.0,1549.7,0,1000000000.00,0.000000
50.0,-450.0,1526.0,0,1000000000.00,0.000000
75.0,-450.0,1502.2,0,1000000000.00,0.000000
100.0,-450.0,1478.5,0,1000000000.00,0.000000
125.0,-450.0,1454.9,0,1000000000.00,0.000000
150.0,-450.0,1431.3,0,1000000000.00,0.000000
175.0,-450.0,1407.8,0,1000000000.00,0.000000
200.0,-450.0,1384.3,0,1000000000.00,0.000000
225.0,-450.0,1360.8,0,1000000000.00,0.000000
250.0,-450.0,1337.4,0,1000000000.00,0.000000
275.0,-450.0,1314.1,0,1000000000.00,0.000000
300.0,-450.0,1290.8,0,1000000000.00,0.000000
325.0,-450.0,1267.6,0,1000000000.00,0.000000
350.0,-450.0,1244.5,0,1000000000.00,0.000000
375.0,-450.0,1221.4,0,1000000000.00,0.000000
400.0,-450.0,1198.4,0,1000000000.00,0.000000
425.0,-450.0,1175.5,0,1000000000.00,0.000000
450.0,-450.0,1152.7,0,1000000000.00,0.000000
475.0,-450.0,1130.0,0,1000000000.00,0.000000
500.0,-450.0,1107.4,0,1000000000.00,0.000000
525.0,-450.0,1084.9,0,1000000000.00,0.000000
550.0,-450.0,1062.5,0,1000000000.00,0.000000
575.0,-450.0,1040.2,0,1000000000.00,0.000000
600.0,-450.0,1018.0,0,1000000000.00,0.000000
625.0,-450.0,996.0,1,217.97,0.615143
650.0,-450.0,974.1,1,210.06,0.638295
675.0,-450.0,952.4,1,202.34,0.662652
700.0,-450.0,930.8,1,194.81,0.688291
725.0,-450.0,909.4,1,187.45,0.715293
750.0,-450.0,888.2,1,180.28,0.743745
775.0,-450.0,891.9,1,173.29,0.773738
800.0,-450.0,913.6,1,166.49,0.805369
825.0,-450.0,935.4,1,159.86,0.838738
850.0,-450.0,957.4,1,153.42,0.873953
875.0,-450.0,979.5,1,147.16,0.911121
900.0,-450.0,1001.8,0,1000000000.00,0.000000
925.0,-450.0,1024.2,0,1000000000.00,0.000000
950.0,-450.0,1046.7,0,1000000000.00,0.000000
975.0,-450.0,1069.3,0,1000000000.00,0.000000
1000.0,-450.0,1092.1,0,1000000000.00,0.000000
1025.0,-450.0,1114.9,0,1000000000.00,0.000000
1050.0,-450.0,1137.8,0,1000000000.00,0.000000
1075.0,-450.0,1160.8,0,1000000000.00,0.000000
1100.0,-450.0,1183.9,0,1000000000.00,0.000000
1125.0,-450.0,1207.1,0,1000000000.00,0.000000
1150.0,-450.0,1230.3,0,1000000000.00,0.000000
1175.0,-450.0,1253.6,0,1000000000.00,0.000000
1200.0,-450.0,1277.0,0,1000000000.00,0.000000
1225.0,-450.0,1300.4,0,1000000000.00,0.000000
1250.0,-450.0,1323.9,0,1000000000.00,0.000000
1275.0,-450.0,1347.4,0,1000000000.00,0.000000
1300.0,-450.0,1371.0,0,1000000000.00,0.000000
1325.0,-450.0,1394.6,0,1000000000.00,0.000000
1350.0,-450.0,1418.3,0,1000000000.00,0.000000
1375.0,-450.0,1442.0,0,1000000000.00,0.000000
1400.0,-450.0,1465.8,0,1000000000.00,0.000000
1425.0,-450.0,1489.6,0,1000000000.00,0.000000
1450.0,-450.0,1513.5,0,1000000000.00,0.000000
1475.0,-450.0,1537.4,0,1000000000.00,0.000000
1500.0,-450.0,1561.3,0,1000000000.00,0.000000
1525.0,-450.0,1585.2,0,1000000000.00,0.000000
1550.0,-450.0,1609.2,0,1000000000.00,0.000000
1575.0,-450.0,1633.2,0,1000000000.00,0.000000
1600.0,-450.0,1657.3,0,1000000000.00,0.000000
1625.0,-450.0,1681.4,0,1000000000.00,0.000000
1650.0,-450.0,1705.5,0,1000000000.00,0.000000
1675.0,-450.0,1729.6,0,1000000000.00,0.000000
1700.0,-450.0,1753.7,0,1000000000.00,0.000000
1725.0,-450.0,1777.9,0,1000000000.00,0.000000
1750.0,-450.0,1802.1,0,1000000000.00,0.000000
1775.0,-450.0,1826.3,0,1000000000.00,0.000000
1800.0,-450.0,1850.6,0,1000000000.00,0.000000
-1800.0,-425.0,3330.5,0,1000000000.00,0.000000
-1775.0,-425.0,3305.7,0,1000000000.00,0.000000
-1750.0,-425.0,3280.9,0,1000000000.00,0.000000
-1725.0,-425.0,3256.2,0,1000000000.00,0.000000
-1700.0,-425.0,3231.4,0,1000000000.00,0.000000
-1675.0,-425.0,3206.7,0,1000000000.00,0.000000
-1650.0,-425.0,3181.9,0,1000000000.00,0.000000
-1625.0,-425.0,3157.2,0,1000000000.00,0.000000
-1600.0,-425.0,3132.4,0,1000000000.00,0.000000
-1575.0,-425.0,3107.7,0,1000000000.00,0.000000
-1550.0,-425.0,3083.0,0,1000000000.00,0.000000
-1525.0,-425.0,3058.2,0,1000000000.00,0.000000
-1500.0,-425.0,3033.5,0,1000000000.00,0.000000
-1475.0,-425.0,3008.8,0,1000000000.00,0.000000
-1450.0,-425.0,2984.1,0,1000000000.00,0.000000
-1425.0,-425.0,2959.4,0,1000000000.00,0.000000
-1400.0,-425.0,2934.7,0,1000000000.00,0.000000
-1375.0,-425.0,2910.0,0,1000000000.00,0.000000
-1350.0,-425.0,2885.3,0,1000000000.00,0.000000
-1325.0,-425.0,2860.6,0,1000000000.00,0.000000
-1300.0,-425.0,2835.9,0,1000000000.00,0.000000
-1275.0,-425.0,2811.2,0,1000000000.00,0.000000
-1250.0,-425.0,2786.5,0,1000000000.00,0.000000
-1225.0,-425.0,2761.9,0,1000000000.00,0.000000
-1200.0,-425.0,2737.2,0,1000000000.00,0.000000
-1175.0,-425.0,2712.6,0,1000000000.00,0.000000
-1150.0,-425.0,2687.9,0,1000000000.00,0.000000
-1125.0,-425.0,2663.3,0,1000000000.00,0.000000
-1100.0,-425.0,2638.6,0,1000000000.00,0.000000
-1075.0,-425.0,2614.0,0,1000000000.00,0.000000
-1050.0,-425.0,2589.4,0,1000000000.00,0.000000
-1025.0,-425.0,2564.8,0,1000000000.00,0.000000
-1000.0,-425.0,2540.2,0,1000000000.00,0.000000
-975.0,-425.0,2515.6,0,1000000000.00,0.000000
-950.0,-425.0,2491.0,0,1000000000.00,0.000000
-925.0,-425.0,2466.4,0,1000000000.00,0.000000
-900.0,-425.0,2441.8,0,1000000000.00,0.000000
-875.0,-425.0,2417.3,0,1000000000.00,0.000000
-850.0,-425.0,2392.7,0,1000000000.00,0.000000
-825.0,-425.0,2368.1,0,1000000000.00,0.000000
-800.0,-425.0,2343.6,0,1000000000.00,0.000000
-775.0,-425.0,2319.1,0,1000000000.00,0.000000
-750.0,-425.0,2294.6,0,1000000000.00,0.000000
-725.0,-425.0,2270.1,0,1000000000.00,0.000000
-700.0,-425.0,2245.6,0,1000000000.00,0.000000
-675.0,-425.0,2221.1,0,1000000000.00,0.000000
-650.0,-425.0,2196.6,0,1000000000.00,0.000000
-625.0,-425.0,2172.1,0,1000000000.00,0.000000
-600.0,-425.0,2147.7,0,1000000000.00,0.000000
-575.0,-425.0,2123.3,0,1000000000.00,0.000000
-550.0,-425.0,2098.8,0,1000000000.00,0.000000
-525.0,-425.0,2074.4,0,1000000000.00,0.000000
-500.0,-425.0,2050.0,0,1000000000.00,0.000000
-475.0,-425.0,2025.7,0,1000000000.00,0.000000
-450.0,-425.0,2001.3,0,1000000000.00,0.000000
-425.0,-425.0,1976.9,0,1000000000.00,0.000000
-400.0,-425.0,1952.6,0,1000000000.00,0.000000
-375.0,-425.0,1928.3,0,1000000000.00,0.000000
-350.0,-425.0,1904.0,0,1000000000.00,0.000000
-325.0,-425.0,1879.7,0,1000000000.00,0.000000
-300.0,-425.0,1855.5,0,1000000000.00,0.000000
-275.0,-425.0,1831.2,0,1000000000.00,0.000000
-250.0,-425.0,1807.0,0,1000000000.00,0.000000
-225.0,-425.0,1782.8,0,1000000000.00,0.000000
-200.0,-425.0,1758.6,0,1000000000.00,0.000000
-175.0,-425.0,1734.5,0,1000000000.00,0.000000
-150.0,-425.0,1710.4,0,1000000000.00,0.000000
-125.0,-425.0,1686.3,0,1000000000.00,0.000000
-100.0,-425.0,1662.2,0,1000000000.00,0.000000
-75.0,-425.0,1638.1,0,1000000000.00,0.000000
-50.0,-425.0,1614.1,0,1000000000.00,0.000000
-25.0,-425.0,1590.1,0,1000000000.00,0.000000
0.0,-425.0,1566.2,0,1000000000.00,0.000000
25.0,-425.0,1542.2,0,1000000000.00,0.000000
50.0,-425.0,1518.4,0,1000000000.00,0.000000
75.0,-425.0,1494.5,0,1000000000.00,0.000000
100.0,-425.0,1470.7,0,1000000000.00,0.000000
125.0,-425.0,1446.9,0,1000000000.00,0.000000
150.0,-425.0,1423.2,0,1000000000.00,0.000000
175.0,-425.0,1399.5,0,1000000000.00,0.000000
200.0,-425.0,1375.9,0,1000000000.00,0.000000
225.0,-425.0,1352.3,0,1000000000.00,0.000000
250.0,-425.0,1328.7,0,1000000000.00,0.000000
275.0,-425.0,1305.2,0,1000000000.00,0.000000
300.0,-425.0,1281.8,0,1000000000.00,0.000000
325.0,-425.0,1258.4,0,1000000000.00,0.000000
350.0,-425.0,1235.1,0,1000000000.00,0.000000
375.0,-425.0,1211.9,0,1000000000.00,0.000000
400.0,-425.0,1188.7,0,1000000000.00,0.000000
425.0,-425.0,1165.6,0,1000000000.00,0.000000
450.0,-425.0,1142.6,0,1000000000.00,0.000000
475.0,-425.0,1119.7,0,1000000000.00,0.000000
500.0,-425.0,1096.9,0,1000000000.00,0.000000
525.0,-425.0,1074.1,0,1000000000.00,0.000000
550.0,-425.0,1051.5,0,1000000000.00,0.000000
575.0,-425.0,1029.0,0,1000000000.00,0.000000
600.0,-425.0,1006.6,0,1000000000.00,0.000000
625.0,-425.0,984.3,1,230.37,0.582026
650.0,-425.0,962.1,1,221.84,0.604426
675.0,-425.0,940.1,1,213.50,0.628028
700.0,-425.0,918.3,1,205.36,0.652911
725.0,-425.0,896.6,1,197.42,0.679161
750.0,-425.0,875.1,1,189.69,0.706870
775.0,-425.0,879.5,1,182.14,0.736135
800.0,-425.0,901.5,1,174.80,0.767061
825.0,-425.0,923.6,1,167.65,0.799758
850.0,-425.0,945.9,1,160.71,0.834343
875.0,-425.0,968.3,1,153.95,0.870937
900.0,-425.0,990.8,1,147.40,0.909669
925.0,-425.0,1013.5,0,1000000000.00,0.000000
950.0,-425.0,1036.2,0,1000000000.00,0.000000
975.0,-425.0,1059.1,0,1000000000.00,0.000000
1000.0,-425.0,1082.0,0,1000000000.00,0.000000
1025.0,-425.0,1105.0,0,1000000000.00,0.000000
1050.0,-425.0,1128.2,0,1000000000.00,0.000000
1075.0,-425.0,1151.3,0,1000000000.00,0.000000
1100.0,-425.0,1174.6,0,1000000000.00,0.000000
1125.0,-425.0,1198.0,0,1000000000.00,0.000000
1150.0,-425.0,1221.4,0,1000000000.00,0.000000
1175.0,-425.0,1244.8,0,1000000000.00,0.000000
1200.0,-425.0,1268.4,0,1000000000.00,0.000000
1225.0,-425.0,1291.9,0,1000000000.00,0.000000
1250.0,-425.0,1315.6,0,1000000000.00,0.000000
1275.0,-425.0,1339.3,0,1000000000.00,0.000000
1300.0,-425.0,1363.0,0,1000000000.00,0.000000
1325.0,-425.0,1386.8,0,1000000000.00,0.000000
1350.0,-425.0,1410.6,0,1000000000.00,0.000000
1375.0,-425.0,1434.4,0,1000000000.00,0.000000
1400.0,-425.0,1458.3,0,1000000000.00,0.000000
1425.0,-425.0,1482.3,0,1000000000.00,0.000000
1450.0,-425.0,1506.2,0,1000000000.00,0.000000
1475.0,-425.0,1530.2,0,1000000000.00,0.000000
1500.0,-425.0,1554.3,0,1000000000.00,0.000000
1525.0,-425.0,1578.3,0,1000000000.00,0.000000
1550.0,-425.0,1602.4,0,1000000000.00,0.000000
1575.0,-425.0,1626.5,0,1000000000.00,0.000000
1600.0,-425.0,1650.7,0,1000000000.00,0.000000
1625.0,-425.0,1674.8,0,1000000000.00,0.000000
1650.0,-425.0,1699.0,0,1000000000.00,0.000000
1675.0,-425.0,1723.3,0,1000000000.00,0.000000
1700.0,-425.0,1747.5,0,1000000000.00,0.000000
1725.0,-425.0,1771.8,0,1000000000.00,0.000000
1750.0,-425.0,1796.0,0,1000000000.00,0.000000
1775.0,-425.0,1820.3,0,1000000000.00,0.000000
1800.0,-425.0,1844.6,0,1000000000.00,0.000000
-1800.0,-400.0,3327.2,0,1000000000.00,0.000000
-1775.0,-400.0,3302.4,0,1000000000.00,0.000000
-1750.0,-400.0,3277.6,0,1000000000.00,0.000000
-1725.0,-400.0,3252.8,0,1000000000.00,0.000000
-1700.0,-400.0,3228.0,0,1000000000.00,0.000000
-1675.0,-400.0,3203.2,0,1000000000.00,0.000000
-1650.0,-400.0,3178.5,0,1000000000.00,0.000000
-1625.0,-400.0,3153.7,0,1000000000.00,0.000000
-1600.0,-400.0,3128.9,0,1000000000.00,0.000000
-1575.0,-400.0,3104.2,0,1000000000.00,0.000000
-1550.0,-400.0,3079.4,0,1000000000.00,0.000000
-1525.0,-400.0,3054.6,0,1000000000.00,0.000000
-1500.0,-400.0,3029.9,0,1000000000.00,0.000000
-1475.0,-400.0,3005.1,0,1000000000.00,0.000000
-1450.0,-400.0,2980.4,0,1000000000.00,0.000000
-1425.0,-400.0,2955.7,0,1000000000.00,0.000000
-1400.0,-400.0,2930.9,0,1000000000.00,0.000000
-1375.0,-400.0,2906.2,0,1000000000.00,0.000000
-1350.0,-400.0,2881.5,0,1000000000.00,0.000000
-1325.0,-400.0,2856.7,0,1000000000.00,0.000000
-1300.0,-400.0,2832.0,0,1000000000.00,0.000000
-1275.0,-400.0,2807.3,0,1000000000.00,0.000000
-1250.0,-400.0,2782.6,0,1000000000.00,0.000000
-1225.0,-400.0,2757.9,0,1000000000.00,0.000000
-1200.0,-400.0,2733.2,0,1000000000.00,0.000000
-1175.0,-400.0,2708.5,0,1000000000.00,0.000000
-1150.0,-400.0,2683.8,0,1000000000.00,0.000000
-1125.0,-400.0,2659.1,0,1000000000.00,0.000000
-1100.0,-400.0,2634.5,0,1000000000.00,0.000000
-1075.0,-400.0,2609.8,0,1000000000.00,0.000000
-1050.0,-400.0,2585.1,0,1000000000.00,0.000000
-1025.0,-400.0,2560.5,0,1000000000.00,0.000000
-1000.0,-400.0,2535.8,0,1000000000.00,0.000000
-975.0,-400.0,2511.2,0,1000000000.00,0.000000
-950.0,-400.0,2486.6,0,1000000000.00,0.000000
-925.0,-400.0,2461.9,0,1000000000.00,0.000000
-900.0,-400.0,2437.3,0,1000000000.00,0.000000
-875.0,-400.0,2412.7,0,1000000000.00,0.000000
-850.0,-400.0,2388.1,0,1000000000.00,0.000000
-825.0,-400.0,2363.5,0,1000000000.00,0.000000
-800.0,-400.0,2338.9,0,1000000000.00,0.000000
-775.0,-400.0,2314.3,0,1000000000.00,0.000000
-750.0,-400.0,2289.8,0,1000000000.00,0.000000
-725.0,-400.0,2265.2,0,1000000000.00,0.000000
-700.0,-400.0,2240.7,0,1000000000.00,0.000000
-675.0,-400.0,2216.1,0,1000000000.00,0.000000
-650.0,-400.0,2191.6,0,1000000000.00,0.000000
-625.0,-400.0,2167.1,0,1000000000.00,0.000000
-600.0,-400.0,2142.6,0,1000000000.00,0.000000
-575.0,-400.0,2118.1,0,1000000000.00,0.000000
-550.0,-400.0,2093.6,0,1000000000.00,0.000000
-525.0,-400.0,2069.1,0,1000000000.00,0.000000
-500.0,-400.0,2044.7,0,1000000000.00,0.000000
-475.0,-400.0,2020.2,0,1000000000.00,0.000000
-450.0,-400.0,1995.8,0,1000000000.00,0.000000
-425.0,-400.0,1971.4,0,1000000000.00,0.000000
-400.0,-400.0,1947.0,0,1000000000.00,0.000000
-375.0,-400.0,1922.6,0,1000000000.00,0.000000
-350.0,-400.0,1898.2,0,1000000000.00,0.000000
-325.0,-400.0,1873.9,0,1000000000.00,0.000000
-300.0,-400.0,1849.5,0,1000000000.00,0.000000
-275.0,-400.0,1825.2,0,1000000000.00,0.000000
-250.0,-400.0,1800.9,0,1000000000.00,0.000000
-225.0,-400.0,1776.6,0,1000000000.00,0.000000
-200.0,-400.0,1752.4,0,1000000000.00,0.000000
-175.0,-400.0,1728.1,0,1000000000.00,0.000000
-150.0,-400.0,1703.9,0,1000000000.00,0.000000
-125.0,-400.0,1679.7,0,1000000000.00,0.000000
-100.0,-400.0,1655.6,0,1000000000.00,0.000000
-75.0,-400.0,1631.4,0,1000000000.00,0.000000
-50.0,-400.0,1607.3,0,1000000000.00,0.000000
-25.0,-400.0,1583.2,0,1000000000.00,0.000000
0.0,-400.0,1559.1,0,1000000000.00,0.000000
25.0,-400.0,1535.1,0,1000000000.00,0.000000
50.0,-400.0,1511.1,0,1000000000.00,0.000000
75.0,-400.0,1487.1,0,1000000000.00,0.000000
100.0,-400.0,1463.2,0,1000000000.00,0.000000
125.0,-400.0,1439.3,0,1000000000.00,0.000000
150.0,-400.0,1415.5,0,1000000000.00,0.000000
175.0,-400.0,1391.6,0,1000000000.00,0.000000
200.0,-400.0,1367.9,0,1000000000.00,0.000000
225.0,-400.0,1344.1,0,1000000000.00,0.000000
250.0,-400.0,1320.4,0,1000000000.00,0.000000
275.0,-400.0,1296.8,0,1000000000.00,0.000000
300.0,-400.0,1273.2,0,1000000000.00,0.000000
325.0,-400.0,1249.7,0,1000000000.00,0.000000
350.0,-400.0,1226.2,0,1000000000.00,0.000000
375.0,-400.0,1202.8,0,1000000000.00,0.000000
400.0,-400.0,1179.5,0,1000000000.00,0.000000
425.0,-400.0,1156.2,0,1000000000.00,0.000000
450.0,-400.0,1133.0,0,1000000000.00,0.000000
475.0,-400.0,1109.9,0,1000000000.00,0.000000
500.0,-400.0,1086.8,0,1000000000.00,0.000000
525.0,-400.0,1063.9,0,1000000000.00,0.000000
550.0,-400.0,1041.0,0,1000000000.00,0.000000
575.0,-400.0,1018.2,0,1000000000.00,0.000000
600.0,-400.0,995.6,1,254.34,0.527186
625.0,-400.0,973.1,1,244.84,0.547631
650.0,-400.0,950.7,1,235.57,0.569189
675.0,-400.0,928.4,1,226.52,0.591936
700.0,-400.0,906.2,1,217.68,0.615956
725.0,-400.0,884.3,1,209.07,0.641338
750.0,-400.0,862.4,1,200.67,0.668178
775.0,-400.0,867.7,1,192.49,0.696580
800.0,-400.0,890.0,1,184.52,0.726655
825.0,-400.0,912.4,1,176.77,0.758522
850.0,-400.0,934.9,1,169.23,0.792308
875.0,-400.0,957.6,1,161.91,0.828148
900.0,-400.0,980.4,1,154.80,0.866183
925.0,-400.0,1003.2,0,1000000000.00,0.000000
950.0,-400.0,1026.2,0,1000000000.00,0.000000
975.0,-400.0,1049.3,0,1000000000.00,0.000000
1000.0,-400.0,1072.4,0,1000000000.00,0.000000
1025.0,-400.0,1095.7,0,1000000000.00,0.000000
1050.0,-400.0,1119.0,0,1000000000.00,0.000000
1075.0,-400.0,1142.4,0,1000000000.00,0.000000
1100.0,-400.0,1165.8,0,1000000000.00,0.000000
1125.0,-400.0,1189.3,0,1000000000.00,0.000000
1150.0,-400.0,1212.9,0,1000000000.00,0.000000
1175.0,-400.0,1236.5,0,1000000000.00,0.000000
1200.0,-400.0,1260.2,0,1000000000.00,0.000000
1225.0,-400.0,1283.9,0,1000000000.00,0.000000
1250.0,-400.0,1307.7,0,1000000000.00,0.000000
1275.0,-400.0,1331.5,0,1000000000.00,0.000000
1300.0,-400.0,1355.4,0,1000000000.00,0.000000
1325.0,-400.0,1379.3,0,1000000000.00,0.000000
1350.0,-400.0,1403.2,0,1000000000.00,0.000000
1375.0,-400.0,1427.2,0,1000000000.00,0.000000
1400.0,-400.0,1451.2,0,1000000000.00,0.000000
1425.0,-400.0,1475.3,0,1000000000.00,0.000000
1450.0,-400.0,1499.4,0,1000000000.00,0.000000
1475.0,-400.0,1523.5,0,1000000000.00,0.000000
1500.0,-400.0,1547.6,0,1000000000.00,0.000000
1525.0,-400.0,1571.8,0,1000000000.00,0.000000
1550.0,-400.0,1596.0,0,1000000000.00,0.000000
1575.0,-400.0,1620.2,0,1000000000.00,0.000000
1600.0,-400.0,1644.4,0,1000000000.00,0.000000
1625.0,-400.0,1668.7,0,1000000000.00,0.000000
1650.0,-400.0,1693.0,0,1000000000.00,0.000000
1675.0,-400.0,1717.3,0,1000000000.00,0.000000
1700.0,-400.0,1741.6,0,1000000000.00,0.000000
1725.0,-400.0,1765.9,0,1000000000.00,0.000000
1750.0,-400.0,1790.3,0,1000000000.00,0.000000
1775.0,-400.0,1814.7,0,1000000000.00,0.000000
1800.0,-400.0,1839.0,0,1000000000.00,0.000000
-1800.0,-375.0,3324.1,0,1000000000.00,0.000000
-1775.0,-375.0,3299.3,0,1000000000.00,0.000000
-1750.0,-375.0,3274.4,0,1000000000.00,0.000000
-1725.0,-375.0,3249.6,0,1000000000.00,0.000000
-1700.0,-375.0,3224.8,0,1000000000.00,0.000000
-1675.0,-375.0,3200.0,0,1000000000.00,0.000000
-1650.0,-375.0,3175.2,0,1000000000.00,0.000000
-1625.0,-375.0,3150.4,0,1000000000.00,0.000000
-1600.0,-375.0,3125.6,0,1000000000.00,0.000000
-1575.0,-375.0,3100.8,0,1000000000.00,0.000000
-1550.0,-375.0,3076.0,0,1000000000.00,0.000000
-1525.0,-375.0,3051.3,0,1000000000.00,0.000000
-1500.0,-375.0,3026.5,0,1000000000.00,0.000000
-1475.0,-375.0,3001.7,0,1000000000.00,0.000000
-1450.0,-375.0,2976.9,0,1000000000.00,0.000000
-1425.0,-375.0,2952.2,0,1000000000.00,0.000000
-1400.0,-375.0,2927.4,0,1000000000.00,0.000000
-1375.0,-375.0,2902.6,0,1000000000.00,0.000000
-1350.0,-375.0,2877.9,0,1000000000.00,0.000000
-1325.0,-375.0,2853.1,0,1000000000.00,0.000000
-1300.0,-375.0,2828.4,0,1000000000.00,0.000000
-1275.0,-375.0,2803.6,0,1000000000.00,0.000000
-1250.0,-375.0,2778.9,0,1000000000.00,0.000000
-1225.0,-375.0,2754.1,0,1000000000.00,0.000000
-1200.0,-375.0,2729.4,0,1000000000.00,0.000000
-1175.0,-375.0,2704.7,0,1000000000.00,0.000000
-1150.0,-375.0,2680.0,0,1000000000.00,0.000000
-1125.0,-375.0,2655.3,0,1000000000.00,0.000000
-1100.0,-375.0,2630.5,0,1000000000.00,0.000000
-1075.0,-375.0,2605.8,0,1000000000.00,0.000000
-1050.0,-375.0,2581.1,0,1000000000.00,0.000000
-1025.0,-375.0,2556.4,0,1000000000.00,0.000000
-1000.0,-375.0,2531.8,0,1000000000.00,0.000000
-975.0,-375.0,2507.1,0,1000000000.00,0.000000
-950.0,-375.0,2482.4,0,1000000000.00,0.000000
-925.0,-375.0,2457.7,0,1000000000.00,0.000000
-900.0,-375.0,2433.1,0,1000000000.00,0.000000
-875.0,-375.0,2408.4,0,1000000000.00,0.000000
-850.0,-375.0,2383.8,0,1000000000.00,0.000000
-825.0,-375.0,2359.1,0,1000000000.00,0.000000
-800.0,-375.0,2334.5,0,1000000000.00,0.000000
-775.0,-375.0,2309.9,0,1000000000.00,0.000000
-750.0,-375.0,2285.3,0,1000000000.00,0.000000
-725.0,-375.0,2260.7,0,1000000000.00,0.000000
-700.0,-375.0,2236.1,0,1000000000.00,0.000000
-675.0,-375.0,2211.5,0,1000000000.00,0.000000
-650.0,-375.0,2186.9,0,1000000000.00,0.000000
-625.0,-375.0,2162.3,0,1000000000.00,0.000000
-600.0,-375.0,2137.8,0,1000000000.00,0.000000
-575.0,-375.0,2113.2,0,1000000000.00,0.000000
-550.0,-375.0,2088.7,0,1000000000.00,0.000000
-525.0,-375.0,2064.1,0,1000000000.00,0.000000
-500.0,-375.0,2039.6,0,1000000000.00,0.000000
-475.0,-375.0,2015.1,0,1000000000.00,0.000000
-450.0,-375.0,1990.6,0,1000000000.00,0.000000
-425.0,-375.0,1966.1,0,1000000000.00,0.000000
-400.0,-375.0,1941.7,0,1000000000.00,0.000000
-375.0,-375.0,1917.2,0,1000000000.00,0.000000
-350.0,-375.0,1892.8,0,1000000000.00,0.000000
-325.0,-375.0,1868.4,0,1000000000.00,0.000000
-300.0,-375.0,1843.9,0,1000000000.00,0.000000
-275.0,-375.0,1819.5,0,1000000000.00,0.000000
-250.0,-375.0,1795.2,0,1000000000.00,0.000000
-225.0,-375.0,1770.8,0,1000000000.00,0.000000
-200.0,-375.0,1746.5,0,1000000000.00,0.000000
-175.0,-375.0,1722.2,0,1000000000.00,0.000000
-150.0,-375.0,1697.8,0,1000000000.00,0.000000
-125.0,-375.0,1673.6,0,1000000000.00,0.000000
-100.0,-375.0,1649.3,0,1000000000.00,0.000000
-75.0,-375.0,1625.1,0,1000000000.00,0.000000
-50.0,-375.0,1600.9,0,1000000000.00,0.000000
-25.0,-375.0,1576.7,0,1000000000.00,0.000000
0.0,-375.0,1552.5,0,1000000000.00,0.000000
25.0,-375.0,1528.4,0,1000000000.00,0.000000
50.0,-375.0,1504.3,0,1000000000.00,0.000000
75.0,-375.0,1480.2,0,1000000000.00,0.000000
100.0,-375.0,1456.1,0,1000000000.00,0.000000
125.0,-375.0,1432.1,0,1000000000.00,0.000000
150.0,-375.0,1408.1,0,1000000000.00,0.000000
175.0,-375.0,1384.2,0,1000000000.00,0.000000
200.0,-375.0,1360.3,0,1000000000.00,0.000000
225.0,-375.0,1336.4,0,1000000000.00,0.000000
250.0,-375.0,1312.6,0,1000000000.00,0.000000
275.0,-375.0,1288.8,0,1000000000.00,0.000000
300.0,-375.0,1265.1,0,1000000000.00,0.000000
325.0,-375.0,1241.4,0,1000000000.00,0.000000
350.0,-375.0,1217.8,0,1000000000.00,0.000000
375.0,-375.0,1194.2,0,1000000000.00,0.000000
400.0,-375.0,1170.7,0,1000000000.00,0.000000
425.0,-375.0,1147.2,0,1000000000.00,0.000000
450.0,-375.0,1123.8,0,1000000000.00,0.000000
475.0,-375.0,1100.5,0,1000000000.00,0.000000
500.0,-375.0,1077.3,0,1000000000.00,0.000000
525.0,-375.0,1054.1,0,1000000000.00,0.000000
550.0,-375.0,1031.0,0,1000000000.00,0.000000
575.0,-375.0,1008.0,0,1000000000.00,0.000000
600.0,-375.0,985.2,1,272.28,0.492450
625.0,-375.0,962.4,1,261.89,0.511981
650.0,-375.0,939.7,1,251.75,0.532602
675.0,-375.0,917.2,1,241.86,0.554393
700.0,-375.0,894.8,1,232.20,0.577438
725.0,-375.0,872.5,1,222.79,0.601831
750.0,-375.0,850.4,1,213.62,0.627671
775.0,-375.0,856.5,1,204.69,0.655067
800.0,-375.0,879.0,1,195.99,0.684136
825.0,-375.0,901.7,1,187.53,0.715006
850.0,-375.0,924.5,1,179.30,0.747811
875.0,-375.0,947.4,1,171.31,0.782698
900.0,-375.0,970.4,1,163.55,0.819825
925.0,-375.0,993.5,1,156.03,0.859357
950.0,-375.0,1016.7,0,1000000000.00,0.000000
975.0,-375.0,1040.0,0,1000000000.00,0.000000
1000.0,-375.0,1063.4,0,1000000000.00,0.000000
1025.0,-375.0,1086.8,0,1000000000.00,0.000000
1050.0,-375.0,1110.3,0,1000000000.00,0.000000
1075.0,-375.0,1133.8,0,1000000000.00,0.000000
1100.0,-375.0,1157.5,0,1000000000.00,0.000000
1125.0,-375.0,1181.1,0,1000000000.00,0.000000
1150.0,-375.0,1204.9,0,1000000000.00,0.000000
1175.0,-375.0,1228.7,0,1000000000.00,0.000000
1200.0,-375.0,1252.5,0,1000000000.00,0.000000
1225.0,-375.0,1276.4,0,1000000000.00,0.000000
1250.0,-375.0,1300.3,0,1000000000.00,0.000000
1275.0,-375.0,1324.2,0,1000000000.00,0.000000
1300.0,-375.0,1348.2,0,1000000000.00,0.000000
1325.0,-375.0,1372.3,0,1000000000.00,0.000000
1350.0,-375.0,1396.3,0,1000000000.00,0.000000
1375.0,-375.0,1420.4,0,1000000000.00,0.000000
1400.0,-375.0,1444.5,0,1000000000.00,0.000000
1425.0,-375.0,1468.7,0,1000000000.00,0.000000
1450.0,-375.0,1492.9,0,1000000000.00,0.000000
1475.0,-375.0,1517.1,0,1000000000.00,0.000000
1500.0,-375.0,1541.3,0,1000000000.00,0.000000
1525.0,-375.0,1565.6,0,1000000000.00,0.000000
1550.0,-375.0,1589.9,0,1000000000.00,0.000000
1575.0,-375.0,1614.2,0,1000000000.00,0.000000
1600.0,-375.0,1638.5,0,1000000000.00,0.000000
1625.0,-375.0,1662.9,0,1000000000.00,0.000000
1650.0,-375.0,1687.2,0,1000000000.00,0.000000
1675.0,-375.0,1711.6,0,1000000000.00,0.000000
1700.0,-375.0,1736.0,0,1000000000.00,0.000000
1725.0,-375.0,1760.4,0,1000000000.00,0.000000
1750.0,-375.0,1784.9,0,1000000000.00,0.000000
1775.0,-375.0,1809.3,0,1000000000.00,0.000000
1800.0,-375.0,1833.8,0,1000000000.00,0.000000
-1800.0,-350.0,3321.1,0,1000000000.00,0.000000
-1775.0,-350.0,3296.3,0,1000000000.00,0.000000
-1750.0,-350.0,3271.5,0,1000000000.00,0.000000
-1725.0,-350.0,3246.6,0,1000000000.00,0.000000
-1700.0,-350.0,3221.8,0,1000000000.00,0.000000
-1675.0,-350.0,3197.0,0,1000000000.00,0.000000
-1650.0,-350.0,3172.2,0,1000000000.00,0.000000
-1625.0,-350.0,3147.3,0,1000000000.00,0.000000
-1600.0,-350.0,3122.5,0,1000000000.00,0.000000
-1575.0,-350.0,3097.7,0,1000000000.00,0.000000
-1550.0,-350.0,3072.9,0,1000000000.00,0.000000
-1525.0,-350.0,3048.1,0,1000000000.00,0.000000
-1500.0,-350.0,3023.3,0,1000000000.00,0.000000
-1475.0,-350.0,2998.5,0,1000000000.00,0.000000
-1450.0,-350.0,2973.7,0,1000000000.00,0.000000
-1425.0,-350.0,2948.9,0,1000000000.00,0.000000
-1400.0,-350.0,2924.1,0,1000000000.00,0.000000
-1375.0,-350.0,2899.3,0,1000000000.00,0.000000
-1350.0,-350.0,2874.5,0,1000000000.00,0.000000
-1325.0,-350.0,2849.7,0,1000000000.00,0.000000
-1300.0,-350.0,2824.9,0,1000000000.00,0.000000
-1275.0,-350.0,2800.2,0,1000000000.00,0.000000
-1250.0,-350.0,2775.4,0,1000000000.00,0.000000
-1225.0,-350.0,2750.6,0,1000000000.00,0.000000
-1200.0,-350.0,2725.9,0,1000000000.00,0.000000
-1175.0,-350.0,2701.1,0,1000000000.00,0.000000
-1150.0,-350.0,2676.3,0,1000000000.00,0.000000
-1125.0,-350.0,2651.6,0,1000000000.00,0.000000
-1100.0,-350.0,2626.8,0,1000000000.00,0.000000
-1075.0,-350.0,2602.1,0,1000000000.00,0.000000
-1050.0,-350.0,2577.4,0,1000000000.00,0.000000
-1025.0,-350.0,2552.6,0,1000000000.00,0.000000
-1000.0,-350.0,2527.9,0,1000000000.00,0.000000
-975.0,-350.0,2503.2,0,1000000000.00,0.000000
-950.0,-350.0,2478.5,0,1000000000.00,0.000000
-925.0,-350.0,2453.8,0,1000000000.00,0.000000
-900.0,-350.0,2429.1,0,1000000000.00,0.000000
-875.0,-350.0,2404.4,0,1000000000.00,0.000000
-850.0,-350.0,2379.7,0,1000000000.00,0.000000
-825.0,-350.0,2355.0,0,1000000000.00,0.000000
-800.0,-350.0,2330.3,0,1000000000.00,0.000000
-775.0,-350.0,2305.7,0,1000000000.00,0.000000
-750.0,-350.0,2281.0,0,1000000000.00,0.000000
-725.0,-350.0,2256.4,0,1000000000.00,0.000000
-700.0,-350.0,2231.7,0,1000000000.00,0.000000
-675.0,-350.0,2207.1,0,1000000000.00,0.000000
-650.0,-350.0,2182.4,0,1000000000.00,0.000000
-625.0,-350.0,2157.8,0,1000000000.00,0.000000
-600.0,-350.0,2133.2,0,1000000000.00,0.000000
-575.0,-350.0,2108.6,0,1000000000.00,0.000000
-550.0,-350.0,2084.0,0,1000000000.00,0.000000
-525.0,-350.0,2059.4,0,1000000000.00,0.000000
-500.0,-350.0,2034.8,0,1000000000.00,0.000000
-475.0,-350.0,2010.3,0,1000000000.00,0.000000
-450.0,-350.0,1985.7,0,1000000000.00,0.000000
-425.0,-350.0,1961.2,0,1000000000.00,0.000000
-400.0,-350.0,1936.7,0,1000000000.00,0.000000
-375.0,-350.0,1912.1,0,1000000000.00,0.000000
-350.0,-350.0,1887.6,0,1000000000.00,0.000000
-325.0,-350.0,1863.1,0,1000000000.00,0.000000
-300.0,-350.0,1838.7,0,1000000000.00,0.000000
-275.0,-350.0,1814.2,0,1000000000.00,0.000000
-250.0,-350.0,1789.8,0,1000000000.00,0.000000
-225.0,-350.0,1765.3,0,1000000000.00,0.000000
-200.0,-350.0,1740.9,0,1000000000.00,0.000000
-175.0,-350.0,1716.5,0,1000000000.00,0.000000
-150.0,-350.0,1692.1,0,1000000000.00,0.000000
-125.0,-350.0,1667.8,0,1000000000.00,0.000000
-100.0,-350.0,1643.4,0,1000000000.00,0.000000
-75.0,-350.0,1619.1,0,1000000000.00,0.000000
-50.0,-350.0,1594.8,0,1000000000.00,0.000000
-25.0,-350.0,1570.5,0,1000000000.00,0.000000
0.0,-350.0,1546.2,0,1000000000.00,0.000000
25.0,-350.0,1522.0,0,1000000000.00,0.000000
50.0,-350.0,1497.8,0,1000000000.00,0.000000
75.0,-350.0,1473.6,0,1000000000.00,0.000000
100.0,-350.0,1449.4,0,1000000000.00,0.000000
125.0,-350.0,1425.3,0,1000000000.00,0.000000
150.0,-350.0,1401.2,0,1000000000.00,0.000000
175.0,-350.0,1377.1,0,1000000000.00,0.000000
200.0,-350.0,1353.1,0,1000000000.00,0.000000
225.0,-350.0,1329.1,0,1000000000.00,0.000000
250.0,-350.0,1305.2,0,1000000000.00,0.000000
275.0,-350.0,1281.2,0,1000000000.00,0.000000
300.0,-350.0,1257.4,0,1000000000.00,0.000000
325.0,-350.0,1233.5,0,1000000000.00,0.000000
350.0,-350.0,1209.7,0,1000000000.00,0.000000
375.0,-350.0,1186.0,0,1000000000.00,0.000000
400.0,-350.0,1162.3,0,1000000000.00,0.000000
425.0,-350.0,1138.7,0,1000000000.00,0.000000
450.0,-350.0,1115.1,0,1000000000.00,0.000000
475.0,-350.0,1091.6,0,1000000000.00,0.000000
500.0,-350.0,1068.2,0,1000000000.00,0.000000
525.0,-350.0,1044.8,0,1000000000.00,0.000000
550.0,-350.0,1021.6,0,1000000000.00,0.000000
575.0,-350.0,998.4,1,305.41,0.439031
600.0,-350.0,975.2,1,293.67,0.456572
625.0,-350.0,952.2,1,282.22,0.475101
650.0,-350.0,929.3,1,271.04,0.494691
675.0,-350.0,906.5,1,260.14,0.515421
700.0,-350.0,883.8,1,249.51,0.537379
725.0,-350.0,861.3,1,239.15,0.560659
750.0,-350.0,838.8,1,229.06,0.585364
775.0,-350.0,845.9,1,219.23,0.611605
800.0,-350.0,868.7,1,209.67,0.639506
825.0,-350.0,891.6,1,200.36,0.669200
850.0,-350.0,914.7,1,191.32,0.700830
875.0,-350.0,937.8,1,182.54,0.734554
900.0,-350.0,961.0,1,174.01,0.770541
925.0,-350.0,984.4,1,165.74,0.808975
950.0,-350.0,1007.8,0,1000000000.00,0.000000
975.0,-350.0,1031.2,0,1000000000.00,0.000000
1000.0,-350.0,1054.8,0,1000000000.00,0.000000
1025.0,-350.0,1078.4,0,1000000000.00,0.000000
1050.0,-350.0,1102.1,0,1000000000.00,0.000000
1075.0,-350.0,1125.8,0,1000000000.00,0.000000
1100.0,-350.0,1149.6,0,1000000000.00,0.000000
1125.0,-350.0,1173.4,0,1000000000.00,0.000000
1150.0,-350.0,1197.3,0,1000000000.00,0.000000
1175.0,-350.0,1221.3,0,1000000000.00,0.000000
1200.0,-350.0,1245.2,0,1000000000.00,0.000000
1225.0,-350.0,1269.2,0,1000000000.00,0.000000
1250.0,-350.0,1293.3,0,1000000000.00,0.000000
1275.0,-350.0,1317.4,0,1000000000.00,0.000000
1300.0,-350.0,1341.5,0,1000000000.00,0.000000
1325.0,-350.0,1365.6,0,1000000000.00,0.000000
1350.0,-350.0,1389.8,0,1000000000.00,0.000000
1375.0,-350.0,1414.0,0,1000000000.00,0.000000
1400.0,-350.0,1438.3,0,1000000000.00,0.000000
1425.0,-350.0,1462.5,0,1000000000.00,0.000000
1450.0,-350.0,1486.8,0,1000000000.00,0.000000
1475.0,-350.0,1511.1,0,1000000000.00,0.000000
1500.0,-350.0,1535.4,0,1000000000.00,0.000000
1525.0,-350.0,1559.8,0,1000000000.00,0.000000
1550.0,-350.0,1584.2,0,1000000000.00,0.000000
1575.0,-350.0,1608.6,0,1000000000.00,0.000000
1600.0,-350.0,1633.0,0,1000000000.00,0.000000
1625.0,-350.0,1657.4,0,1000000000.00,0.000000
1650.0,-350.0,1681.8,0,1000000000.00,0.000000
1675.0,-350.0,1706.3,0,1000000000.00,0.000000
1700.0,-350.0,1730.8,0,1000000000.00,0.000000
1725.0,-350.0,1755.3,0,1000000000.00,0.000000
1750.0,-350.0,1779.8,0,1000000000.00,0.000000
1775.0,-350.0,1804.3,0,1000000000.00,0.000000
1800.0,-350.0,1828.8,0,1000000000.00,0.000000
-1800.0,-325.0,3318.4,0,1000000000.00,0.000000
-1775.0,-325.0,3293.5,0,1000000000.00,0.000000
-1750.0,-325.0,3268.7,0,1000000000.00,0.000000
-1725.0,-325.0,3243.8,0,1000000000.00,0.000000
-1700.0,-325.0,3219.0,0,1000000000.00,0.000000
-1675.0,-325.0,3194.1,0,1000000000.00,0.000000
-1650.0,-325.0,3169.3,0,1000000000.00,0.000000
-1625.0,-325.0,3144.4,0,1000000000.00,0.000000
-1600.0,-325.0,3119.6,0,1000000000.00,0.000000
-1575.0,-325.0,3094.8,0,1000000000.00,0.000000
-1550.0,-325.0,3069.9,0,1000000000.00,0.000000
-1525.0,-325.0,3045.1,0,1000000000.00,0.000000
-1500.0,-325.0,3020.3,0,1000000000.00,0.000000
-1475.0,-325.0,2995.4,0,1000000000.00,0.000000
-1450.0,-325.0,2970.6,0,1000000000.00,0.000000
-1425.0,-325.0,2945.8,0,1000000000.00,0.000000
-1400.0,-325.0,2921.0,0,1000000000.00,0.000000
-1375.0,-325.0,2896.1,0,1000000000.00,0.000000
-1350.0,-325.0,2871.3,0,1000000000.00,0.000000
-1325.0,-325.0,2846.5,0,1000000000.00,0.000000
-1300.0,-325.0,2821.7,0,1000000000.00,0.000000
-1275.0,-325.0,2796.9,0,1000000000.00,0.000000
-1250.0,-325.0,2772.1,0,1000000000.00,0.000000
-1225.0,-325.0,2747.3,0,1000000000.00,0.000000
-1200.0,-325.0,2722.5,0,1000000000.00,0.000000
-1175.0,-325.0,2697.7,0,1000000000.00,0.000000
-1150.0,-325.0,2672.9,0,1000000000.00,0.000000
-1125.0,-325.0,2648.2,0,1000000000.00,0.000000
-1100.0,-325.0,2623.4,0,1000000000.00,0.000000
-1075.0,-325.0,2598.6,0,1000000000.00,0.000000
-1050.0,-325.0,2573.8,0,1000000000.00,0.000000
-1025.0,-325.0,2549.1,0,1000000000.00,0.000000
-1000.0,-325.0,2524.3,0,1000000000.00,0.000000
-975.0,-325.0,2499.6,0,1000000000.00,0.000000
-950.0,-325.0,2474.8,0,1000000000.00,0.000000
-925.0,-325.0,2450.1,0,1000000000.00,0.000000
-900.0,-325.0,2425.3,0,1000000000.00,0.000000
-875.0,-325.0,2400.6,0,1000000000.00,0.000000
-850.0,-325.0,2375.9,0,1000000000.00,0.000000
-825.0,-325.0,2351.1,0,1000000000.00,0.000000
-800.0,-325.0,2326.4,0,1000000000.00,0.000000
-775.0,-325.0,2301.7,0,1000000000.00,0.000000
-750.0,-325.0,2277.0,0,1000000000.00,0.000000
-725.0,-325.0,2252.3,0,1000000000.00,0.000000
-700.0,-325.0,2227.6,0,1000000000.00,0.000000
-675.0,-325.0,2202.9,0,1000000000.00,0.000000
-650.0,-325.0,2178.3,0,1000000000.00,0.000000
-625.0,-325.0,2153.6,0,1000000000.00,0.000000
-600.0,-325.0,2128.9,0,1000000000.00,0.000000
-575.0,-325.0,2104.3,0,1000000000.00,0.000000
-550.0,-325.0,2079.6,0,1000000000.00,0.000000
-525.0,-325.0,2055.0,0,1000000000.00,0.000000
-500.0,-325.0,2030.4,0,1000000000.00,0.000000
-475.0,-325.0,2005.8,0,1000000000.00,0.000000
-450.0,-325.0,1981.1,0,1000000000.00,0.000000
-425.0,-325.0,1956.5,0,1000000000.00,0.000000
-400.0,-325.0,1932.0,0,1000000000.00,0.000000
-375.0,-325.0,1907.4,0,1000000000.00,0.000000
-350.0,-325.0,1882.8,0,1000000000.00,0.000000
-325.0,-325.0,1858.3,0,1000000000.00,0.000000
-300.0,-325.0,1833.7,0,1000000000.00,0.000000
-275.0,-325.0,1809.2,0,1000000000.00,0.000000
-250.0,-325.0,1784.7,0,1000000000.00,0.000000
-225.0,-325.0,1760.2,0,1000000000.00,0.000000
-200.0,-325.0,1735.7,0,1000000000.00,0.000000
-175.0,-325.0,1711.2,0,1000000000.00,0.000000
-150.0,-325.0,1686.7,0,1000000000.00,0.000000
-125.0,-325.0,1662.3,0,1000000000.00,0.000000
-100.0,-325.0,1637.9,0,1000000000.00,0.000000
-75.0,-325.0,1613.5,0,1000000000.00,0.000000
-50.0,-325.0,1589.1,0,1000000000.00,0.000000
-25.0,-325.0,1564.7,0,1000000000.00,0.000000
0.0,-325.0,1540.3,0,1000000000.00,0.000000
25.0,-325.0,1516.0,0,1000000000.00,0.000000
50.0,-325.0,1491.7,0,1000000000.00,0.000000
75.0,-325.0,1467.4,0,1000000000.00,0.000000
100.0,-325.0,1443.2,0,1000000000.00,0.000000
125.0,-325.0,1418.9,0,1000000000.00,0.000000
150.0,-325.0,1394.7,0,1000000000.00,0.000000
175.0,-325.0,1370.5,0,1000000000.00,0.000000
200.0,-325.0,1346.4,0,1000000000.00,0.000000
225.0,-325.0,1322.3,0,1000000000.00,0.000000
250.0,-325.0,1298.2,0,1000000000.00,0.000000
275.0,-325.0,1274.1,0,1000000000.00,0.000000
300.0,-325.0,1250.1,0,1000000000.00,0.000000
325.0,-325.0,1226.1,0,1000000000.00,0.000000
350.0,-325.0,1202.2,0,1000000000.00,0.000000
375.0,-325.0,1178.3,0,1000000000.00,0.000000
400.0,-325.0,1154.5,0,1000000000.00,0.000000
425.0,-325.0,1130.7,0,1000000000.00,0.000000
450.0,-325.0,1107.0,0,1000000000.00,0.000000
475.0,-325.0,1083.3,0,1000000000.00,0.000000
500.0,-325.0,1059.7,0,1000000000.00,0.000000
525.0,-325.0,1036.1,0,1000000000.00,0.000000
550.0,-325.0,1012.6,0,1000000000.00,0.000000
575.0,-325.0,989.2,1,332.63,0.403098
600.0,-325.0,965.9,1,319.56,0.419588
625.0,-325.0,942.6,1,306.81,0.437028
650.0,-325.0,919.5,1,294.37,0.455492
675.0,-325.0,896.4,1,282.25,0.475058
700.0,-325.0,873.5,1,270.43,0.495814
725.0,-325.0,850.6,1,258.92,0.517854
750.0,-325.0,827.9,1,247.71,0.541285
775.0,-325.0,835.8,1,236.80,0.566219
800.0,-325.0,858.9,1,226.19,0.592784
825.0,-325.0,882.1,1,215.87,0.621116
850.0,-325.0,905.4,1,205.85,0.651367
875.0,-325.0,928.8,1,196.11,0.683703
900.0,-325.0,952.2,1,186.67,0.718304
925.0,-325.0,975.7,1,177.51,0.755369
950.0,-325.0,999.4,1,168.63,0.795111
975.0,-325.0,1023.0,0,1000000000.00,0.000000
1000.0,-325.0,1046.8,0,1000000000.00,0.000000
1025.0,-325.0,1070.6,0,1000000000.00,0.000000
1050.0,-325.0,1094.4,0,1000000000.00,0.000000
1075.0,-325.0,1118.3,0,1000000000.00,0.000000
1100.0,-325.0,1142.2,0,1000000000.00,0.000000
1125.0,-325.0,1166.2,0,1000000000.00,0.000000
1150.0,-325.0,1190.3,0,1000000000.00,0.000000
1175.0,-325.0,1214.3,0,1000000000.00,0.000000
1200.0,-325.0,1238.4,0,1000000000.00,0.000000
1225.0,-325.0,1262.6,0,1000000000.00,0.000000
1250.0,-325.0,1286.7,0,1000000000.00,0.000000
1275.0,-325.0,1310.9,0,1000000000.00,0.000000
1300.0,-325.0,1335.2,0,1000000000.00,0.000000
1325.0,-325.0,1359.4,0,1000000000.00,0.000000
1350.0,-325.0,1383.7,0,1000000000.00,0.000000
1375.0,-325.0,1408.0,0,1000000000.00,0.000000
1400.0,-325.0,1432.4,0,1000000000.00,0.000000
1425.0,-325.0,1456.7,0,1000000000.00,0.000000
1450.0,-325.0,1481.1,0,1000000000.00,0.000000
1475.0,-325.0,1505.5,0,1000000000.00,0.000000
1500.0,-325.0,1529.9,0,1000000000.00,0.000000
1525.0,-325.0,1554.4,0,1000000000.00,0.000000
1550.0,-325.0,1578.8,0,1000000000.00,0.000000
1575.0,-325.0,1603.3,0,1000000000.00,0.000000
1600.0,-325.0,1627.8,0,1000000000.00,0.000000
1625.0,-325.0,1652.3,0,1000000000.00,0.000000
1650.0,-325.0,1676.8,0,1000000000.00,0.000000
1675.0,-325.0,1701.3,0,1000000000.00,0.000000
1700.0,-325.0,1725.9,0,1000000000.00,0.000000
1725.0,-325.0,1750.5,0,1000000000.00,0.000000
1750.0,-325.0,1775.0,0,1000000000.00,0.000000
1775.0,-325.0,1799.6,0,1000000000.00,0.000000
1800.0,-325.0,1824.2,0,1000000000.00,0.000000
-1800.0,-300.0,3315.9,0,1000000000.00,0.000000
-1775.0,-300.0,3291.0,0,1000000000.00,0.000000
-1750.0,-300.0,3266.1,0,1000000000.00,0.000000
-1725.0,-300.0,3241.2,0,1000000000.00,0.000000
-1700.0,-300.0,3216.4,0,1000000000.00,0.000000
-1675.0,-300.0,3191.5,0,1000000000.00,0.000000
-1650.0,-300.0,3166.6,0,1000000000.00,0.000000
-1625.0,-300.0,3141.7,0,1000000000.00,0.000000
-1600.0,-300.0,3116.9,0,1000000000.00,0.000000
-1575.0,-300.0,3092.0,0,1000000000.00,0.000000
-1550.0,-300.0,3067.2,0,1000000000.00,0.000000
-1525.0,-300.0,3042.3,0,1000000000.00,0.000000
-1500.0,-300.0,3017.5,0,1000000000.00,0.000000
-1475.0,-300.0,2992.6,0,1000000000.00,0.000000
-1450.0,-300.0,2967.8,0,1000000000.00,0.000000
-1425.0,-300.0,2942.9,0,1000000000.00,0.000000
-1400.0,-300.0,2918.1,0,1000000000.00,0.000000
-1375.0,-300.0,2893.2,0,1000000000.00,0.000000
-1350.0,-300.0,2868.4,0,1000000000.00,0.000000
-1325.0,-300.0,2843.5,0,1000000000.00,0.000000
-1300.0,-300.0,2818.7,0,1000000000.00,0.000000
-1275.0,-300.0,2793.9,0,1000000000.00,0.000000
-1250.0,-300.0,2769.0,0,1000000000.00,0.000000
-1225.0,-300.0,2744.2,0,1000000000.00,0.000000
-1200.0,-300.0,2719.4,0,1000000000.00,0.000000
-1175.0,-300.0,2694.6,0,1000000000.00,0.000000
-1150.0,-300.0,2669.8,0,1000000000.00,0.000000
-1125.0,-300.0,2645.0,0,1000000000.00,0.000000
-1100.0,-300.0,2620.2,0,1000000000.00,0.000000
-1075.0,-300.0,2595.3,0,1000000000.00,0.000000
-1050.0,-300.0,2570.6,0,1000000000.00,0.000000
-1025.0,-300.0,2545.8,0,1000000000.00,0.000000
-1000.0,-300.0,2521.0,0,1000000000.00,0.000000
-975.0,-300.0,2496.2,0,1000000000.00,0.000000
-950.0,-300.0,2471.4,0,1000000000.00,0.000000
-925.0,-300.0,2446.6,0,1000000000.00,0.000000
-900.0,-300.0,2421.8,0,1000000000.00,0.000000
-875.0,-300.0,2397.1,0,1000000000.00,0.000000
-850.0,-300.0,2372.3,0,1000000000.00,0.000000
-825.0,-300.0,2347.5,0,1000000000.00,0.000000
-800.0,-300.0,2322.8,0,1000000000.00,0.000000
-775.0,-300.0,2298.0,0,1000000000.00,0.000000
-750.0,-300.0,2273.3,0,1000000000.00,0.000000
-725.0,-300.0,2248.6,0,1000000000.00,0.000000
-700.0,-300.0,2223.8,0,1000000000.00,0.000000
-675.0,-300.0,2199.1,0,1000000000.00,0.000000
-650.0,-300.0,2174.4,0,1000000000.00,0.000000
-625.0,-300.0,2149.7,0,1000000000.00,0.000000
-600.0,-300.0,2125.0,0,1000000000.00,0.000000
-575.0,-300.0,2100.3,0,1000000000.00,0.000000
-550.0,-300.0,2075.6,0,1000000000.00,0.000000
-525.0,-300.0,2050.9,0,1000000000.00,0.000000
-500.0,-300.0,2026.2,0,1000000000.00,0.000000
-475.0,-300.0,2001.5,0,1000000000.00,0.000000
-450.0,-300.0,1976.9,0,1000000000.00,0.000000
-425.0,-300.0,1952.2,0,1000000000.00,0.000000
-400.0,-300.0,1927.6,0,1000000000.00,0.000000
-375.0,-300.0,1902.9,0,1000000000.00,0.000000
-350.0,-300.0,1878.3,0,1000000000.00,0.000000
-325.0,-300.0,1853.7,0,1000000000.00,0.000000
-300.0,-300.0,1829.1,0,1000000000.00,0.000000
-275.0,-300.0,1804.5,0,1000000000.00,0.000000
-250.0,-300.0,1779.9,0,1000000000.00,0.000000
-225.0,-300.0,1755.3,0,1000000000.00,0.000000
-200.0,-300.0,1730.8,0,1000000000.00,0.000000
-175.0,-300.0,1706.2,0,1000000000.00,0.000000
-150.0,-300.0,1681.7,0,1000000000.00,0.000000
-125.0,-300.0,1657.2,0,1000000000.00,0.000000
-100.0,-300.0,1632.7,0,1000000000.00,0.000000
-75.0,-300.0,1608.2,0,1000000000.00,0.000000
-50.0,-300.0,1583.7,0,1000000000.00,0.000000
-25.0,-300.0,1559.3,0,1000000000.00,0.000000
0.0,-300.0,1534.8,0,1000000000.00,0.000000
25.0,-300.0,1510.4,0,1000000000.00,0.000000
50.0,-300.0,1486.0,0,1000000000.00,0.000000
75.0,-300.0,1461.6,0,1000000000.00,0.000000
100.0,-300.0,1437.3,0,1000000000.00,0.000000
125.0,-300.0,1412.9,0,1000000000.00,0.000000
150.0,-300.0,1388.6,0,1000000000.00,0.000000
175.0,-300.0,1364.3,0,1000000000.00,0.000000
200.0,-300.0,1340.1,0,1000000000.00,0.000000
225.0,-300.0,1315.8,0,1000000000.00,0.000000
250.0,-300.0,1291.6,0,1000000000.00,0.000000
275.0,-300.0,1267.5,0,1000000000.00,0.000000
300.0,-300.0,1243.3,0,1000000000.00,0.000000
325.0,-300.0,1219.2,0,1000000000.00,0.000000
350.0,-300.0,1195.1,0,1000000000.00,0.000000
375.0,-300.0,1171.1,0,1000000000.00,0.000000
400.0,-300.0,1147.1,0,1000000000.00,0.000000
425.0,-300.0,1123.2,0,1000000000.00,0.000000
450.0,-300.0,1099.3,0,1000000000.00,0.000000
475.0,-300.0,1075.4,0,1000000000.00,0.000000
500.0,-300.0,1051.6,0,1000000000.00,0.000000
525.0,-300.0,1027.9,0,1000000000.00,0.000000
550.0,-300.0,1004.2,0,1000000000.00,0.000000
575.0,-300.0,980.6,1,366.16,0.366183
600.0,-300.0,957.1,1,351.42,0.381544
625.0,-300.0,933.6,1,337.05,0.397810
650.0,-300.0,910.2,1,323.05,0.415052
675.0,-300.0,886.9,1,309.41,0.433350
700.0,-300.0,863.7,1,296.13,0.452788
725.0,-300.0,840.6,1,283.20,0.473463
750.0,-300.0,817.6,1,270.61,0.495479
775.0,-300.0,826.4,1,258.37,0.518951
800.0,-300.0,849.8,1,246.47,0.544006
825.0,-300.0,873.2,1,234.91,0.570787
850.0,-300.0,896.7,1,223.68,0.599447
875.0,-300.0,920.3,1,212.78,0.630159
900.0,-300.0,944.0,1,202.20,0.663113
925.0,-300.0,967.7,1,191.95,0.698518
950.0,-300.0,991.5,1,182.03,0.736606
975.0,-300.0,1015.4,0,1000000000.00,0.000000
1000.0,-300.0,1039.3,0,1000000000.00,0.000000
1025.0,-300.0,1063.2,0,1000000000.00,0.000000
1050.0,-300.0,1087.2,0,1000000000.00,0.000000
1075.0,-300.0,1111.3,0,1000000000.00,0.000000
1100.0,-300.0,1135.4,0,1000000000.00,0.000000
1125.0,-300.0,1159.5,0,1000000000.00,0.000000
1150.0,-300.0,1183.7,0,1000000000.00,0.000000
1175.0,-300.0,1207.9,0,1000000000.00,0.000000
1200.0,-300.0,1232.1,0,1000000000.00,0.000000
1225.0,-300.0,1256.4,0,1000000000.00,0.000000
1250.0,-300.0,1280.7,0,1000000000.00,0.000000
1275.0,-300.0,1305.0,0,1000000000.00,0.000000
1300.0,-300.0,1329.3,0,1000000000.00,0.000000
1325.0,-300.0,1353.7,0,1000000000.00,0.000000
1350.0,-300.0,1378.1,0,1000000000.00,0.000000
1375.0,-300.0,1402.5,0,1000000000.00,0.000000
1400.0,-300.0,1426.9,0,1000000000.00,0.000000
1425.0,-300.0,1451.4,0,1000000000.00,0.000000
1450.0,-300.0,1475.8,0,1000000000.00,0.000000
1475.0,-300.0,1500.3,0,1000000000.00,0.000000
1500.0,-300.0,1524.8,0,1000000000.00,0.000000
1525.0,-300.0,1549.3,0,1000000000.00,0.000000
1550.0,-300.0,1573.9,0,1000000000.00,0.000000
1575.0,-300.0,1598.4,0,1000000000.00,0.000000
1600.0,-300.0,1623.0,0,1000000000.00,0.000000
1625.0,-300.0,1647.6,0,1000000000.00,0.000000
1650.0,-300.0,1672.1,0,1000000000.00,0.000000
1675.0,-300.0,1696.7,0,1000000000.00,0.000000
1700.0,-300.0,1721.4,0,1000000000.00,0.000000
1725.0,-300.0,1746.0,0,1000000000.00,0.000000
1750.0,-300.0,1770.6,0,1000000000.00,0.000000
1775.0,-300.0,1795.3,0,1000000000.00,0.000000
1800.0,-300.0,1819.9,0,1000000000.00,0.000000
-1800.0,-275.0,3313.5,0,1000000000.00,0.000000
-1775.0,-275.0,3288.6,0,1000000000.00,0.000000
-1750.0,-275.0,3263.7,0,1000000000.00,0.000000
-1725.0,-275.0,3238.8,0,1000000000.00,0.000000
-1700.0,-275.0,3213.9,0,1000000000.00,0.000000
-1675.0,-275.0,3189.0,0,1000000000.00,0.000000
-1650.0,-275.0,3164.1,0,1000000000.00,0.000000
-1625.0,-275.0,3139.3,0,1000000000.00,0.000000
-1600.0,-275.0,3114.4,0,1000000000.00,0.000000
-1575.0,-275.0,3089.5,0,1000000000.00,0.000000
-1550.0,-275.0,3064.6,0,1000000000.00,0.000000
-1525.0,-275.0,3039.7,0,1000000000.00,0.000000
-1500.0,-275.0,3014.9,0,1000000000.00,0.000000
-1475.0,-275.0,2990.0,0,1000000000.00,0.000000
-1450.0,-275.0,2965.1,0,1000000000.00,0.000000
-1425.0,-275.0,2940.2,0,1000000000.00,0.000000
-1400.0,-275.0,2915.4,0,1000000000.00,0.000000
-1375.0,-275.0,2890.5,0,1000000000.00,0.000000
-1350.0,-275.0,2865.6,0,1000000000.00,0.000000
-1325.0,-275.0,2840.8,0,1000000000.00,0.000000
-1300.0,-275.0,2815.9,0,1000000000.00,0.000000
-1275.0,-275.0,2791.1,0,1000000000.00,0.000000
-1250.0,-275.0,2766.2,0,1000000000.00,0.000000
-1225.0,-275.0,2741.4,0,1000000000.00,0.000000
-1200.0,-275.0,2716.5,0,1000000000.00,0.000000
-1175.0,-275.0,2691.7,0,1000000000.00,0.000000
-1150.0,-275.0,2666.8,0,1000000000.00,0.000000
-1125.0,-275.0,2642.0,0,1000000000.00,0.000000
-1100.0,-275.0,2617.2,0,1000000000.00,0.000000
-1075.0,-275.0,2592.3,0,1000000000.00,0.000000
-1050.0,-275.0,2567.5,0,1000000000.00,0.000000
-1025.0,-275.0,2542.7,0,1000000000.00,0.000000
-1000.0,-275.0,2517.8,0,1000000000.00,0.000000
-975.0,-275.0,2493.0,0,1000000000.00,0.000000
-950.0,-275.0,2468.2,0,1000000000.00,0.000000
-925.0,-275.0,2443.4,0,1000000000.00,0.000000
-900.0,-275.0,2418.6,0,1000000000.00,0.000000
-875.0,-275.0,2393.8,0,1000000000.00,0.000000
-850.0,-275.0,2369.0,0,1000000000.00,0.000000
-825.0,-275.0,2344.2,0,1000000000.00,0.000000
-800.0,-275.0,2319.4,0,1000000000.00,0.000000
-775.0,-275.0,2294.6,0,1000000000.00,0.000000
-750.0,-275.0,2269.8,0,1000000000.00,0.000000
-725.0,-275.0,2245.1,0,1000000000.00,0.000000
-700.0,-275.0,2220.3,0,1000000000.00,0.000000
-675.0,-275.0,2195.5,0,1000000000.00,0.000000
-650.0,-275.0,2170.8,0,1000000000.00,0.000000
-625.0,-275.0,2146.0,0,1000000000.00,0.000000
-600.0,-275.0,2121.3,0,1000000000.00,0.000000
-575.0,-275.0,2096.5,0,1000000000.00,0.000000
-550.0,-275.0,2071.8,0,1000000000.00,0.000000
-525.0,-275.0,2047.0,0,1000000000.00,0.000000
-500.0,-275.0,2022.3,0,1000000000.00,0.000000
-475.0,-275.0,1997.6,0,1000000000.00,0.000000
-450.0,-275.0,1972.9,0,1000000000.00,0.000000
-425.0,-275.0,1948.2,0,1000000000.00,0.000000
-400.0,-275.0,1923.5,0,1000000000.00,0.000000
-375.0,-275.0,1898.8,0,1000000000.00,0.000000
-350.0,-275.0,1874.1,0,1000000000.00,0.000000
-325.0,-275.0,1849.5,0,1000000000.00,0.000000
-300.0,-275.0,1824.8,0,1000000000.00,0.000000
-275.0,-275.0,1800.1,0,1000000000.00,0.000000
-250.0,-275.0,1775.5,0,1000000000.00,0.000000
-225.0,-275.0,1750.9,0,1000000000.00,0.000000
-200.0,-275.0,1726.2,0,1000000000.00,0.000000
-175.0,-275.0,1701.6,0,1000000000.00,0.000000
-150.0,-275.0,1677.0,0,1000000000.00,0.000000
-125.0,-275.0,1652.5,0,1000000000.00,0.000000
-100.0,-275.0,1627.9,0,1000000000.00,0.000000
-75.0,-275.0,1603.3,0,1000000000.00,0.000000
-50.0,-275.0,1578.8,0,1000000000.00,0.000000
-25.0,-275.0,1554.2,0,1000000000.00,0.000000
0.0,-275.0,1529.7,0,1000000000.00,0.000000
25.0,-275.0,1505.2,0,1000000000.00,0.000000
50.0,-275.0,1480.7,0,1000000000.00,0.000000
75.0,-275.0,1456.3,0,1000000000.00,0.000000
100.0,-275.0,1431.8,0,1000000000.00,0.000000
125.0,-275.0,1407.4,0,1000000000.00,0.000000
150.0,-275.0,1383.0,0,1000000000.00,0.000000
175.0,-275.0,1358.6,0,1000000000.00,0.000000
200.0,-275.0,1334.2,0,1000000000.00,0.000000
225.0,-275.0,1309.9,0,1000000000.00,0.000000
250.0,-275.0,1285.5,0,1000000000.00,0.000000
275.0,-275.0,1261.3,0,1000000000.00,0.000000
300.0,-275.0,1237.0,0,1000000000.00,0.000000
325.0,-275.0,1212.8,0,1000000000.00,0.000000
350.0,-275.0,1188.6,0,1000000000.00,0.000000
375.0,-275.0,1164.4,0,1000000000.00,0.000000
400.0,-275.0,1140.3,0,1000000000.00,0.000000
425.0,-275.0,1116.2,0,1000000000.00,0.000000
450.0,-275.0,1092.1,0,1000000000.00,0.000000
475.0,-275.0,1068.1,0,1000000000.00,0.000000
500.0,-275.0,1044.2,0,1000000000.00,0.000000
525.0,-275.0,1020.2,0,1000000000.00,0.000000
550.0,-275.0,996.4,1,425.70,0.314970
575.0,-275.0,972.6,1,408.37,0.328337
600.0,-275.0,948.8,1,391.49,0.342493
625.0,-275.0,925.2,1,375.06,0.357501
650.0,-275.0,901.6,1,359.06,0.373430
675.0,-275.0,878.0,1,343.49,0.390356
700.0,-275.0,854.6,1,328.34,0.408364
725.0,-275.0,831.3,1,313.61,0.427547
750.0,-275.0,808.0,1,299.29,0.448008
775.0,-275.0,817.7,1,285.37,0.469861
800.0,-275.0,841.2,1,271.84,0.493234
825.0,-275.0,864.9,1,258.71,0.518268
850.0,-275.0,888.7,1,245.97,0.545120
875.0,-275.0,912.5,1,233.61,0.573966
900.0,-275.0,936.3,1,221.62,0.605001
925.0,-275.0,960.2,1,210.02,0.638443
950.0,-275.0,984.2,1,198.78,0.674536
975.0,-275.0,1008.3,0,1000000000.00,0.000000
1000.0,-275.0,1032.3,0,1000000000.00,0.000000
1025.0,-275.0,1056.4,0,1000000000.00,0.000000
1050.0,-275.0,1080.6,0,1000000000.00,0.000000
1075.0,-275.0,1104.8,0,1000000000.00,0.000000
1100.0,-275.0,1129.0,0,1000000000.00,0.000000
1125.0,-275.0,1153.3,0,1000000000.00,0.000000
1150.0,-275.0,1177.6,0,1000000000.00,0.000000
1175.0,-275.0,1201.9,0,1000000000.00,0.000000
1200.0,-275.0,1226.3,0,1000000000.00,0.000000
1225.0,-275.0,1250.6,0,1000000000.00,0.000000
1250.0,-275.0,1275.0,0,1000000000.00,0.000000
1275.0,-275.0,1299.5,0,1000000000.00,0.000000
1300.0,-275.0,1323.9,0,1000000000.00,0.000000
1325.0,-275.0,1348.4,0,1000000000.00,0.000000
1350.0,-275.0,1372.8,0,1000000000.00,0.000000
1375.0,-275.0,1397.3,0,1000000000.00,0.000000
1400.0,-275.0,1421.9,0,1000000000.00,0.000000
1425.0,-275.0,1446.4,0,1000000000.00,0.000000
1450.0,-275.0,1471.0,0,1000000000.00,0.000000
1475.0,-275.0,1495.5,0,1000000000.00,0.000000
1500.0,-275.0,1520.1,0,1000000000.00,0.000000
1525.0,-275.0,1544.7,0,1000000000.00,0.000000
1550.0,-275.0,1569.3,0,1000000000.00,0.000000
1575.0,-275.0,1593.9,0,1000000000.00,0.000000
1600.0,-275.0,1618.5,0,1000000000.00,0.000000
1625.0,-275.0,1643.2,0,1000000000.00,0.000000
1650.0,-275.0,1667.8,0,1000000000.00,0.000000
1675.0,-275.0,1692.5,0,1000000000.00,0.000000
1700.0,-275.0,1717.2,0,1000000000.00,0.000000
1725.0,-275.0,1741.9,0,1000000000.00,0.000000
1750.0,-275.0,1766.6,0,1000000000.00,0.000000
1775.0,-275.0,1791.2,0,1000000000.00,0.000000
1800.0,-275.0,1816.0,0,1000000000.00,0.000000
-1800.0,-250.0,3311.3,0,1000000000.00,0.000000
-1775.0,-250.0,3286.4,0,1000000000.00,0.000000
-1750.0,-250.0,3261.5,0,1000000000.00,0.000000
-1725.0,-250.0,3236.6,0,1000000000.00,0.000000
-1700.0,-250.0,3211.7,0,1000000000.00,0.000000
-1675.0,-250.0,3186.8,0,1000000000.00,0.000000
-1650.0,-250.0,3161.9,0,1000000000.00,0.000000
-1625.0,-250.0,3137.0,0,1000000000.00,0.000000
-1600.0,-250.0,3112.1,0,1000000000.00,0.000000
-1575.0,-250.0,3087.1,0,1000000000.00,0.000000
-1550.0,-250.0,3062.3,0,1000000000.00,0.000000
-1525.0,-250.0,3037.4,0,1000000000.00,0.000000
-1500.0,-250.0,3012.5,0,1000000000.00,0.000000
-1475.0,-250.0,2987.6,0,1000000000.00,0.000000
-1450.0,-250.0,2962.7,0,1000000000.00,0.000000
-1425.0,-250.0,2937.8,0,1000000000.00,0.000000
-1400.0,-250.0,2912.9,0,1000000000.00,0.000000
-1375.0,-250.0,2888.0,0,1000000000.00,0.000000
-1350.0,-250.0,2863.1,0,1000000000.00,0.000000
-1325.0,-250.0,2838.2,0,1000000000.00,0.000000
-1300.0,-250.0,2813.4,0,1000000000.00,0.000000
-1275.0,-250.0,2788.5,0,1000000000.00,0.000000
-1250.0,-250.0,2763.6,0,1000000000.00,0.000000
-1225.0,-250.0,2738.7,0,1000000000.00,0.000000
-1200.0,-250.0,2713.9,0,1000000000.00,0.000000
-1175.0,-250.0,2689.0,0,1000000000.00,0.000000
-1150.0,-250.0,2664.1,0,1000000000.00,0.000000
-1125.0,-250.0,2639.3,0,1000000000.00,0.000000
-1100.0,-250.0,2614.4,0,1000000000.00,0.000000
-1075.0,-250.0,2589.5,0,1000000000.00,0.000000
-1050.0,-250.0,2564.7,0,1000000000.00,0.000000
-1025.0,-250.0,2539.8,0,1000000000.00,0.000000
-1000.0,-250.0,2515.0,0,1000000000.00,0.000000
-975.0,-250.0,2490.1,0,1000000000.00,0.000000
-950.0,-250.0,2465.3,0,1000000000.00,0.000000
-925.0,-250.0,2440.4,0,1000000000.00,0.000000
-900.0,-250.0,2415.6,0,1000000000.00,0.000000
-875.0,-250.0,2390.8,0,1000000000.00,0.000000
-850.0,-250.0,2365.9,0,1000000000.00,0.000000
-825.0,-250.0,2341.1,0,1000000000.00,0.000000
-800.0,-250.0,2316.3,0,1000000000.00,0.000000
-775.0,-250.0,2291.5,0,1000000000.00,0.000000
-750.0,-250.0,2266.7,0,1000000000.00,0.000000
-725.0,-250.0,2241.8,0,1000000000.00,0.000000
-700.0,-250.0,2217.0,0,1000000000.00,0.000000
-675.0,-250.0,2192.2,0,1000000000.00,0.000000
-650.0,-250.0,2167.4,0,1000000000.00,0.000000
-625.0,-250.0,2142.6,0,1000000000.00,0.000000
-600.0,-250.0,2117.9,0,1000000000.00,0.000000
-575.0,-250.0,2093.1,0,1000000000.00,0.000000
-550.0,-250.0,2068.3,0,1000000000.00,0.000000
-525.0,-250.0,2043.5,0,1000000000.00,0.000000
-500.0,-250.0,2018.8,0,1000000000.00,0.000000
-475.0,-250.0,1994.0,0,1000000000.00,0.000000
-450.0,-250.0,1969.2,0,1000000000.00,0.000000
-425.0,-250.0,1944.5,0,1000000000.00,0.000000
-400.0,-250.0,1919.7,0,1000000000.00,0.000000
-375.0,-250.0,1895.0,0,1000000000.00,0.000000
-350.0,-250.0,1870.3,0,1000000000.00,0.000000
-325.0,-250.0,1845.6,0,1000000000.00,0.000000
-300.0,-250.0,1820.8,0,1000000000.00,0.000000
-275.0,-250.0,1796.1,0,1000000000.00,0.000000
-250.0,-250.0,1771.4,0,1000000000.00,0.000000
-225.0,-250.0,1746.7,0,1000000000.00,0.000000
-200.0,-250.0,1722.1,0,1000000000.00,0.000000
-175.0,-250.0,1697.4,0,1000000000.00,0.000000
-150.0,-250.0,1672.7,0,1000000000.00,0.000000
-125.0,-250.0,1648.1,0,1000000000.00,0.000000
-100.0,-250.0,1623.4,0,1000000000.00,0.000000
-75.0,-250.0,1598.8,0,1000000000.00,0.000000
-50.0,-250.0,1574.2,0,1000000000.00,0.000000
-25.0,-250.0,1549.6,0,1000000000.00,0.000000
0.0,-250.0,1525.0,0,1000000000.00,0.000000
25.0,-250.0,1500.4,0,1000000000.00,0.000000
50.0,-250.0,1475.8,0,1000000000.00,0.000000
75.0,-250.0,1451.3,0,1000000000.00,0.000000
100.0,-250.0,1426.8,0,1000000000.00,0.000000
125.0,-250.0,1402.2,0,1000000000.00,0.000000
150.0,-250.0,1377.7,0,1000000000.00,0.000000
175.0,-250.0,1353.3,0,1000000000.00,0.000000
200.0,-250.0,1328.8,0,1000000000.00,0.000000
225.0,-250.0,1304.3,0,1000000000.00,0.000000
250.0,-250.0,1279.9,0,1000000000.00,0.000000
275.0,-250.0,1255.5,0,1000000000.00,0.000000
300.0,-250.0,1231.1,0,1000000000.00,0.000000
325.0,-250.0,1206.8,0,1000000000.00,0.000000
350.0,-250.0,1182.5,0,1000000000.00,0.000000
375.0,-250.0,1158.2,0,1000000000.00,0.000000
400.0,-250.0,1133.9,0,1000000000.00,0.000000
425.0,-250.0,1109.7,0,1000000000.00,0.000000
450.0,-250.0,1085.5,0,1000000000.00,0.000000
475.0,-250.0,1061.3,0,1000000000.00,0.000000
500.0,-250.0,1037.2,0,1000000000.00,0.000000
525.0,-250.0,1013.1,0,1000000000.00,0.000000
550.0,-250.0,989.1,1,483.23,0.277472
575.0,-250.0,965.1,1,462.96,0.289619
600.0,-250.0,941.2,1,443.25,0.302497
625.0,-250.0,917.3,1,424.09,0.316166
650.0,-250.0,893.5,1,405.46,0.330692
675.0,-250.0,869.8,1,387.36,0.346148
700.0,-250.0,846.1,1,369.77,0.362615
725.0,-250.0,822.5,1,352.68,0.380183
750.0,-250.0,799.0,1,336.09,0.398952
775.0,-250.0,809.6,1,319.98,0.419032
800.0,-250.0,833.4,1,304.35,0.440550
825.0,-250.0,857.3,1,289.19,0.463643
850.0,-250.0,881.2,1,274.50,0.488469
875.0,-250.0,905.2,1,260.25,0.515202
900.0,-250.0,929.3,1,246.46,0.544040
925.0,-250.0,953.4,1,233.11,0.575204
950.0,-250.0,977.5,1,220.19,0.608945
975.0,-250.0,1001.7,0,1000000000.00,0.000000
1000.0,-250.0,1025.9,0,1000000000.00,0.000000
1025.0,-250.0,1050.2,0,1000000000.00,0.000000
1050.0,-250.0,1074.5,0,1000000000.00,0.000000
1075.0,-250.0,1098.8,0,1000000000.00,0.000000
1100.0,-250.0,1123.2,0,1000000000.00,0.000000
1125.0,-250.0,1147.6,0,1000000000.00,0.000000
1150.0,-250.0,1172.0,0,1000000000.00,0.000000
1175.0,-250.0,1196.4,0,1000000000.00,0.000000
1200.0,-250.0,1220.9,0,1000000000.00,0.000000
1225.0,-250.0,1245.4,0,1000000000.00,0.000000
1250.0,-250.0,1269.9,0,1000000000.00,0.000000
1275.0,-250.0,1294.4,0,1000000000.00,0.000000
1300.0,-250.0,1318.9,0,1000000000.00,0.000000
1325.0,-250.0,1343.5,0,1000000000.00,0.000000
1350.0,-250.0,1368.1,0,1000000000.00,0.000000
1375.0,-250.0,1392.6,0,1000000000.00,0.000000
1400.0,-250.0,1417.2,0,1000000000.00,0.000000
1425.0,-250.0,1441.9,0,1000000000.00,0.000000
1450.0,-250.0,1466.5,0,1000000000.00,0.000000
1475.0,-250.0,1491.1,0,1000000000.00,0.000000
1500.0,-250.0,1515.8,0,1000000000.00,0.000000
1525.0,-250.0,1540.4,0,1000000000.00,0.000000
1550.0,-250.0,1565.1,0,1000000000.00,0.000000
1575.0,-250.0,1589.8,0,1000000000.00,0.000000
1600.0,-250.0,1614.5,0,1000000000.00,0.000000
1625.0,-250.0,1639.2,0,1000000000.00,0.000000
1650.0,-250.0,1663.9,0,1000000000.00,0.000000
1675.0,-250.0,1688.6,0,1000000000.00,0.000000
1700.0,-250.0,1713.4,0,1000000000.00,0.000000
1725.0,-250.0,1738.1,0,1000000000.00,0.000000
1750.0,-250.0,1762.8,0,1000000000.00,0.000000
1775.0,-250.0,1787.6,0,1000000000.00,0.000000
1800.0,-250.0,1812.3,0,1000000000.00,0.000000
-1800.0,-225.0,3309.3,0,1000000000.00,0.000000
-1775.0,-225.0,3284.4,0,1000000000.00,0.000000
-1750.0,-225.0,3259.5,0,1000000000.00,0.000000
-1725.0,-225.0,3234.5,0,1000000000.00,0.000000
-1700.0,-225.0,3209.6,0,1000000000.00,0.000000
-1675.0,-225.0,3184.7,0,1000000000.00,0.000000
-1650.0,-225.0,3159.8,0,1000000000.00,0.000000
-1625.0,-225.0,3134.9,0,1000000000.00,0.000000
-1600.0,-225.0,3109.9,0,1000000000.00,0.000000
-1575.0,-225.0,3085.0,0,1000000000.00,0.000000
-1550.0,-225.0,3060.1,0,1000000000.00,0.000000
-1525.0,-225.0,3035.2,0,1000000000.00,0.000000
-1500.0,-225.0,3010.3,0,1000000000.00,0.000000
-1475.0,-225.0,2985.4,0,1000000000.00,0.000000
-1450.0,-225.0,2960.4,0,1000000000.00,0.000000
-1425.0,-225.0,2935.5,0,1000000000.00,0.000000
-1400.0,-225.0,2910.6,0,1000000000.00,0.000000
-1375.0,-225.0,2885.7,0,1000000000.00,0.000000
-1350.0,-225.0,2860.8,0,1000000000.00,0.000000
-1325.0,-225.0,2835.9,0,1000000000.00,0.000000
-1300.0,-225.0,2811.0,0,1000000000.00,0.000000
-1275.0,-225.0,2786.1,0,1000000000.00,0.000000
-1250.0,-225.0,2761.2,0,1000000000.00,0.000000
-1225.0,-225.0,2736.3,0,1000000000.00,0.000000
-1200.0,-225.0,2711.4,0,1000000000.00,0.000000
-1175.0,-225.0,2686.5,0,1000000000.00,0.000000
-1150.0,-225.0,2661.6,0,1000000000.00,0.000000
-1125.0,-225.0,2636.8,0,1000000000.00,0.000000
-1100.0,-225.0,2611.9,0,1000000000.00,0.000000
-1075.0,-225.0,2587.0,0,1000000000.00,0.000000
-1050.0,-225.0,2562.1,0,1000000000.00,0.000000
-1025.0,-225.0,2537.2,0,1000000000.00,0.000000
-1000.0,-225.0,2512.4,0,1000000000.00,0.000000
-975.0,-225.0,2487.5,0,1000000000.00,0.000000
-950.0,-225.0,2462.6,0,1000000000.00,0.000000
-925.0,-225.0,2437.7,0,1000000000.00,0.000000
-900.0,-225.0,2412.9,0,1000000000.00,0.000000
-875.0,-225.0,2388.0,0,1000000000.00,0.000000
-850.0,-225.0,2363.2,0,1000000000.00,0.000000
-825.0,-225.0,2338.3,0,1000000000.00,0.000000
-800.0,-225.0,2313.4,0,1000000000.00,0.000000
-775.0,-225.0,2288.6,0,1000000000.00,0.000000
-750.0,-225.0,2263.7,0,1000000000.00,0.000000
-725.0,-225.0,2238.9,0,1000000000.00,0.000000
-700.0,-225.0,2214.1,0,1000000000.00,0.000000
-675.0,-225.0,2189.2,0,1000000000.00,0.000000
-650.0,-225.0,2164.4,0,1000000000.00,0.000000
-625.0,-225.0,2139.6,0,1000000000.00,0.000000
-600.0,-225.0,2114.7,0,1000000000.00,0.000000
-575.0,-225.0,2089.9,0,1000000000.00,0.000000
-550.0,-225.0,2065.1,0,1000000000.00,0.000000
-525.0,-225.0,2040.3,0,1000000000.00,0.000000
-500.0,-225.0,2015.5,0,1000000000.00,0.000000
-475.0,-225.0,1990.7,0,1000000000.00,0.000000
-450.0,-225.0,1965.9,0,1000000000.00,0.000000
-425.0,-225.0,1941.1,0,1000000000.00,0.000000
-400.0,-225.0,1916.3,0,1000000000.00,0.000000
-375.0,-225.0,1891.5,0,1000000000.00,0.000000
-350.0,-225.0,1866.7,0,1000000000.00,0.000000
-325.0,-225.0,1842.0,0,1000000000.00,0.000000
-300.0,-225.0,1817.2,0,1000000000.00,0.000000
-275.0,-225.0,1792.5,0,1000000000.00,0.000000
-250.0,-225.0,1767.7,0,1000000000.00,0.000000
-225.0,-225.0,1743.0,0,1000000000.00,0.000000
-200.0,-225.0,1718.2,0,1000000000.00,0.000000
-175.0,-225.0,1693.5,0,1000000000.00,0.000000
-150.0,-225.0,1668.8,0,1000000000.00,0.000000
-125.0,-225.0,1644.1,0,1000000000.00,0.000000
-100.0,-225.0,1619.4,0,1000000000.00,0.000000
-75.0,-225.0,1594.7,0,1000000000.00,0.000000
-50.0,-225.0,1570.0,0,1000000000.00,0.000000
-25.0,-225.0,1545.3,0,1000000000.00,0.000000
0.0,-225.0,1520.7,0,1000000000.00,0.000000
25.0,-225.0,1496.0,0,1000000000.00,0.000000
50.0,-225.0,1471.4,0,1000000000.00,0.000000
75.0,-225.0,1446.7,0,1000000000.00,0.000000
100.0,-225.0,1422.1,0,1000000000.00,0.000000
125.0,-225.0,1397.5,0,1000000000.00,0.000000
150.0,-225.0,1372.9,0,1000000000.00,0.000000
175.0,-225.0,1348.4,0,1000000000.00,0.000000
200.0,-225.0,1323.8,0,1000000000.00,0.000000
225.0,-225.0,1299.3,0,1000000000.00,0.000000
250.0,-225.0,1274.8,0,1000000000.00,0.000000
275.0,-225.0,1250.3,0,1000000000.00,0.000000
300.0,-225.0,1225.8,0,1000000000.00,0.000000
325.0,-225.0,1201.3,0,1000000000.00,0.000000
350.0,-225.0,1176.9,0,1000000000.00,0.000000
375.0,-225.0,1152.5,0,1000000000.00,0.000000
400.0,-225.0,1128.1,0,1000000000.00,0.000000
425.0,-225.0,1103.7,0,1000000000.00,0.000000
450.0,-225.0,1079.4,0,1000000000.00,0.000000
475.0,-225.0,1055.1,0,1000000000.00,0.000000
500.0,-225.0,1030.8,0,1000000000.00,0.000000
525.0,-225.0,1006.6,0,1000000000.00,0.000000
550.0,-225.0,982.4,1,560.48,0.239231
575.0,-225.0,958.3,1,536.13,0.250095
600.0,-225.0,934.2,1,512.50,0.261626
625.0,-225.0,910.1,1,489.57,0.273880
650.0,-225.0,886.1,1,467.32,0.286918
675.0,-225.0,862.2,1,445.74,0.300809
700.0,-225.0,838.3,1,424.81,0.315630
725.0,-225.0,814.5,1,404.52,0.331464
750.0,-225.0,790.7,1,384.85,0.348408
775.0,-225.0,802.2,1,365.78,0.366566
800.0,-225.0,826.3,1,347.31,0.386060
825.0,-225.0,850.3,1,329.42,0.407023
850.0,-225.0,874.5,1,312.11,0.429606
875.0,-225.0,898.6,1,295.35,0.453981
900.0,-225.0,922.9,1,279.14,0.480342
925.0,-225.0,947.1,1,263.47,0.508910
950.0,-225.0,971.4,1,248.33,0.539936
975.0,-225.0,995.8,1,233.71,0.573707
1000.0,-225.0,1020.1,0,1000000000.00,0.000000
1025.0,-225.0,1044.5,0,1000000000.00,0.000000
1050.0,-225.0,1069.0,0,1000000000.00,0.000000
1075.0,-225.0,1093.4,0,1000000000.00,0.000000
1100.0,-225.0,1117.9,0,1000000000.00,0.000000
1125.0,-225.0,1142.4,0,1000000000.00,0.000000
1150.0,-225.0,1166.9,0,1000000000.00,0.000000
1175.0,-225.0,1191.5,0,1000000000.00,0.000000
1200.0,-225.0,1216.0,0,1000000000.00,0.000000
1225.0,-225.0,1240.6,0,1000000000.00,0.000000
1250.0,-225.0,1265.2,0,1000000000.00,0.000000
1275.0,-225.0,1289.8,0,1000000000.00,0.000000
1300.0,-225.0,1314.4,0,1000000000.00,0.000000
1325.0,-225.0,1339.1,0,1000000000.00,0.000000
1350.0,-225.0,1363.7,0,1000000000.00,0.000000
1375.0,-225.0,1388.4,0,1000000000.00,0.000000
1400.0,-225.0,1413.0,0,1000000000.00,0.000000
1425.0,-225.0,1437.7,0,1000000000.00,0.000000
1450.0,-225.0,1462.4,0,1000000000.00,0.000000
1475.0,-225.0,1487.1,0,1000000000.00,0.000000
1500.0,-225.0,1511.9,0,1000000000.00,0.000000
1525.0,-225.0,1536.6,0,1000000000.00,0.000000
1550.0,-225.0,1561.3,0,1000000000.00,0.000000
1575.0,-225.0,1586.1,0,1000000000.00,0.000000
1600.0,-225.0,1610.8,0,1000000000.00,0.000000
1625.0,-225.0,1635.6,0,1000000000.00,0.000000
1650.0,-225.0,1660.3,0,1000000000.00,0.000000
1675.0,-225.0,1685.1,0,1000000000.00,0.000000
1700.0,-225.0,1709.9,0,1000000000.00,0.000000
1725.0,-225.0,1734.7,0,1000000000.00,0.000000
1750.0,-225.0,1759.5,0,1000000000.00,0.000000
1775.0,-225.0,1784.3,0,1000000000.00,0.000000
1800.0,-225.0,1809.1,0,1000000000.00,0.000000
-1800.0,-200.0,3307.5,0,1000000000.00,0.000000
-1775.0,-200.0,3282.6,0,1000000000.00,0.000000
-1750.0,-200.0,3257.6,0,1000000000.00,0.000000
-1725.0,-200.0,3232.7,0,1000000000.00,0.000000
-1700.0,-200.0,3207.8,0,1000000000.00,0.000000
-1675.0,-200.0,3182.8,0,1000000000.00,0.000000
-1650.0,-200.0,3157.9,0,1000000000.00,0.000000
-1625.0,-200.0,3132.9,0,1000000000.00,0.000000
-1600.0,-200.0,3108.0,0,1000000000.00,0.000000
-1575.0,-200.0,3083.1,0,1000000000.00,0.000000
-1550.0,-200.0,3058.1,0,1000000000.00,0.000000
-1525.0,-200.0,3033.2,0,1000000000.00,0.000000
-1500.0,-200.0,3008.3,0,1000000000.00,0.000000
-1475.0,-200.0,2983.4,0,1000000000.00,0.000000
-1450.0,-200.0,2958.4,0,1000000000.00,0.000000
-1425.0,-200.0,2933.5,0,1000000000.00,0.000000
-1400.0,-200.0,2908.6,0,1000000000.00,0.000000
-1375.0,-200.0,2883.7,0,1000000000.00,0.000000
-1350.0,-200.0,2858.7,0,1000000000.00,0.000000
-1325.0,-200.0,2833.8,0,1000000000.00,0.000000
-1300.0,-200.0,2808.9,0,1000000000.00,0.000000
-1275.0,-200.0,2784.0,0,1000000000.00,0.000000
-1250.0,-200.0,2759.1,0,1000000000.00,0.000000
-1225.0,-200.0,2734.1,0,1000000000.00,0.000000
-1200.0,-200.0,2709.2,0,1000000000.00,0.000000
-1175.0,-200.0,2684.3,0,1000000000.00,0.000000
-1150.0,-200.0,2659.4,0,1000000000.00,0.000000
-1125.0,-200.0,2634.5,0,1000000000.00,0.000000
-1100.0,-200.0,2609.6,0,1000000000.00,0.000000
-1075.0,-200.0,2584.7,0,1000000000.00,0.000000
-1050.0,-200.0,2559.8,0,1000000000.00,0.000000
-1025.0,-200.0,2534.9,0,1000000000.00,0.000000
-1000.0,-200.0,2510.0,0,1000000000.00,0.000000
-975.0,-200.0,2485.1,0,1000000000.00,0.000000
-950.0,-200.0,2460.2,0,1000000000.00,0.000000
-925.0,-200.0,2435.3,0,1000000000.00,0.000000
-900.0,-200.0,2410.4,0,1000000000.00,0.000000
-875.0,-200.0,2385.5,0,1000000000.00,0.000000
-850.0,-200.0,2360.6,0,1000000000.00,0.000000
-825.0,-200.0,2335.7,0,1000000000.00,0.000000
-800.0,-200.0,2310.9,0,1000000000.00,0.000000
-775.0,-200.0,2286.0,0,1000000000.00,0.000000
-750.0,-200.0,2261.1,0,1000000000.00,0.000000
-725.0,-200.0,2236.2,0,1000000000.00,0.000000
-700.0,-200.0,2211.4,0,1000000000.00,0.000000
-675.0,-200.0,2186.5,0,1000000000.00,0.000000
-650.0,-200.0,2161.6,0,1000000000.00,0.000000
-625.0,-200.0,2136.8,0,1000000000.00,0.000000
-600.0,-200.0,2111.9,0,1000000000.00,0.000000
-575.0,-200.0,2087.1,0,1000000000.00,0.000000
-550.0,-200.0,2062.2,0,1000000000.00,0.000000
-525.0,-200.0,2037.4,0,1000000000.00,0.000000
-500.0,-200.0,2012.5,0,1000000000.00,0.000000
-475.0,-200.0,1987.7,0,1000000000.00,0.000000
-450.0,-200.0,1962.8,0,1000000000.00,0.000000
-425.0,-200.0,1938.0,0,1000000000.00,0.000000
-400.0,-200.0,1913.2,0,1000000000.00,0.000000
-375.0,-200.0,1888.4,0,1000000000.00,0.000000
-350.0,-200.0,1863.5,0,1000000000.00,0.000000
-325.0,-200.0,1838.7,0,1000000000.00,0.000000
-300.0,-200.0,1813.9,0,1000000000.00,0.000000
-275.0,-200.0,1789.1,0,1000000000.00,0.000000
-250.0,-200.0,1764.3,0,1000000000.00,0.000000
-225.0,-200.0,1739.5,0,1000000000.00,0.000000
-200.0,-200.0,1714.8,0,1000000000.00,0.000000
-175.0,-200.0,1690.0,0,1000000000.00,0.000000
-150.0,-200.0,1665.2,0,1000000000.00,0.000000
-125.0,-200.0,1640.4,0,1000000000.00,0.000000
-100.0,-200.0,1615.7,0,1000000000.00,0.000000
-75.0,-200.0,1590.9,0,1000000000.00,0.000000
-50.0,-200.0,1566.2,0,1000000000.00,0.000000
-25.0,-200.0,1541.5,0,1000000000.00,0.000000
0.0,-200.0,1516.7,0,1000000000.00,0.000000
25.0,-200.0,1492.0,0,1000000000.00,0.000000
50.0,-200.0,1467.3,0,1000000000.00,0.000000
75.0,-200.0,1442.6,0,1000000000.00,0.000000
100.0,-200.0,1417.9,0,1000000000.00,0.000000
125.0,-200.0,1393.3,0,1000000000.00,0.000000
150.0,-200.0,1368.6,0,1000000000.00,0.000000
175.0,-200.0,1343.9,0,1000000000.00,0.000000
200.0,-200.0,1319.3,0,1000000000.00,0.000000
225.0,-200.0,1294.7,0,1000000000.00,0.000000
250.0,-200.0,1270.1,0,1000000000.00,0.000000
275.0,-200.0,1245.5,0,1000000000.00,0.000000
300.0,-200.0,1220.9,0,1000000000.00,0.000000
325.0,-200.0,1196.3,0,1000000000.00,0.000000
350.0,-200.0,1171.8,0,1000000000.00,0.000000
375.0,-200.0,1147.3,0,1000000000.00,0.000000
400.0,-200.0,1122.8,0,1000000000.00,0.000000
425.0,-200.0,1098.3,0,1000000000.00,0.000000
450.0,-200.0,1073.9,0,1000000000.00,0.000000
475.0,-200.0,1049.4,0,1000000000.00,0.000000
500.0,-200.0,1025.0,0,1000000000.00,0.000000
525.0,-200.0,1000.7,0,1000000000.00,0.000000
550.0,-200.0,976.3,1,669.36,0.200315
575.0,-200.0,952.0,1,638.98,0.209839
600.0,-200.0,927.8,1,609.58,0.219960
625.0,-200.0,903.5,1,581.13,0.230727
650.0,-200.0,879.4,1,553.61,0.242198
675.0,-200.0,855.2,1,526.98,0.254436
700.0,-200.0,831.1,1,501.23,0.267510
725.0,-200.0,807.1,1,476.32,0.281499
750.0,-200.0,783.1,1,452.23,0.296492
775.0,-200.0,795.6,1,428.95,0.312587
800.0,-200.0,819.8,1,406.44,0.329895
825.0,-200.0,844.1,1,384.70,0.348544
850.0,-200.0,868.4,1,363.69,0.368676
875.0,-200.0,892.7,1,343.40,0.390455
900.0,-200.0,917.1,1,323.82,0.414067
925.0,-200.0,941.5,1,304.93,0.439724
950.0,-200.0,966.0,1,286.70,0.467672
975.0,-200.0,990.4,1,269.14,0.498192
1000.0,-200.0,1014.9,0,1000000000.00,0.000000
1025.0,-200.0,1039.4,0,1000000000.00,0.000000
1050.0,-200.0,1064.0,0,1000000000.00,0.000000
1075.0,-200.0,1088.5,0,1000000000.00,0.000000
1100.0,-200.0,1113.1,0,1000000000.00,0.000000
1125.0,-200.0,1137.7,0,1000000000.00,0.000000
1150.0,-200.0,1162.4,0,1000000000.00,0.000000
1175.0,-200.0,1187.0,0,1000000000.00,0.000000
1200.0,-200.0,1211.6,0,1000000000.00,0.000000
1225.0,-200.0,1236.3,0,1000000000.00,0.000000
1250.0,-200.0,1261.0,0,1000000000.00,0.000000
1275.0,-200.0,1285.7,0,1000000000.00,0.000000
1300.0,-200.0,1310.4,0,1000000000.00,0.000000
1325.0,-200.0,1335.1,0,1000000000.00,0.000000
1350.0,-200.0,1359.8,0,1000000000.00,0.000000
1375.0,-200.0,1384.5,0,1000000000.00,0.000000
1400.0,-200.0,1409.3,0,1000000000.00,0.000000
1425.0,-200.0,1434.0,0,1000000000.00,0.000000
1450.0,-200.0,1458.8,0,1000000000.00,0.000000
1475.0,-200.0,1483.6,0,1000000000.00,0.000000
1500.0,-200.0,1508.3,0,1000000000.00,0.000000
1525.0,-200.0,1533.1,0,1000000000.00,0.000000
1550.0,-200.0,1557.9,0,1000000000.00,0.000000
1575.0,-200.0,1582.7,0,1000000000.00,0.000000
1600.0,-200.0,1607.5,0,1000000000.00,0.000000
1625.0,-200.0,1632.3,0,1000000000.00,0.000000
1650.0,-200.0,1657.1,0,1000000000.00,0.000000
1675.0,-200.0,1681.9,0,1000000000.00,0.000000
1700.0,-200.0,1706.8,0,1000000000.00,0.000000
1725.0,-200.0,1731.6,0,1000000000.00,0.000000
1750.0,-200.0,1756.4,0,1000000000.00,0.000000
1775.0,-200.0,1781.3,0,1000000000.00,0.000000
1800.0,-200.0,1806.1,0,1000000000.00,0.000000
-1800.0,-175.0,3305.9,0,1000000000.00,0.000000
-1775.0,-175.0,3280.9,0,1000000000.00,0.000000
-1750.0,-175.0,3256.0,0,1000000000.00,0.000000
-1725.0,-175.0,3231.0,0,1000000000.00,0.000000
-1700.0,-175.0,3206.1,0,1000000000.00,0.000000
-1675.0,-175.0,3181.1,0,1000000000.00,0.000000
-1650.0,-175.0,3156.2,0,1000000000.00,0.000000
-1625.0,-175.0,3131.2,0,1000000000.00,0.000000
-1600.0,-175.0,3106.3,0,1000000000.00,0.000000
-1575.0,-175.0,3081.3,0,1000000000.00,0.000000
-1550.0,-175.0,3056.4,0,1000000000.00,0.000000
-1525.0,-175.0,3031.5,0,1000000000.00,0.000000
-1500.0,-175.0,3006.5,0,1000000000.00,0.000000
-1475.0,-175.0,2981.6,0,1000000000.00,0.000000
-1450.0,-175.0,2956.6,0,1000000000.00,0.000000
-1425.0,-175.0,2931.7,0,1000000000.00,0.000000
-1400.0,-175.0,2906.7,0,1000000000.00,0.000000
-1375.0,-175.0,2881.8,0,1000000000.00,0.000000
-1350.0,-175.0,2856.9,0,1000000000.00,0.000000
-1325.0,-175.0,2831.9,0,1000000000.00,0.000000
-1300.0,-175.0,2807.0,0,1000000000.00,0.000000
-1275.0,-175.0,2782.1,0,1000000000.00,0.000000
-1250.0,-175.0,2757.1,0,1000000000.00,0.000000
-1225.0,-175.0,2732.2,0,1000000000.00,0.000000
-1200.0,-175.0,2707.3,0,1000000000.00,0.000000
-1175.0,-175.0,2682.3,0,1000000000.00,0.000000
-1150.0,-175.0,2657.4,0,1000000000.00,0.000000
-1125.0,-175.0,2632.5,0,1000000000.00,0.000000
-1100.0,-175.0,2607.5,0,1000000000.00,0.000000
-1075.0,-175.0,2582.6,0,1000000000.00,0.000000
-1050.0,-175.0,2557.7,0,1000000000.00,0.000000
-1025.0,-175.0,2532.8,0,1000000000.00,0.000000
-1000.0,-175.0,2507.9,0,1000000000.00,0.000000
-975.0,-175.0,2482.9,0,1000000000.00,0.000000
-950.0,-175.0,2458.0,0,1000000000.00,0.000000
-925.0,-175.0,2433.1,0,1000000000.00,0.000000
-900.0,-175.0,2408.2,0,1000000000.00,0.000000
-875.0,-175.0,2383.3,0,1000000000.00,0.000000
-850.0,-175.0,2358.4,0,1000000000.00,0.000000
-825.0,-175.0,2333.5,0,1000000000.00,0.000000
-800.0,-175.0,2308.6,0,1000000000.00,0.000000
-775.0,-175.0,2283.7,0,1000000000.00,0.000000
-750.0,-175.0,2258.7,0,1000000000.00,0.000000
-725.0,-175.0,2233.8,0,1000000000.00,0.000000
-700.0,-175.0,2209.0,0,1000000000.00,0.000000
-675.0,-175.0,2184.1,0,1000000000.00,0.000000
-650.0,-175.0,2159.2,0,1000000000.00,0.000000
-625.0,-175.0,2134.3,0,1000000000.00,0.000000
-600.0,-175.0,2109.4,0,1000000000.00,0.000000
-575.0,-175.0,2084.5,0,1000000000.00,0.000000
-550.0,-175.0,2059.6,0,1000000000.00,0.000000
-525.0,-175.0,2034.7,0,1000000000.00,0.000000
-500.0,-175.0,2009.9,0,1000000000.00,0.000000
-475.0,-175.0,1985.0,0,1000000000.00,0.000000
-450.0,-175.0,1960.1,0,1000000000.00,0.000000
-425.0,-175.0,1935.3,0,1000000000.00,0.000000
-400.0,-175.0,1910.4,0,1000000000.00,0.000000
-375.0,-175.0,1885.5,0,1000000000.00,0.000000
-350.0,-175.0,1860.7,0,1000000000.00,0.000000
-325.0,-175.0,1835.8,0,1000000000.00,0.000000
-300.0,-175.0,1811.0,0,1000000000.00,0.000000
-275.0,-175.0,1786.1,0,1000000000.00,0.000000
-250.0,-175.0,1761.3,0,1000000000.00,0.000000
-225.0,-175.0,1736.5,0,1000000000.00,0.000000
-200.0,-175.0,1711.6,0,1000000000.00,0.000000
-175.0,-175.0,1686.8,0,1000000000.00,0.000000
-150.0,-175.0,1662.0,0,1000000000.00,0.000000
-125.0,-175.0,1637.2,0,1000000000.00,0.000000
-100.0,-175.0,1612.4,0,1000000000.00,0.000000
-75.0,-175.0,1587.6,0,1000000000.00,0.000000
-50.0,-175.0,1562.8,0,1000000000.00,0.000000
-25.0,-175.0,1538.0,0,1000000000.00,0.000000
0.0,-175.0,1513.2,0,1000000000.00,0.000000
25.0,-175.0,1488.4,0,1000000000.00,0.000000
50.0,-175.0,1463.7,0,1000000000.00,0.000000
75.0,-175.0,1438.9,0,1000000000.00,0.000000
100.0,-175.0,1414.2,0,1000000000.00,0.000000
125.0,-175.0,1389.4,0,1000000000.00,0.000000
150.0,-175.0,1364.7,0,1000000000.00,0.000000
175.0,-175.0,1340.0,0,1000000000.00,0.000000
200.0,-175.0,1315.2,0,1000000000.00,0.000000
225.0,-175.0,1290.5,0,1000000000.00,0.000000
250.0,-175.0,1265.9,0,1000000000.00,0.000000
275.0,-175.0,1241.2,0,1000000000.00,0.000000
300.0,-175.0,1216.5,0,1000000000.00,0.000000
325.0,-175.0,1191.9,0,1000000000.00,0.000000
350.0,-175.0,1167.2,0,1000000000.00,0.000000
375.0,-175.0,1142.6,0,1000000000.00,0.000000
400.0,-175.0,1118.0,0,1000000000.00,0.000000
425.0,-175.0,1093.4,0,1000000000.00,0.000000
450.0,-175.0,1068.9,0,1000000000.00,0.000000
475.0,-175.0,1044.3,0,1000000000.00,0.000000
500.0,-175.0,1019.8,0,1000000000.00,0.000000
525.0,-175.0,995.3,1,875.53,0.153146
550.0,-175.0,970.8,1,833.85,0.160799
575.0,-175.0,946.4,1,793.71,0.168932
600.0,-175.0,922.0,1,755.04,0.177584
625.0,-175.0,897.6,1,717.79,0.186800
650.0,-175.0,873.3,1,681.90,0.196632
675.0,-175.0,849.0,1,647.32,0.207135
700.0,-175.0,824.7,1,614.01,0.218372
725.0,-175.0,800.5,1,581.92,0.230414
750.0,-175.0,776.3,1,551.01,0.243339
775.0,-175.0,789.7,1,521.24,0.257238
800.0,-175.0,814.1,1,492.57,0.272211
825.0,-175.0,838.5,1,464.96,0.288375
850.0,-175.0,862.9,1,438.38,0.305860
875.0,-175.0,887.4,1,412.80,0.324816
900.0,-175.0,912.0,1,388.18,0.345417
925.0,-175.0,936.5,1,364.49,0.367861
950.0,-175.0,961.1,1,341.72,0.392379
975.0,-175.0,985.7,1,319.83,0.419239
1000.0,-175.0,1010.3,0,1000000000.00,0.000000
1025.0,-175.0,1034.9,0,1000000000.00,0.000000
1050.0,-175.0,1059.6,0,1000000000.00,0.000000
1075.0,-175.0,1084.2,0,1000000000.00,0.000000
1100.0,-175.0,1108.9,0,1000000000.00,0.000000
1125.0,-175.0,1133.6,0,1000000000.00,0.000000
1150.0,-175.0,1158.3,0,1000000000.00,0.000000
1175.0,-175.0,1183.0,0,1000000000.00,0.000000
1200.0,-175.0,1207.8,0,1000000000.00,0.000000
1225.0,-175.0,1232.5,0,1000000000.00,0.000000
1250.0,-175.0,1257.3,0,1000000000.00,0.000000
1275.0,-175.0,1282.0,0,1000000000.00,0.000000
1300.0,-175.0,1306.8,0,1000000000.00,0.000000
1325.0,-175.0,1331.6,0,1000000000.00,0.000000
1350.0,-175.0,1356.3,0,1000000000.00,0.000000
1375.0,-175.0,1381.1,0,1000000000.00,0.000000
1400.0,-175.0,1405.9,0,1000000000.00,0.000000
1425.0,-175.0,1430.8,0,1000000000.00,0.000000
1450.0,-175.0,1455.6,0,1000000000.00,0.000000
1475.0,-175.0,1480.4,0,1000000000.00,0.000000
1500.0,-175.0,1505.2,0,1000000000.00,0.000000
1525.0,-175.0,1530.1,0,1000000000.00,0.000000
1550.0,-175.0,1554.9,0,1000000000.00,0.000000
1575.0,-175.0,1579.7,0,1000000000.00,0.000000
1600.0,-175.0,1604.6,0,1000000000.00,0.000000
1625.0,-175.0,1629.4,0,1000000000.00,0.000000
1650.0,-175.0,1654.3,0,1000000000.00,0.000000
1675.0,-175.0,1679.2,0,1000000000.00,0.000000
1700.0,-175.0,1704.0,0,1000000000.00,0.000000
1725.0,-175.0,1728.9,0,1000000000.00,0.000000
1750.0,-175.0,1753.8,0,1000000000.00,0.000000
1775.0,-175.0,1778.6,0,1000000000.00,0.000000
1800.0,-175.0,1803.5,0,1000000000.00,0.000000
-1800.0,-150.0,3304.5,0,1000000000.00,0.000000
-1775.0,-150.0,3279.5,0,1000000000.00,0.000000
-1750.0,-150.0,3254.5,0,1000000000.00,0.000000
-1725.0,-150.0,3229.6,0,1000000000.00,0.000000
-1700.0,-150.0,3204.6,0,1000000000.00,0.000000
-1675.0,-150.0,3179.7,0,1000000000.00,0.000000
-1650.0,-150.0,3154.7,0,1000000000.00,0.000000
-1625.0,-150.0,3129.7,0,1000000000.00,0.000000
-1600.0,-150.0,3104.8,0,1000000000.00,0.000000
-1575.0,-150.0,3079.8,0,1000000000.00,0.000000
-1550.0,-150.0,3054.9,0,1000000000.00,0.000000
-1525.0,-150.0,3029.9,0,1000000000.00,0.000000
-1500.0,-150.0,3004.9,0,1000000000.00,0.000000
-1475.0,-150.0,2980.0,0,1000000000.00,0.000000
-1450.0,-150.0,2955.0,0,1000000000.00,0.000000
-1425.0,-150.0,2930.1,0,1000000000.00,0.000000
-1400.0,-150.0,2905.1,0,1000000000.00,0.000000
-1375.0,-150.0,2880.2,0,1000000000.00,0.000000
-1350.0,-150.0,2855.2,0,1000000000.00,0.000000
-1325.0,-150.0,2830.3,0,1000000000.00,0.000000
-1300.0,-150.0,2805.3,0,1000000000.00,0.000000
-1275.0,-150.0,2780.4,0,1000000000.00,0.000000
-1250.0,-150.0,2755.4,0,1000000000.00,0.000000
-1225.0,-150.0,2730.5,0,1000000000.00,0.000000
-1200.0,-150.0,2705.5,0,1000000000.00,0.000000
-1175.0,-150.0,2680.6,0,1000000000.00,0.000000
-1150.0,-150.0,2655.6,0,1000000000.00,0.000000
-1125.0,-150.0,2630.7,0,1000000000.00,0.000000
-1100.0,-150.0,2605.7,0,1000000000.00,0.000000
-1075.0,-150.0,2580.8,0,1000000000.00,0.000000
-1050.0,-150.0,2555.9,0,1000000000.00,0.000000
-1025.0,-150.0,2530.9,0,1000000000.00,0.000000
-1000.0,-150.0,2506.0,0,1000000000.00,0.000000
-975.0,-150.0,2481.0,0,1000000000.00,0.000000
-950.0,-150.0,2456.1,0,1000000000.00,0.000000
-925.0,-150.0,2431.2,0,1000000000.00,0.000000
-900.0,-150.0,2406.2,0,1000000000.00,0.000000
-875.0,-150.0,2381.3,0,1000000000.00,0.000000
-850.0,-150.0,2356.4,0,1000000000.00,0.000000
-825.0,-150.0,2331.4,0,1000000000.00,0.000000
-800.0,-150.0,2306.5,0,1000000000.00,0.000000
-775.0,-150.0,2281.6,0,1000000000.00,0.000000
-750.0,-150.0,2256.7,0,1000000000.00,0.000000
-725.0,-150.0,2231.7,0,1000000000.00,0.000000
-700.0,-150.0,2206.8,0,1000000000.00,0.000000
-675.0,-150.0,2181.9,0,1000000000.00,0.000000
-650.0,-150.0,2157.0,0,1000000000.00,0.000000
-625.0,-150.0,2132.1,0,1000000000.00,0.000000
-600.0,-150.0,2107.1,0,1000000000.00,0.000000
-575.0,-150.0,2082.2,0,1000000000.00,0.000000
-550.0,-150.0,2057.3,0,1000000000.00,0.000000
-525.0,-150.0,2032.4,0,1000000000.00,0.000000
-500.0,-150.0,2007.5,0,1000000000.00,0.000000
-475.0,-150.0,1982.6,0,1000000000.00,0.000000
-450.0,-150.0,1957.7,0,1000000000.00,0.000000
-425.0,-150.0,1932.8,0,1000000000.00,0.000000
-400.0,-150.0,1907.9,0,1000000000.00,0.000000
-375.0,-150.0,1883.0,0,1000000000.00,0.000000
-350.0,-150.0,1858.1,0,1000000000.00,0.000000
-325.0,-150.0,1833.3,0,1000000000.00,0.000000
-300.0,-150.0,1808.4,0,1000000000.00,0.000000
-275.0,-150.0,1783.5,0,1000000000.00,0.000000
-250.0,-150.0,1758.6,0,1000000000.00,0.000000
-225.0,-150.0,1733.7,0,1000000000.00,0.000000
-200.0,-150.0,1708.9,0,1000000000.00,0.000000
-175.0,-150.0,1684.0,0,1000000000.00,0.000000
-150.0,-150.0,1659.2,0,1000000000.00,0.000000
-125.0,-150.0,1634.3,0,1000000000.00,0.000000
-100.0,-150.0,1609.4,0,1000000000.00,0.000000
-75.0,-150.0,1584.6,0,1000000000.00,0.000000
-50.0,-150.0,1559.8,0,1000000000.00,0.000000
-25.0,-150.0,1534.9,0,1000000000.00,0.000000
0.0,-150.0,1510.1,0,1000000000.00,0.000000
25.0,-150.0,1485.3,0,1000000000.00,0.000000
50.0,-150.0,1460.4,0,1000000000.00,0.000000
75.0,-150.0,1435.6,0,1000000000.00,0.000000
100.0,-150.0,1410.8,0,1000000000.00,0.000000
125.0,-150.0,1386.0,0,1000000000.00,0.000000
150.0,-150.0,1361.2,0,1000000000.00,0.000000
175.0,-150.0,1336.4,0,1000000000.00,0.000000
200.0,-150.0,1311.7,0,1000000000.00,0.000000
225.0,-150.0,1286.9,0,1000000000.00,0.000000
250.0,-150.0,1262.1,0,1000000000.00,0.000000
275.0,-150.0,1237.4,0,1000000000.00,0.000000
300.0,-150.0,1212.6,0,1000000000.00,0.000000
325.0,-150.0,1187.9,0,1000000000.00,0.000000
350.0,-150.0,1163.2,0,1000000000.00,0.000000
375.0,-150.0,1138.5,0,1000000000.00,0.000000
400.0,-150.0,1113.8,0,1000000000.00,0.000000
425.0,-150.0,1089.1,0,1000000000.00,0.000000
450.0,-150.0,1064.5,0,1000000000.00,0.000000
475.0,-150.0,1039.8,0,1000000000.00,0.000000
500.0,-150.0,1015.2,0,1000000000.00,0.000000
525.0,-150.0,990.6,1,1171.30,0.114474
550.0,-150.0,966.0,1,1110.28,0.120765
575.0,-150.0,941.4,1,1051.96,0.127460
600.0,-150.0,916.9,1,996.22,0.134592
625.0,-150.0,892.3,1,942.91,0.142201
650.0,-150.0,867.8,1,891.93,0.150329
675.0,-150.0,843.4,1,843.15,0.159026
700.0,-150.0,818.9,1,796.48,0.168344
725.0,-150.0,794.6,1,751.81,0.178346
750.0,-150.0,770.2,1,709.06,0.189100
775.0,-150.0,784.5,1,668.13,0.200684
800.0,-150.0,809.0,1,628.95,0.213187
825.0,-150.0,833.6,1,591.43,0.226710
850.0,-150.0,858.2,1,555.51,0.241369
875.0,-150.0,882.9,1,521.12,0.257296
900.0,-150.0,907.5,1,488.21,0.274645
925.0,-150.0,932.2,1,456.69,0.293595
950.0,-150.0,956.8,1,426.54,0.314354
975.0,-150.0,981.5,1,397.68,0.337164
1000.0,-150.0,1006.3,0,1000000000.00,0.000000
1025.0,-150.0,1031.0,0,1000000000.00,0.000000
1050.0,-150.0,1055.7,0,1000000000.00,0.000000
1075.0,-150.0,1080.5,0,1000000000.00,0.000000
1100.0,-150.0,1105.2,0,1000000000.00,0.000000
1125.0,-150.0,1130.0,0,1000000000.00,0.000000
1150.0,-150.0,1154.8,0,1000000000.00,0.000000
1175.0,-150.0,1179.6,0,1000000000.00,0.000000
1200.0,-150.0,1204.4,0,1000000000.00,0.000000
1225.0,-150.0,1229.2,0,1000000000.00,0.000000
1250.0,-150.0,1254.0,0,1000000000.00,0.000000
1275.0,-150.0,1278.8,0,1000000000.00,0.000000
1300.0,-150.0,1303.7,0,1000000000.00,0.000000
1325.0,-150.0,1328.5,0,1000000000.00,0.000000
1350.0,-150.0,1353.3,0,1000000000.00,0.000000
1375.0,-150.0,1378.2,0,1000000000.00,0.000000
1400.0,-150.0,1403.1,0,1000000000.00,0.000000
1425.0,-150.0,1427.9,0,1000000000.00,0.000000
1450.0,-150.0,1452.8,0,1000000000.00,0.000000
1475.0,-150.0,1477.6,0,1000000000.00,0.000000
1500.0,-150.0,1502.5,0,1000000000.00,0.000000
1525.0,-150.0,1527.4,0,1000000000.00,0.000000
1550.0,-150.0,1552.3,0,1000000000.00,0.000000
1575.0,-150.0,1577.2,0,1000000000.00,0.000000
1600.0,-150.0,1602.0,0,1000000000.00,0.000000
1625.0,-150.0,1626.9,0,1000000000.00,0.000000
1650.0,-150.0,1651.8,0,1000000000.00,0.000000
1675.0,-150.0,1676.7,0,1000000000.00,0.000000
1700.0,-150.0,1701.6,0,1000000000.00,0.000000
1725.0,-150.0,1726.5,0,1000000000.00,0.000000
1750.0,-150.0,1751.4,0,1000000000.00,0.000000
1775.0,-150.0,1776.4,0,1000000000.00,0.000000
1800.0,-150.0,1801.3,0,1000000000.00,0.000000
-1800.0,-125.0,3303.2,0,1000000000.00,0.000000
-1775.0,-125.0,3278.3,0,1000000000.00,0.000000
-1750.0,-125.0,3253.3,0,1000000000.00,0.000000
-1725.0,-125.0,3228.3,0,1000000000.00,0.000000
-1700.0,-125.0,3203.3,0,1000000000.00,0.000000
-1675.0,-125.0,3178.4,0,1000000000.00,0.000000
-1650.0,-125.0,3153.4,0,1000000000.00,0.000000
-1625.0,-125.0,3128.4,0,1000000000.00,0.000000
-1600.0,-125.0,3103.5,0,1000000000.00,0.000000
-1575.0,-125.0,3078.5,0,1000000000.00,0.000000
-1550.0,-125.0,3053.5,0,1000000000.00,0.000000
-1525.0,-125.0,3028.5,0,1000000000.00,0.000000
-1500.0,-125.0,3003.6,0,1000000000.00,0.000000
-1475.0,-125.0,2978.6,0,1000000000.00,0.000000
-1450.0,-125.0,2953.6,0,1000000000.00,0.000000
-1425.0,-125.0,2928.7,0,1000000000.00,0.000000
-1400.0,-125.0,2903.7,0,1000000000.00,0.000000
-1375.0,-125.0,2878.7,0,1000000000.00,0.000000
-1350.0,-125.0,2853.8,0,1000000000.00,0.000000
-1325.0,-125.0,2828.8,0,1000000000.00,0.000000
-1300.0,-125.0,2803.9,0,1000000000.00,0.000000
-1275.0,-125.0,2778.9,0,1000000000.00,0.000000
-1250.0,-125.0,2753.9,0,1000000000.00,0.000000
-1225.0,-125.0,2729.0,0,1000000000.00,0.000000
-1200.0,-125.0,2704.0,0,1000000000.00,0.000000
-1175.0,-125.0,2679.0,0,1000000000.00,0.000000
-1150.0,-125.0,2654.1,0,1000000000.00,0.000000
-1125.0,-125.0,2629.1,0,1000000000.00,0.000000
-1100.0,-125.0,2604.2,0,1000000000.00,0.000000
-1075.0,-125.0,2579.2,0,1000000000.00,0.000000
-1050.0,-125.0,2554.2,0,1000000000.00,0.000000
-1025.0,-125.0,2529.3,0,1000000000.00,0.000000
-1000.0,-125.0,2504.3,0,1000000000.00,0.000000
-975.0,-125.0,2479.4,0,1000000000.00,0.000000
-950.0,-125.0,2454.4,0,1000000000.00,0.000000
-925.0,-125.0,2429.5,0,1000000000.00,0.000000
-900.0,-125.0,2404.5,0,1000000000.00,0.000000
-875.0,-125.0,2379.6,0,1000000000.00,0.000000
-850.0,-125.0,2354.6,0,1000000000.00,0.000000
-825.0,-125.0,2329.7,0,1000000000.00,0.000000
-800.0,-125.0,2304.7,0,1000000000.00,0.000000
-775.0,-125.0,2279.8,0,1000000000.00,0.000000
-750.0,-125.0,2254.8,0,1000000000.00,0.000000
-725.0,-125.0,2229.9,0,1000000000.00,0.000000
-700.0,-125.0,2205.0,0,1000000000.00,0.000000
-675.0,-125.0,2180.0,0,1000000000.00,0.000000
-650.0,-125.0,2155.1,0,1000000000.00,0.000000
-625.0,-125.0,2130.1,0,1000000000.00,0.000000
-600.0,-125.0,2105.2,0,1000000000.00,0.000000
-575.0,-125.0,2080.3,0,1000000000.00,0.000000
-550.0,-125.0,2055.3,0,1000000000.00,0.000000
-525.0,-125.0,2030.4,0,1000000000.00,0.000000
-500.0,-125.0,2005.5,0,1000000000.00,0.000000
-475.0,-125.0,1980.5,0,1000000000.00,0.000000
-450.0,-125.0,1955.6,0,1000000000.00,0.000000
-425.0,-125.0,1930.7,0,1000000000.00,0.000000
-400.0,-125.0,1905.8,0,1000000000.00,0.000000
-375.0,-125.0,1880.9,0,1000000000.00,0.000000
-350.0,-125.0,1855.9,0,1000000000.00,0.000000
-325.0,-125.0,1831.0,0,1000000000.00,0.000000
-300.0,-125.0,1806.1,0,1000000000.00,0.000000
-275.0,-125.0,1781.2,0,1000000000.00,0.000000
-250.0,-125.0,1756.3,0,1000000000.00,0.000000
-225.0,-125.0,1731.4,0,1000000000.00,0.000000
-200.0,-125.0,1706.5,0,1000000000.00,0.000000
-175.0,-125.0,1681.6,0,1000000000.00,0.000000
-150.0,-125.0,1656.7,0,1000000000.00,0.000000
-125.0,-125.0,1631.8,0,1000000000.00,0.000000
-100.0,-125.0,1606.9,0,1000000000.00,0.000000
-75.0,-125.0,1582.0,0,1000000000.00,0.000000
-50.0,-125.0,1557.1,0,1000000000.00,0.000000
-25.0,-125.0,1532.2,0,1000000000.00,0.000000
0.0,-125.0,1507.4,0,1000000000.00,0.000000
25.0,-125.0,1482.5,0,1000000000.00,0.000000
50.0,-125.0,1457.6,0,1000000000.00,0.000000
75.0,-125.0,1432.8,0,1000000000.00,0.000000
100.0,-125.0,1407.9,0,1000000000.00,0.000000
125.0,-125.0,1383.1,0,1000000000.00,0.000000
150.0,-125.0,1358.2,0,1000000000.00,0.000000
175.0,-125.0,1333.4,0,1000000000.00,0.000000
200.0,-125.0,1308.5,0,1000000000.00,0.000000
225.0,-125.0,1283.7,0,1000000000.00,0.000000
250.0,-125.0,1258.9,0,1000000000.00,0.000000
275.0,-125.0,1234.1,0,1000000000.00,0.000000
300.0,-125.0,1209.3,0,1000000000.00,0.000000
325.0,-125.0,1184.5,0,1000000000.00,0.000000
350.0,-125.0,1159.7,0,1000000000.00,0.000000
375.0,-125.0,1134.9,0,1000000000.00,0.000000
400.0,-125.0,1110.1,0,1000000000.00,0.000000
425.0,-125.0,1085.4,0,1000000000.00,0.000000
450.0,-125.0,1060.6,0,1000000000.00,0.000000
475.0,-125.0,1035.9,0,1000000000.00,0.000000
500.0,-125.0,1011.1,0,1000000000.00,0.000000
525.0,-125.0,986.4,1,1778.21,0.075404
550.0,-125.0,961.7,1,1669.81,0.080299
575.0,-125.0,937.0,1,1567.92,0.085516
600.0,-125.0,912.4,1,1472.06,0.091085
625.0,-125.0,887.7,1,1381.77,0.097038
650.0,-125.0,863.1,1,1296.64,0.103408
675.0,-125.0,838.5,1,1216.33,0.110236
700.0,-125.0,813.9,1,1140.49,0.117567
725.0,-125.0,789.4,1,1068.82,0.125450
750.0,-125.0,764.9,1,1001.05,0.133943
775.0,-125.0,780.1,1,936.92,0.143110
800.0,-125.0,804.8,1,876.22,0.153025
825.0,-125.0,829.5,1,818.72,0.163771
850.0,-125.0,854.2,1,764.24,0.175446
875.0,-125.0,878.9,1,712.60,0.188161
900.0,-125.0,903.7,1,663.63,0.202047
925.0,-125.0,928.5,1,617.18,0.217252
950.0,-125.0,953.2,1,573.11,0.233956
975.0,-125.0,978.0,1,531.30,0.252366
1000.0,-125.0,1002.8,0,1000000000.00,0.000000
1025.0,-125.0,1027.6,0,1000000000.00,0.000000
1050.0,-125.0,1052.5,0,1000000000.00,0.000000
1075.0,-125.0,1077.3,0,1000000000.00,0.000000
1100.0,-125.0,1102.1,0,1000000000.00,0.000000
1125.0,-125.0,1127.0,0,1000000000.00,0.000000
1150.0,-125.0,1151.8,0,1000000000.00,0.000000
1175.0,-125.0,1176.7,0,1000000000.00,0.000000
1200.0,-125.0,1201.5,0,1000000000.00,0.000000
1225.0,-125.0,1226.4,0,1000000000.00,0.000000
1250.0,-125.0,1251.3,0,1000000000.00,0.000000
1275.0,-125.0,1276.1,0,1000000000.00,0.000000
1300.0,-125.0,1301.0,0,1000000000.00,0.000000
1325.0,-125.0,1325.9,0,1000000000.00,0.000000
1350.0,-125.0,1350.8,0,1000000000.00,0.000000
1375.0,-125.0,1375.7,0,1000000000.00,0.000000
1400.0,-125.0,1400.6,0,1000000000.00,0.000000
1425.0,-125.0,1425.5,0,1000000000.00,0.000000
1450.0,-125.0,1450.4,0,1000000000.00,0.000000
1475.0,-125.0,1475.3,0,1000000000.00,0.000000
1500.0,-125.0,1500.2,0,1000000000.00,0.000000
1525.0,-125.0,1525.1,0,1000000000.00,0.000000
1550.0,-125.0,1550.1,0,1000000000.00,0.000000
1575.0,-125.0,1575.0,0,1000000000.00,0.000000
1600.0,-125.0,1599.9,0,1000000000.00,0.000000
1625.0,-125.0,1624.8,0,1000000000.00,0.000000
1650.0,-125.0,1649.7,0,1000000000.00,0.000000
1675.0,-125.0,1674.7,0,1000000000.00,0.000000
1700.0,-125.0,1699.6,0,1000000000.00,0.000000
1725.0,-125.0,1724.5,0,1000000000.00,0.000000
1750.0,-125.0,1749.5,0,1000000000.00,0.000000
1775.0,-125.0,1774.4,0,1000000000.00,0.000000
1800.0,-125.0,1799.4,0,1000000000.00,0.000000
-1800.0,-100.0,3302.2,0,1000000000.00,0.000000
-1775.0,-100.0,3277.2,0,1000000000.00,0.000000
-1750.0,-100.0,3252.2,0,1000000000.00,0.000000
-1725.0,-100.0,3227.2,0,1000000000.00,0.000000
-1700.0,-100.0,3202.3,0,1000000000.00,0.000000
-1675.0,-100.0,3177.3,0,1000000000.00,0.000000
-1650.0,-100.0,3152.3,0,1000000000.00,0.000000
-1625.0,-100.0,3127.3,0,1000000000.00,0.000000
-1600.0,-100.0,3102.3,0,1000000000.00,0.000000
-1575.0,-100.0,3077.4,0,1000000000.00,0.000000
-1550.0,-100.0,3052.4,0,1000000000.00,0.000000
-1525.0,-100.0,3027.4,0,1000000000.00,0.000000
-1500.0,-100.0,3002.4,0,1000000000.00,0.000000
-1475.0,-100.0,2977.4,0,1000000000.00,0.000000
-1450.0,-100.0,2952.5,0,1000000000.00,0.000000
-1425.0,-100.0,2927.5,0,1000000000.00,0.000000
-1400.0,-100.0,2902.5,0,1000000000.00,0.000000
-1375.0,-100.0,2877.5,0,1000000000.00,0.000000
-1350.0,-100.0,2852.6,0,1000000000.00,0.000000
-1325.0,-100.0,2827.6,0,1000000000.00,0.000000
-1300.0,-100.0,2802.6,0,1000000000.00,0.000000
-1275.0,-100.0,2777.6,0,1000000000.00,0.000000
-1250.0,-100.0,2752.7,0,1000000000.00,0.000000
-1225.0,-100.0,2727.7,0,1000000000.00,0.000000
-1200.0,-100.0,2702.7,0,1000000000.00,0.000000
-1175.0,-100.0,2677.7,0,1000000000.00,0.000000
-1150.0,-100.0,2652.8,0,1000000000.00,0.000000
-1125.0,-100.0,2627.8,0,1000000000.00,0.000000
-1100.0,-100.0,2602.8,0,1000000000.00,0.000000
-1075.0,-100.0,2577.9,0,1000000000.00,0.000000
-1050.0,-100.0,2552.9,0,1000000000.00,0.000000
-1025.0,-100.0,2527.9,0,1000000000.00,0.000000
-1000.0,-100.0,2503.0,0,1000000000.00,0.000000
-975.0,-100.0,2478.0,0,1000000000.00,0.000000
-950.0,-100.0,2453.0,0,1000000000.00,0.000000
-925.0,-100.0,2428.1,0,1000000000.00,0.000000
-900.0,-100.0,2403.1,0,1000000000.00,0.000000
-875.0,-100.0,2378.1,0,1000000000.00,0.000000
-850.0,-100.0,2353.2,0,1000000000.00,0.000000
-825.0,-100.0,2328.2,0,1000000000.00,0.000000
-800.0,-100.0,2303.2,0,1000000000.00,0.000000
-775.0,-100.0,2278.3,0,1000000000.00,0.000000
-750.0,-100.0,2253.3,0,1000000000.00,0.000000
-725.0,-100.0,2228.3,0,1000000000.00,0.000000
-700.0,-100.0,2203.4,0,1000000000.00,0.000000
-675.0,-100.0,2178.4,0,1000000000.00,0.000000
-650.0,-100.0,2153.5,0,1000000000.00,0.000000
-625.0,-100.0,2128.5,0,1000000000.00,0.000000
-600.0,-100.0,2103.6,0,1000000000.00,0.000000
-575.0,-100.0,2078.6,0,1000000000.00,0.000000
-550.0,-100.0,2053.7,0,1000000000.00,0.000000
-525.0,-100.0,2028.7,0,1000000000.00,0.000000
-500.0,-100.0,2003.7,0,1000000000.00,0.000000
-475.0,-100.0,1978.8,0,1000000000.00,0.000000
-450.0,-100.0,1953.9,0,1000000000.00,0.000000
-425.0,-100.0,1928.9,0,1000000000.00,0.000000
-400.0,-100.0,1904.0,0,1000000000.00,0.000000
-375.0,-100.0,1879.0,0,1000000000.00,0.000000
-350.0,-100.0,1854.1,0,1000000000.00,0.000000
-325.0,-100.0,1829.1,0,1000000000.00,0.000000
-300.0,-100.0,1804.2,0,1000000000.00,0.000000
-275.0,-100.0,1779.3,0,1000000000.00,0.000000
-250.0,-100.0,1754.3,0,1000000000.00,0.000000
-225.0,-100.0,1729.4,0,1000000000.00,0.000000
-200.0,-100.0,1704.4,0,1000000000.00,0.000000
-175.0,-100.0,1679.5,0,1000000000.00,0.000000
-150.0,-100.0,1654.6,0,1000000000.00,0.000000
-125.0,-100.0,1629.7,0,1000000000.00,0.000000
-100.0,-100.0,1604.7,0,1000000000.00,0.000000
-75.0,-100.0,1579.8,0,1000000000.00,0.000000
-50.0,-100.0,1554.9,0,1000000000.00,0.000000
-25.0,-100.0,1530.0,0,1000000000.00,0.000000
0.0,-100.0,1505.1,0,1000000000.00,0.000000
25.0,-100.0,1480.2,0,1000000000.00,0.000000
50.0,-100.0,1455.3,0,1000000000.00,0.000000
75.0,-100.0,1430.3,0,1000000000.00,0.000000
100.0,-100.0,1405.4,0,1000000000.00,0.000000
125.0,-100.0,1380.5,0,1000000000.00,0.000000
150.0,-100.0,1355.7,0,1000000000.00,0.000000
175.0,-100.0,1330.8,0,1000000000.00,0.000000
200.0,-100.0,1305.9,0,1000000000.00,0.000000
225.0,-100.0,1281.0,0,1000000000.00,0.000000
250.0,-100.0,1256.1,0,1000000000.00,0.000000
275.0,-100.0,1231.3,0,1000000000.00,0.000000
300.0,-100.0,1206.4,0,1000000000.00,0.000000
325.0,-100.0,1181.5,0,1000000000.00,0.000000
350.0,-100.0,1156.7,0,1000000000.00,0.000000
375.0,-100.0,1131.8,0,1000000000.00,0.000000
400.0,-100.0,1107.0,0,1000000000.00,0.000000
425.0,-100.0,1082.2,0,1000000000.00,0.000000
450.0,-100.0,1057.3,0,1000000000.00,0.000000
475.0,-100.0,1032.5,0,1000000000.00,0.000000
500.0,-100.0,1007.7,0,1000000000.00,0.000000
525.0,-100.0,982.9,1,3722.60,0.036019
550.0,-100.0,958.1,1,3395.47,0.039489
575.0,-100.0,933.3,1,3103.87,0.043199
600.0,-100.0,908.6,1,2842.58,0.047170
625.0,-100.0,883.8,1,2607.32,0.051426
650.0,-100.0,859.1,1,2394.62,0.055994
675.0,-100.0,834.4,1,2201.56,0.060904
700.0,-100.0,809.7,1,2025.74,0.066190
725.0,-100.0,785.0,1,1865.11,0.071890
750.0,-100.0,760.3,1,1717.95,0.078049
775.0,-100.0,776.5,1,1582.77,0.084714
800.0,-100.0,801.3,1,1458.32,0.091944
825.0,-100.0,826.1,1,1343.49,0.099802
850.0,-100.0,850.9,1,1237.34,0.108364
875.0,-100.0,875.7,1,1139.04,0.117716
900.0,-100.0,900.6,1,1047.86,0.127959
925.0,-100.0,925.4,1,963.17,0.139211
950.0,-100.0,950.3,1,884.39,0.151610
975.0,-100.0,975.2,1,811.04,0.165323
1000.0,-100.0,1000.0,0,1000000000.00,0.000000
1025.0,-100.0,1024.9,0,1000000000.00,0.000000
1050.0,-100.0,1049.8,0,1000000000.00,0.000000
1075.0,-100.0,1074.7,0,1000000000.00,0.000000
1100.0,-100.0,1099.6,0,1000000000.00,0.000000
1125.0,-100.0,1124.5,0,1000000000.00,0.000000
1150.0,-100.0,1149.4,0,1000000000.00,0.000000
1175.0,-100.0,1174.3,0,1000000000.00,0.000000
1200.0,-100.0,1199.2,0,1000000000.00,0.000000
1225.0,-100.0,1224.1,0,1000000000.00,0.000000
1250.0,-100.0,1249.0,0,1000000000.00,0.000000
1275.0,-100.0,1273.9,0,1000000000.00,0.000000
1300.0,-100.0,1298.9,0,1000000000.00,0.000000
1325.0,-100.0,1323.8,0,1000000000.00,0.000000
1350.0,-100.0,1348.7,0,1000000000.00,0.000000
1375.0,-100.0,1373.7,0,1000000000.00,0.000000
1400.0,-100.0,1398.6,0,1000000000.00,0.000000
1425.0,-100.0,1423.5,0,1000000000.00,0.000000
1450.0,-100.0,1448.5,0,1000000000.00,0.000000
1475.0,-100.0,1473.4,0,1000000000.00,0.000000
1500.0,-100.0,1498.3,0,1000000000.00,0.000000
1525.0,-100.0,1523.3,0,1000000000.00,0.000000
1550.0,-100.0,1548.2,0,1000000000.00,0.000000
1575.0,-100.0,1573.2,0,1000000000.00,0.000000
1600.0,-100.0,1598.1,0,1000000000.00,0.000000
1625.0,-100.0,1623.1,0,1000000000.00,0.000000
1650.0,-100.0,1648.0,0,1000000000.00,0.000000
1675.0,-100.0,1673.0,0,1000000000.00,0.000000
1700.0,-100.0,1698.0,0,1000000000.00,0.000000
1725.0,-100.0,1722.9,0,1000000000.00,0.000000
1750.0,-100.0,1747.9,0,1000000000.00,0.000000
1775.0,-100.0,1772.8,0,1000000000.00,0.000000
1800.0,-100.0,1797.8,0,1000000000.00,0.000000
-1800.0,-75.0,3301.3,0,1000000000.00,0.000000
-1775.0,-75.0,3276.3,0,1000000000.00,0.000000
-1750.0,-75.0,3251.3,0,1000000000.00,0.000000
-1725.0,-75.0,3226.4,0,1000000000.00,0.000000
-1700.0,-75.0,3201.4,0,1000000000.00,0.000000
-1675.0,-75.0,3176.4,0,1000000000.00,0.000000
-1650.0,-75.0,3151.4,0,1000000000.00,0.000000
-1625.0,-75.0,3126.4,0,1000000000.00,0.000000
-1600.0,-75.0,3101.4,0,1000000000.00,0.000000
-1575.0,-75.0,3076.4,0,1000000000.00,0.000000
-1550.0,-75.0,3051.4,0,1000000000.00,0.000000
-1525.0,-75.0,3026.5,0,1000000000.00,0.000000
-1500.0,-75.0,3001.5,0,1000000000.00,0.000000
-1475.0,-75.0,2976.5,0,1000000000.00,0.000000
-1450.0,-75.0,2951.5,0,1000000000.00,0.000000
-1425.0,-75.0,2926.5,0,1000000000.00,0.000000
-1400.0,-75.0,2901.5,0,1000000000.00,0.000000
-1375.0,-75.0,2876.6,0,1000000000.00,0.000000
-1350.0,-75.0,2851.6,0,1000000000.00,0.000000
-1325.0,-75.0,2826.6,0,1000000000.00,0.000000
-1300.0,-75.0,2801.6,0,1000000000.00,0.000000
-1275.0,-75.0,2776.6,0,1000000000.00,0.000000
-1250.0,-75.0,2751.6,0,1000000000.00,0.000000
-1225.0,-75.0,2726.6,0,1000000000.00,0.000000
-1200.0,-75.0,2701.7,0,1000000000.00,0.000000
-1175.0,-75.0,2676.7,0,1000000000.00,0.000000
-1150.0,-75.0,2651.7,0,1000000000.00,0.000000
-1125.0,-75.0,2626.7,0,1000000000.00,0.000000
-1100.0,-75.0,2601.7,0,1000000000.00,0.000000
-1075.0,-75.0,2576.8,0,1000000000.00,0.000000
-1050.0,-75.0,2551.8,0,1000000000.00,0.000000
-1025.0,-75.0,2526.8,0,1000000000.00,0.000000
-1000.0,-75.0,2501.8,0,1000000000.00,0.000000
-975.0,-75.0,2476.8,0,1000000000.00,0.000000
-950.0,-75.0,2451.9,0,1000000000.00,0.000000
-925.0,-75.0,2426.9,0,1000000000.00,0.000000
-900.0,-75.0,2401.9,0,1000000000.00,0.000000
-875.0,-75.0,2376.9,0,1000000000.00,0.000000
-850.0,-75.0,2351.9,0,1000000000.00,0.000000
-825.0,-75.0,2327.0,0,1000000000.00,0.000000
-800.0,-75.0,2302.0,0,1000000000.00,0.000000
-775.0,-75.0,2277.0,0,1000000000.00,0.000000
-750.0,-75.0,2252.0,0,1000000000.00,0.000000
-725.0,-75.0,2227.1,0,1000000000.00,0.000000
-700.0,-75.0,2202.1,0,1000000000.00,0.000000
-675.0,-75.0,2177.1,0,1000000000.00,0.000000
-650.0,-75.0,2152.2,0,1000000000.00,0.000000
-625.0,-75.0,2127.2,0,1000000000.00,0.000000
-600.0,-75.0,2102.2,0,1000000000.00,0.000000
-575.0,-75.0,2077.2,0,1000000000.00,0.000000
-550.0,-75.0,2052.3,0,1000000000.00,0.000000
-525.0,-75.0,2027.3,0,1000000000.00,0.000000
-500.0,-75.0,2002.3,0,1000000000.00,0.000000
-475.0,-75.0,1977.4,0,1000000000.00,0.000000
-450.0,-75.0,1952.4,0,1000000000.00,0.000000
-425.0,-75.0,1927.4,0,1000000000.00,0.000000
-400.0,-75.0,1902.5,0,1000000000.00,0.000000
-375.0,-75.0,1877.5,0,1000000000.00,0.000000
-350.0,-75.0,1852.5,0,1000000000.00,0.000000
-325.0,-75.0,1827.6,0,1000000000.00,0.000000
-300.0,-75.0,1802.6,0,1000000000.00,0.000000
-275.0,-75.0,1777.7,0,1000000000.00,0.000000
-250.0,-75.0,1752.7,0,1000000000.00,0.000000
-225.0,-75.0,1727.7,0,1000000000.00,0.000000
-200.0,-75.0,1702.8,0,1000000000.00,0.000000
-175.0,-75.0,1677.8,0,1000000000.00,0.000000
-150.0,-75.0,1652.9,0,1000000000.00,0.000000
-125.0,-75.0,1627.9,0,1000000000.00,0.000000
-100.0,-75.0,1603.0,0,1000000000.00,0.000000
-75.0,-75.0,1578.0,0,1000000000.00,0.000000
-50.0,-75.0,1553.1,0,1000000000.00,0.000000
-25.0,-75.0,1528.1,0,1000000000.00,0.000000
0.0,-75.0,1503.2,0,1000000000.00,0.000000
25.0,-75.0,1478.2,0,1000000000.00,0.000000
50.0,-75.0,1453.3,0,1000000000.00,0.000000
75.0,-75.0,1428.4,0,1000000000.00,0.000000
100.0,-75.0,1403.4,0,1000000000.00,0.000000
125.0,-75.0,1378.5,0,1000000000.00,0.000000
150.0,-75.0,1353.6,0,1000000000.00,0.000000
175.0,-75.0,1328.6,0,1000000000.00,0.000000
200.0,-75.0,1303.7,0,1000000000.00,0.000000
225.0,-75.0,1278.8,0,1000000000.00,0.000000
250.0,-75.0,1253.9,0,1000000000.00,0.000000
275.0,-75.0,1228.9,0,1000000000.00,0.000000
300.0,-75.0,1204.0,0,1000000000.00,0.000000
325.0,-75.0,1179.1,0,1000000000.00,0.000000
350.0,-75.0,1154.2,0,1000000000.00,0.000000
375.0,-75.0,1129.3,0,1000000000.00,0.000000
400.0,-75.0,1104.4,0,1000000000.00,0.000000
425.0,-75.0,1079.5,0,1000000000.00,0.000000
450.0,-75.0,1054.6,0,1000000000.00,0.000000
475.0,-75.0,1029.8,0,1000000000.00,0.000000
500.0,-75.0,1004.9,0,1000000000.00,0.000000
525.0,-75.0,980.0,1,63224.39,0.002121
550.0,-75.0,955.1,1,29311.53,0.004574
575.0,-75.0,930.3,1,220445.27,0.000608
600.0,-75.0,905.4,1,45375.90,0.002955
625.0,-75.0,880.6,1,24442.23,0.005486
650.0,-75.0,855.8,1,16315.02,0.008218
675.0,-75.0,831.0,1,12000.64,0.011173
700.0,-75.0,806.1,1,9329.37,0.014372
725.0,-75.0,781.4,1,7515.25,0.017841
750.0,-75.0,756.6,1,6204.68,0.021610
775.0,-75.0,773.7,1,5215.02,0.025711
800.0,-75.0,798.5,1,4442.45,0.030182
825.0,-75.0,823.4,1,3823.57,0.035068
850.0,-75.0,848.3,1,3317.46,0.040417
875.0,-75.0,873.2,1,2896.57,0.046290
900.0,-75.0,898.1,1,2541.63,0.052755
925.0,-75.0,923.1,1,2238.79,0.059891
950.0,-75.0,948.0,1,1977.80,0.067794
975.0,-75.0,972.9,1,1750.97,0.076577
1000.0,-75.0,997.8,1,1552.34,0.086375
1025.0,-75.0,1022.8,0,1000000000.00,0.000000
1050.0,-75.0,1047.7,0,1000000000.00,0.000000
1075.0,-75.0,1072.6,0,1000000000.00,0.000000
1100.0,-75.0,1097.6,0,1000000000.00,0.000000
1125.0,-75.0,1122.5,0,1000000000.00,0.000000
1150.0,-75.0,1147.5,0,1000000000.00,0.000000
1175.0,-75.0,1172.4,0,1000000000.00,0.000000
1200.0,-75.0,1197.4,0,1000000000.00,0.000000
1225.0,-75.0,1222.3,0,1000000000.00,0.000000
1250.0,-75.0,1247.3,0,1000000000.00,0.000000
1275.0,-75.0,1272.2,0,1000000000.00,0.000000
1300.0,-75.0,1297.2,0,1000000000.00,0.000000
1325.0,-75.0,1322.1,0,1000000000.00,0.000000
1350.0,-75.0,1347.1,0,1000000000.00,0.000000
1375.0,-75.0,1372.1,0,1000000000.00,0.000000
1400.0,-75.0,1397.0,0,1000000000.00,0.000000
1425.0,-75.0,1422.0,0,1000000000.00,0.000000
1450.0,-75.0,1447.0,0,1000000000.00,0.000000
1475.0,-75.0,1471.9,0,1000000000.00,0.000000
1500.0,-75.0,1496.9,0,1000000000.00,0.000000
1525.0,-75.0,1521.9,0,1000000000.00,0.000000
1550.0,-75.0,1546.8,0,1000000000.00,0.000000
1575.0,-75.0,1571.8,0,1000000000.00,0.000000
1600.0,-75.0,1596.8,0,1000000000.00,0.000000
1625.0,-75.0,1621.7,0,1000000000.00,0.000000
1650.0,-75.0,1646.7,0,1000000000.00,0.000000
1675.0,-75.0,1671.7,0,1000000000.00,0.000000
1700.0,-75.0,1696.7,0,1000000000.00,0.000000
1725.0,-75.0,1721.6,0,1000000000.00,0.000000
1750.0,-75.0,1746.6,0,1000000000.00,0.000000
1775.0,-75.0,1771.6,0,1000000000.00,0.000000
1800.0,-75.0,1796.6,0,1000000000.00,0.000000
-1800.0,-50.0,3300.7,0,1000000000.00,0.000000
-1775.0,-50.0,3275.7,0,1000000000.00,0.000000
-1750.0,-50.0,3250.7,0,1000000000.00,0.000000
-1725.0,-50.0,3225.7,0,1000000000.00,0.000000
-1700.0,-50.0,3200.7,0,1000000000.00,0.000000
-1675.0,-50.0,3175.7,0,1000000000.00,0.000000
-1650.0,-50.0,3150.7,0,1000000000.00,0.000000
-1625.0,-50.0,3125.7,0,1000000000.00,0.000000
-1600.0,-50.0,3100.7,0,1000000000.00,0.000000
-1575.0,-50.0,3075.7,0,1000000000.00,0.000000
-1550.0,-50.0,3050.7,0,1000000000.00,0.000000
-1525.0,-50.0,3025.7,0,1000000000.00,0.000000
-1500.0,-50.0,3000.7,0,1000000000.00,0.000000
-1475.0,-50.0,2975.7,0,1000000000.00,0.000000
-1450.0,-50.0,2950.8,0,1000000000.00,0.000000
-1425.0,-50.0,2925.8,0,1000000000.00,0.000000
-1400.0,-50.0,2900.8,0,1000000000.00,0.000000
-1375.0,-50.0,2875.8,0,1000000000.00,0.000000
-1350.0,-50.0,2850.8,0,1000000000.00,0.000000
-1325.0,-50.0,2825.8,0,1000000000.00,0.000000
-1300.0,-50.0,2800.8,0,1000000000.00,0.000000
-1275.0,-50.0,2775.8,0,1000000000.00,0.000000
-1250.0,-50.0,2750.8,0,1000000000.00,0.000000
-1225.0,-50.0,2725.8,0,1000000000.00,0.000000
-1200.0,-50.0,2700.8,0,1000000000.00,0.000000
-1175.0,-50.0,2675.9,0,1000000000.00,0.000000
-1150.0,-50.0,2650.9,0,1000000000.00,0.000000
-1125.0,-50.0,2625.9,0,1000000000.00,0.000000
-1100.0,-50.0,2600.9,0,1000000000.00,0.000000
-1075.0,-50.0,2575.9,0,1000000000.00,0.000000
-1050.0,-50.0,2550.9,0,1000000000.00,0.000000
-1025.0,-50.0,2525.9,0,1000000000.00,0.000000
-1000.0,-50.0,2500.9,0,1000000000.00,0.000000
-975.0,-50.0,2475.9,0,1000000000.00,0.000000
-950.0,-50.0,2451.0,0,1000000000.00,0.000000
-925.0,-50.0,2426.0,0,1000000000.00,0.000000
-900.0,-50.0,2401.0,0,1000000000.00,0.000000
-875.0,-50.0,2376.0,0,1000000000.00,0.000000
-850.0,-50.0,2351.0,0,1000000000.00,0.000000
-825.0,-50.0,2326.0,0,1000000000.00,0.000000
-800.0,-50.0,2301.0,0,1000000000.00,0.000000
-775.0,-50.0,2276.0,0,1000000000.00,0.000000
-750.0,-50.0,2251.1,0,1000000000.00,0.000000
-725.0,-50.0,2226.1,0,1000000000.00,0.000000
-700.0,-50.0,2201.1,0,1000000000.00,0.000000
-675.0,-50.0,2176.1,0,1000000000.00,0.000000
-650.0,-50.0,2151.1,0,1000000000.00,0.000000
-625.0,-50.0,2126.1,0,1000000000.00,0.000000
-600.0,-50.0,2101.2,0,1000000000.00,0.000000
-575.0,-50.0,2076.2,0,1000000000.00,0.000000
-550.0,-50.0,2051.2,0,1000000000.00,0.000000
-525.0,-50.0,2026.2,0,1000000000.00,0.000000
-500.0,-50.0,2001.2,0,1000000000.00,0.000000
-475.0,-50.0,1976.2,0,1000000000.00,0.000000
-450.0,-50.0,1951.3,0,1000000000.00,0.000000
-425.0,-50.0,1926.3,0,1000000000.00,0.000000
-400.0,-50.0,1901.3,0,1000000000.00,0.000000
-375.0,-50.0,1876.3,0,1000000000.00,0.000000
-350.0,-50.0,1851.3,0,1000000000.00,0.000000
-325.0,-50.0,1826.4,0,1000000000.00,0.000000
-300.0,-50.0,1801.4,0,1000000000.00,0.000000
-275.0,-50.0,1776.4,0,1000000000.00,0.000000
-250.0,-50.0,1751.4,0,1000000000.00,0.000000
-225.0,-50.0,1726.5,0,1000000000.00,0.000000
-200.0,-50.0,1701.5,0,1000000000.00,0.000000
-175.0,-50.0,1676.5,0,1000000000.00,0.000000
-150.0,-50.0,1651.5,0,1000000000.00,0.000000
-125.0,-50.0,1626.6,0,1000000000.00,0.000000
-100.0,-50.0,1601.6,0,1000000000.00,0.000000
-75.0,-50.0,1576.6,0,1000000000.00,0.000000
-50.0,-50.0,1551.6,0,1000000000.00,0.000000
-25.0,-50.0,1526.7,0,1000000000.00,0.000000
0.0,-50.0,1501.7,0,1000000000.00,0.000000
25.0,-50.0,1476.7,0,1000000000.00,0.000000
50.0,-50.0,1451.8,0,1000000000.00,0.000000
75.0,-50.0,1426.8,0,1000000000.00,0.000000
100.0,-50.0,1401.8,0,1000000000.00,0.000000
125.0,-50.0,1376.9,0,1000000000.00,0.000000
150.0,-50.0,1351.9,0,1000000000.00,0.000000
175.0,-50.0,1327.0,0,1000000000.00,0.000000
200.0,-50.0,1302.0,0,1000000000.00,0.000000
225.0,-50.0,1277.0,0,1000000000.00,0.000000
250.0,-50.0,1252.1,0,1000000000.00,0.000000
275.0,-50.0,1227.1,0,1000000000.00,0.000000
300.0,-50.0,1202.2,0,1000000000.00,0.000000
325.0,-50.0,1177.2,0,1000000000.00,0.000000
350.0,-50.0,1152.3,0,1000000000.00,0.000000
375.0,-50.0,1127.3,0,1000000000.00,0.000000
400.0,-50.0,1102.4,0,1000000000.00,0.000000
425.0,-50.0,1077.5,0,1000000000.00,0.000000
450.0,-50.0,1052.5,0,1000000000.00,0.000000
475.0,-50.0,1027.6,0,1000000000.00,0.000000
500.0,-50.0,1002.7,0,1000000000.00,0.000000
525.0,-50.0,977.7,1,207923.26,0.000645
550.0,-50.0,952.8,1,266427.91,0.000503
575.0,-50.0,927.9,1,113575.41,0.001181
600.0,-50.0,903.0,1,224914.08,0.000596
625.0,-50.0,878.1,1,225859.33,0.000594
650.0,-50.0,853.2,1,195777.86,0.000685
675.0,-50.0,828.3,1,6694790.23,0.000020
700.0,-50.0,803.4,1,39928.06,0.003358
725.0,-50.0,778.5,1,52548.38,0.002552
750.0,-50.0,753.6,1,177405.48,0.000756
775.0,-50.0,771.6,1,37766.06,0.003550
800.0,-50.0,796.6,1,196584.55,0.000682
825.0,-50.0,821.5,1,168206.10,0.000797
850.0,-50.0,846.5,1,153479.51,0.000874
875.0,-50.0,871.4,1,42221.90,0.003176
900.0,-50.0,896.4,1,52759.56,0.002541
925.0,-50.0,921.4,1,159795.06,0.000839
950.0,-50.0,946.3,1,23254.73,0.005766
975.0,-50.0,971.3,1,38284.34,0.003502
1000.0,-50.0,996.3,1,26956.65,0.004974
1025.0,-50.0,1021.2,0,1000000000.00,0.000000
1050.0,-50.0,1046.2,0,1000000000.00,0.000000
1075.0,-50.0,1071.2,0,1000000000.00,0.000000
1100.0,-50.0,1096.1,0,1000000000.00,0.000000
1125.0,-50.0,1121.1,0,1000000000.00,0.000000
1150.0,-50.0,1146.1,0,1000000000.00,0.000000
1175.0,-50.0,1171.1,0,1000000000.00,0.000000
1200.0,-50.0,1196.0,0,1000000000.00,0.000000
1225.0,-50.0,1221.0,0,1000000000.00,0.000000
1250.0,-50.0,1246.0,0,1000000000.00,0.000000
1275.0,-50.0,1271.0,0,1000000000.00,0.000000
1300.0,-50.0,1296.0,0,1000000000.00,0.000000
1325.0,-50.0,1321.0,0,1000000000.00,0.000000
1350.0,-50.0,1345.9,0,1000000000.00,0.000000
1375.0,-50.0,1370.9,0,1000000000.00,0.000000
1400.0,-50.0,1395.9,0,1000000000.00,0.000000
1425.0,-50.0,1420.9,0,1000000000.00,0.000000
1450.0,-50.0,1445.9,0,1000000000.00,0.000000
1475.0,-50.0,1470.9,0,1000000000.00,0.000000
1500.0,-50.0,1495.8,0,1000000000.00,0.000000
1525.0,-50.0,1520.8,0,1000000000.00,0.000000
1550.0,-50.0,1545.8,0,1000000000.00,0.000000
1575.0,-50.0,1570.8,0,1000000000.00,0.000000
1600.0,-50.0,1595.8,0,1000000000.00,0.000000
1625.0,-50.0,1620.8,0,1000000000.00,0.000000
1650.0,-50.0,1645.8,0,1000000000.00,0.000000
1675.0,-50.0,1670.8,0,1000000000.00,0.000000
1700.0,-50.0,1695.7,0,1000000000.00,0.000000
1725.0,-50.0,1720.7,0,1000000000.00,0.000000
1750.0,-50.0,1745.7,0,1000000000.00,0.000000
1775.0,-50.0,1770.7,0,1000000000.00,0.000000
1800.0,-50.0,1795.7,0,1000000000.00,0.000000
-1800.0,-25.0,3300.2,0,1000000000.00,0.000000
-1775.0,-25.0,3275.2,0,1000000000.00,0.000000
-1750.0,-25.0,3250.2,0,1000000000.00,0.000000
-1725.0,-25.0,3225.2,0,1000000000.00,0.000000
-1700.0,-25.0,3200.2,0,1000000000.00,0.000000
-1675.0,-25.0,3175.2,0,1000000000.00,0.000000
-1650.0,-25.0,3150.2,0,1000000000.00,0.000000
-1625.0,-25.0,3125.2,0,1000000000.00,0.000000
-1600.0,-25.0,3100.2,0,1000000000.00,0.000000
-1575.0,-25.0,3075.2,0,1000000000.00,0.000000
-1550.0,-25.0,3050.2,0,1000000000.00,0.000000
-1525.0,-25.0,3025.2,0,1000000000.00,0.000000
-1500.0,-25.0,3000.2,0,1000000000.00,0.000000
-1475.0,-25.0,2975.2,0,1000000000.00,0.000000
-1450.0,-25.0,2950.2,0,1000000000.00,0.000000
-1425.0,-25.0,2925.2,0,1000000000.00,0.000000
-1400.0,-25.0,2900.2,0,1000000000.00,0.000000
-1375.0,-25.0,2875.2,0,1000000000.00,0.000000
-1350.0,-25.0,2850.2,0,1000000000.00,0.000000
-1325.0,-25.0,2825.2,0,1000000000.00,0.000000
-1300.0,-25.0,2800.2,0,1000000000.00,0.000000
-1275.0,-25.0,2775.2,0,1000000000.00,0.000000
-1250.0,-25.0,2750.2,0,1000000000.00,0.000000
-1225.0,-25.0,2725.3,0,1000000000.00,0.000000
-1200.0,-25.0,2700.3,0,1000000000.00,0.000000
-1175.0,-25.0,2675.3,0,1000000000.00,0.000000
-1150.0,-25.0,2650.3,0,1000000000.00,0.000000
-1125.0,-25.0,2625.3,0,1000000000.00,0.000000
-1100.0,-25.0,2600.3,0,1000000000.00,0.000000
-1075.0,-25.0,2575.3,0,1000000000.00,0.000000
-1050.0,-25.0,2550.3,0,1000000000.00,0.000000
-1025.0,-25.0,2525.3,0,1000000000.00,0.000000
-1000.0,-25.0,2500.3,0,1000000000.00,0.000000
-975.0,-25.0,2475.3,0,1000000000.00,0.000000
-950.0,-25.0,2450.3,0,1000000000.00,0.000000
-925.0,-25.0,2425.3,0,1000000000.00,0.000000
-900.0,-25.0,2400.3,0,1000000000.00,0.000000
-875.0,-25.0,2375.3,0,1000000000.00,0.000000
-850.0,-25.0,2350.3,0,1000000000.00,0.000000
-825.0,-25.0,2325.3,0,1000000000.00,0.000000
-800.0,-25.0,2300.3,0,1000000000.00,0.000000
-775.0,-25.0,2275.3,0,1000000000.00,0.000000
-750.0,-25.0,2250.4,0,1000000000.00,0.000000
-725.0,-25.0,2225.4,0,1000000000.00,0.000000
-700.0,-25.0,2200.4,0,1000000000.00,0.000000
-675.0,-25.0,2175.4,0,1000000000.00,0.000000
-650.0,-25.0,2150.4,0,1000000000.00,0.000000
-625.0,-25.0,2125.4,0,1000000000.00,0.000000
-600.0,-25.0,2100.4,0,1000000000.00,0.000000
-575.0,-25.0,2075.4,0,1000000000.00,0.000000
-550.0,-25.0,2050.4,0,1000000000.00,0.000000
-525.0,-25.0,2025.4,0,1000000000.00,0.000000
-500.0,-25.0,2000.4,0,1000000000.00,0.000000
-475.0,-25.0,1975.4,0,1000000000.00,0.000000
-450.0,-25.0,1950.4,0,1000000000.00,0.000000
-425.0,-25.0,1925.5,0,1000000000.00,0.000000
-400.0,-25.0,1900.5,0,1000000000.00,0.000000
-375.0,-25.0,1875.5,0,1000000000.00,0.000000
-350.0,-25.0,1850.5,0,1000000000.00,0.000000
-325.0,-25.0,1825.5,0,1000000000.00,0.000000
-300.0,-25.0,1800.5,0,1000000000.00,0.000000
-275.0,-25.0,1775.5,0,1000000000.00,0.000000
-250.0,-25.0,1750.5,0,1000000000.00,0.000000
-225.0,-25.0,1725.5,0,1000000000.00,0.000000
-200.0,-25.0,1700.5,0,1000000000.00,0.000000
-175.0,-25.0,1675.6,0,1000000000.00,0.000000
-150.0,-25.0,1650.6,0,1000000000.00,0.000000
-125.0,-25.0,1625.6,0,1000000000.00,0.000000
-100.0,-25.0,1600.6,0,1000000000.00,0.000000
-75.0,-25.0,1575.6,0,1000000000.00,0.000000
-50.0,-25.0,1550.6,0,1000000000.00,0.000000
-25.0,-25.0,1525.6,0,1000000000.00,0.000000
0.0,-25.0,1500.6,0,1000000000.00,0.000000
25.0,-25.0,1475.7,0,1000000000.00,0.000000
50.0,-25.0,1450.7,0,1000000000.00,0.000000
75.0,-25.0,1425.7,0,1000000000.00,0.000000
100.0,-25.0,1400.7,0,1000000000.00,0.000000
125.0,-25.0,1375.7,0,1000000000.00,0.000000
150.0,-25.0,1350.7,0,1000000000.00,0.000000
175.0,-25.0,1325.8,0,1000000000.00,0.000000
200.0,-25.0,1300.8,0,1000000000.00,0.000000
225.0,-25.0,1275.8,0,1000000000.00,0.000000
250.0,-25.0,1250.8,0,1000000000.00,0.000000
275.0,-25.0,1225.8,0,1000000000.00,0.000000
300.0,-25.0,1200.9,0,1000000000.00,0.000000
325.0,-25.0,1175.9,0,1000000000.00,0.000000
350.0,-25.0,1150.9,0,1000000000.00,0.000000
375.0,-25.0,1125.9,0,1000000000.00,0.000000
400.0,-25.0,1101.0,0,1000000000.00,0.000000
425.0,-25.0,1076.0,0,1000000000.00,0.000000
450.0,-25.0,1051.0,0,1000000000.00,0.000000
475.0,-25.0,1026.0,0,1000000000.00,0.000000
500.0,-25.0,1001.1,0,1000000000.00,0.000000
525.0,-25.0,976.1,1,860971.95,0.000156
550.0,-25.0,951.1,1,306675.81,0.000437
575.0,-25.0,926.2,1,604206.48,0.000222
600.0,-25.0,901.2,1,979243.66,0.000137
625.0,-25.0,876.3,1,470573.09,0.000285
650.0,-25.0,851.3,1,334632.85,0.000401
675.0,-25.0,826.4,1,388628.77,0.000345
700.0,-25.0,801.4,1,193412.15,0.000693
725.0,-25.0,776.5,1,333243.13,0.000402
750.0,-25.0,751.5,1,456674.32,0.000294
775.0,-25.0,770.4,1,625483.85,0.000214
800.0,-25.0,795.4,1,217692.31,0.000616
825.0,-25.0,820.4,1,270193.06,0.000496
850.0,-25.0,845.4,1,181015.82,0.000741
875.0,-25.0,870.4,1,239555.27,0.000560
900.0,-25.0,895.4,1,242222.64,0.000554
925.0,-25.0,920.3,1,220606.65,0.000608
950.0,-25.0,945.3,1,49770.96,0.002694
975.0,-25.0,970.3,1,205049.89,0.000654
1000.0,-25.0,995.3,1,122084.08,0.001098
1025.0,-25.0,1020.3,0,1000000000.00,0.000000
1050.0,-25.0,1045.3,0,1000000000.00,0.000000
1075.0,-25.0,1070.3,0,1000000000.00,0.000000
1100.0,-25.0,1095.3,0,1000000000.00,0.000000
1125.0,-25.0,1120.3,0,1000000000.00,0.000000
1150.0,-25.0,1145.3,0,1000000000.00,0.000000
1175.0,-25.0,1170.3,0,1000000000.00,0.000000
1200.0,-25.0,1195.3,0,1000000000.00,0.000000
1225.0,-25.0,1220.3,0,1000000000.00,0.000000
1250.0,-25.0,1245.3,0,1000000000.00,0.000000
1275.0,-25.0,1270.2,0,1000000000.00,0.000000
1300.0,-25.0,1295.2,0,1000000000.00,0.000000
1325.0,-25.0,1320.2,0,1000000000.00,0.000000
1350.0,-25.0,1345.2,0,1000000000.00,0.000000
1375.0,-25.0,1370.2,0,1000000000.00,0.000000
1400.0,-25.0,1395.2,0,1000000000.00,0.000000
1425.0,-25.0,1420.2,0,1000000000.00,0.000000
1450.0,-25.0,1445.2,0,1000000000.00,0.000000
1475.0,-25.0,1470.2,0,1000000000.00,0.000000
1500.0,-25.0,1495.2,0,1000000000.00,0.000000
1525.0,-25.0,1520.2,0,1000000000.00,0.000000
1550.0,-25.0,1545.2,0,1000000000.00,0.000000
1575.0,-25.0,1570.2,0,1000000000.00,0.000000
1600.0,-25.0,1595.2,0,1000000000.00,0.000000
1625.0,-25.0,1620.2,0,1000000000.00,0.000000
1650.0,-25.0,1645.2,0,1000000000.00,0.000000
1675.0,-25.0,1670.2,0,1000000000.00,0.000000
1700.0,-25.0,1695.2,0,1000000000.00,0.000000
1725.0,-25.0,1720.2,0,1000000000.00,0.000000
1750.0,-25.0,1745.2,0,1000000000.00,0.000000
1775.0,-25.0,1770.2,0,1000000000.00,0.000000
1800.0,-25.0,1795.2,0,1000000000.00,0.000000
-1800.0,0.0,3300.0,0,1000000000.00,0.000000
-1775.0,0.0,3275.0,0,1000000000.00,0.000000
-1750.0,0.0,3250.0,0,1000000000.00,0.000000
-1725.0,0.0,3225.0,0,1000000000.00,0.000000
-1700.0,0.0,3200.0,0,1000000000.00,0.000000
-1675.0,0.0,3175.0,0,1000000000.00,0.000000
-1650.0,0.0,3150.0,0,1000000000.00,0.000000
-1625.0,0.0,3125.0,0,1000000000.00,0.000000
-1600.0,0.0,3100.0,0,1000000000.00,0.000000
-1575.0,0.0,3075.0,0,1000000000.00,0.000000
-1550.0,0.0,3050.0,0,1000000000.00,0.000000
-1525.0,0.0,3025.0,0,1000000000.00,0.000000
-1500.0,0.0,3000.0,0,1000000000.00,0.000000
-1475.0,0.0,2975.0,0,1000000000.00,0.000000
-1450.0,0.0,2950.0,0,1000000000.00,0.000000
-1425.0,0.0,2925.0,0,1000000000.00,0.000000
-1400.0,0.0,2900.0,0,1000000000.00,0.000000
-1375.0,0.0,2875.0,0,1000000000.00,0.000000
-1350.0,0.0,2850.0,0,1000000000.00,0.000000
-1325.0,0.0,2825.0,0,1000000000.00,0.000000
-1300.0,0.0,2800.0,0,1000000000.00,0.000000
-1275.0,0.0,2775.0,0,1000000000.00,0.000000
-1250.0,0.0,2750.0,0,1000000000.00,0.000000
-1225.0,0.0,2725.0,0,1000000000.00,0.000000
-1200.0,0.0,2700.0,0,1000000000.00,0.000000
-1175.0,0.0,2675.0,0,1000000000.00,0.000000
-1150.0,0.0,2650.0,0,1000000000.00,0.000000
-1125.0,0.0,2625.0,0,1000000000.00,0.000000
-1100.0,0.0,2600.0,0,1000000000.00,0.000000
-1075.0,0.0,2575.0,0,1000000000.00,0.000000
-1050.0,0.0,2550.0,0,1000000000.00,0.000000
-1025.0,0.0,2525.0,0,1000000000.00,0.000000
-1000.0,0.0,2500.0,0,1000000000.00,0.000000
-975.0,0.0,2475.0,0,1000000000.00,0.000000
-950.0,0.0,2450.0,0,1000000000.00,0.000000
-925.0,0.0,2425.0,0,1000000000.00,0.000000
-900.0,0.0,2400.0,0,1000000000.00,0.000000
-875.0,0.0,2375.0,0,1000000000.00,0.000000
-850.0,0.0,2350.0,0,1000000000.00,0.000000
-825.0,0.0,2325.0,0,1000000000.00,0.000000
-800.0,0.0,2300.0,0,1000000000.00,0.000000
-775.0,0.0,2275.0,0,1000000000.00,0.000000
-750.0,0.0,2250.0,0,1000000000.00,0.000000
-725.0,0.0,2225.0,0,1000000000.00,0.000000
-700.0,0.0,2200.0,0,1000000000.00,0.000000
-675.0,0.0,2175.0,0,1000000000.00,0.000000
-650.0,0.0,2150.0,0,1000000000.00,0.000000
-625.0,0.0,2125.0,0,1000000000.00,0.000000
-600.0,0.0,2100.0,0,1000000000.00,0.000000
-575.0,0.0,2075.0,0,1000000000.00,0.000000
-550.0,0.0,2050.0,0,1000000000.00,0.000000
-525.0,0.0,2025.0,0,1000000000.00,0.000000
-500.0,0.0,2000.0,0,1000000000.00,0.000000
-475.0,0.0,1975.0,0,1000000000.00,0.000000
-450.0,0.0,1950.0,0,1000000000.00,0.000000
-425.0,0.0,1925.0,0,1000000000.00,0.000000
-400.0,0.0,1900.0,0,1000000000.00,0.000000
-375.0,0.0,1875.0,0,1000000000.00,0.000000
-350.0,0.0,1850.0,0,1000000000.00,0.000000
-325.0,0.0,1825.0,0,1000000000.00,0.000000
-300.0,0.0,1800.0,0,1000000000.00,0.000000
-275.0,0.0,1775.0,0,1000000000.00,0.000000
-250.0,0.0,1750.0,0,1000000000.00,0.000000
-225.0,0.0,1725.0,0,1000000000.00,0.000000
-200.0,0.0,1700.0,0,1000000000.00,0.000000
-175.0,0.0,1675.0,0,1000000000.00,0.000000
-150.0,0.0,1650.0,0,1000000000.00,0.000000
-125.0,0.0,1625.0,0,1000000000.00,0.000000
-100.0,0.0,1600.0,0,1000000000.00,0.000000
-75.0,0.0,1575.0,0,1000000000.00,0.000000
-50.0,0.0,1550.0,0,1000000000.00,0.000000
-25.0,0.0,1525.0,0,1000000000.00,0.000000
0.0,0.0,1500.0,0,1000000000.00,0.000000
25.0,0.0,1475.0,0,1000000000.00,0.000000
50.0,0.0,1450.0,0,1000000000.00,0.000000
75.0,0.0,1425.0,0,1000000000.00,0.000000
100.0,0.0,1400.0,0,1000000000.00,0.000000
125.0,0.0,1375.0,0,1000000000.00,0.000000
150.0,0.0,1350.0,0,1000000000.00,0.000000
175.0,0.0,1325.0,0,1000000000.00,0.000000
200.0,0.0,1300.0,0,1000000000.00,0.000000
225.0,0.0,1275.0,0,1000000000.00,0.000000
250.0,0.0,1250.0,0,1000000000.00,0.000000
275.0,0.0,1225.1,0,1000000000.00,0.000000
300.0,0.0,1200.1,0,1000000000.00,0.000000
325.0,0.0,1175.1,0,1000000000.00,0.000000
350.0,0.0,1150.1,0,1000000000.00,0.000000
375.0,0.0,1125.1,0,1000000000.00,0.000000
400.0,0.0,1100.1,0,1000000000.00,0.000000
425.0,0.0,1075.1,0,1000000000.00,0.000000
450.0,0.0,1050.1,0,1000000000.00,0.000000
475.0,0.0,1025.1,0,1000000000.00,0.000000
500.0,0.0,1000.1,0,1000000000.00,0.000000
525.0,0.0,975.1,1,732199.88,0.000183
550.0,0.0,950.1,1,902585.59,0.000149
575.0,0.0,925.1,1,1125280.10,0.000119
600.0,0.0,900.2,1,1426068.56,0.000094
625.0,0.0,875.2,1,1851015.81,0.000072
650.0,0.0,850.2,1,2491282.78,0.000054
675.0,0.0,825.2,1,3556194.25,0.000038
700.0,0.0,800.2,1,5656480.33,0.000024
725.0,0.0,775.2,1,11652505.53,0.000012
750.0,0.0,750.2,1,157570455.14,0.000001
775.0,0.0,770.0,1,44962.08,0.002982
800.0,0.0,795.0,1,22402.87,0.005985
825.0,0.0,820.0,1,223892.98,0.000599
850.0,0.0,845.0,1,36486.74,0.003675
875.0,0.0,870.0,1,42656.82,0.003143
900.0,0.0,895.0,1,351854.61,0.000381
925.0,0.0,920.0,1,22929.47,0.005848
950.0,0.0,945.0,1,33874.86,0.003958
975.0,0.0,970.0,1,608741.74,0.000220
1000.0,0.0,995.0,1,27178.66,0.004933
1025.0,0.0,1020.0,0,1000000000.00,0.000000
1050.0,0.0,1045.0,0,1000000000.00,0.000000
1075.0,0.0,1070.0,0,1000000000.00,0.000000
1100.0,0.0,1095.0,0,1000000000.00,0.000000
1125.0,0.0,1120.0,0,1000000000.00,0.000000
1150.0,0.0,1145.0,0,1000000000.00,0.000000
1175.0,0.0,1170.0,0,1000000000.00,0.000000
1200.0,0.0,1195.0,0,1000000000.00,0.000000
1225.0,0.0,1220.0,0,1000000000.00,0.000000
1250.0,0.0,1245.0,0,1000000000.00,0.000000
1275.0,0.0,1270.0,0,1000000000.00,0.000000
1300.0,0.0,1295.0,0,1000000000.00,0.000000
1325.0,0.0,1320.0,0,1000000000.00,0.000000
1350.0,0.0,1345.0,0,1000000000.00,0.000000
1375.0,0.0,1370.0,0,1000000000.00,0.000000
1400.0,0.0,1395.0,0,1000000000.00,0.000000
1425.0,0.0,1420.0,0,1000000000.00,0.000000
1450.0,0.0,1445.0,0,1000000000.00,0.000000
1475.0,0.0,1470.0,0,1000000000.00,0.000000
1500.0,0.0,1495.0,0,1000000000.00,0.000000
1525.0,0.0,1520.0,0,1000000000.00,0.000000
1550.0,0.0,1545.0,0,1000000000.00,0.000000
1575.0,0.0,1570.0,0,1000000000.00,0.000000
1600.0,0.0,1595.0,0,1000000000.00,0.000000
1625.0,0.0,1620.0,0,1000000000.00,0.000000
1650.0,0.0,1645.0,0,1000000000.00,0.000000
1675.0,0.0,1670.0,0,1000000000.00,0.000000
1700.0,0.0,1695.0,0,1000000000.00,0.000000
1725.0,0.0,1720.0,0,1000000000.00,0.000000
1750.0,0.0,1745.0,0,1000000000.00,0.000000
1775.0,0.0,1770.0,0,1000000000.00,0.000000
1800.0,0.0,1795.0,0,1000000000.00,0.000000
-1800.0,25.0,3300.2,0,1000000000.00,0.000000
-1775.0,25.0,3275.2,0,1000000000.00,0.000000
-1750.0,25.0,3250.2,0,1000000000.00,0.000000
-1725.0,25.0,3225.2,0,1000000000.00,0.000000
-1700.0,25.0,3200.2,0,1000000000.00,0.000000
-1675.0,25.0,3175.2,0,1000000000.00,0.000000
-1650.0,25.0,3150.2,0,1000000000.00,0.000000
-1625.0,25.0,3125.2,0,1000000000.00,0.000000
-1600.0,25.0,3100.2,0,1000000000.00,0.000000
-1575.0,25.0,3075.2,0,1000000000.00,0.000000
-1550.0,25.0,3050.2,0,1000000000.00,0.000000
-1525.0,25.0,3025.2,0,1000000000.00,0.000000
-1500.0,25.0,3000.2,0,1000000000.00,0.000000
-1475.0,25.0,2975.2,0,1000000000.00,0.000000
-1450.0,25.0,2950.2,0,1000000000.00,0.000000
-1425.0,25.0,2925.2,0,1000000000.00,0.000000
-1400.0,25.0,2900.2,0,1000000000.00,0.000000
-1375.0,25.0,2875.2,0,1000000000.00,0.000000
-1350.0,25.0,2850.2,0,1000000000.00,0.000000
-1325.0,25.0,2825.2,0,1000000000.00,0.000000
-1300.0,25.0,2800.2,0,1000000000.00,0.000000
-1275.0,25.0,2775.2,0,1000000000.00,0.000000
-1250.0,25.0,2750.2,0,1000000000.00,0.000000
-1225.0,25.0,2725.3,0,1000000000.00,0.000000
-1200.0,25.0,2700.3,0,1000000000.00,0.000000
-1175.0,25.0,2675.3,0,1000000000.00,0.000000
-1150.0,25.0,2650.3,0,1000000000.00,0.000000
-1125.0,25.0,2625.3,0,1000000000.00,0.000000
-1100.0,25.0,2600.3,0,1000000000.00,0.000000
-1075.0,25.0,2575.3,0,1000000000.00,0.000000
-1050.0,25.0,2550.3,0,1000000000.00,0.000000
-1025.0,25.0,2525.3,0,1000000000.00,0.000000
-1000.0,25.0,2500.3,0,1000000000.00,0.000000
-975.0,25.0,2475.3,0,1000000000.00,0.000000
-950.0,25.0,2450.3,0,1000000000.00,0.000000
-925.0,25.0,2425.3,0,1000000000.00,0.000000
-900.0,25.0,2400.3,0,1000000000.00,0.000000
-875.0,25.0,2375.3,0,1000000000.00,0.000000
-850.0,25.0,2350.3,0,1000000000.00,0.000000
-825.0,25.0,2325.3,0,1000000000.00,0.000000
-800.0,25.0,2300.3,0,1000000000.00,0.000000
-775.0,25.0,2275.3,0,1000000000.00,0.000000
-750.0,25.0,2250.4,0,1000000000.00,0.000000
-725.0,25.0,2225.4,0,1000000000.00,0.000000
-700.0,25.0,2200.4,0,1000000000.00,0.000000
-675.0,25.0,2175.4,0,1000000000.00,0.000000
-650.0,25.0,2150.4,0,1000000000.00,0.000000
-625.0,25.0,2125.4,0,1000000000.00,0.000000
-600.0,25.0,2100.4,0,1000000000.00,0.000000
-575.0,25.0,2075.4,0,1000000000.00,0.000000
-550.0,25.0,2050.4,0,1000000000.00,0.000000
-525.0,25.0,2025.4,0,1000000000.00,0.000000
-500.0,25.0,2000.4,0,1000000000.00,0.000000
-475.0,25.0,1975.4,0,1000000000.00,0.000000
-450.0,25.0,1950.4,0,1000000000.00,0.000000
-425.0,25.0,1925.5,0,1000000000.00,0.000000
-400.0,25.0,1900.5,0,1000000000.00,0.000000
-375.0,25.0,1875.5,0,1000000000.00,0.000000
-350.0,25.0,1850.5,0,1000000000.00,0.000000
-325.0,25.0,1825.5,0,1000000000.00,0.000000
-300.0,25.0,1800.5,0,1000000000.00,0.000000
-275.0,25.0,1775.5,0,1000000000.00,0.000000
-250.0,25.0,1750.5,0,1000000000.00,0.000000
-225.0,25.0,1725.5,0,1000000000.00,0.000000
-200.0,25.0,1700.5,0,1000000000.00,0.000000
-175.0,25.0,1675.6,0,1000000000.00,0.000000
-150.0,25.0,1650.6,0,1000000000.00,0.000000
-125.0,25.0,1625.6,0,1000000000.00,0.000000
-100.0,25.0,1600.6,0,1000000000.00,0.000000
-75.0,25.0,1575.6,0,1000000000.00,0.000000
-50.0,25.0,1550.6,0,1000000000.00,0.000000
-25.0,25.0,1525.6,0,1000000000.00,0.000000
0.0,25.0,1500.6,0,1000000000.00,0.000000
25.0,25.0,1475.7,0,1000000000.00,0.000000
50.0,25.0,1450.7,0,1000000000.00,0.000000
75.0,25.0,1425.7,0,1000000000.00,0.000000
100.0,25.0,1400.7,0,1000000000.00,0.000000
125.0,25.0,1375.7,0,1000000000.00,0.000000
150.0,25.0,1350.7,0,1000000000.00,0.000000
175.0,25.0,1325.8,0,1000000000.00,0.000000
200.0,25.0,1300.8,0,1000000000.00,0.000000
225.0,25.0,1275.8,0,1000000000.00,0.000000
250.0,25.0,1250.8,0,1000000000.00,0.000000
275.0,25.0,1225.8,0,1000000000.00,0.000000
300.0,25.0,1200.9,0,1000000000.00,0.000000
325.0,25.0,1175.9,0,1000000000.00,0.000000
350.0,25.0,1150.9,0,1000000000.00,0.000000
375.0,25.0,1125.9,0,1000000000.00,0.000000
400.0,25.0,1101.0,0,1000000000.00,0.000000
425.0,25.0,1076.0,0,1000000000.00,0.000000
450.0,25.0,1051.0,0,1000000000.00,0.000000
475.0,25.0,1026.0,0,1000000000.00,0.000000
500.0,25.0,1001.1,0,1000000000.00,0.000000
525.0,25.0,976.1,1,860971.95,0.000156
550.0,25.0,951.1,1,306675.81,0.000437
575.0,25.0,926.2,1,604206.48,0.000222
600.0,25.0,901.2,1,979243.66,0.000137
625.0,25.0,876.3,1,470573.09,0.000285
650.0,25.0,851.3,1,334632.85,0.000401
675.0,25.0,826.4,1,388628.77,0.000345
700.0,25.0,801.4,1,193412.15,0.000693
725.0,25.0,776.5,1,333243.13,0.000402
750.0,25.0,751.5,1,456674.32,0.000294
775.0,25.0,770.4,1,625483.85,0.000214
800.0,25.0,795.4,1,217692.31,0.000616
825.0,25.0,820.4,1,270193.06,0.000496
850.0,25.0,845.4,1,181015.82,0.000741
875.0,25.0,870.4,1,239555.27,0.000560
900.0,25.0,895.4,1,242222.64,0.000554
925.0,25.0,920.3,1,220606.65,0.000608
950.0,25.0,945.3,1,49770.96,0.002694
975.0,25.0,970.3,1,205049.89,0.000654
1000.0,25.0,995.3,1,122084.08,0.001098
1025.0,25.0,1020.3,0,1000000000.00,0.000000
1050.0,25.0,1045.3,0,1000000000.00,0.000000
1075.0,25.0,1070.3,0,1000000000.00,0.000000
1100.0,25.0,1095.3,0,1000000000.00,0.000000
1125.0,25.0,1120.3,0,1000000000.00,0.000000
1150.0,25.0,1145.3,0,1000000000.00,0.000000
1175.0,25.0,1170.3,0,1000000000.00,0.000000
1200.0,25.0,1195.3,0,1000000000.00,0.000000
1225.0,25.0,1220.3,0,1000000000.00,0.000000
1250.0,25.0,1245.3,0,1000000000.00,0.000000
1275.0,25.0,1270.2,0,1000000000.00,0.000000
1300.0,25.0,1295.2,0,1000000000.00,0.000000
1325.0,25.0,1320.2,0,1000000000.00,0.000000
1350.0,25.0,1345.2,0,1000000000.00,0.000000
1375.0,25.0,1370.2,0,1000000000.00,0.000000
1400.0,25.0,1395.2,0,1000000000.00,0.000000
1425.0,25.0,1420.2,0,1000000000.00,0.000000
1450.0,25.0,1445.2,0,1000000000.00,0.000000
1475.0,25.0,1470.2,0,1000000000.00,0.000000
1500.0,25.0,1495.2,0,1000000000.00,0.000000
1525.0,25.0,1520.2,0,1000000000.00,0.000000
1550.0,25.0,1545.2,0,1000000000.00,0.000000
1575.0,25.0,1570.2,0,1000000000.00,0.000000
1600.0,25.0,1595.2,0,1000000000.00,0.000000
1625.0,25.0,1620.2,0,1000000000.00,0.000000
1650.0,25.0,1645.2,0,1000000000.00,0.000000
1675.0,25.0,1670.2,0,1000000000.00,0.000000
1700.0,25.0,1695.2,0,1000000000.00,0.000000
1725.0,25.0,1720.2,0,1000000000.00,0.000000
1750.0,25.0,1745.2,0,1000000000.00,0.000000
1775.0,25.0,1770.2,0,1000000000.00,0.000000
1800.0,25.0,1795.2,0,1000000000.00,0.000000
-1800.0,50.0,3300.7,0,1000000000.00,0.000000
-1775.0,50.0,3275.7,0,1000000000.00,0.000000
-1750.0,50.0,3250.7,0,1000000000.00,0.000000
-1725.0,50.0,3225.7,0,1000000000.00,0.000000
-1700.0,50.0,3200.7,0,1000000000.00,0.000000
-1675.0,50.0,3175.7,0,1000000000.00,0.000000
-1650.0,50.0,3150.7,0,1000000000.00,0.000000
-1625.0,50.0,3125.7,0,1000000000.00,0.000000
-1600.0,50.0,3100.7,0,1000000000.00,0.000000
-1575.0,50.0,3075.7,0,1000000000.00,0.000000
-1550.0,50.0,3050.7,0,1000000000.00,0.000000
-1525.0,50.0,3025.7,0,1000000000.00,0.000000
-1500.0,50.0,3000.7,0,1000000000.00,0.000000
-1475.0,50.0,2975.7,0,1000000000.00,0.000000
-1450.0,50.0,2950.8,0,1000000000.00,0.000000
-1425.0,50.0,2925.8,0,1000000000.00,0.000000
-1400.0,50.0,2900.8,0,1000000000.00,0.000000
-1375.0,50.0,2875.8,0,1000000000.00,0.000000
-1350.0,50.0,2850.8,0,1000000000.00,0.000000
-1325.0,50.0,2825.8,0,1000000000.00,0.000000
-1300.0,50.0,2800.8,0,1000000000.00,0.000000
-1275.0,50.0,2775.8,0,1000000000.00,0.000000
-1250.0,50.0,2750.8,0,1000000000.00,0.000000
-1225.0,50.0,2725.8,0,1000000000.00,0.000000
-1200.0,50.0,2700.8,0,1000000000.00,0.000000
-1175.0,50.0,2675.9,0,1000000000.00,0.000000
-1150.0,50.0,2650.9,0,1000000000.00,0.000000
-1125.0,50.0,2625.9,0,1000000000.00,0.000000
-1100.0,50.0,2600.9,0,1000000000.00,0.000000
-1075.0,50.0,2575.9,0,1000000000.00,0.000000
-1050.0,50.0,2550.9,0,1000000000.00,0.000000
-1025.0,50.0,2525.9,0,1000000000.00,0.000000
-1000.0,50.0,2500.9,0,1000000000.00,0.000000
-975.0,50.0,2475.9,0,1000000000.00,0.000000
-950.0,50.0,2451.0,0,1000000000.00,0.000000
-925.0,50.0,2426.0,0,1000000000.00,0.000000
-900.0,50.0,2401.0,0,1000000000.00,0.000000
-875.0,50.0,2376.0,0,1000000000.00,0.000000
-850.0,50.0,2351.0,0,1000000000.00,0.000000
-825.0,50.0,2326.0,0,1000000000.00,0.000000
-800.0,50.0,2301.0,0,1000000000.00,0.000000
-775.0,50.0,2276.0,0,1000000000.00,0.000000
-750.0,50.0,2251.1,0,1000000000.00,0.000000
-725.0,50.0,2226.1,0,1000000000.00,0.000000
-700.0,50.0,2201.1,0,1000000000.00,0.000000
-675.0,50.0,2176.1,0,1000000000.00,0.000000
-650.0,50.0,2151.1,0,1000000000.00,0.000000
-625.0,50.0,2126.1,0,1000000000.00,0.000000
-600.0,50.0,2101.2,0,1000000000.00,0.000000
-575.0,50.0,2076.2,0,1000000000.00,0.000000
-550.0,50.0,2051.2,0,1000000000.00,0.000000
-525.0,50.0,2026.2,0,1000000000.00,0.000000
-500.0,50.0,2001.2,0,1000000000.00,0.000000
-475.0,50.0,1976.2,0,1000000000.00,0.000000
-450.0,50.0,1951.3,0,1000000000.00,0.000000
-425.0,50.0,1926.3,0,1000000000.00,0.000000
-400.0,50.0,1901.3,0,1000000000.00,0.000000
-375.0,50.0,1876.3,0,1000000000.00,0.000000
-350.0,50.0,1851.3,0,1000000000.00,0.000000
-325.0,50.0,1826.4,0,1000000000.00,0.000000
-300.0,50.0,1801.4,0,1000000000.00,0.000000
-275.0,50.0,1776.4,0,1000000000.00,0.000000
-250.0,50.0,1751.4,0,1000000000.00,0.000000
-225.0,50.0,1726.5,0,1000000000.00,0.000000
-200.0,50.0,1701.5,0,1000000000.00,0.000000
-175.0,50.0,1676.5,0,1000000000.00,0.000000
-150.0,50.0,1651.5,0,1000000000.00,0.000000
-125.0,50.0,1626.6,0,1000000000.00,0.000000
-100.0,50.0,1601.6,0,1000000000.00,0.000000
-75.0,50.0,1576.6,0,1000000000.00,0.000000
-50.0,50.0,1551.6,0,1000000000.00,0.000000
-25.0,50.0,1526.7,0,1000000000.00,0.000000
0.0,50.0,1501.7,0,1000000000.00,0.000000
25.0,50.0,1476.7,0,1000000000.00,0.000000
50.0,50.0,1451.8,0,1000000000.00,0.000000
75.0,50.0,1426.8,0,1000000000.00,0.000000
100.0,50.0,1401.8,0,1000000000.00,0.000000
125.0,50.0,1376.9,0,1000000000.00,0.000000
150.0,50.0,1351.9,0,1000000000.00,0.000000
175.0,50.0,1327.0,0,1000000000.00,0.000000
200.0,50.0,1302.0,0,1000000000.00,0.000000
225.0,50.0,1277.0,0,1000000000.00,0.000000
250.0,50.0,1252.1,0,1000000000.00,0.000000
275.0,50.0,1227.1,0,1000000000.00,0.000000
300.0,50.0,1202.2,0,1000000000.00,0.000000
325.0,50.0,1177.2,0,1000000000.00,0.000000
350.0,50.0,1152.3,0,1000000000.00,0.000000
375.0,50.0,1127.3,0,1000000000.00,0.000000
400.0,50.0,1102.4,0,1000000000.00,0.000000
425.0,50.0,1077.5,0,1000000000.00,0.000000
450.0,50.0,1052.5,0,1000000000.00,0.000000
475.0,50.0,1027.6,0,1000000000.00,0.000000
500.0,50.0,1002.7,0,1000000000.00,0.000000
525.0,50.0,977.7,1,207923.26,0.000645
550.0,50.0,952.8,1,266427.91,0.000503
575.0,50.0,927.9,1,113575.41,0.001181
600.0,50.0,903.0,1,224914.08,0.000596
625.0,50.0,878.1,1,225859.33,0.000594
650.0,50.0,853.2,1,195777.86,0.000685
675.0,50.0,828.3,1,6694790.23,0.000020
700.0,50.0,803.4,1,39928.06,0.003358
725.0,50.0,778.5,1,52548.38,0.002552
750.0,50.0,753.6,1,177405.48,0.000756
775.0,50.0,771.6,1,37766.06,0.003550
800.0,50.0,796.6,1,196584.55,0.000682
825.0,50.0,821.5,1,168206.10,0.000797
850.0,50.0,846.5,1,153479.51,0.000874
875.0,50.0,871.4,1,42221.90,0.003176
900.0,50.0,896.4,1,52759.56,0.002541
925.0,50.0,921.4,1,159795.06,0.000839
950.0,50.0,946.3,1,23254.73,0.005766
975.0,50.0,971.3,1,38284.34,0.003502
1000.0,50.0,996.3,1,26956.65,0.004974
1025.0,50.0,1021.2,0,1000000000.00,0.000000
1050.0,50.0,1046.2,0,1000000000.00,0.000000
1075.0,50.0,1071.2,0,1000000000.00,0.000000
1100.0,50.0,1096.1,0,1000000000.00,0.000000
1125.0,50.0,1121.1,0,1000000000.00,0.000000
1150.0,50.0,1146.1,0,1000000000.00,0.000000
1175.0,50.0,1171.1,0,1000000000.00,0.000000
1200.0,50.0,1196.0,0,1000000000.00,0.000000
1225.0,50.0,1221.0,0,1000000000.00,0.000000
1250.0,50.0,1246.0,0,1000000000.00,0.000000
1275.0,50.0,1271.0,0,1000000000.00,0.000000
1300.0,50.0,1296.0,0,1000000000.00,0.000000
1325.0,50.0,1321.0,0,1000000000.00,0.000000
1350.0,50.0,1345.9,0,1000000000.00,0.000000
1375.0,50.0,1370.9,0,1000000000.00,0.000000
1400.0,50.0,1395.9,0,1000000000.00,0.000000
1425.0,50.0,1420.9,0,1000000000.00,0.000000
1450.0,50.0,1445.9,0,1000000000.00,0.000000
1475.0,50.0,1470.9,0,1000000000.00,0.000000
1500.0,50.0,1495.8,0,1000000000.00,0.000000
1525.0,50.0,1520.8,0,1000000000.00,0.000000
1550.0,50.0,1545.8,0,1000000000.00,0.000000
1575.0,50.0,1570.8,0,1000000000.00,0.000000
1600.0,50.0,1595.8,0,1000000000.00,0.000000
1625.0,50.0,1620.8,0,1000000000.00,0.000000
1650.0,50.0,1645.8,0,1000000000.00,0.000000
1675.0,50.0,1670.8,0,1000000000.00,0.000000
1700.0,50.0,1695.7,0,1000000000.00,0.000000
1725.0,50.0,1720.7,0,1000000000.00,0.000000
1750.0,50.0,1745.7,0,1000000000.00,0.000000
1775.0,50.0,1770.7,0,1000000000.00,0.000000
1800.0,50.0,1795.7,0,1000000000.00,0.000000
-1800.0,75.0,3301.3,0,1000000000.00,0.000000
-1775.0,75.0,3276.3,0,1000000000.00,0.000000
-1750.0,75.0,3251.3,0,1000000000.00,0.000000
-1725.0,75.0,3226.4,0,1000000000.00,0.000000
-1700.0,75.0,3201.4,0,1000000000.00,0.000000
-1675.0,75.0,3176.4,0,1000000000.00,0.000000
-1650.0,75.0,3151.4,0,1000000000.00,0.000000
-1625.0,75.0,3126.4,0,1000000000.00,0.000000
-1600.0,75.0,3101.4,0,1000000000.00,0.000000
-1575.0,75.0,3076.4,0,1000000000.00,0.000000
-1550.0,75.0,3051.4,0,1000000000.00,0.000000
-1525.0,75.0,3026.5,0,1000000000.00,0.000000
-1500.0,75.0,3001.5,0,1000000000.00,0.000000
-1475.0,75.0,2976.5,0,1000000000.00,0.000000
-1450.0,75.0,2951.5,0,1000000000.00,0.000000
-1425.0,75.0,2926.5,0,1000000000.00,0.000000
-1400.0,75.0,2901.5,0,1000000000.00,0.000000
-1375.0,75.0,2876.6,0,1000000000.00,0.000000
-1350.0,75.0,2851.6,0,1000000000.00,0.000000
-1325.0,75.0,2826.6,0,1000000000.00,0.000000
-1300.0,75.0,2801.6,0,1000000000.00,0.000000
-1275.0,75.0,2776.6,0,1000000000.00,0.000000
-1250.0,75.0,2751.6,0,1000000000.00,0.000000
-1225.0,75.0,2726.6,0,1000000000.00,0.000000
-1200.0,75.0,2701.7,0,1000000000.00,0.000000
-1175.0,75.0,2676.7,0,1000000000.00,0.000000
-1150.0,75.0,2651.7,0,1000000000.00,0.000000
-1125.0,75.0,2626.7,0,1000000000.00,0.000000
-1100.0,75.0,2601.7,0,1000000000.00,0.000000
-1075.0,75.0,2576.8,0,1000000000.00,0.000000
-1050.0,75.0,2551.8,0,1000000000.00,0.000000
-1025.0,75.0,2526.8,0,1000000000.00,0.000000
-1000.0,75.0,2501.8,0,1000000000.00,0.000000
-975.0,75.0,2476.8,0,1000000000.00,0.000000
-950.0,75.0,2451.9,0,1000000000.00,0.000000
-925.0,75.0,2426.9,0,1000000000.00,0.000000
-900.0,75.0,2401.9,0,1000000000.00,0.000000
-875.0,75.0,2376.9,0,1000000000.00,0.000000
-850.0,75.0,2351.9,0,1000000000.00,0.000000
-825.0,75.0,2327.0,0,1000000000.00,0.000000
-800.0,75.0,2302.0,0,1000000000.00,0.000000
-775.0,75.0,2277.0,0,1000000000.00,0.000000
-750.0,75.0,2252.0,0,1000000000.00,0.000000
-725.0,75.0,2227.1,0,1000000000.00,0.000000
-700.0,75.0,2202.1,0,1000000000.00,0.000000
-675.0,75.0,2177.1,0,1000000000.00,0.000000
-650.0,75.0,2152.2,0,1000000000.00,0.000000
-625.0,75.0,2127.2,0,1000000000.00,0.000000
-600.0,75.0,2102.2,0,1000000000.00,0.000000
-575.0,75.0,2077.2,0,1000000000.00,0.000000
-550.0,75.0,2052.3,0,1000000000.00,0.000000
-525.0,75.0,2027.3,0,1000000000.00,0.000000
-500.0,75.0,2002.3,0,1000000000.00,0.000000
-475.0,75.0,1977.4,0,1000000000.00,0.000000
-450.0,75.0,1952.4,0,1000000000.00,0.000000
-425.0,75.0,1927.4,0,1000000000.00,0.000000
-400.0,75.0,1902.5,0,1000000000.00,0.000000
-375.0,75.0,1877.5,0,1000000000.00,0.000000
-350.0,75.0,1852.5,0,1000000000.00,0.000000
-325.0,75.0,1827.6,0,1000000000.00,0.000000
-300.0,75.0,1802.6,0,1000000000.00,0.000000
-275.0,75.0,1777.7,0,1000000000.00,0.000000
-250.0,75.0,1752.7,0,1000000000.00,0.000000
-225.0,75.0,1727.7,0,1000000000.00,0.000000
-200.0,75.0,1702.8,0,1000000000.00,0.000000
-175.0,75.0,1677.8,0,1000000000.00,0.000000
-150.0,75.0,1652.9,0,1000000000.00,0.000000
-125.0,75.0,1627.9,0,1000000000.00,0.000000
-100.0,75.0,1603.0,0,1000000000.00,0.000000
-75.0,75.0,1578.0,0,1000000000.00,0.000000
-50.0,75.0,1553.1,0,1000000000.00,0.000000
-25.0,75.0,1528.1,0,1000000000.00,0.000000
0.0,75.0,1503.2,0,1000000000.00,0.000000
25.0,75.0,1478.2,0,1000000000.00,0.000000
50.0,75.0,1453.3,0,1000000000.00,0.000000
75.0,75.0,1428.4,0,1000000000.00,0.000000
100.0,75.0,1403.4,0,1000000000.00,0.000000
125.0,75.0,1378.5,0,1000000000.00,0.000000
150.0,75.0,1353.6,0,1000000000.00,0.000000
175.0,75.0,1328.6,0,1000000000.00,0.000000
200.0,75.0,1303.7,0,1000000000.00,0.000000
225.0,75.0,1278.8,0,1000000000.00,0.000000
250.0,75.0,1253.9,0,1000000000.00,0.000000
275.0,75.0,1228.9,0,1000000000.00,0.000000
300.0,75.0,1204.0,0,1000000000.00,0.000000
325.0,75.0,1179.1,0,1000000000.00,0.000000
350.0,75.0,1154.2,0,1000000000.00,0.000000
375.0,75.0,1129.3,0,1000000000.00,0.000000
400.0,75.0,1104.4,0,1000000000.00,0.000000
425.0,75.0,1079.5,0,1000000000.00,0.000000
450.0,75.0,1054.6,0,1000000000.00,0.000000
475.0,75.0,1029.8,0,1000000000.00,0.000000
500.0,75.0,1004.9,0,1000000000.00,0.000000
525.0,75.0,980.0,1,63224.39,0.002121
550.0,75.0,955.1,1,29311.53,0.004574
575.0,75.0,930.3,1,220445.27,0.000608
600.0,75.0,905.4,1,45375.90,0.002955
625.0,75.0,880.6,1,24442.23,0.005486
650.0,75.0,855.8,1,16315.02,0.008218
675.0,75.0,831.0,1,12000.64,0.011173
700.0,75.0,806.1,1,9329.37,0.014372
725.0,75.0,781.4,1,7515.25,0.017841
750.0,75.0,756.6,1,6204.68,0.021610
775.0,75.0,773.7,1,5215.02,0.025711
800.0,75.0,798.5,1,4442.45,0.030182
825.0,75.0,823.4,1,3823.57,0.035068
850.0,75.0,848.3,1,3317.46,0.040417
875.0,75.0,873.2,1,2896.57,0.046290
900.0,75.0,898.1,1,2541.63,0.052755
925.0,75.0,923.1,1,2238.79,0.059891
950.0,75.0,948.0,1,1977.80,0.067794
975.0,75.0,972.9,1,1750.97,0.076577
1000.0,75.0,997.8,1,1552.34,0.086375
1025.0,75.0,1022.8,0,1000000000.00,0.000000
1050.0,75.0,1047.7,0,1000000000.00,0.000000
1075.0,75.0,1072.6,0,1000000000.00,0.000000
1100.0,75.0,1097.6,0,1000000000.00,0.000000
1125.0,75.0,1122.5,0,1000000000.00,0.000000
1150.0,75.0,1147.5,0,1000000000.00,0.000000
1175.0,75.0,1172.4,0,1000000000.00,0.000000
1200.0,75.0,1197.4,0,1000000000.00,0.000000
1225.0,75.0,1222.3,0,1000000000.00,0.000000
1250.0,75.0,1247.3,0,1000000000.00,0.000000
1275.0,75.0,1272.2,0,1000000000.00,0.000000
1300.0,75.0,1297.2,0,1000000000.00,0.000000
1325.0,75.0,1322.1,0,1000000000.00,0.000000
1350.0,75.0,1347.1,0,1000000000.00,0.000000
1375.0,75.0,1372.1,0,1000000000.00,0.000000
1400.0,75.0,1397.0,0,1000000000.00,0.000000
1425.0,75.0,1422.0,0,1000000000.00,0.000000
1450.0,75.0,1447.0,0,1000000000.00,0.000000
1475.0,75.0,1471.9,0,1000000000.00,0.000000
1500.0,75.0,1496.9,0,1000000000.00,0.000000
1525.0,75.0,1521.9,0,1000000000.00,0.000000
1550.0,75.0,1546.8,0,1000000000.00,0.000000
1575.0,75.0,1571.8,0,1000000000.00,0.000000
1600.0,75.0,1596.8,0,1000000000.00,0.000000
1625.0,75.0,1621.7,0,1000000000.00,0.000000
1650.0,75.0,1646.7,0,1000000000.00,0.000000
1675.0,75.0,1671.7,0,1000000000.00,0.000000
1700.0,75.0,1696.7,0,1000000000.00,0.000000
1725.0,75.0,1721.6,0,1000000000.00,0.000000
1750.0,75.0,1746.6,0,1000000000.00,0.000000
1775.0,75.0,1771.6,0,1000000000.00,0.000000
1800.0,75.0,1796.6,0,1000000000.00,0.000000
-1800.0,100.0,3302.2,0,1000000000.00,0.000000
-1775.0,100.0,3277.2,0,1000000000.00,0.000000
-1750.0,100.0,3252.2,0,1000000000.00,0.000000
-1725.0,100.0,3227.2,0,1000000000.00,0.000000
-1700.0,100.0,3202.3,0,1000000000.00,0.000000
-1675.0,100.0,3177.3,0,1000000000.00,0.000000
-1650.0,100.0,3152.3,0,1000000000.00,0.000000
-1625.0,100.0,3127.3,0,1000000000.00,0.000000
-1600.0,100.0,3102.3,0,1000000000.00,0.000000
-1575.0,100.0,3077.4,0,1000000000.00,0.000000
-1550.0,100.0,3052.4,0,1000000000.00,0.000000
-1525.0,100.0,3027.4,0,1000000000.00,0.000000
-1500.0,100.0,3002.4,0,1000000000.00,0.000000
-1475.0,100.0,2977.4,0,1000000000.00,0.000000
-1450.0,100.0,2952.5,0,1000000000.00,0.000000
-1425.0,100.0,2927.5,0,1000000000.00,0.000000
-1400.0,100.0,2902.5,0,1000000000.00,0.000000
-1375.0,100.0,2877.5,0,1000000000.00,0.000000
-1350.0,100.0,2852.6,0,1000000000.00,0.000000
-1325.0,100.0,2827.6,0,1000000000.00,0.000000
-1300.0,100.0,2802.6,0,1000000000.00,0.000000
-1275.0,100.0,2777.6,0,1000000000.00,0.000000
-1250.0,100.0,2752.7,0,1000000000.00,0.000000
-1225.0,100.0,2727.7,0,1000000000.00,0.000000
-1200.0,100.0,2702.7,0,1000000000.00,0.000000
-1175.0,100.0,2677.7,0,1000000000.00,0.000000
-1150.0,100.0,2652.8,0,1000000000.00,0.000000
-1125.0,100.0,2627.8,0,1000000000.00,0.000000
-1100.0,100.0,2602.8,0,1000000000.00,0.000000
-1075.0,100.0,2577.9,0,1000000000.00,0.000000
-1050.0,100.0,2552.9,0,1000000000.00,0.000000
-1025.0,100.0,2527.9,0,1000000000.00,0.000000
-1000.0,100.0,2503.0,0,1000000000.00,0.000000
-975.0,100.0,2478.0,0,1000000000.00,0.000000
-950.0,100.0,2453.0,0,1000000000.00,0.000000
-925.0,100.0,2428.1,0,1000000000.00,0.000000
-900.0,100.0,2403.1,0,1000000000.00,0.000000
-875.0,100.0,2378.1,0,1000000000.00,0.000000
-850.0,100.0,2353.2,0,1000000000.00,0.000000
-825.0,100.0,2328.2,0,1000000000.00,0.000000
-800.0,100.0,2303.2,0,1000000000.00,0.000000
-775.0,100.0,2278.3,0,1000000000.00,0.000000
-750.0,100.0,2253.3,0,1000000000.00,0.000000
-725.0,100.0,2228.3,0,1000000000.00,0.000000
-700.0,100.0,2203.4,0,1000000000.00,0.000000
-675.0,100.0,2178.4,0,1000000000.00,0.000000
-650.0,100.0,2153.5,0,1000000000.00,0.000000
-625.0,100.0,2128.5,0,1000000000.00,0.000000
-600.0,100.0,2103.6,0,1000000000.00,0.000000
-575.0,100.0,2078.6,0,1000000000.00,0.000000
-550.0,100.0,2053.7,0,1000000000.00,0.000000
-525.0,100.0,2028.7,0,1000000000.00,0.000000
-500.0,100.0,2003.7,0,1000000000.00,0.000000
-475.0,100.0,1978.8,0,1000000000.00,0.000000
-450.0,100.0,1953.9,0,1000000000.00,0.000000
-425.0,100.0,1928.9,0,1000000000.00,0.000000
-400.0,100.0,1904.0,0,1000000000.00,0.000000
-375.0,100.0,1879.0,0,1000000000.00,0.000000
-350.0,100.0,1854.1,0,1000000000.00,0.000000
-325.0,100.0,1829.1,0,1000000000.00,0.000000
-300.0,100.0,1804.2,0,1000000000.00,0.000000
-275.0,100.0,1779.3,0,1000000000.00,0.000000
-250.0,100.0,1754.3,0,1000000000.00,0.000000
-225.0,100.0,1729.4,0,1000000000.00,0.000000
-200.0,100.0,1704.4,0,1000000000.00,0.000000
-175.0,100.0,1679.5,0,1000000000.00,0.000000
-150.0,100.0,1654.6,0,1000000000.00,0.000000
-125.0,100.0,1629.7,0,1000000000.00,0.000000
-100.0,100.0,1604.7,0,1000000000.00,0.000000
-75.0,100.0,1579.8,0,1000000000.00,0.000000
-50.0,100.0,1554.9,0,1000000000.00,0.000000
-25.0,100.0,1530.0,0,1000000000.00,0.000000
0.0,100.0,1505.1,0,1000000000.00,0.000000
25.0,100.0,1480.2,0,1000000000.00,0.000000
50.0,100.0,1455.3,0,1000000000.00,0.000000
75.0,100.0,1430.3,0,1000000000.00,0.000000
100.0,100.0,1405.4,0,1000000000.00,0.000000
125.0,100.0,1380.5,0,1000000000.00,0.000000
150.0,100.0,1355.7,0,1000000000.00,0.000000
175.0,100.0,1330.8,0,1000000000.00,0.000000
200.0,100.0,1305.9,0,1000000000.00,0.000000
225.0,100.0,1281.0,0,1000000000.00,0.000000
250.0,100.0,1256.1,0,1000000000.00,0.000000
275.0,100.0,1231.3,0,1000000000.00,0.000000
300.0,100.0,1206.4,0,1000000000.00,0.000000
325.0,100.0,1181.5,0,1000000000.00,0.000000
350.0,100.0,1156.7,0,1000000000.00,0.000000
375.0,100.0,1131.8,0,1000000000.00,0.000000
400.0,100.0,1107.0,0,1000000000.00,0.000000
425.0,100.0,1082.2,0,1000000000.00,0.000000
450.0,100.0,1057.3,0,1000000000.00,0.000000
475.0,100.0,1032.5,0,1000000000.00,0.000000
500.0,100.0,1007.7,0,1000000000.00,0.000000
525.0,100.0,982.9,1,3722.60,0.036019
550.0,100.0,958.1,1,3395.47,0.039489
575.0,100.0,933.3,1,3103.87,0.043199
600.0,100.0,908.6,1,2842.58,0.047170
625.0,100.0,883.8,1,2607.32,0.051426
650.0,100.0,859.1,1,2394.62,0.055994
675.0,100.0,834.4,1,2201.56,0.060904
700.0,100.0,809.7,1,2025.74,0.066190
725.0,100.0,785.0,1,1865.11,0.071890
750.0,100.0,760.3,1,1717.95,0.078049
775.0,100.0,776.5,1,1582.77,0.084714
800.0,100.0,801.3,1,1458.32,0.091944
825.0,100.0,826.1,1,1343.49,0.099802
850.0,100.0,850.9,1,1237.34,0.108364
875.0,100.0,875.7,1,1139.04,0.117716
900.0,100.0,900.6,1,1047.86,0.127959
925.0,100.0,925.4,1,963.17,0.139211
950.0,100.0,950.3,1,884.39,0.151610
975.0,100.0,975.2,1,811.04,0.165323
1000.0,100.0,1000.0,0,1000000000.00,0.000000
1025.0,100.0,1024.9,0,1000000000.00,0.000000
1050.0,100.0,1049.8,0,1000000000.00,0.000000
1075.0,100.0,1074.7,0,1000000000.00,0.000000
1100.0,100.0,1099.6,0,1000000000.00,0.000000
1125.0,100.0,1124.5,0,1000000000.00,0.000000
1150.0,100.0,1149.4,0,1000000000.00,0.000000
1175.0,100.0,1174.3,0,1000000000.00,0.000000
1200.0,100.0,1199.2,0,1000000000.00,0.000000
1225.0,100.0,1224.1,0,1000000000.00,0.000000
1250.0,100.0,1249.0,0,1000000000.00,0.000000
1275.0,100.0,1273.9,0,1000000000.00,0.000000
1300.0,100.0,1298.9,0,1000000000.00,0.000000
1325.0,100.0,1323.8,0,1000000000.00,0.000000
1350.0,100.0,1348.7,0,1000000000.00,0.000000
1375.0,100.0,1373.7,0,1000000000.00,0.000000
1400.0,100.0,1398.6,0,1000000000.00,0.000000
1425.0,100.0,1423.5,0,1000000000.00,0.000000
1450.0,100.0,1448.5,0,1000000000.00,0.000000
1475.0,100.0,1473.4,0,1000000000.00,0.000000
1500.0,100.0,1498.3,0,1000000000.00,0.000000
1525.0,100.0,1523.3,0,1000000000.00,0.000000
1550.0,100.0,1548.2,0,1000000000.00,0.000000
1575.0,100.0,1573.2,0,1000000000.00,0.000000
1600.0,100.0,1598.1,0,1000000000.00,0.000000
1625.0,100.0,1623.1,0,1000000000.00,0.000000
1650.0,100.0,1648.0,0,1000000000.00,0.000000
1675.0,100.0,1673.0,0,1000000000.00,0.000000
1700.0,100.0,1698.0,0,1000000000.00,0.000000
1725.0,100.0,1722.9,0,1000000000.00,0.000000
1750.0,100.0,1747.9,0,1000000000.00,0.000000
1775.0,100.0,1772.8,0,1000000000.00,0.000000
1800.0,100.0,1797.8,0,1000000000.00,0.000000
-1800.0,125.0,3303.2,0,1000000000.00,0.000000
-1775.0,125.0,3278.3,0,1000000000.00,0.000000
-1750.0,125.0,3253.3,0,1000000000.00,0.000000
-1725.0,125.0,3228.3,0,1000000000.00,0.000000
-1700.0,125.0,3203.3,0,1000000000.00,0.000000
-1675.0,125.0,3178.4,0,1000000000.00,0.000000
-1650.0,125.0,3153.4,0,1000000000.00,0.000000
-1625.0,125.0,3128.4,0,1000000000.00,0.000000
-1600.0,125.0,3103.5,0,1000000000.00,0.000000
-1575.0,125.0,3078.5,0,1000000000.00,0.000000
-1550.0,125.0,3053.5,0,1000000000.00,0.000000
-1525.0,125.0,3028.5,0,1000000000.00,0.000000
-1500.0,125.0,3003.6,0,1000000000.00,0.000000
-1475.0,125.0,2978.6,0,1000000000.00,0.000000
-1450.0,125.0,2953.6,0,1000000000.00,0.000000
-1425.0,125.0,2928.7,0,1000000000.00,0.000000
-1400.0,125.0,2903.7,0,1000000000.00,0.000000
-1375.0,125.0,2878.7,0,1000000000.00,0.000000
-1350.0,125.0,2853.8,0,1000000000.00,0.000000
-1325.0,125.0,2828.8,0,1000000000.00,0.000000
-1300.0,125.0,2803.9,0,1000000000.00,0.000000
-1275.0,125.0,2778.9,0,1000000000.00,0.000000
-1250.0,125.0,2753.9,0,1000000000.00,0.000000
-1225.0,125.0,2729.0,0,1000000000.00,0.000000
-1200.0,125.0,2704.0,0,1000000000.00,0.000000
-1175.0,125.0,2679.0,0,1000000000.00,0.000000
-1150.0,125.0,2654.1,0,1000000000.00,0.000000
-1125.0,125.0,2629.1,0,1000000000.00,0.000000
-1100.0,125.0,2604.2,0,1000000000.00,0.000000
-1075.0,125.0,2579.2,0,1000000000.00,0.000000
-1050.0,125.0,2554.2,0,1000000000.00,0.000000
-1025.0,125.0,2529.3,0,1000000000.00,0.000000
-1000.0,125.0,2504.3,0,1000000000.00,0.000000
-975.0,125.0,2479.4,0,1000000000.00,0.000000
-950.0,125.0,2454.4,0,1000000000.00,0.000000
-925.0,125.0,2429.5,0,1000000000.00,0.000000
-900.0,125.0,2404.5,0,1000000000.00,0.000000
-875.0,125.0,2379.6,0,1000000000.00,0.000000
-850.0,125.0,2354.6,0,1000000000.00,0.000000
-825.0,125.0,2329.7,0,1000000000.00,0.000000
-800.0,125.0,2304.7,0,1000000000.00,0.000000
-775.0,125.0,2279.8,0,1000000000.00,0.000000
-750.0,125.0,2254.8,0,1000000000.00,0.000000
-725.0,125.0,2229.9,0,1000000000.00,0.000000
-700.0,125.0,2205.0,0,1000000000.00,0.000000
-675.0,125.0,2180.0,0,1000000000.00,0.000000
-650.0,125.0,2155.1,0,1000000000.00,0.000000
-625.0,125.0,2130.1,0,1000000000.00,0.000000
-600.0,125.0,2105.2,0,1000000000.00,0.000000
-575.0,125.0,2080.3,0,1000000000.00,0.000000
-550.0,125.0,2055.3,0,1000000000.00,0.000000
-525.0,125.0,2030.4,0,1000000000.00,0.000000
-500.0,125.0,2005.5,0,1000000000.00,0.000000
-475.0,125.0,1980.5,0,1000000000.00,0.000000
-450.0,125.0,1955.6,0,1000000000.00,0.000000
-425.0,125.0,1930.7,0,1000000000.00,0.000000
-400.0,125.0,1905.8,0,1000000000.00,0.000000
-375.0,125.0,1880.9,0,1000000000.00,0.000000
-350.0,125.0,1855.9,0,1000000000.00,0.000000
-325.0,125.0,1831.0,0,1000000000.00,0.000000
-300.0,125.0,1806.1,0,1000000000.00,0.000000
-275.0,125.0,1781.2,0,1000000000.00,0.000000
-250.0,125.0,1756.3,0,1000000000.00,0.000000
-225.0,125.0,1731.4,0,1000000000.00,0.000000
-200.0,125.0,1706.5,0,1000000000.00,0.000000
-175.0,125.0,1681.6,0,1000000000.00,0.000000
-150.0,125.0,1656.7,0,1000000000.00,0.000000
-125.0,125.0,1631.8,0,1000000000.00,0.000000
-100.0,125.0,1606.9,0,1000000000.00,0.000000
-75.0,125.0,1582.0,0,1000000000.00,0.000000
-50.0,125.0,1557.1,0,1000000000.00,0.000000
-25.0,125.0,1532.2,0,1000000000.00,0.000000
0.0,125.0,1507.4,0,1000000000.00,0.000000
25.0,125.0,1482.5,0,1000000000.00,0.000000
50.0,125.0,1457.6,0,1000000000.00,0.000000
75.0,125.0,1432.8,0,1000000000.00,0.000000
100.0,125.0,1407.9,0,1000000000.00,0.000000
125.0,125.0,1383.1,0,1000000000.00,0.000000
150.0,125.0,1358.2,0,1000000000.00,0.000000
175.0,125.0,1333.4,0,1000000000.00,0.000000
200.0,125.0,1308.5,0,1000000000.00,0.000000
225.0,125.0,1283.7,0,1000000000.00,0.000000
250.0,125.0,1258.9,0,1000000000.00,0.000000
275.0,125.0,1234.1,0,1000000000.00,0.000000
300.0,125.0,1209.3,0,1000000000.00,0.000000
325.0,125.0,1184.5,0,1000000000.00,0.000000
350.0,125.0,1159.7,0,1000000000.00,0.000000
375.0,125.0,1134.9,0,1000000000.00,0.000000
400.0,125.0,1110.1,0,1000000000.00,0.000000
425.0,125.0,1085.4,0,1000000000.00,0.000000
450.0,125.0,1060.6,0,1000000000.00,0.000000
475.0,125.0,1035.9,0,1000000000.00,0.000000
500.0,125.0,1011.1,0,1000000000.00,0.000000
525.0,125.0,986.4,1,1778.21,0.075404
550.0,125.0,961.7,1,1669.81,0.080299
575.0,125.0,937.0,1,1567.92,0.085516
600.0,125.0,912.4,1,1472.06,0.091085
625.0,125.0,887.7,1,1381.77,0.097038
650.0,125.0,863.1,1,1296.64,0.103408
675.0,125.0,838.5,1,1216.33,0.110236
700.0,125.0,813.9,1,1140.49,0.117567
725.0,125.0,789.4,1,1068.82,0.125450
750.0,125.0,764.9,1,1001.05,0.133943
775.0,125.0,780.1,1,936.92,0.143110
800.0,125.0,804.8,1,876.22,0.153025
825.0,125.0,829.5,1,818.72,0.163771
850.0,125.0,854.2,1,764.24,0.175446
875.0,125.0,878.9,1,712.60,0.188161
900.0,125.0,903.7,1,663.63,0.202047
925.0,125.0,928.5,1,617.18,0.217252
950.0,125.0,953.2,1,573.11,0.233956
975.0,125.0,978.0,1,531.30,0.252366
1000.0,125.0,1002.8,0,1000000000.00,0.000000
1025.0,125.0,1027.6,0,1000000000.00,0.000000
1050.0,125.0,1052.5,0,1000000000.00,0.000000
1075.0,125.0,1077.3,0,1000000000.00,0.000000
1100.0,125.0,1102.1,0,1000000000.00,0.000000
1125.0,125.0,1127.0,0,1000000000.00,0.000000
1150.0,125.0,1151.8,0,1000000000.00,0.000000
1175.0,125.0,1176.7,0,1000000000.00,0.000000
1200.0,125.0,1201.5,0,1000000000.00,0.000000
1225.0,125.0,1226.4,0,1000000000.00,0.000000
1250.0,125.0,1251.3,0,1000000000.00,0.000000
1275.0,125.0,1276.1,0,1000000000.00,0.000000
1300.0,125.0,1301.0,0,1000000000.00,0.000000
1325.0,125.0,1325.9,0,1000000000.00,0.000000
1350.0,125.0,1350.8,0,1000000000.00,0.000000
1375.0,125.0,1375.7,0,1000000000.00,0.000000
1400.0,125.0,1400.6,0,1000000000.00,0.000000
1425.0,125.0,1425.5,0,1000000000.00,0.000000
1450.0,125.0,1450.4,0,1000000000.00,0.000000
1475.0,125.0,1475.3,0,1000000000.00,0.000000
1500.0,125.0,1500.2,0,1000000000.00,0.000000
1525.0,125.0,1525.1,0,1000000000.00,0.000000
1550.0,125.0,1550.1,0,1000000000.00,0.000000
1575.0,125.0,1575.0,0,1000000000.00,0.000000
1600.0,125.0,1599.9,0,1000000000.00,0.000000
1625.0,125.0,1624.8,0,1000000000.00,0.000000
1650.0,125.0,1649.7,0,1000000000.00,0.000000
1675.0,125.0,1674.7,0,1000000000.00,0.000000
1700.0,125.0,1699.6,0,1000000000.00,0.000000
1725.0,125.0,1724.5,0,1000000000.00,0.000000
1750.0,125.0,1749.5,0,1000000000.00,0.000000
1775.0,125.0,1774.4,0,1000000000.00,0.000000
1800.0,125.0,1799.4,0,1000000000.00,0.000000
-1800.0,150.0,3304.5,0,1000000000.00,0.000000
-1775.0,150.0,3279.5,0,1000000000.00,0.000000
-1750.0,150.0,3254.5,0,1000000000.00,0.000000
-1725.0,150.0,3229.6,0,1000000000.00,0.000000
-1700.0,150.0,3204.6,0,1000000000.00,0.000000
-1675.0,150.0,3179.7,0,1000000000.00,0.000000
-1650.0,150.0,3154.7,0,1000000000.00,0.000000
-1625.0,150.0,3129.7,0,1000000000.00,0.000000
-1600.0,150.0,3104.8,0,1000000000.00,0.000000
-1575.0,150.0,3079.8,0,1000000000.00,0.000000
-1550.0,150.0,3054.9,0,1000000000.00,0.000000
-1525.0,150.0,3029.9,0,1000000000.00,0.000000
-1500.0,150.0,3004.9,0,1000000000.00,0.000000
-1475.0,150.0,2980.0,0,1000000000.00,0.000000
-1450.0,150.0,2955.0,0,1000000000.00,0.000000
-1425.0,150.0,2930.1,0,1000000000.00,0.000000
-1400.0,150.0,2905.1,0,1000000000.00,0.000000
-1375.0,150.0,2880.2,0,1000000000.00,0.000000
-1350.0,150.0,2855.2,0,1000000000.00,0.000000
-1325.0,150.0,2830.3,0,1000000000.00,0.000000
-1300.0,150.0,2805.3,0,1000000000.00,0.000000
-1275.0,150.0,2780.4,0,1000000000.00,0.000000
-1250.0,150.0,2755.4,0,1000000000.00,0.000000
-1225.0,150.0,2730.5,0,1000000000.00,0.000000
-1200.0,150.0,2705.5,0,1000000000.00,0.000000
-1175.0,150.0,2680.6,0,1000000000.00,0.000000
-1150.0,150.0,2655.6,0,1000000000.00,0.000000
-1125.0,150.0,2630.7,0,1000000000.00,0.000000
-1100.0,150.0,2605.7,0,1000000000.00,0.000000
-1075.0,150.0,2580.8,0,1000000000.00,0.000000
-1050.0,150.0,2555.9,0,1000000000.00,0.000000
-1025.0,150.0,2530.9,0,1000000000.00,0.000000
-1000.0,150.0,2506.0,0,1000000000.00,0.000000
-975.0,150.0,2481.0,0,1000000000.00,0.000000
-950.0,150.0,2456.1,0,1000000000.00,0.000000
-925.0,150.0,2431.2,0,1000000000.00,0.000000
-900.0,150.0,2406.2,0,1000000000.00,0.000000
-875.0,150.0,2381.3,0,1000000000.00,0.000000
-850.0,150.0,2356.4,0,1000000000.00,0.000000
-825.0,150.0,2331.4,0,1000000000.00,0.000000
-800.0,150.0,2306.5,0,1000000000.00,0.000000
-775.0,150.0,2281.6,0,1000000000.00,0.000000
-750.0,150.0,2256.7,0,1000000000.00,0.000000
-725.0,150.0,2231.7,0,1000000000.00,0.000000
-700.0,150.0,2206.8,0,1000000000.00,0.000000
-675.0,150.0,2181.9,0,1000000000.00,0.000000
-650.0,150.0,2157.0,0,1000000000.00,0.000000
-625.0,150.0,2132.1,0,1000000000.00,0.000000
-600.0,150.0,2107.1,0,1000000000.00,0.000000
-575.0,150.0,2082.2,0,1000000000.00,0.000000
-550.0,150.0,2057.3,0,1000000000.00,0.000000
-525.0,150.0,2032.4,0,1000000000.00,0.000000
-500.0,150.0,2007.5,0,1000000000.00,0.000000
-475.0,150.0,1982.6,0,1000000000.00,0.000000
-450.0,150.0,1957.7,0,1000000000.00,0.000000
-425.0,150.0,1932.8,0,1000000000.00,0.000000
-400.0,150.0,1907.9,0,1000000000.00,0.000000
-375.0,150.0,1883.0,0,1000000000.00,0.000000
-350.0,150.0,1858.1,0,1000000000.00,0.000000
-325.0,150.0,1833.3,0,1000000000.00,0.000000
-300.0,150.0,1808.4,0,1000000000.00,0.000000
-275.0,150.0,1783.5,0,1000000000.00,0.000000
-250.0,150.0,1758.6,0,1000000000.00,0.000000
-225.0,150.0,1733.7,0,1000000000.00,0.000000
-200.0,150.0,1708.9,0,1000000000.00,0.000000
-175.0,150.0,1684.0,0,1000000000.00,0.000000
-150.0,150.0,1659.2,0,1000000000.00,0.000000
-125.0,150.0,1634.3,0,1000000000.00,0.000000
-100.0,150.0,1609.4,0,1000000000.00,0.000000
-75.0,150.0,1584.6,0,1000000000.00,0.000000
-50.0,150.0,1559.8,0,1000000000.00,0.000000
-25.0,150.0,1534.9,0,1000000000.00,0.000000
0.0,150.0,1510.1,0,1000000000.00,0.000000
25.0,150.0,1485.3,0,1000000000.00,0.000000
50.0,150.0,1460.4,0,1000000000.00,0.000000
75.0,150.0,1435.6,0,1000000000.00,0.000000
100.0,150.0,1410.8,0,1000000000.00,0.000000
125.0,150.0,1386.0,0,1000000000.00,0.000000
150.0,150.0,1361.2,0,1000000000.00,0.000000
175.0,150.0,1336.4,0,1000000000.00,0.000000
200.0,150.0,1311.7,0,1000000000.00,0.000000
225.0,150.0,1286.9,0,1000000000.00,0.000000
250.0,150.0,1262.1,0,1000000000.00,0.000000
275.0,150.0,1237.4,0,1000000000.00,0.000000
300.0,150.0,1212.6,0,1000000000.00,0.000000
325.0,150.0,1187.9,0,1000000000.00,0.000000
350.0,150.0,1163.2,0,1000000000.00,0.000000
375.0,150.0,1138.5,0,1000000000.00,0.000000
400.0,150.0,1113.8,0,1000000000.00,0.000000
425.0,150.0,1089.1,0,1000000000.00,0.000000
450.0,150.0,1064.5,0,1000000000.00,0.000000
475.0,150.0,1039.8,0,1000000000.00,0.000000
500.0,150.0,1015.2,0,1000000000.00,0.000000
525.0,150.0,990.6,1,1171.30,0.114474
550.0,150.0,966.0,1,1110.28,0.120765
575.0,150.0,941.4,1,1051.96,0.127460
600.0,150.0,916.9,1,996.22,0.134592
625.0,150.0,892.3,1,942.91,0.142201
650.0,150.0,867.8,1,891.93,0.150329
675.0,150.0,843.4,1,843.15,0.159026
700.0,150.0,818.9,1,796.48,0.168344
725.0,150.0,794.6,1,751.81,0.178346
750.0,150.0,770.2,1,709.06,0.189100
775.0,150.0,784.5,1,668.13,0.200684
800.0,150.0,809.0,1,628.95,0.213187
825.0,150.0,833.6,1,591.43,0.226710
850.0,150.0,858.2,1,555.51,0.241369
875.0,150.0,882.9,1,521.12,0.257296
900.0,150.0,907.5,1,488.21,0.274645
925.0,150.0,932.2,1,456.69,0.293595
950.0,150.0,956.8,1,426.54,0.314354
975.0,150.0,981.5,1,397.68,0.337164
1000.0,150.0,1006.3,0,1000000000.00,0.000000
1025.0,150.0,1031.0,0,1000000000.00,0.000000
1050.0,150.0,1055.7,0,1000000000.00,0.000000
1075.0,150.0,1080.5,0,1000000000.00,0.000000
1100.0,150.0,1105.2,0,1000000000.00,0.000000
1125.0,150.0,1130.0,0,1000000000.00,0.000000
1150.0,150.0,1154.8,0,1000000000.00,0.000000
1175.0,150.0,1179.6,0,1000000000.00,0.000000
1200.0,150.0,1204.4,0,1000000000.00,0.000000
1225.0,150.0,1229.2,0,1000000000.00,0.000000
1250.0,150.0,1254.0,0,1000000000.00,0.000000
1275.0,150.0,1278.8,0,1000000000.00,0.000000
1300.0,150.0,1303.7,0,1000000000.00,0.000000
1325.0,150.0,1328.5,0,1000000000.00,0.000000
1350.0,150.0,1353.3,0,1000000000.00,0.000000
1375.0,150.0,1378.2,0,1000000000.00,0.000000
1400.0,150.0,1403.1,0,1000000000.00,0.000000
1425.0,150.0,1427.9,0,1000000000.00,0.000000
1450.0,150.0,1452.8,0,1000000000.00,0.000000
1475.0,150.0,1477.6,0,1000000000.00,0.000000
1500.0,150.0,1502.5,0,1000000000.00,0.000000
1525.0,150.0,1527.4,0,1000000000.00,0.000000
1550.0,150.0,1552.3,0,1000000000.00,0.000000
1575.0,150.0,1577.2,0,1000000000.00,0.000000
1600.0,150.0,1602.0,0,1000000000.00,0.000000
1625.0,150.0,1626.9,0,1000000000.00,0.000000
1650.0,150.0,1651.8,0,1000000000.00,0.000000
1675.0,150.0,1676.7,0,1000000000.00,0.000000
1700.0,150.0,1701.6,0,1000000000.00,0.000000
1725.0,150.0,1726.5,0,1000000000.00,0.000000
1750.0,150.0,1751.4,0,1000000000.00,0.000000
1775.0,150.0,1776.4,0,1000000000.00,0.000000
1800.0,150.0,1801.3,0,1000000000.00,0.000000
-1800.0,175.0,3305.9,0,1000000000.00,0.000000
-1775.0,175.0,3280.9,0,1000000000.00,0.000000
-1750.0,175.0,3256.0,0,1000000000.00,0.000000
-1725.0,175.0,3231.0,0,1000000000.00,0.000000
-1700.0,175.0,3206.1,0,1000000000.00,0.000000
-1675.0,175.0,3181.1,0,1000000000.00,0.000000
-1650.0,175.0,3156.2,0,1000000000.00,0.000000
-1625.0,175.0,3131.2,0,1000000000.00,0.000000
-1600.0,175.0,3106.3,0,1000000000.00,0.000000
-1575.0,175.0,3081.3,0,1000000000.00,0.000000
-1550.0,175.0,3056.4,0,1000000000.00,0.000000
-1525.0,175.0,3031.5,0,1000000000.00,0.000000
-1500.0,175.0,3006.5,0,1000000000.00,0.000000
-1475.0,175.0,2981.6,0,1000000000.00,0.000000
-1450.0,175.0,2956.6,0,1000000000.00,0.000000
-1425.0,175.0,2931.7,0,1000000000.00,0.000000
-1400.0,175.0,2906.7,0,1000000000.00,0.000000
-1375.0,175.0,2881.8,0,1000000000.00,0.000000
-1350.0,175.0,2856.9,0,1000000000.00,0.000000
-1325.0,175.0,2831.9,0,1000000000.00,0.000000
-1300.0,175.0,2807.0,0,1000000000.00,0.000000
-1275.0,175.0,2782.1,0,1000000000.00,0.000000
-1250.0,175.0,2757.1,0,1000000000.00,0.000000
-1225.0,175.0,2732.2,0,1000000000.00,0.000000
-1200.0,175.0,2707.3,0,1000000000.00,0.000000
-1175.0,175.0,2682.3,0,1000000000.00,0.000000
-1150.0,175.0,2657.4,0,1000000000.00,0.000000
-1125.0,175.0,2632.5,0,1000000000.00,0.000000
-1100.0,175.0,2607.5,0,1000000000.00,0.000000
-1075.0,175.0,2582.6,0,1000000000.00,0.000000
-1050.0,175.0,2557.7,0,1000000000.00,0.000000
-1025.0,175.0,2532.8,0,1000000000.00,0.000000
-1000.0,175.0,2507.9,0,1000000000.00,0.000000
-975.0,175.0,2482.9,0,1000000000.00,0.000000
-950.0,175.0,2458.0,0,1000000000.00,0.000000
-925.0,175.0,2433.1,0,1000000000.00,0.000000
-900.0,175.0,2408.2,0,1000000000.00,0.000000
-875.0,175.0,2383.3,0,1000000000.00,0.000000
-850.0,175.0,2358.4,0,1000000000.00,0.000000
-825.0,175.0,2333.5,0,1000000000.00,0.000000
-800.0,175.0,2308.6,0,1000000000.00,0.000000
-775.0,175.0,2283.7,0,1000000000.00,0.000000
-750.0,175.0,2258.7,0,1000000000.00,0.000000
-725.0,175.0,2233.8,0,1000000000.00,0.000000
-700.0,175.0,2209.0,0,1000000000.00,0.000000
-675.0,175.0,2184.1,0,1000000000.00,0.000000
-650.0,175.0,2159.2,0,1000000000.00,0.000000
-625.0,175.0,2134.3,0,1000000000.00,0.000000
-600.0,175.0,2109.4,0,1000000000.00,0.000000
-575.0,175.0,2084.5,0,1000000000.00,0.000000
-550.0,175.0,2059.6,0,1000000000.00,0.000000
-525.0,175.0,2034.7,0,1000000000.00,0.000000
-500.0,175.0,2009.9,0,1000000000.00,0.000000
-475.0,175.0,1985.0,0,1000000000.00,0.000000
-450.0,175.0,1960.1,0,1000000000.00,0.000000
-425.0,175.0,1935.3,0,1000000000.00,0.000000
-400.0,175.0,1910.4,0,1000000000.00,0.000000
-375.0,175.0,1885.5,0,1000000000.00,0.000000
-350.0,175.0,1860.7,0,1000000000.00,0.000000
-325.0,175.0,1835.8,0,1000000000.00,0.000000
-300.0,175.0,1811.0,0,1000000000.00,0.000000
-275.0,175.0,1786.1,0,1000000000.00,0.000000
-250.0,175.0,1761.3,0,1000000000.00,0.000000
-225.0,175.0,1736.5,0,1000000000.00,0.000000
-200.0,175.0,1711.6,0,1000000000.00,0.000000
-175.0,175.0,1686.8,0,1000000000.00,0.000000
-150.0,175.0,1662.0,0,1000000000.00,0.000000
-125.0,175.0,1637.2,0,1000000000.00,0.000000
-100.0,175.0,1612.4,0,1000000000.00,0.000000
-75.0,175.0,1587.6,0,1000000000.00,0.000000
-50.0,175.0,1562.8,0,1000000000.00,0.000000
-25.0,175.0,1538.0,0,1000000000.00,0.000000
0.0,175.0,1513.2,0,1000000000.00,0.000000
25.0,175.0,1488.4,0,1000000000.00,0.000000
50.0,175.0,1463.7,0,1000000000.00,0.000000
75.0,175.0,1438.9,0,1000000000.00,0.000000
100.0,175.0,1414.2,0,1000000000.00,0.000000
125.0,175.0,1389.4,0,1000000000.00,0.000000
150.0,175.0,1364.7,0,1000000000.00,0.000000
175.0,175.0,1340.0,0,1000000000.00,0.000000
200.0,175.0,1315.2,0,1000000000.00,0.000000
225.0,175.0,1290.5,0,1000000000.00,0.000000
250.0,175.0,1265.9,0,1000000000.00,0.000000
275.0,175.0,1241.2,0,1000000000.00,0.000000
300.0,175.0,1216.5,0,1000000000.00,0.000000
325.0,175.0,1191.9,0,1000000000.00,0.000000
350.0,175.0,1167.2,0,1000000000.00,0.000000
375.0,175.0,1142.6,0,1000000000.00,0.000000
400.0,175.0,1118.0,0,1000000000.00,0.000000
425.0,175.0,1093.4,0,1000000000.00,0.000000
450.0,175.0,1068.9,0,1000000000.00,0.000000
475.0,175.0,1044.3,0,1000000000.00,0.000000
500.0,175.0,1019.8,0,1000000000.00,0.000000
525.0,175.0,995.3,1,875.53,0.153146
550.0,175.0,970.8,1,833.85,0.160799
575.0,175.0,946.4,1,793.71,0.168932
600.0,175.0,922.0,1,755.04,0.177584
625.0,175.0,897.6,1,717.79,0.186800
650.0,175.0,873.3,1,681.90,0.196632
675.0,175.0,849.0,1,647.32,0.207135
700.0,175.0,824.7,1,614.01,0.218372
725.0,175.0,800.5,1,581.92,0.230414
750.0,175.0,776.3,1,551.01,0.243339
775.0,175.0,789.7,1,521.24,0.257238
800.0,175.0,814.1,1,492.57,0.272211
825.0,175.0,838.5,1,464.96,0.288375
850.0,175.0,862.9,1,438.38,0.305860
875.0,175.0,887.4,1,412.80,0.324816
900.0,175.0,912.0,1,388.18,0.345417
925.0,175.0,936.5,1,364.49,0.367861
950.0,175.0,961.1,1,341.72,0.392379
975.0,175.0,985.7,1,319.83,0.419239
1000.0,175.0,1010.3,0,1000000000.00,0.000000
1025.0,175.0,1034.9,0,1000000000.00,0.000000
1050.0,175.0,1059.6,0,1000000000.00,0.000000
1075.0,175.0,1084.2,0,1000000000.00,0.000000
1100.0,175.0,1108.9,0,1000000000.00,0.000000
1125.0,175.0,1133.6,0,1000000000.00,0.000000
1150.0,175.0,1158.3,0,1000000000.00,0.000000
1175.0,175.0,1183.0,0,1000000000.00,0.000000
1200.0,175.0,1207.8,0,1000000000.00,0.000000
1225.0,175.0,1232.5,0,1000000000.00,0.000000
1250.0,175.0,1257.3,0,1000000000.00,0.000000
1275.0,175.0,1282.0,0,1000000000.00,0.000000
1300.0,175.0,1306.8,0,1000000000.00,0.000000
1325.0,175.0,1331.6,0,1000000000.00,0.000000
1350.0,175.0,1356.3,0,1000000000.00,0.000000
1375.0,175.0,1381.1,0,1000000000.00,0.000000
1400.0,175.0,1405.9,0,1000000000.00,0.000000
1425.0,175.0,1430.8,0,1000000000.00,0.000000
1450.0,175.0,1455.6,0,1000000000.00,0.000000
1475.0,175.0,1480.4,0,1000000000.00,0.000000
1500.0,175.0,1505.2,0,1000000000.00,0.000000
1525.0,175.0,1530.1,0,1000000000.00,0.000000
1550.0,175.0,1554.9,0,1000000000.00,0.000000
1575.0,175.0,1579.7,0,1000000000.00,0.000000
1600.0,175.0,1604.6,0,1000000000.00,0.000000
1625.0,175.0,1629.4,0,1000000000.00,0.000000
1650.0,175.0,1654.3,0,1000000000.00,0.000000
1675.0,175.0,1679.2,0,1000000000.00,0.000000
1700.0,175.0,1704.0,0,1000000000.00,0.000000
1725.0,175.0,1728.9,0,1000000000.00,0.000000
1750.0,175.0,1753.8,0,1000000000.00,0.000000
1775.0,175.0,1778.6,0,1000000000.00,0.000000
1800.0,175.0,1803.5,0,1000000000.00,0.000000
-1800.0,200.0,3307.5,0,1000000000.00,0.000000
-1775.0,200.0,3282.6,0,1000000000.00,0.000000
-1750.0,200.0,3257.6,0,1000000000.00,0.000000
-1725.0,200.0,3232.7,0,1000000000.00,0.000000
-1700.0,200.0,3207.8,0,1000000000.00,0.000000
-1675.0,200.0,3182.8,0,1000000000.00,0.000000
-1650.0,200.0,3157.9,0,1000000000.00,0.000000
-1625.0,200.0,3132.9,0,1000000000.00,0.000000
-1600.0,200.0,3108.0,0,1000000000.00,0.000000
-1575.0,200.0,3083.1,0,1000000000.00,0.000000
-1550.0,200.0,3058.1,0,1000000000.00,0.000000
-1525.0,200.0,3033.2,0,1000000000.00,0.000000
-1500.0,200.0,3008.3,0,1000000000.00,0.000000
-1475.0,200.0,2983.4,0,1000000000.00,0.000000
-1450.0,200.0,2958.4,0,1000000000.00,0.000000
-1425.0,200.0,2933.5,0,1000000000.00,0.000000
-1400.0,200.0,2908.6,0,1000000000.00,0.000000
-1375.0,200.0,2883.7,0,1000000000.00,0.000000
-1350.0,200.0,2858.7,0,1000000000.00,0.000000
-1325.0,200.0,2833.8,0,1000000000.00,0.000000
-1300.0,200.0,2808.9,0,1000000000.00,0.000000
-1275.0,200.0,2784.0,0,1000000000.00,0.000000
-1250.0,200.0,2759.1,0,1000000000.00,0.000000
-1225.0,200.0,2734.1,0,1000000000.00,0.000000
-1200.0,200.0,2709.2,0,1000000000.00,0.000000
-1175.0,200.0,2684.3,0,1000000000.00,0.000000
-1150.0,200.0,2659.4,0,1000000000.00,0.000000
-1125.0,200.0,2634.5,0,1000000000.00,0.000000
-1100.0,200.0,2609.6,0,1000000000.00,0.000000
-1075.0,200.0,2584.7,0,1000000000.00,0.000000
-1050.0,200.0,2559.8,0,1000000000.00,0.000000
-1025.0,200.0,2534.9,0,1000000000.00,0.000000
-1000.0,200.0,2510.0,0,1000000000.00,0.000000
-975.0,200.0,2485.1,0,1000000000.00,0.000000
-950.0,200.0,2460.2,0,1000000000.00,0.000000
-925.0,200.0,2435.3,0,1000000000.00,0.000000
-900.0,200.0,2410.4,0,1000000000.00,0.000000
-875.0,200.0,2385.5,0,1000000000.00,0.000000
-850.0,200.0,2360.6,0,1000000000.00,0.000000
-825.0,200.0,2335.7,0,1000000000.00,0.000000
-800.0,200.0,2310.9,0,1000000000.00,0.000000
-775.0,200.0,2286.0,0,1000000000.00,0.000000
-750.0,200.0,2261.1,0,1000000000.00,0.000000
-725.0,200.0,2236.2,0,1000000000.00,0.000000
-700.0,200.0,2211.4,0,1000000000.00,0.000000
-675.0,200.0,2186.5,0,1000000000.00,0.000000
-650.0,200.0,2161.6,0,1000000000.00,0.000000
-625.0,200.0,2136.8,0,1000000000.00,0.000000
-600.0,200.0,2111.9,0,1000000000.00,0.000000
-575.0,200.0,2087.1,0,1000000000.00,0.000000
-550.0,200.0,2062.2,0,1000000000.00,0.000000
-525.0,200.0,2037.4,0,1000000000.00,0.000000
-500.0,200.0,2012.5,0,1000000000.00,0.000000
-475.0,200.0,1987.7,0,1000000000.00,0.000000
-450.0,200.0,1962.8,0,1000000000.00,0.000000
-425.0,200.0,1938.0,0,1000000000.00,0.000000
-400.0,200.0,1913.2,0,1000000000.00,0.000000
-375.0,200.0,1888.4,0,1000000000.00,0.000000
-350.0,200.0,1863.5,0,1000000000.00,0.000000
-325.0,200.0,1838.7,0,1000000000.00,0.000000
-300.0,200.0,1813.9,0,1000000000.00,0.000000
-275.0,200.0,1789.1,0,1000000000.00,0.000000
-250.0,200.0,1764.3,0,1000000000.00,0.000000
-225.0,200.0,1739.5,0,1000000000.00,0.000000
-200.0,200.0,1714.8,0,1000000000.00,0.000000
-175.0,200.0,1690.0,0,1000000000.00,0.000000
-150.0,200.0,1665.2,0,1000000000.00,0.000000
-125.0,200.0,1640.4,0,1000000000.00,0.000000
-100.0,200.0,1615.7,0,1000000000.00,0.000000
-75.0,200.0,1590.9,0,1000000000.00,0.000000
-50.0,200.0,1566.2,0,1000000000.00,0.000000
-25.0,200.0,1541.5,0,1000000000.00,0.000000
0.0,200.0,1516.7,0,1000000000.00,0.000000
25.0,200.0,1492.0,0,1000000000.00,0.000000
50.0,200.0,1467.3,0,1000000000.00,0.000000
75.0,200.0,1442.6,0,1000000000.00,0.000000
100.0,200.0,1417.9,0,1000000000.00,0.000000
125.0,200.0,1393.3,0,1000000000.00,0.000000
150.0,200.0,1368.6,0,1000000000.00,0.000000
175.0,200.0,1343.9,0,1000000000.00,0.000000
200.0,200.0,1319.3,0,1000000000.00,0.000000
225.0,200.0,1294.7,0,1000000000.00,0.000000
250.0,200.0,1270.1,0,1000000000.00,0.000000
275.0,200.0,1245.5,0,1000000000.00,0.000000
300.0,200.0,1220.9,0,1000000000.00,0.000000
325.0,200.0,1196.3,0,1000000000.00,0.000000
350.0,200.0,1171.8,0,1000000000.00,0.000000
375.0,200.0,1147.3,0,1000000000.00,0.000000
400.0,200.0,1122.8,0,1000000000.00,0.000000
425.0,200.0,1098.3,0,1000000000.00,0.000000
450.0,200.0,1073.9,0,1000000000.00,0.000000
475.0,200.0,1049.4,0,1000000000.00,0.000000
500.0,200.0,1025.0,0,1000000000.00,0.000000
525.0,200.0,1000.7,0,1000000000.00,0.000000
550.0,200.0,976.3,1,669.36,0.200315
575.0,200.0,952.0,1,638.98,0.209839
600.0,200.0,927.8,1,609.58,0.219960
625.0,200.0,903.5,1,581.13,0.230727
650.0,200.0,879.4,1,553.61,0.242198
675.0,200.0,855.2,1,526.98,0.254436
700.0,200.0,831.1,1,501.23,0.267510
725.0,200.0,807.1,1,476.32,0.281499
750.0,200.0,783.1,1,452.23,0.296492
775.0,200.0,795.6,1,428.95,0.312587
800.0,200.0,819.8,1,406.44,0.329895
825.0,200.0,844.1,1,384.70,0.348544
850.0,200.0,868.4,1,363.69,0.368676
875.0,200.0,892.7,1,343.40,0.390455
900.0,200.0,917.1,1,323.82,0.414067
925.0,200.0,941.5,1,304.93,0.439724
950.0,200.0,966.0,1,286.70,0.467672
975.0,200.0,990.4,1,269.14,0.498192
1000.0,200.0,1014.9,0,1000000000.00,0.000000
1025.0,200.0,1039.4,0,1000000000.00,0.000000
1050.0,200.0,1064.0,0,1000000000.00,0.000000
1075.0,200.0,1088.5,0,1000000000.00,0.000000
1100.0,200.0,1113.1,0,1000000000.00,0.000000
1125.0,200.0,1137.7,0,1000000000.00,0.000000
1150.0,200.0,1162.4,0,1000000000.00,0.000000
1175.0,200.0,1187.0,0,1000000000.00,0.000000
1200.0,200.0,1211.6,0,1000000000.00,0.000000
1225.0,200.0,1236.3,0,1000000000.00,0.000000
1250.0,200.0,1261.0,0,1000000000.00,0.000000
1275.0,200.0,1285.7,0,1000000000.00,0.000000
1300.0,200.0,1310.4,0,1000000000.00,0.000000
1325.0,200.0,1335.1,0,1000000000.00,0.000000
1350.0,200.0,1359.8,0,1000000000.00,0.000000
1375.0,200.0,1384.5,0,1000000000.00,0.000000
1400.0,200.0,1409.3,0,1000000000.00,0.000000
1425.0,200.0,1434.0,0,1000000000.00,0.000000
1450.0,200.0,1458.8,0,1000000000.00,0.000000
1475.0,200.0,1483.6,0,1000000000.00,0.000000
1500.0,200.0,1508.3,0,1000000000.00,0.000000
1525.0,200.0,1533.1,0,1000000000.00,0.000000
1550.0,200.0,1557.9,0,1000000000.00,0.000000
1575.0,200.0,1582.7,0,1000000000.00,0.000000
1600.0,200.0,1607.5,0,1000000000.00,0.000000
1625.0,200.0,1632.3,0,1000000000.00,0.000000
1650.0,200.0,1657.1,0,1000000000.00,0.000000
1675.0,200.0,1681.9,0,1000000000.00,0.000000
1700.0,200.0,1706.8,0,1000000000.00,0.000000
1725.0,200.0,1731.6,0,1000000000.00,0.000000
1750.0,200.0,1756.4,0,1000000000.00,0.000000
1775.0,200.0,1781.3,0,1000000000.00,0.000000
1800.0,200.0,1806.1,0,1000000000.00,0.000000
-1800.0,225.0,3309.3,0,1000000000.00,0.000000
-1775.0,225.0,3284.4,0,1000000000.00,0.000000
-1750.0,225.0,3259.5,0,1000000000.00,0.000000
-1725.0,225.0,3234.5,0,1000000000.00,0.000000
-1700.0,225.0,3209.6,0,1000000000.00,0.000000
-1675.0,225.0,3184.7,0,1000000000.00,0.000000
-1650.0,225.0,3159.8,0,1000000000.00,0.000000
-1625.0,225.0,3134.9,0,1000000000.00,0.000000
-1600.0,225.0,3109.9,0,1000000000.00,0.000000
-1575.0,225.0,3085.0,0,1000000000.00,0.000000
-1550.0,225.0,3060.1,0,1000000000.00,0.000000
-1525.0,225.0,3035.2,0,1000000000.00,0.000000
-1500.0,225.0,3010.3,0,1000000000.00,0.000000
-1475.0,225.0,2985.4,0,1000000000.00,0.000000
-1450.0,225.0,2960.4,0,1000000000.00,0.000000
-1425.0,225.0,2935.5,0,1000000000.00,0.000000
-1400.0,225.0,2910.6,0,1000000000.00,0.000000
-1375.0,225.0,2885.7,0,1000000000.00,0.000000
-1350.0,225.0,2860.8,0,1000000000.00,0.000000
-1325.0,225.0,2835.9,0,1000000000.00,0.000000
-1300.0,225.0,2811.0,0,1000000000.00,0.000000
-1275.0,225.0,2786.1,0,1000000000.00,0.000000
-1250.0,225.0,2761.2,0,1000000000.00,0.000000
-1225.0,225.0,2736.3,0,1000000000.00,0.000000
-1200.0,225.0,2711.4,0,1000000000.00,0.000000
-1175.0,225.0,2686.5,0,1000000000.00,0.000000
-1150.0,225.0,2661.6,0,1000000000.00,0.000000
-1125.0,225.0,2636.8,0,1000000000.00,0.000000
-1100.0,225.0,2611.9,0,1000000000.00,0.000000
-1075.0,225.0,2587.0,0,1000000000.00,0.000000
-1050.0,225.0,2562.1,0,1000000000.00,0.000000
-1025.0,225.0,2537.2,0,1000000000.00,0.000000
-1000.0,225.0,2512.4,0,1000000000.00,0.000000
-975.0,225.0,2487.5,0,1000000000.00,0.000000
-950.0,225.0,2462.6,0,1000000000.00,0.000000
-925.0,225.0,2437.7,0,1000000000.00,0.000000
-900.0,225.0,2412.9,0,1000000000.00,0.000000
-875.0,225.0,2388.0,0,1000000000.00,0.000000
-850.0,225.0,2363.2,0,1000000000.00,0.000000
-825.0,225.0,2338.3,0,1000000000.00,0.000000
-800.0,225.0,2313.4,0,1000000000.00,0.000000
-775.0,225.0,2288.6,0,1000000000.00,0.000000
-750.0,225.0,2263.7,0,1000000000.00,0.000000
-725.0,225.0,2238.9,0,1000000000.00,0.000000
-700.0,225.0,2214.1,0,1000000000.00,0.000000
-675.0,225.0,2189.2,0,1000000000.00,0.000000
-650.0,225.0,2164.4,0,1000000000.00,0.000000
-625.0,225.0,2139.6,0,1000000000.00,0.000000
-600.0,225.0,2114.7,0,1000000000.00,0.000000
-575.0,225.0,2089.9,0,1000000000.00,0.000000
-550.0,225.0,2065.1,0,1000000000.00,0.000000
-525.0,225.0,2040.3,0,1000000000.00,0.000000
-500.0,225.0,2015.5,0,1000000000.00,0.000000
-475.0,225.0,1990.7,0,1000000000.00,0.000000
-450.0,225.0,1965.9,0,1000000000.00,0.000000
-425.0,225.0,1941.1,0,1000000000.00,0.000000
-400.0,225.0,1916.3,0,1000000000.00,0.000000
-375.0,225.0,1891.5,0,1000000000.00,0.000000
-350.0,225.0,1866.7,0,1000000000.00,0.000000
-325.0,225.0,1842.0,0,1000000000.00,0.000000
-300.0,225.0,1817.2,0,1000000000.00,0.000000
-275.0,225.0,1792.5,0,1000000000.00,0.000000
-250.0,225.0,1767.7,0,1000000000.00,0.000000
-225.0,225.0,1743.0,0,1000000000.00,0.000000
-200.0,225.0,1718.2,0,1000000000.00,0.000000
-175.0,225.0,1693.5,0,1000000000.00,0.000000
-150.0,225.0,1668.8,0,1000000000.00,0.000000
-125.0,225.0,1644.1,0,1000000000.00,0.000000
-100.0,225.0,1619.4,0,1000000000.00,0.000000
-75.0,225.0,1594.7,0,1000000000.00,0.000000
-50.0,225.0,1570.0,0,1000000000.00,0.000000
-25.0,225.0,1545.3,0,1000000000.00,0.000000
0.0,225.0,1520.7,0,1000000000.00,0.000000
25.0,225.0,1496.0,0,1000000000.00,0.000000
50.0,225.0,1471.4,0,1000000000.00,0.000000
75.0,225.0,1446.7,0,1000000000.00,0.000000
100.0,225.0,1422.1,0,1000000000.00,0.000000
125.0,225.0,1397.5,0,1000000000.00,0.000000
150.0,225.0,1372.9,0,1000000000.00,0.000000
175.0,225.0,1348.4,0,1000000000.00,0.000000
200.0,225.0,1323.8,0,1000000000.00,0.000000
225.0,225.0,1299.3,0,1000000000.00,0.000000
250.0,225.0,1274.8,0,1000000000.00,0.000000
275.0,225.0,1250.3,0,1000000000.00,0.000000
300.0,225.0,1225.8,0,1000000000.00,0.000000
325.0,225.0,1201.3,0,1000000000.00,0.000000
350.0,225.0,1176.9,0,1000000000.00,0.000000
375.0,225.0,1152.5,0,1000000000.00,0.000000
400.0,225.0,1128.1,0,1000000000.00,0.000000
425.0,225.0,1103.7,0,1000000000.00,0.000000
450.0,225.0,1079.4,0,1000000000.00,0.000000
475.0,225.0,1055.1,0,1000000000.00,0.000000
500.0,225.0,1030.8,0,1000000000.00,0.000000
525.0,225.0,1006.6,0,1000000000.00,0.000000
550.0,225.0,982.4,1,560.48,0.239231
575.0,225.0,958.3,1,536.13,0.250095
600.0,225.0,934.2,1,512.50,0.261626
625.0,225.0,910.1,1,489.57,0.273880
650.0,225.0,886.1,1,467.32,0.286918
675.0,225.0,862.2,1,445.74,0.300809
700.0,225.0,838.3,1,424.81,0.315630
725.0,225.0,814.5,1,404.52,0.331464
750.0,225.0,790.7,1,384.85,0.348408
775.0,225.0,802.2,1,365.78,0.366566
800.0,225.0,826.3,1,347.31,0.386060
825.0,225.0,850.3,1,329.42,0.407023
850.0,225.0,874.5,1,312.11,0.429606
875.0,225.0,898.6,1,295.35,0.453981
900.0,225.0,922.9,1,279.14,0.480342
925.0,225.0,947.1,1,263.47,0.508910
950.0,225.0,971.4,1,248.33,0.539936
975.0,225.0,995.8,1,233.71,0.573707
1000.0,225.0,1020.1,0,1000000000.00,0.000000
1025.0,225.0,1044.5,0,1000000000.00,0.000000
1050.0,225.0,1069.0,0,1000000000.00,0.000000
1075.0,225.0,1093.4,0,1000000000.00,0.000000
1100.0,225.0,1117.9,0,1000000000.00,0.000000
1125.0,225.0,1142.4,0,1000000000.00,0.000000
1150.0,225.0,1166.9,0,1000000000.00,0.000000
1175.0,225.0,1191.5,0,1000000000.00,0.000000
1200.0,225.0,1216.0,0,1000000000.00,0.000000
1225.0,225.0,1240.6,0,1000000000.00,0.000000
1250.0,225.0,1265.2,0,1000000000.00,0.000000
1275.0,225.0,1289.8,0,1000000000.00,0.000000
1300.0,225.0,1314.4,0,1000000000.00,0.000000
1325.0,225.0,1339.1,0,1000000000.00,0.000000
1350.0,225.0,1363.7,0,1000000000.00,0.000000
1375.0,225.0,1388.4,0,1000000000.00,0.000000
1400.0,225.0,1413.0,0,1000000000.00,0.000000
1425.0,225.0,1437.7,0,1000000000.00,0.000000
1450.0,225.0,1462.4,0,1000000000.00,0.000000
1475.0,225.0,1487.1,0,1000000000.00,0.000000
1500.0,225.0,1511.9,0,1000000000.00,0.000000
1525.0,225.0,1536.6,0,1000000000.00,0.000000
1550.0,225.0,1561.3,0,1000000000.00,0.000000
1575.0,225.0,1586.1,0,1000000000.00,0.000000
1600.0,225.0,1610.8,0,1000000000.00,0.000000
1625.0,225.0,1635.6,0,1000000000.00,0.000000
1650.0,225.0,1660.3,0,1000000000.00,0.000000
1675.0,225.0,1685.1,0,1000000000.00,0.000000
1700.0,225.0,1709.9,0,1000000000.00,0.000000
1725.0,225.0,1734.7,0,1000000000.00,0.000000
1750.0,225.0,1759.5,0,1000000000.00,0.000000
1775.0,225.0,1784.3,0,1000000000.00,0.000000
1800.0,225.0,1809.1,0,1000000000.00,0.000000
-1800.0,250.0,3311.3,0,1000000000.00,0.000000
-1775.0,250.0,3286.4,0,1000000000.00,0.000000
-1750.0,250.0,3261.5,0,1000000000.00,0.000000
-1725.0,250.0,3236.6,0,1000000000.00,0.000000
-1700.0,250.0,3211.7,0,1000000000.00,0.000000
-1675.0,250.0,3186.8,0,1000000000.00,0.000000
-1650.0,250.0,3161.9,0,1000000000.00,0.000000
-1625.0,250.0,3137.0,0,1000000000.00,0.000000
-1600.0,250.0,3112.1,0,1000000000.00,0.000000
-1575.0,250.0,3087.1,0,1000000000.00,0.000000
-1550.0,250.0,3062.3,0,1000000000.00,0.000000
-1525.0,250.0,3037.4,0,1000000000.00,0.000000
-1500.0,250.0,3012.5,0,1000000000.00,0.000000
-1475.0,250.0,2987.6,0,1000000000.00,0.000000
-1450.0,250.0,2962.7,0,1000000000.00,0.000000
-1425.0,250.0,2937.8,0,1000000000.00,0.000000
-1400.0,250.0,2912.9,0,1000000000.00,0.000000
-1375.0,250.0,2888.0,0,1000000000.00,0.000000
-1350.0,250.0,2863.1,0,1000000000.00,0.000000
-1325.0,250.0,2838.2,0,1000000000.00,0.000000
-1300.0,250.0,2813.4,0,1000000000.00,0.000000
-1275.0,250.0,2788.5,0,1000000000.00,0.000000
-1250.0,250.0,2763.6,0,1000000000.00,0.000000
-1225.0,250.0,2738.7,0,1000000000.00,0.000000
-1200.0,250.0,2713.9,0,1000000000.00,0.000000
-1175.0,250.0,2689.0,0,1000000000.00,0.000000
-1150.0,250.0,2664.1,0,1000000000.00,0.000000
-1125.0,250.0,2639.3,0,1000000000.00,0.000000
-1100.0,250.0,2614.4,0,1000000000.00,0.000000
-1075.0,250.0,2589.5,0,1000000000.00,0.000000
-1050.0,250.0,2564.7,0,1000000000.00,0.000000
-1025.0,250.0,2539.8,0,1000000000.00,0.000000
-1000.0,250.0,2515.0,0,1000000000.00,0.000000
-975.0,250.0,2490.1,0,1000000000.00,0.000000
-950.0,250.0,2465.3,0,1000000000.00,0.000000
-925.0,250.0,2440.4,0,1000000000.00,0.000000
-900.0,250.0,2415.6,0,1000000000.00,0.000000
-875.0,250.0,2390.8,0,1000000000.00,0.000000
-850.0,250.0,2365.9,0,1000000000.00,0.000000
-825.0,250.0,2341.1,0,1000000000.00,0.000000
-800.0,250.0,2316.3,0,1000000000.00,0.000000
-775.0,250.0,2291.5,0,1000000000.00,0.000000
-750.0,250.0,2266.7,0,1000000000.00,0.000000
-725.0,250.0,2241.8,0,1000000000.00,0.000000
-700.0,250.0,2217.0,0,1000000000.00,0.000000
-675.0,250.0,2192.2,0,1000000000.00,0.000000
-650.0,250.0,2167.4,0,1000000000.00,0.000000
-625.0,250.0,2142.6,0,1000000000.00,0.000000
-600.0,250.0,2117.9,0,1000000000.00,0.000000
-575.0,250.0,2093.1,0,1000000000.00,0.000000
-550.0,250.0,2068.3,0,1000000000.00,0.000000
-525.0,250.0,2043.5,0,1000000000.00,0.000000
-500.0,250.0,2018.8,0,1000000000.00,0.000000
-475.0,250.0,1994.0,0,1000000000.00,0.000000
-450.0,250.0,1969.2,0,1000000000.00,0.000000
-425.0,250.0,1944.5,0,1000000000.00,0.000000
-400.0,250.0,1919.7,0,1000000000.00,0.000000
-375.0,250.0,1895.0,0,1000000000.00,0.000000
-350.0,250.0,1870.3,0,1000000000.00,0.000000
-325.0,250.0,1845.6,0,1000000000.00,0.000000
-300.0,250.0,1820.8,0,1000000000.00,0.000000
-275.0,250.0,1796.1,0,1000000000.00,0.000000
-250.0,250.0,1771.4,0,1000000000.00,0.000000
-225.0,250.0,1746.7,0,1000000000.00,0.000000
-200.0,250.0,1722.1,0,1000000000.00,0.000000
-175.0,250.0,1697.4,0,1000000000.00,0.000000
-150.0,250.0,1672.7,0,1000000000.00,0.000000
-125.0,250.0,1648.1,0,1000000000.00,0.000000
-100.0,250.0,1623.4,0,1000000000.00,0.000000
-75.0,250.0,1598.8,0,1000000000.00,0.000000
-50.0,250.0,1574.2,0,1000000000.00,0.000000
-25.0,250.0,1549.6,0,1000000000.00,0.000000
0.0,250.0,1525.0,0,1000000000.00,0.000000
25.0,250.0,1500.4,0,1000000000.00,0.000000
50.0,250.0,1475.8,0,1000000000.00,0.000000
75.0,250.0,1451.3,0,1000000000.00,0.000000
100.0,250.0,1426.8,0,1000000000.00,0.000000
125.0,250.0,1402.2,0,1000000000.00,0.000000
150.0,250.0,1377.7,0,1000000000.00,0.000000
175.0,250.0,1353.3,0,1000000000.00,0.000000
200.0,250.0,1328.8,0,1000000000.00,0.000000
225.0,250.0,1304.3,0,1000000000.00,0.000000
250.0,250.0,1279.9,0,1000000000.00,0.000000
275.0,250.0,1255.5,0,1000000000.00,0.000000
300.0,250.0,1231.1,0,1000000000.00,0.000000
325.0,250.0,1206.8,0,1000000000.00,0.000000
350.0,250.0,1182.5,0,1000000000.00,0.000000
375.0,250.0,1158.2,0,1000000000.00,0.000000
400.0,250.0,1133.9,0,1000000000.00,0.000000
425.0,250.0,1109.7,0,1000000000.00,0.000000
450.0,250.0,1085.5,0,1000000000.00,0.000000
475.0,250.0,1061.3,0,1000000000.00,0.000000
500.0,250.0,1037.2,0,1000000000.00,0.000000
525.0,250.0,1013.1,0,1000000000.00,0.000000
550.0,250.0,989.1,1,483.23,0.277472
575.0,250.0,965.1,1,462.96,0.289619
600.0,250.0,941.2,1,443.25,0.302497
625.0,250.0,917.3,1,424.09,0.316166
650.0,250.0,893.5,1,405.46,0.330692
675.0,250.0,869.8,1,387.36,0.346148
700.0,250.0,846.1,1,369.77,0.362615
725.0,250.0,822.5,1,352.68,0.380183
750.0,250.0,799.0,1,336.09,0.398952
775.0,250.0,809.6,1,319.98,0.419032
800.0,250.0,833.4,1,304.35,0.440550
825.0,250.0,857.3,1,289.19,0.463643
850.0,250.0,881.2,1,274.50,0.488469
875.0,250.0,905.2,1,260.25,0.515202
900.0,250.0,929.3,1,246.46,0.544040
925.0,250.0,953.4,1,233.11,0.575204
950.0,250.0,977.5,1,220.19,0.608945
975.0,250.0,1001.7,0,1000000000.00,0.000000
1000.0,250.0,1025.9,0,1000000000.00,0.000000
1025.0,250.0,1050.2,0,1000000000.00,0.000000
1050.0,250.0,1074.5,0,1000000000.00,0.000000
1075.0,250.0,1098.8,0,1000000000.00,0.000000
1100.0,250.0,1123.2,0,1000000000.00,0.000000
1125.0,250.0,1147.6,0,1000000000.00,0.000000
1150.0,250.0,1172.0,0,1000000000.00,0.000000
1175.0,250.0,1196.4,0,1000000000.00,0.000000
1200.0,250.0,1220.9,0,1000000000.00,0.000000
1225.0,250.0,1245.4,0,1000000000.00,0.000000
1250.0,250.0,1269.9,0,1000000000.00,0.000000
1275.0,250.0,1294.4,0,1000000000.00,0.000000
1300.0,250.0,1318.9,0,1000000000.00,0.000000
1325.0,250.0,1343.5,0,1000000000.00,0.000000
1350.0,250.0,1368.1,0,1000000000.00,0.000000
1375.0,250.0,1392.6,0,1000000000.00,0.000000
1400.0,250.0,1417.2,0,1000000000.00,0.000000
1425.0,250.0,1441.9,0,1000000000.00,0.000000
1450.0,250.0,1466.5,0,1000000000.00,0.000000
1475.0,250.0,1491.1,0,1000000000.00,0.000000
1500.0,250.0,1515.8,0,1000000000.00,0.000000
1525.0,250.0,1540.4,0,1000000000.00,0.000000
1550.0,250.0,1565.1,0,1000000000.00,0.000000
1575.0,250.0,1589.8,0,1000000000.00,0.000000
1600.0,250.0,1614.5,0,1000000000.00,0.000000
1625.0,250.0,1639.2,0,1000000000.00,0.000000
1650.0,250.0,1663.9,0,1000000000.00,0.000000
1675.0,250.0,1688.6,0,1000000000.00,0.000000
1700.0,250.0,1713.4,0,1000000000.00,0.000000
1725.0,250.0,1738.1,0,1000000000.00,0.000000
1750.0,250.0,1762.8,0,1000000000.00,0.000000
1775.0,250.0,1787.6,0,1000000000.00,0.000000
1800.0,250.0,1812.3,0,1000000000.00,0.000000
-1800.0,275.0,3313.5,0,1000000000.00,0.000000
-1775.0,275.0,3288.6,0,1000000000.00,0.000000
-1750.0,275.0,3263.7,0,1000000000.00,0.000000
-1725.0,275.0,3238.8,0,1000000000.00,0.000000
-1700.0,275.0,3213.9,0,1000000000.00,0.000000
-1675.0,275.0,3189.0,0,1000000000.00,0.000000
-1650.0,275.0,3164.1,0,1000000000.00,0.000000
-1625.0,275.0,3139.3,0,1000000000.00,0.000000
-1600.0,275.0,3114.4,0,1000000000.00,0.000000
-1575.0,275.0,3089.5,0,1000000000.00,0.000000
-1550.0,275.0,3064.6,0,1000000000.00,0.000000
-1525.0,275.0,3039.7,0,1000000000.00,0.000000
-1500.0,275.0,3014.9,0,1000000000.00,0.000000
-1475.0,275.0,2990.0,0,1000000000.00,0.000000
-1450.0,275.0,2965.1,0,1000000000.00,0.000000
-1425.0,275.0,2940.2,0,1000000000.00,0.000000
-1400.0,275.0,2915.4,0,1000000000.00,0.000000
-1375.0,275.0,2890.5,0,1000000000.00,0.000000
-1350.0,275.0,2865.6,0,1000000000.00,0.000000
-1325.0,275.0,2840.8,0,1000000000.00,0.000000
-1300.0,275.0,2815.9,0,1000000000.00,0.000000
-1275.0,275.0,2791.1,0,1000000000.00,0.000000
-1250.0,275.0,2766.2,0,1000000000.00,0.000000
-1225.0,275.0,2741.4,0,1000000000.00,0.000000
-1200.0,275.0,2716.5,0,1000000000.00,0.000000
-1175.0,275.0,2691.7,0,1000000000.00,0.000000
-1150.0,275.0,2666.8,0,1000000000.00,0.000000
-1125.0,275.0,2642.0,0,1000000000.00,0.000000
-1100.0,275.0,2617.2,0,1000000000.00,0.000000
-1075.0,275.0,2592.3,0,1000000000.00,0.000000
-1050.0,275.0,2567.5,0,1000000000.00,0.000000
-1025.0,275.0,2542.7,0,1000000000.00,0.000000
-1000.0,275.0,2517.8,0,1000000000.00,0.000000
-975.0,275.0,2493.0,0,1000000000.00,0.000000
-950.0,275.0,2468.2,0,1000000000.00,0.000000
-925.0,275.0,2443.4,0,1000000000.00,0.000000
-900.0,275.0,2418.6,0,1000000000.00,0.000000
-875.0,275.0,2393.8,0,1000000000.00,0.000000
-850.0,275.0,2369.0,0,1000000000.00,0.000000
-825.0,275.0,2344.2,0,1000000000.00,0.000000
-800.0,275.0,2319.4,0,1000000000.00,0.000000
-775.0,275.0,2294.6,0,1000000000.00,0.000000
-750.0,275.0,2269.8,0,1000000000.00,0.000000
-725.0,275.0,2245.1,0,1000000000.00,0.000000
-700.0,275.0,2220.3,0,1000000000.00,0.000000
-675.0,275.0,2195.5,0,1000000000.00,0.000000
-650.0,275.0,2170.8,0,1000000000.00,0.000000
-625.0,275.0,2146.0,0,1000000000.00,0.000000
-600.0,275.0,2121.3,0,1000000000.00,0.000000
-575.0,275.0,2096.5,0,1000000000.00,0.000000
-550.0,275.0,2071.8,0,1000000000.00,0.000000
-525.0,275.0,2047.0,0,1000000000.00,0.000000
-500.0,275.0,2022.3,0,1000000000.00,0.000000
-475.0,275.0,1997.6,0,1000000000.00,0.000000
-450.0,275.0,1972.9,0,1000000000.00,0.000000
-425.0,275.0,1948.2,0,1000000000.00,0.000000
-400.0,275.0,1923.5,0,1000000000.00,0.000000
-375.0,275.0,1898.8,0,1000000000.00,0.000000
-350.0,275.0,1874.1,0,1000000000.00,0.000000
-325.0,275.0,1849.5,0,1000000000.00,0.000000
-300.0,275.0,1824.8,0,1000000000.00,0.000000
-275.0,275.0,1800.1,0,1000000000.00,0.000000
-250.0,275.0,1775.5,0,1000000000.00,0.000000
-225.0,275.0,1750.9,0,1000000000.00,0.000000
-200.0,275.0,1726.2,0,1000000000.00,0.000000
-175.0,275.0,1701.6,0,1000000000.00,0.000000
-150.0,275.0,1677.0,0,1000000000.00,0.000000
-125.0,275.0,1652.5,0,1000000000.00,0.000000
-100.0,275.0,1627.9,0,1000000000.00,0.000000
-75.0,275.0,1603.3,0,1000000000.00,0.000000
-50.0,275.0,1578.8,0,1000000000.00,0.000000
-25.0,275.0,1554.2,0,1000000000.00,0.000000
0.0,275.0,1529.7,0,1000000000.00,0.000000
25.0,275.0,1505.2,0,1000000000.00,0.000000
50.0,275.0,1480.7,0,1000000000.00,0.000000
75.0,275.0,1456.3,0,1000000000.00,0.000000
100.0,275.0,1431.8,0,1000000000.00,0.000000
125.0,275.0,1407.4,0,1000000000.00,0.000000
150.0,275.0,1383.0,0,1000000000.00,0.000000
175.0,275.0,1358.6,0,1000000000.00,0.000000
200.0,275.0,1334.2,0,1000000000.00,0.000000
225.0,275.0,1309.9,0,1000000000.00,0.000000
250.0,275.0,1285.5,0,1000000000.00,0.000000
275.0,275.0,1261.3,0,1000000000.00,0.000000
300.0,275.0,1237.0,0,1000000000.00,0.000000
325.0,275.0,1212.8,0,1000000000.00,0.000000
350.0,275.0,1188.6,0,1000000000.00,0.000000
375.0,275.0,1164.4,0,1000000000.00,0.000000
400.0,275.0,1140.3,0,1000000000.00,0.000000
425.0,275.0,1116.2,0,1000000000.00,0.000000
450.0,275.0,1092.1,0,1000000000.00,0.000000
475.0,275.0,1068.1,0,1000000000.00,0.000000
500.0,275.0,1044.2,0,1000000000.00,0.000000
525.0,275.0,1020.2,0,1000000000.00,0.000000
550.0,275.0,996.4,1,425.70,0.314970
575.0,275.0,972.6,1,408.37,0.328337
600.0,275.0,948.8,1,391.49,0.342493
625.0,275.0,925.2,1,375.06,0.357501
650.0,275.0,901.6,1,359.06,0.373430
675.0,275.0,878.0,1,343.49,0.390356
700.0,275.0,854.6,1,328.34,0.408364
725.0,275.0,831.3,1,313.61,0.427547
750.0,275.0,808.0,1,299.29,0.448008
775.0,275.0,817.7,1,285.37,0.469861
800.0,275.0,841.2,1,271.84,0.493234
825.0,275.0,864.9,1,258.71,0.518268
850.0,275.0,888.7,1,245.97,0.545120
875.0,275.0,912.5,1,233.61,0.573966
900.0,275.0,936.3,1,221.62,0.605001
925.0,275.0,960.2,1,210.02,0.638443
950.0,275.0,984.2,1,198.78,0.674536
975.0,275.0,1008.3,0,1000000000.00,0.000000
1000.0,275.0,1032.3,0,1000000000.00,0.000000
1025.0,275.0,1056.4,0,1000000000.00,0.000000
1050.0,275.0,1080.6,0,1000000000.00,0.000000
1075.0,275.0,1104.8,0,1000000000.00,0.000000
1100.0,275.0,1129.0,0,1000000000.00,0.000000
1125.0,275.0,1153.3,0,1000000000.00,0.000000
1150.0,275.0,1177.6,0,1000000000.00,0.000000
1175.0,275.0,1201.9,0,1000000000.00,0.000000
1200.0,275.0,1226.3,0,1000000000.00,0.000000
1225.0,275.0,1250.6,0,1000000000.00,0.000000
1250.0,275.0,1275.0,0,1000000000.00,0.000000
1275.0,275.0,1299.5,0,1000000000.00,0.000000
1300.0,275.0,1323.9,0,1000000000.00,0.000000
1325.0,275.0,1348.4,0,1000000000.00,0.000000
1350.0,275.0,1372.8,0,1000000000.00,0.000000
1375.0,275.0,1397.3,0,1000000000.00,0.000000
1400.0,275.0,1421.9,0,1000000000.00,0.000000
1425.0,275.0,1446.4,0,1000000000.00,0.000000
1450.0,275.0,1471.0,0,1000000000.00,0.000000
1475.0,275.0,1495.5,0,1000000000.00,0.000000
1500.0,275.0,1520.1,0,1000000000.00,0.000000
1525.0,275.0,1544.7,0,1000000000.00,0.000000
1550.0,275.0,1569.3,0,1000000000.00,0.000000
1575.0,275.0,1593.9,0,1000000000.00,0.000000
1600.0,275.0,1618.5,0,1000000000.00,0.000000
1625.0,275.0,1643.2,0,1000000000.00,0.000000
1650.0,275.0,1667.8,0,1000000000.00,0.000000
1675.0,275.0,1692.5,0,1000000000.00,0.000000
1700.0,275.0,1717.2,0,1000000000.00,0.000000
1725.0,275.0,1741.9,0,1000000000.00,0.000000
1750.0,275.0,1766.6,0,1000000000.00,0.000000
1775.0,275.0,1791.2,0,1000000000.00,0.000000
1800.0,275.0,1816.0,0,1000000000.00,0.000000
-1800.0,300.0,3315.9,0,1000000000.00,0.000000
-1775.0,300.0,3291.0,0,1000000000.00,0.000000
-1750.0,300.0,3266.1,0,1000000000.00,0.000000
-1725.0,300.0,3241.2,0,1000000000.00,0.000000
-1700.0,300.0,3216.4,0,1000000000.00,0.000000
-1675.0,300.0,3191.5,0,1000000000.00,0.000000
-1650.0,300.0,3166.6,0,1000000000.00,0.000000
-1625.0,300.0,3141.7,0,1000000000.00,0.000000
-1600.0,300.0,3116.9,0,1000000000.00,0.000000
-1575.0,300.0,3092.0,0,1000000000.00,0.000000
-1550.0,300.0,3067.2,0,1000000000.00,0.000000
-1525.0,300.0,3042.3,0,1000000000.00,0.000000
-1500.0,300.0,3017.5,0,1000000000.00,0.000000
-1475.0,300.0,2992.6,0,1000000000.00,0.000000
-1450.0,300.0,2967.8,0,1000000000.00,0.000000
-1425.0,300.0,2942.9,0,1000000000.00,0.000000
-1400.0,300.0,2918.1,0,1000000000.00,0.000000
-1375.0,300.0,2893.2,0,1000000000.00,0.000000
-1350.0,300.0,2868.4,0,1000000000.00,0.000000
-1325.0,300.0,2843.5,0,1000000000.00,0.000000
-1300.0,300.0,2818.7,0,1000000000.00,0.000000
-1275.0,300.0,2793.9,0,1000000000.00,0.000000
-1250.0,300.0,2769.0,0,1000000000.00,0.000000
-1225.0,300.0,2744.2,0,1000000000.00,0.000000
-1200.0,300.0,2719.4,0,1000000000.00,0.000000
-1175.0,300.0,2694.6,0,1000000000.00,0.000000
-1150.0,300.0,2669.8,0,1000000000.00,0.000000
-1125.0,300.0,2645.0,0,1000000000.00,0.000000
-1100.0,300.0,2620.2,0,1000000000.00,0.000000
-1075.0,300.0,2595.3,0,1000000000.00,0.000000
-1050.0,300.0,2570.6,0,1000000000.00,0.000000
-1025.0,300.0,2545.8,0,1000000000.00,0.000000
-1000.0,300.0,2521.0,0,1000000000.00,0.000000
-975.0,300.0,2496.2,0,1000000000.00,0.000000
-950.0,300.0,2471.4,0,1000000000.00,0.000000
-925.0,300.0,2446.6,0,1000000000.00,0.000000
-900.0,300.0,2421.8,0,1000000000.00,0.000000
-875.0,300.0,2397.1,0,1000000000.00,0.000000
-850.0,300.0,2372.3,0,1000000000.00,0.000000
-825.0,300.0,2347.5,0,1000000000.00,0.000000
-800.0,300.0,2322.8,0,1000000000.00,0.000000
-775.0,300.0,2298.0,0,1000000000.00,0.000000
-750.0,300.0,2273.3,0,1000000000.00,0.000000
-725.0,300.0,2248.6,0,1000000000.00,0.000000
-700.0,300.0,2223.8,0,1000000000.00,0.000000
-675.0,300.0,2199.1,0,1000000000.00,0.000000
-650.0,300.0,2174.4,0,1000000000.00,0.000000
-625.0,300.0,2149.7,0,1000000000.00,0.000000
-600.0,300.0,2125.0,0,1000000000.00,0.000000
-575.0,300.0,2100.3,0,1000000000.00,0.000000
-550.0,300.0,2075.6,0,1000000000.00,0.000000
-525.0,300.0,2050.9,0,1000000000.00,0.000000
-500.0,300.0,2026.2,0,1000000000.00,0.000000
-475.0,300.0,2001.5,0,1000000000.00,0.000000
-450.0,300.0,1976.9,0,1000000000.00,0.000000
-425.0,300.0,1952.2,0,1000000000.00,0.000000
-400.0,300.0,1927.6,0,1000000000.00,0.000000
-375.0,300.0,1902.9,0,1000000000.00,0.000000
-350.0,300.0,1878.3,0,1000000000.00,0.000000
-325.0,300.0,1853.7,0,1000000000.00,0.000000
-300.0,300.0,1829.1,0,1000000000.00,0.000000
-275.0,300.0,1804.5,0,1000000000.00,0.000000
-250.0,300.0,1779.9,0,1000000000.00,0.000000
-225.0,300.0,1755.3,0,1000000000.00,0.000000
-200.0,300.0,1730.8,0,1000000000.00,0.000000
-175.0,300.0,1706.2,0,1000000000.00,0.000000
-150.0,300.0,1681.7,0,1000000000.00,0.000000
-125.0,300.0,1657.2,0,1000000000.00,0.000000
-100.0,300.0,1632.7,0,1000000000.00,0.000000
-75.0,300.0,1608.2,0,1000000000.00,0.000000
-50.0,300.0,1583.7,0,1000000000.00,0.000000
-25.0,300.0,1559.3,0,1000000000.00,0.000000
0.0,300.0,1534.8,0,1000000000.00,0.000000
25.0,300.0,1510.4,0,1000000000.00,0.000000
50.0,300.0,1486.0,0,1000000000.00,0.000000
75.0,300.0,1461.6,0,1000000000.00,0.000000
100.0,300.0,1437.3,0,1000000000.00,0.000000
125.0,300.0,1412.9,0,1000000000.00,0.000000
150.0,300.0,1388.6,0,1000000000.00,0.000000
175.0,300.0,1364.3,0,1000000000.00,0.000000
200.0,300.0,1340.1,0,1000000000.00,0.000000
225.0,300.0,1315.8,0,1000000000.00,0.000000
250.0,300.0,1291.6,0,1000000000.00,0.000000
275.0,300.0,1267.5,0,1000000000.00,0.000000
300.0,300.0,1243.3,0,1000000000.00,0.000000
325.0,300.0,1219.2,0,1000000000.00,0.000000
350.0,300.0,1195.1,0,1000000000.00,0.000000
375.0,300.0,1171.1,0,1000000000.00,0.000000
400.0,300.0,1147.1,0,1000000000.00,0.000000
425.0,300.0,1123.2,0,1000000000.00,0.000000
450.0,300.0,1099.3,0,1000000000.00,0.000000
475.0,300.0,1075.4,0,1000000000.00,0.000000
500.0,300.0,1051.6,0,1000000000.00,0.000000
525.0,300.0,1027.9,0,1000000000.00,0.000000
550.0,300.0,1004.2,0,1000000000.00,0.000000
575.0,300.0,980.6,1,366.16,0.366183
600.0,300.0,957.1,1,351.42,0.381544
625.0,300.0,933.6,1,337.05,0.397810
650.0,300.0,910.2,1,323.05,0.415052
675.0,300.0,886.9,1,309.41,0.433350
700.0,300.0,863.7,1,296.13,0.452788
725.0,300.0,840.6,1,283.20,0.473463
750.0,300.0,817.6,1,270.61,0.495479
775.0,300.0,826.4,1,258.37,0.518951
800.0,300.0,849.8,1,246.47,0.544006
825.0,300.0,873.2,1,234.91,0.570787
850.0,300.0,896.7,1,223.68,0.599447
875.0,300.0,920.3,1,212.78,0.630159
900.0,300.0,944.0,1,202.20,0.663113
925.0,300.0,967.7,1,191.95,0.698518
950.0,300.0,991.5,1,182.03,0.736606
975.0,300.0,1015.4,0,1000000000.00,0.000000
1000.0,300.0,1039.3,0,1000000000.00,0.000000
1025.0,300.0,1063.2,0,1000000000.00,0.000000
1050.0,300.0,1087.2,0,1000000000.00,0.000000
1075.0,300.0,1111.3,0,1000000000.00,0.000000
1100.0,300.0,1135.4,0,1000000000.00,0.000000
1125.0,300.0,1159.5,0,1000000000.00,0.000000
1150.0,300.0,1183.7,0,1000000000.00,0.000000
1175.0,300.0,1207.9,0,1000000000.00,0.000000
1200.0,300.0,1232.1,0,1000000000.00,0.000000
1225.0,300.0,1256.4,0,1000000000.00,0.000000
1250.0,300.0,1280.7,0,1000000000.00,0.000000
1275.0,300.0,1305.0,0,1000000000.00,0.000000
1300.0,300.0,1329.3,0,1000000000.00,0.000000
1325.0,300.0,1353.7,0,1000000000.00,0.000000
1350.0,300.0,1378.1,0,1000000000.00,0.000000
1375.0,300.0,1402.5,0,1000000000.00,0.000000
1400.0,300.0,1426.9,0,1000000000.00,0.000000
1425.0,300.0,1451.4,0,1000000000.00,0.000000
1450.0,300.0,1475.8,0,1000000000.00,0.000000
1475.0,300.0,1500.3,0,1000000000.00,0.000000
1500.0,300.0,1524.8,0,1000000000.00,0.000000
1525.0,300.0,1549.3,0,1000000000.00,0.000000
1550.0,300.0,1573.9,0,1000000000.00,0.000000
1575.0,300.0,1598.4,0,1000000000.00,0.000000
1600.0,300.0,1623.0,0,1000000000.00,0.000000
1625.0,300.0,1647.6,0,1000000000.00,0.000000
1650.0,300.0,1672.1,0,1000000000.00,0.000000
1675.0,300.0,1696.7,0,1000000000.00,0.000000
1700.0,300.0,1721.4,0,1000000000.00,0.000000
1725.0,300.0,1746.0,0,1000000000.00,0.000000
1750.0,300.0,1770.6,0,1000000000.00,0.000000
1775.0,300.0,1795.3,0,1000000000.00,0.000000
1800.0,300.0,1819.9,0,1000000000.00,0.000000
-1800.0,325.0,3318.4,0,1000000000.00,0.000000
-1775.0,325.0,3293.5,0,1000000000.00,0.000000
-1750.0,325.0,3268.7,0,1000000000.00,0.000000
-1725.0,325.0,3243.8,0,1000000000.00,0.000000
-1700.0,325.0,3219.0,0,1000000000.00,0.000000
-1675.0,325.0,3194.1,0,1000000000.00,0.000000
-1650.0,325.0,3169.3,0,1000000000.00,0.000000
-1625.0,325.0,3144.4,0,1000000000.00,0.000000
-1600.0,325.0,3119.6,0,1000000000.00,0.000000
-1575.0,325.0,3094.8,0,1000000000.00,0.000000
-1550.0,325.0,3069.9,0,1000000000.00,0.000000
-1525.0,325.0,3045.1,0,1000000000.00,0.000000
-1500.0,325.0,3020.3,0,1000000000.00,0.000000
-1475.0,325.0,2995.4,0,1000000000.00,0.000000
-1450.0,325.0,2970.6,0,1000000000.00,0.000000
-1425.0,325.0,2945.8,0,1000000000.00,0.000000
-1400.0,325.0,2921.0,0,1000000000.00,0.000000
-1375.0,325.0,2896.1,0,1000000000.00,0.000000
-1350.0,325.0,2871.3,0,1000000000.00,0.000000
-1325.0,325.0,2846.5,0,1000000000.00,0.000000
-1300.0,325.0,2821.7,0,1000000000.00,0.000000
-1275.0,325.0,2796.9,0,1000000000.00,0.000000
-1250.0,325.0,2772.1,0,1000000000.00,0.000000
-1225.0,325.0,2747.3,0,1000000000.00,0.000000
-1200.0,325.0,2722.5,0,1000000000.00,0.000000
-1175.0,325.0,2697.7,0,1000000000.00,0.000000
-1150.0,325.0,2672.9,0,1000000000.00,0.000000
-1125.0,325.0,2648.2,0,1000000000.00,0.000000
-1100.0,325.0,2623.4,0,1000000000.00,0.000000
-1075.0,325.0,2598.6,0,1000000000.00,0.000000
-1050.0,325.0,2573.8,0,1000000000.00,0.000000
-1025.0,325.0,2549.1,0,1000000000.00,0.000000
-1000.0,325.0,2524.3,0,1000000000.00,0.000000
-975.0,325.0,2499.6,0,1000000000.00,0.000000
-950.0,325.0,2474.8,0,1000000000.00,0.000000
-925.0,325.0,2450.1,0,1000000000.00,0.000000
-900.0,325.0,2425.3,0,1000000000.00,0.000000
-875.0,325.0,2400.6,0,1000000000.00,0.000000
-850.0,325.0,2375.9,0,1000000000.00,0.000000
-825.0,325.0,2351.1,0,1000000000.00,0.000000
-800.0,325.0,2326.4,0,1000000000.00,0.000000
-775.0,325.0,2301.7,0,1000000000.00,0.000000
-750.0,325.0,2277.0,0,1000000000.00,0.000000
-725.0,325.0,2252.3,0,1000000000.00,0.000000
-700.0,325.0,2227.6,0,1000000000.00,0.000000
-675.0,325.0,2202.9,0,1000000000.00,0.000000
-650.0,325.0,2178.3,0,1000000000.00,0.000000
-625.0,325.0,2153.6,0,1000000000.00,0.000000
-600.0,325.0,2128.9,0,1000000000.00,0.000000
-575.0,325.0,2104.3,0,1000000000.00,0.000000
-550.0,325.0,2079.6,0,1000000000.00,0.000000
-525.0,325.0,2055.0,0,1000000000.00,0.000000
-500.0,325.0,2030.4,0,1000000000.00,0.000000
-475.0,325.0,2005.8,0,1000000000.00,0.000000
-450.0,325.0,1981.1,0,1000000000.00,0.000000
-425.0,325.0,1956.5,0,1000000000.00,0.000000
-400.0,325.0,1932.0,0,1000000000.00,0.000000
-375.0,325.0,1907.4,0,1000000000.00,0.000000
-350.0,325.0,1882.8,0,1000000000.00,0.000000
-325.0,325.0,1858.3,0,1000000000.00,0.000000
-300.0,325.0,1833.7,0,1000000000.00,0.000000
-275.0,325.0,1809.2,0,1000000000.00,0.000000
-250.0,325.0,1784.7,0,1000000000.00,0.000000
-225.0,325.0,1760.2,0,1000000000.00,0.000000
-200.0,325.0,1735.7,0,1000000000.00,0.000000
-175.0,325.0,1711.2,0,1000000000.00,0.000000
-150.0,325.0,1686.7,0,1000000000.00,0.000000
-125.0,325.0,1662.3,0,1000000000.00,0.000000
-100.0,325.0,1637.9,0,1000000000.00,0.000000
-75.0,325.0,1613.5,0,1000000000.00,0.000000
-50.0,325.0,1589.1,0,1000000000.00,0.000000
-25.0,325.0,1564.7,0,1000000000.00,0.000000
0.0,325.0,1540.3,0,1000000000.00,0.000000
25.0,325.0,1516.0,0,1000000000.00,0.000000
50.0,325.0,1491.7,0,1000000000.00,0.000000
75.0,325.0,1467.4,0,1000000000.00,0.000000
100.0,325.0,1443.2,0,1000000000.00,0.000000
125.0,325.0,1418.9,0,1000000000.00,0.000000
150.0,325.0,1394.7,0,1000000000.00,0.000000
175.0,325.0,1370.5,0,1000000000.00,0.000000
200.0,325.0,1346.4,0,1000000000.00,0.000000
225.0,325.0,1322.3,0,1000000000.00,0.000000
250.0,325.0,1298.2,0,1000000000.00,0.000000
275.0,325.0,1274.1,0,1000000000.00,0.000000
300.0,325.0,1250.1,0,1000000000.00,0.000000
325.0,325.0,1226.1,0,1000000000.00,0.000000
350.0,325.0,1202.2,0,1000000000.00,0.000000
375.0,325.0,1178.3,0,1000000000.00,0.000000
400.0,325.0,1154.5,0,1000000000.00,0.000000
425.0,325.0,1130.7,0,1000000000.00,0.000000
450.0,325.0,1107.0,0,1000000000.00,0.000000
475.0,325.0,1083.3,0,1000000000.00,0.000000
500.0,325.0,1059.7,0,1000000000.00,0.000000
525.0,325.0,1036.1,0,1000000000.00,0.000000
550.0,325.0,1012.6,0,1000000000.00,0.000000
575.0,325.0,989.2,1,332.63,0.403098
600.0,325.0,965.9,1,319.56,0.419588
625.0,325.0,942.6,1,306.81,0.437028
650.0,325.0,919.5,1,294.37,0.455492
675.0,325.0,896.4,1,282.25,0.475058
700.0,325.0,873.5,1,270.43,0.495814
725.0,325.0,850.6,1,258.92,0.517854
750.0,325.0,827.9,1,247.71,0.541285
775.0,325.0,835.8,1,236.80,0.566219
800.0,325.0,858.9,1,226.19,0.592784
825.0,325.0,882.1,1,215.87,0.621116
850.0,325.0,905.4,1,205.85,0.651367
875.0,325.0,928.8,1,196.11,0.683703
900.0,325.0,952.2,1,186.67,0.718304
925.0,325.0,975.7,1,177.51,0.755369
950.0,325.0,999.4,1,168.63,0.795111
975.0,325.0,1023.0,0,1000000000.00,0.000000
1000.0,325.0,1046.8,0,1000000000.00,0.000000
1025.0,325.0,1070.6,0,1000000000.00,0.000000
1050.0,325.0,1094.4,0,1000000000.00,0.000000
1075.0,325.0,1118.3,0,1000000000.00,0.000000
1100.0,325.0,1142.2,0,1000000000.00,0.000000
1125.0,325.0,1166.2,0,1000000000.00,0.000000
1150.0,325.0,1190.3,0,1000000000.00,0.000000
1175.0,325.0,1214.3,0,1000000000.00,0.000000
1200.0,325.0,1238.4,0,1000000000.00,0.000000
1225.0,325.0,1262.6,0,1000000000.00,0.000000
1250.0,325.0,1286.7,0,1000000000.00,0.000000
1275.0,325.0,1310.9,0,1000000000.00,0.000000
1300.0,325.0,1335.2,0,1000000000.00,0.000000
1325.0,325.0,1359.4,0,1000000000.00,0.000000
1350.0,325.0,1383.7,0,1000000000.00,0.000000
1375.0,325.0,1408.0,0,1000000000.00,0.000000
1400.0,325.0,1432.4,0,1000000000.00,0.000000
1425.0,325.0,1456.7,0,1000000000.00,0.000000
1450.0,325.0,1481.1,0,1000000000.00,0.000000
1475.0,325.0,1505.5,0,1000000000.00,0.000000
1500.0,325.0,1529.9,0,1000000000.00,0.000000
1525.0,325.0,1554.4,0,1000000000.00,0.000000
1550.0,325.0,1578.8,0,1000000000.00,0.000000
1575.0,325.0,1603.3,0,1000000000.00,0.000000
1600.0,325.0,1627.8,0,1000000000.00,0.000000
1625.0,325.0,1652.3,0,1000000000.00,0.000000
1650.0,325.0,1676.8,0,1000000000.00,0.000000
1675.0,325.0,1701.3,0,1000000000.00,0.000000
1700.0,325.0,1725.9,0,1000000000.00,0.000000
1725.0,325.0,1750.5,0,1000000000.00,0.000000
1750.0,325.0,1775.0,0,1000000000.00,0.000000
1775.0,325.0,1799.6,0,1000000000.00,0.000000
1800.0,325.0,1824.2,0,1000000000.00,0.000000
-1800.0,350.0,3321.1,0,1000000000.00,0.000000
-1775.0,350.0,3296.3,0,1000000000.00,0.000000
-1750.0,350.0,3271.5,0,1000000000.00,0.000000
-1725.0,350.0,3246.6,0,1000000000.00,0.000000
-1700.0,350.0,3221.8,0,1000000000.00,0.000000
-1675.0,350.0,3197.0,0,1000000000.00,0.000000
-1650.0,350.0,3172.2,0,1000000000.00,0.000000
-1625.0,350.0,3147.3,0,1000000000.00,0.000000
-1600.0,350.0,3122.5,0,1000000000.00,0.000000
-1575.0,350.0,3097.7,0,1000000000.00,0.000000
-1550.0,350.0,3072.9,0,1000000000.00,0.000000
-1525.0,350.0,3048.1,0,1000000000.00,0.000000
-1500.0,350.0,3023.3,0,1000000000.00,0.000000
-1475.0,350.0,2998.5,0,1000000000.00,0.000000
-1450.0,350.0,2973.7,0,1000000000.00,0.000000
-1425.0,350.0,2948.9,0,1000000000.00,0.000000
-1400.0,350.0,2924.1,0,1000000000.00,0.000000
-1375.0,350.0,2899.3,0,1000000000.00,0.000000
-1350.0,350.0,2874.5,0,1000000000.00,0.000000
-1325.0,350.0,2849.7,0,1000000000.00,0.000000
-1300.0,350.0,2824.9,0,1000000000.00,0.000000
-1275.0,350.0,2800.2,0,1000000000.00,0.000000
-1250.0,350.0,2775.4,0,1000000000.00,0.000000
-1225.0,350.0,2750.6,0,1000000000.00,0.000000
-1200.0,350.0,2725.9,0,1000000000.00,0.000000
-1175.0,350.0,2701.1,0,1000000000.00,0.000000
-1150.0,350.0,2676.3,0,1000000000.00,0.000000
-1125.0,350.0,2651.6,0,1000000000.00,0.000000
-1100.0,350.0,2626.8,0,1000000000.00,0.000000
-1075.0,350.0,2602.1,0,1000000000.00,0.000000
-1050.0,350.0,2577.4,0,1000000000.00,0.000000
-1025.0,350.0,2552.6,0,1000000000.00,0.000000
-1000.0,350.0,2527.9,0,1000000000.00,0.000000
-975.0,350.0,2503.2,0,1000000000.00,0.000000
-950.0,350.0,2478.5,0,1000000000.00,0.000000
-925.0,350.0,2453.8,0,1000000000.00,0.000000
-900.0,350.0,2429.1,0,1000000000.00,0.000000
-875.0,350.0,2404.4,0,1000000000.00,0.000000
-850.0,350.0,2379.7,0,1000000000.00,0.000000
-825.0,350.0,2355.0,0,1000000000.00,0.000000
-800.0,350.0,2330.3,0,1000000000.00,0.000000
-775.0,350.0,2305.7,0,1000000000.00,0.000000
-750.0,350.0,2281.0,0,1000000000.00,0.000000
-725.0,350.0,2256.4,0,1000000000.00,0.000000
-700.0,350.0,2231.7,0,1000000000.00,0.000000
-675.0,350.0,2207.1,0,1000000000.00,0.000000
-650.0,350.0,2182.4,0,1000000000.00,0.000000
-625.0,350.0,2157.8,0,1000000000.00,0.000000
-600.0,350.0,2133.2,0,1000000000.00,0.000000
-575.0,350.0,2108.6,0,1000000000.00,0.000000
-550.0,350.0,2084.0,0,1000000000.00,0.000000
-525.0,350.0,2059.4,0,1000000000.00,0.000000
-500.0,350.0,2034.8,0,1000000000.00,0.000000
-475.0,350.0,2010.3,0,1000000000.00,0.000000
-450.0,350.0,1985.7,0,1000000000.00,0.000000
-425.0,350.0,1961.2,0,1000000000.00,0.000000
-400.0,350.0,1936.7,0,1000000000.00,0.000000
-375.0,350.0,1912.1,0,1000000000.00,0.000000
-350.0,350.0,1887.6,0,1000000000.00,0.000000
-325.0,350.0,1863.1,0,1000000000.00,0.000000
-300.0,350.0,1838.7,0,1000000000.00,0.000000
-275.0,350.0,1814.2,0,1000000000.00,0.000000
-250.0,350.0,1789.8,0,1000000000.00,0.000000
-225.0,350.0,1765.3,0,1000000000.00,0.000000
-200.0,350.0,1740.9,0,1000000000.00,0.000000
-175.0,350.0,1716.5,0,1000000000.00,0.000000
-150.0,350.0,1692.1,0,1000000000.00,0.000000
-125.0,350.0,1667.8,0,1000000000.00,0.000000
-100.0,350.0,1643.4,0,1000000000.00,0.000000
-75.0,350.0,1619.1,0,1000000000.00,0.000000
-50.0,350.0,1594.8,0,1000000000.00,0.000000
-25.0,350.0,1570.5,0,1000000000.00,0.000000
0.0,350.0,1546.2,0,1000000000.00,0.000000
25.0,350.0,1522.0,0,1000000000.00,0.000000
50.0,350.0,1497.8,0,1000000000.00,0.000000
75.0,350.0,1473.6,0,1000000000.00,0.000000
100.0,350.0,1449.4,0,1000000000.00,0.000000
125.0,350.0,1425.3,0,1000000000.00,0.000000
150.0,350.0,1401.2,0,1000000000.00,0.000000
175.0,350.0,1377.1,0,1000000000.00,0.000000
200.0,350.0,1353.1,0,1000000000.00,0.000000
225.0,350.0,1329.1,0,1000000000.00,0.000000
250.0,350.0,1305.2,0,1000000000.00,0.000000
275.0,350.0,1281.2,0,1000000000.00,0.000000
300.0,350.0,1257.4,0,1000000000.00,0.000000
325.0,350.0,1233.5,0,1000000000.00,0.000000
350.0,350.0,1209.7,0,1000000000.00,0.000000
375.0,350.0,1186.0,0,1000000000.00,0.000000
400.0,350.0,1162.3,0,1000000000.00,0.000000
425.0,350.0,1138.7,0,1000000000.00,0.000000
450.0,350.0,1115.1,0,1000000000.00,0.000000
475.0,350.0,1091.6,0,1000000000.00,0.000000
500.0,350.0,1068.2,0,1000000000.00,0.000000
525.0,350.0,1044.8,0,1000000000.00,0.000000
550.0,350.0,1021.6,0,1000000000.00,0.000000
575.0,350.0,998.4,1,305.41,0.439031
600.0,350.0,975.2,1,293.67,0.456572
625.0,350.0,952.2,1,282.22,0.475101
650.0,350.0,929.3,1,271.04,0.494691
675.0,350.0,906.5,1,260.14,0.515421
700.0,350.0,883.8,1,249.51,0.537379
725.0,350.0,861.3,1,239.15,0.560659
750.0,350.0,838.8,1,229.06,0.585364
775.0,350.0,845.9,1,219.23,0.611605
800.0,350.0,868.7,1,209.67,0.639506
825.0,350.0,891.6,1,200.36,0.669200
850.0,350.0,914.7,1,191.32,0.700830
875.0,350.0,937.8,1,182.54,0.734554
900.0,350.0,961.0,1,174.01,0.770541
925.0,350.0,984.4,1,165.74,0.808975
950.0,350.0,1007.8,0,1000000000.00,0.000000
975.0,350.0,1031.2,0,1000000000.00,0.000000
1000.0,350.0,1054.8,0,1000000000.00,0.000000
1025.0,350.0,1078.4,0,1000000000.00,0.000000
1050.0,350.0,1102.1,0,1000000000.00,0.000000
1075.0,350.0,1125.8,0,1000000000.00,0.000000
1100.0,350.0,1149.6,0,1000000000.00,0.000000
1125.0,350.0,1173.4,0,1000000000.00,0.000000
1150.0,350.0,1197.3,0,1000000000.00,0.000000
1175.0,350.0,1221.3,0,1000000000.00,0.000000
1200.0,350.0,1245.2,0,1000000000.00,0.000000
1225.0,350.0,1269.2,0,1000000000.00,0.000000
1250.0,350.0,1293.3,0,1000000000.00,0.000000
1275.0,350.0,1317.4,0,1000000000.00,0.000000
1300.0,350.0,1341.5,0,1000000000.00,0.000000
1325.0,350.0,1365.6,0,1000000000.00,0.000000
1350.0,350.0,1389.8,0,1000000000.00,0.000000
1375.0,350.0,1414.0,0,1000000000.00,0.000000
1400.0,350.0,1438.3,0,1000000000.00,0.000000
1425.0,350.0,1462.5,0,1000000000.00,0.000000
1450.0,350.0,1486.8,0,1000000000.00,0.000000
1475.0,350.0,1511.1,0,1000000000.00,0.000000
1500.0,350.0,1535.4,0,1000000000.00,0.000000
1525.0,350.0,1559.8,0,1000000000.00,0.000000
1550.0,350.0,1584.2,0,1000000000.00,0.000000
1575.0,350.0,1608.6,0,1000000000.00,0.000000
1600.0,350.0,1633.0,0,1000000000.00,0.000000
1625.0,350.0,1657.4,0,1000000000.00,0.000000
1650.0,350.0,1681.8,0,1000000000.00,0.000000
1675.0,350.0,1706.3,0,1000000000.00,0.000000
1700.0,350.0,1730.8,0,1000000000.00,0.000000
1725.0,350.0,1755.3,0,1000000000.00,0.000000
1750.0,350.0,1779.8,0,1000000000.00,0.000000
1775.0,350.0,1804.3,0,1000000000.00,0.000000
1800.0,350.0,1828.8,0,1000000000.00,0.000000
-1800.0,375.0,3324.1,0,1000000000.00,0.000000
-1775.0,375.0,3299.3,0,1000000000.00,0.000000
-1750.0,375.0,3274.4,0,1000000000.00,0.000000
-1725.0,375.0,3249.6,0,1000000000.00,0.000000
-1700.0,375.0,3224.8,0,1000000000.00,0.000000
-1675.0,375.0,3200.0,0,1000000000.00,0.000000
-1650.0,375.0,3175.2,0,1000000000.00,0.000000
-1625.0,375.0,3150.4,0,1000000000.00,0.000000
-1600.0,375.0,3125.6,0,1000000000.00,0.000000
-1575.0,375.0,3100.8,0,1000000000.00,0.000000
-1550.0,375.0,3076.0,0,1000000000.00,0.000000
-1525.0,375.0,3051.3,0,1000000000.00,0.000000
-1500.0,375.0,3026.5,0,1000000000.00,0.000000
-1475.0,375.0,3001.7,0,1000000000.00,0.000000
-1450.0,375.0,2976.9,0,1000000000.00,0.000000
-1425.0,375.0,2952.2,0,1000000000.00,0.000000
-1400.0,375.0,2927.4,0,1000000000.00,0.000000
-1375.0,375.0,2902.6,0,1000000000.00,0.000000
-1350.0,375.0,2877.9,0,1000000000.00,0.000000
-1325.0,375.0,2853.1,0,1000000000.00,0.000000
-1300.0,375.0,2828.4,0,1000000000.00,0.000000
-1275.0,375.0,2803.6,0,1000000000.00,0.000000
-1250.0,375.0,2778.9,0,1000000000.00,0.000000
-1225.0,375.0,2754.1,0,1000000000.00,0.000000
-1200.0,375.0,2729.4,0,1000000000.00,0.000000
-1175.0,375.0,2704.7,0,1000000000.00,0.000000
-1150.0,375.0,2680.0,0,1000000000.00,0.000000
-1125.0,375.0,2655.3,0,1000000000.00,0.000000
-1100.0,375.0,2630.5,0,1000000000.00,0.000000
-1075.0,375.0,2605.8,0,1000000000.00,0.000000
-1050.0,375.0,2581.1,0,1000000000.00,0.000000
-1025.0,375.0,2556.4,0,1000000000.00,0.000000
-1000.0,375.0,2531.8,0,1000000000.00,0.000000
-975.0,375.0,2507.1,0,1000000000.00,0.000000
-950.0,375.0,2482.4,0,1000000000.00,0.000000
-925.0,375.0,2457.7,0,1000000000.00,0.000000
-900.0,375.0,2433.1,0,1000000000.00,0.000000
-875.0,375.0,2408.4,0,1000000000.00,0.000000
-850.0,375.0,2383.8,0,1000000000.00,0.000000
-825.0,375.0,2359.1,0,1000000000.00,0.000000
-800.0,375.0,2334.5,0,1000000000.00,0.000000
-775.0,375.0,2309.9,0,1000000000.00,0.000000
-750.0,375.0,2285.3,0,1000000000.00,0.000000
-725.0,375.0,2260.7,0,1000000000.00,0.000000
-700.0,375.0,2236.1,0,1000000000.00,0.000000
-675.0,375.0,2211.5,0,1000000000.00,0.000000
-650.0,375.0,2186.9,0,1000000000.00,0.000000
-625.0,375.0,2162.3,0,1000000000.00,0.000000
-600.0,375.0,2137.8,0,1000000000.00,0.000000
-575.0,375.0,2113.2,0,1000000000.00,0.000000
-550.0,375.0,2088.7,0,1000000000.00,0.000000
-525.0,375.0,2064.1,0,1000000000.00,0.000000
-500.0,375.0,2039.6,0,1000000000.00,0.000000
-475.0,375.0,2015.1,0,1000000000.00,0.000000
-450.0,375.0,1990.6,0,1000000000.00,0.000000
-425.0,375.0,1966.1,0,1000000000.00,0.000000
-400.0,375.0,1941.7,0,1000000000.00,0.000000
-375.0,375.0,1917.2,0,1000000000.00,0.000000
-350.0,375.0,1892.8,0,1000000000.00,0.000000
-325.0,375.0,1868.4,0,1000000000.00,0.000000
-300.0,375.0,1843.9,0,1000000000.00,0.000000
-275.0,375.0,1819.5,0,1000000000.00,0.000000
-250.0,375.0,1795.2,0,1000000000.00,0.000000
-225.0,375.0,1770.8,0,1000000000.00,0.000000
-200.0,375.0,1746.5,0,1000000000.00,0.000000
-175.0,375.0,1722.2,0,1000000000.00,0.000000
-150.0,375.0,1697.8,0,1000000000.00,0.000000
-125.0,375.0,1673.6,0,1000000000.00,0.000000
-100.0,375.0,1649.3,0,1000000000.00,0.000000
-75.0,375.0,1625.1,0,1000000000.00,0.000000
-50.0,375.0,1600.9,0,1000000000.00,0.000000
-25.0,375.0,1576.7,0,1000000000.00,0.000000
0.0,375.0,1552.5,0,1000000000.00,0.000000
25.0,375.0,1528.4,0,1000000000.00,0.000000
50.0,375.0,1504.3,0,1000000000.00,0.000000
75.0,375.0,1480.2,0,1000000000.00,0.000000
100.0,375.0,1456.1,0,1000000000.00,0.000000
125.0,375.0,1432.1,0,1000000000.00,0.000000
150.0,375.0,1408.1,0,1000000000.00,0.000000
175.0,375.0,1384.2,0,1000000000.00,0.000000
200.0,375.0,1360.3,0,1000000000.00,0.000000
225.0,375.0,1336.4,0,1000000000.00,0.000000
250.0,375.0,1312.6,0,1000000000.00,0.000000
275.0,375.0,1288.8,0,1000000000.00,0.000000
300.0,375.0,1265.1,0,1000000000.00,0.000000
325.0,375.0,1241.4,0,1000000000.00,0.000000
350.0,375.0,1217.8,0,1000000000.00,0.000000
375.0,375.0,1194.2,0,1000000000.00,0.000000
400.0,375.0,1170.7,0,1000000000.00,0.000000
425.0,375.0,1147.2,0,1000000000.00,0.000000
450.0,375.0,1123.8,0,1000000000.00,0.000000
475.0,375.0,1100.5,0,1000000000.00,0.000000
500.0,375.0,1077.3,0,1000000000.00,0.000000
525.0,375.0,1054.1,0,1000000000.00,0.000000
550.0,375.0,1031.0,0,1000000000.00,0.000000
575.0,375.0,1008.0,0,1000000000.00,0.000000
600.0,375.0,985.2,1,272.28,0.492450
625.0,375.0,962.4,1,261.89,0.511981
650.0,375.0,939.7,1,251.75,0.532602
675.0,375.0,917.2,1,241.86,0.554393
700.0,375.0,894.8,1,232.20,0.577438
725.0,375.0,872.5,1,222.79,0.601831
750.0,375.0,850.4,1,213.62,0.627671
775.0,375.0,856.5,1,204.69,0.655067
800.0,375.0,879.0,1,195.99,0.684136
825.0,375.0,901.7,1,187.53,0.715006
850.0,375.0,924.5,1,179.30,0.747811
875.0,375.0,947.4,1,171.31,0.782698
900.0,375.0,970.4,1,163.55,0.819825
925.0,375.0,993.5,1,156.03,0.859357
950.0,375.0,1016.7,0,1000000000.00,0.000000
975.0,375.0,1040.0,0,1000000000.00,0.000000
1000.0,375.0,1063.4,0,1000000000.00,0.000000
1025.0,375.0,1086.8,0,1000000000.00,0.000000
1050.0,375.0,1110.3,0,1000000000.00,0.000000
1075.0,375.0,1133.8,0,1000000000.00,0.000000
1100.0,375.0,1157.5,0,1000000000.00,0.000000
1125.0,375.0,1181.1,0,1000000000.00,0.000000
1150.0,375.0,1204.9,0,1000000000.00,0.000000
1175.0,375.0,1228.7,0,1000000000.00,0.000000
1200.0,375.0,1252.5,0,1000000000.00,0.000000
1225.0,375.0,1276.4,0,1000000000.00,0.000000
1250.0,375.0,1300.3,0,1000000000.00,0.000000
1275.0,375.0,1324.2,0,1000000000.00,0.000000
1300.0,375.0,1348.2,0,1000000000.00,0.000000
1325.0,375.0,1372.3,0,1000000000.00,0.000000
1350.0,375.0,1396.3,0,1000000000.00,0.000000
1375.0,375.0,1420.4,0,1000000000.00,0.000000
1400.0,375.0,1444.5,0,1000000000.00,0.000000
1425.0,375.0,1468.7,0,1000000000.00,0.000000
1450.0,375.0,1492.9,0,1000000000.00,0.000000
1475.0,375.0,1517.1,0,1000000000.00,0.000000
1500.0,375.0,1541.3,0,1000000000.00,0.000000
1525.0,375.0,1565.6,0,1000000000.00,0.000000
1550.0,375.0,1589.9,0,1000000000.00,0.000000
1575.0,375.0,1614.2,0,1000000000.00,0.000000
1600.0,375.0,1638.5,0,1000000000.00,0.000000
1625.0,375.0,1662.9,0,1000000000.00,0.000000
1650.0,375.0,1687.2,0,1000000000.00,0.000000
1675.0,375.0,1711.6,0,1000000000.00,0.000000
1700.0,375.0,1736.0,0,1000000000.00,0.000000
1725.0,375.0,1760.4,0,1000000000.00,0.000000
1750.0,375.0,1784.9,0,1000000000.00,0.000000
1775.0,375.0,1809.3,0,1000000000.00,0.000000
1800.0,375.0,1833.8,0,1000000000.00,0.000000
-1800.0,400.0,3327.2,0,1000000000.00,0.000000
-1775.0,400.0,3302.4,0,1000000000.00,0.000000
-1750.0,400.0,3277.6,0,1000000000.00,0.000000
-1725.0,400.0,3252.8,0,1000000000.00,0.000000
-1700.0,400.0,3228.0,0,1000000000.00,0.000000
-1675.0,400.0,3203.2,0,1000000000.00,0.000000
-1650.0,400.0,3178.5,0,1000000000.00,0.000000
-1625.0,400.0,3153.7,0,1000000000.00,0.000000
-1600.0,400.0,3128.9,0,1000000000.00,0.000000
-1575.0,400.0,3104.2,0,1000000000.00,0.000000
-1550.0,400.0,3079.4,0,1000000000.00,0.000000
-1525.0,400.0,3054.6,0,1000000000.00,0.000000
-1500.0,400.0,3029.9,0,1000000000.00,0.000000
-1475.0,400.0,3005.1,0,1000000000.00,0.000000
-1450.0,400.0,2980.4,0,1000000000.00,0.000000
-1425.0,400.0,2955.7,0,1000000000.00,0.000000
-1400.0,400.0,2930.9,0,1000000000.00,0.000000
-1375.0,400.0,2906.2,0,1000000000.00,0.000000
-1350.0,400.0,2881.5,0,1000000000.00,0.000000
-1325.0,400.0,2856.7,0,1000000000.00,0.000000
-1300.0,400.0,2832.0,0,1000000000.00,0.000000
-1275.0,400.0,2807.3,0,1000000000.00,0.000000
-1250.0,400.0,2782.6,0,1000000000.00,0.000000
-1225.0,400.0,2757.9,0,1000000000.00,0.000000
-1200.0,400.0,2733.2,0,1000000000.00,0.000000
-1175.0,400.0,2708.5,0,1000000000.00,0.000000
-1150.0,400.0,2683.8,0,1000000000.00,0.000000
-1125.0,400.0,2659.1,0,1000000000.00,0.000000
-1100.0,400.0,2634.5,0,1000000000.00,0.000000
-1075.0,400.0,2609.8,0,1000000000.00,0.000000
-1050.0,400.0,2585.1,0,1000000000.00,0.000000
-1025.0,400.0,2560.5,0,1000000000.00,0.000000
-1000.0,400.0,2535.8,0,1000000000.00,0.000000
-975.0,400.0,2511.2,0,1000000000.00,0.000000
-950.0,400.0,2486.6,0,1000000000.00,0.000000
-925.0,400.0,2461.9,0,1000000000.00,0.000000
-900.0,400.0,2437.3,0,1000000000.00,0.000000
-875.0,400.0,2412.7,0,1000000000.00,0.000000
-850.0,400.0,2388.1,0,1000000000.00,0.000000
-825.0,400.0,2363.5,0,1000000000.00,0.000000
-800.0,400.0,2338.9,0,1000000000.00,0.000000
-775.0,400.0,2314.3,0,1000000000.00,0.000000
-750.0,400.0,2289.8,0,1000000000.00,0.000000
-725.0,400.0,2265.2,0,1000000000.00,0.000000
-700.0,400.0,2240.7,0,1000000000.00,0.000000
-675.0,400.0,2216.1,0,1000000000.00,0.000000
-650.0,400.0,2191.6,0,1000000000.00,0.000000
-625.0,400.0,2167.1,0,1000000000.00,0.000000
-600.0,400.0,2142.6,0,1000000000.00,0.000000
-575.0,400.0,2118.1,0,1000000000.00,0.000000
-550.0,400.0,2093.6,0,1000000000.00,0.000000
-525.0,400.0,2069.1,0,1000000000.00,0.000000
-500.0,400.0,2044.7,0,1000000000.00,0.000000
-475.0,400.0,2020.2,0,1000000000.00,0.000000
-450.0,400.0,1995.8,0,1000000000.00,0.000000
-425.0,400.0,1971.4,0,1000000000.00,0.000000
-400.0,400.0,1947.0,0,1000000000.00,0.000000
-375.0,400.0,1922.6,0,1000000000.00,0.000000
-350.0,400.0,1898.2,0,1000000000.00,0.000000
-325.0,400.0,1873.9,0,1000000000.00,0.000000
-300.0,400.0,1849.5,0,1000000000.00,0.000000
-275.0,400.0,1825.2,0,1000000000.00,0.000000
-250.0,400.0,1800.9,0,1000000000.00,0.000000
-225.0,400.0,1776.6,0,1000000000.00,0.000000
-200.0,400.0,1752.4,0,1000000000.00,0.000000
-175.0,400.0,1728.1,0,1000000000.00,0.000000
-150.0,400.0,1703.9,0,1000000000.00,0.000000
-125.0,400.0,1679.7,0,1000000000.00,0.000000
-100.0,400.0,1655.6,0,1000000000.00,0.000000
-75.0,400.0,1631.4,0,1000000000.00,0.000000
-50.0,400.0,1607.3,0,1000000000.00,0.000000
-25.0,400.0,1583.2,0,1000000000.00,0.000000
0.0,400.0,1559.1,0,1000000000.00,0.000000
25.0,400.0,1535.1,0,1000000000.00,0.000000
50.0,400.0,1511.1,0,1000000000.00,0.000000
75.0,400.0,1487.1,0,1000000000.00,0.000000
100.0,400.0,1463.2,0,1000000000.00,0.000000
125.0,400.0,1439.3,0,1000000000.00,0.000000
150.0,400.0,1415.5,0,1000000000.00,0.000000
175.0,400.0,1391.6,0,1000000000.00,0.000000
200.0,400.0,1367.9,0,1000000000.00,0.000000
225.0,400.0,1344.1,0,1000000000.00,0.000000
250.0,400.0,1320.4,0,1000000000.00,0.000000
275.0,400.0,1296.8,0,1000000000.00,0.000000
300.0,400.0,1273.2,0,1000000000.00,0.000000
325.0,400.0,1249.7,0,1000000000.00,0.000000
350.0,400.0,1226.2,0,1000000000.00,0.000000
375.0,400.0,1202.8,0,1000000000.00,0.000000
400.0,400.0,1179.5,0,1000000000.00,0.000000
425.0,400.0,1156.2,0,1000000000.00,0.000000
450.0,400.0,1133.0,0,1000000000.00,0.000000
475.0,400.0,1109.9,0,1000000000.00,0.000000
500.0,400.0,1086.8,0,1000000000.00,0.000000
525.0,400.0,1063.9,0,1000000000.00,0.000000
550.0,400.0,1041.0,0,1000000000.00,0.000000
575.0,400.0,1018.2,0,1000000000.00,0.000000
600.0,400.0,995.6,1,254.34,0.527186
625.0,400.0,973.1,1,244.84,0.547631
650.0,400.0,950.7,1,235.57,0.569189
675.0,400.0,928.4,1,226.52,0.591936
700.0,400.0,906.2,1,217.68,0.615956
725.0,400.0,884.3,1,209.07,0.641338
750.0,400.0,862.4,1,200.67,0.668178
775.0,400.0,867.7,1,192.49,0.696580
800.0,400.0,890.0,1,184.52,0.726655
825.0,400.0,912.4,1,176.77,0.758522
850.0,400.0,934.9,1,169.23,0.792308
875.0,400.0,957.6,1,161.91,0.828148
900.0,400.0,980.4,1,154.80,0.866183
925.0,400.0,1003.2,0,1000000000.00,0.000000
950.0,400.0,1026.2,0,1000000000.00,0.000000
975.0,400.0,1049.3,0,1000000000.00,0.000000
1000.0,400.0,1072.4,0,1000000000.00,0.000000
1025.0,400.0,1095.7,0,1000000000.00,0.000000
1050.0,400.0,1119.0,0,1000000000.00,0.000000
1075.0,400.0,1142.4,0,1000000000.00,0.000000
1100.0,400.0,1165.8,0,1000000000.00,0.000000
1125.0,400.0,1189.3,0,1000000000.00,0.000000
1150.0,400.0,1212.9,0,1000000000.00,0.000000
1175.0,400.0,1236.5,0,1000000000.00,0.000000
1200.0,400.0,1260.2,0,1000000000.00,0.000000
1225.0,400.0,1283.9,0,1000000000.00,0.000000
1250.0,400.0,1307.7,0,1000000000.00,0.000000
1275.0,400.0,1331.5,0,1000000000.00,0.000000
1300.0,400.0,1355.4,0,1000000000.00,0.000000
1325.0,400.0,1379.3,0,1000000000.00,0.000000
1350.0,400.0,1403.2,0,1000000000.00,0.000000
1375.0,400.0,1427.2,0,1000000000.00,0.000000
1400.0,400.0,1451.2,0,1000000000.00,0.000000
1425.0,400.0,1475.3,0,1000000000.00,0.000000
1450.0,400.0,1499.4,0,1000000000.00,0.000000
1475.0,400.0,1523.5,0,1000000000.00,0.000000
1500.0,400.0,1547.6,0,1000000000.00,0.000000
1525.0,400.0,1571.8,0,1000000000.00,0.000000
1550.0,400.0,1596.0,0,1000000000.00,0.000000
1575.0,400.0,1620.2,0,1000000000.00,0.000000
1600.0,400.0,1644.4,0,1000000000.00,0.000000
1625.0,400.0,1668.7,0,1000000000.00,0.000000
1650.0,400.0,1693.0,0,1000000000.00,0.000000
1675.0,400.0,1717.3,0,1000000000.00,0.000000
1700.0,400.0,1741.6,0,1000000000.00,0.000000
1725.0,400.0,1765.9,0,1000000000.00,0.000000
1750.0,400.0,1790.3,0,1000000000.00,0.000000
1775.0,400.0,1814.7,0,1000000000.00,0.000000
1800.0,400.0,1839.0,0,1000000000.00,0.000000
-1800.0,425.0,3330.5,0,1000000000.00,0.000000
-1775.0,425.0,3305.7,0,1000000000.00,0.000000
-1750.0,425.0,3280.9,0,1000000000.00,0.000000
-1725.0,425.0,3256.2,0,1000000000.00,0.000000
-1700.0,425.0,3231.4,0,1000000000.00,0.000000
-1675.0,425.0,3206.7,0,1000000000.00,0.000000
-1650.0,425.0,3181.9,0,1000000000.00,0.000000
-1625.0,425.0,3157.2,0,1000000000.00,0.000000
-1600.0,425.0,3132.4,0,1000000000.00,0.000000
-1575.0,425.0,3107.7,0,1000000000.00,0.000000
-1550.0,425.0,3083.0,0,1000000000.00,0.000000
-1525.0,425.0,3058.2,0,1000000000.00,0.000000
-1500.0,425.0,3033.5,0,1000000000.00,0.000000
-1475.0,425.0,3008.8,0,1000000000.00,0.000000
-1450.0,425.0,2984.1,0,1000000000.00,0.000000
-1425.0,425.0,2959.4,0,1000000000.00,0.000000
-1400.0,425.0,2934.7,0,1000000000.00,0.000000
-1375.0,425.0,2910.0,0,1000000000.00,0.000000
-1350.0,425.0,2885.3,0,1000000000.00,0.000000
-1325.0,425.0,2860.6,0,1000000000.00,0.000000
-1300.0,425.0,2835.9,0,1000000000.00,0.000000
-1275.0,425.0,2811.2,0,1000000000.00,0.000000
-1250.0,425.0,2786.5,0,1000000000.00,0.000000
-1225.0,425.0,2761.9,0,1000000000.00,0.000000
-1200.0,425.0,2737.2,0,1000000000.00,0.000000
-1175.0,425.0,2712.6,0,1000000000.00,0.000000
-1150.0,425.0,2687.9,0,1000000000.00,0.000000
-1125.0,425.0,2663.3,0,1000000000.00,0.000000
-1100.0,425.0,2638.6,0,1000000000.00,0.000000
-1075.0,425.0,2614.0,0,1000000000.00,0.000000
-1050.0,425.0,2589.4,0,1000000000.00,0.000000
-1025.0,425.0,2564.8,0,1000000000.00,0.000000
-1000.0,425.0,2540.2,0,1000000000.00,0.000000
-975.0,425.0,2515.6,0,1000000000.00,0.000000
-950.0,425.0,2491.0,0,1000000000.00,0.000000
-925.0,425.0,2466.4,0,1000000000.00,0.000000
-900.0,425.0,2441.8,0,1000000000.00,0.000000
-875.0,425.0,2417.3,0,1000000000.00,0.000000
-850.0,425.0,2392.7,0,1000000000.00,0.000000
-825.0,425.0,2368.1,0,1000000000.00,0.000000
-800.0,425.0,2343.6,0,1000000000.00,0.000000
-775.0,425.0,2319.1,0,1000000000.00,0.000000
-750.0,425.0,2294.6,0,1000000000.00,0.000000
-725.0,425.0,2270.1,0,1000000000.00,0.000000
-700.0,425.0,2245.6,0,1000000000.00,0.000000
-675.0,425.0,2221.1,0,1000000000.00,0.000000
-650.0,425.0,2196.6,0,1000000000.00,0.000000
-625.0,425.0,2172.1,0,1000000000.00,0.000000
-600.0,425.0,2147.7,0,1000000000.00,0.000000
-575.0,425.0,2123.3,0,1000000000.00,0.000000
-550.0,425.0,2098.8,0,1000000000.00,0.000000
-525.0,425.0,2074.4,0,1000000000.00,0.000000
-500.0,425.0,2050.0,0,1000000000.00,0.000000
-475.0,425.0,2025.7,0,1000000000.00,0.000000
-450.0,425.0,2001.3,0,1000000000.00,0.000000
-425.0,425.0,1976.9,0,1000000000.00,0.000000
-400.0,425.0,1952.6,0,1000000000.00,0.000000
-375.0,425.0,1928.3,0,1000000000.00,0.000000
-350.0,425.0,1904.0,0,1000000000.00,0.000000
-325.0,425.0,1879.7,0,1000000000.00,0.000000
-300.0,425.0,1855.5,0,1000000000.00,0.000000
-275.0,425.0,1831.2,0,1000000000.00,0.000000
-250.0,425.0,1807.0,0,1000000000.00,0.000000
-225.0,425.0,1782.8,0,1000000000.00,0.000000
-200.0,425.0,1758.6,0,1000000000.00,0.000000
-175.0,425.0,1734.5,0,1000000000.00,0.000000
-150.0,425.0,1710.4,0,1000000000.00,0.000000
-125.0,425.0,1686.3,0,1000000000.00,0.000000
-100.0,425.0,1662.2,0,1000000000.00,0.000000
-75.0,425.0,1638.1,0,1000000000.00,0.000000
-50.0,425.0,1614.1,0,1000000000.00,0.000000
-25.0,425.0,1590.1,0,1000000000.00,0.000000
0.0,425.0,1566.2,0,1000000000.00,0.000000
25.0,425.0,1542.2,0,1000000000.00,0.000000
50.0,425.0,1518.4,0,1000000000.00,0.000000
75.0,425.0,1494.5,0,1000000000.00,0.000000
100.0,425.0,1470.7,0,1000000000.00,0.000000
125.0,425.0,1446.9,0,1000000000.00,0.000000
150.0,425.0,1423.2,0,1000000000.00,0.000000
175.0,425.0,1399.5,0,1000000000.00,0.000000
200.0,425.0,1375.9,0,1000000000.00,0.000000
225.0,425.0,1352.3,0,1000000000.00,0.000000
250.0,425.0,1328.7,0,1000000000.00,0.000000
275.0,425.0,1305.2,0,1000000000.00,0.000000
300.0,425.0,1281.8,0,1000000000.00,0.000000
325.0,425.0,1258.4,0,1000000000.00,0.000000
350.0,425.0,1235.1,0,1000000000.00,0.000000
375.0,425.0,1211.9,0,1000000000.00,0.000000
400.0,425.0,1188.7,0,1000000000.00,0.000000
425.0,425.0,1165.6,0,1000000000.00,0.000000
450.0,425.0,1142.6,0,1000000000.00,0.000000
475.0,425.0,1119.7,0,1000000000.00,0.000000
500.0,425.0,1096.9,0,1000000000.00,0.000000
525.0,425.0,1074.1,0,1000000000.00,0.000000
550.0,425.0,1051.5,0,1000000000.00,0.000000
575.0,425.0,1029.0,0,1000000000.00,0.000000
600.0,425.0,1006.6,0,1000000000.00,0.000000
625.0,425.0,984.3,1,230.37,0.582026
650.0,425.0,962.1,1,221.84,0.604426
675.0,425.0,940.1,1,213.50,0.628028
700.0,425.0,918.3,1,205.36,0.652911
725.0,425.0,896.6,1,197.42,0.679161
750.0,425.0,875.1,1,189.69,0.706870
775.0,425.0,879.5,1,182.14,0.736135
800.0,425.0,901.5,1,174.80,0.767061
825.0,425.0,923.6,1,167.65,0.799758
850.0,425.0,945.9,1,160.71,0.834343
875.0,425.0,968.3,1,153.95,0.870937
900.0,425.0,990.8,1,147.40,0.909669
925.0,425.0,1013.5,0,1000000000.00,0.000000
950.0,425.0,1036.2,0,1000000000.00,0.000000
975.0,425.0,1059.1,0,1000000000.00,0.000000
1000.0,425.0,1082.0,0,1000000000.00,0.000000
1025.0,425.0,1105.0,0,1000000000.00,0.000000
1050.0,425.0,1128.2,0,1000000000.00,0.000000
1075.0,425.0,1151.3,0,1000000000.00,0.000000
1100.0,425.0,1174.6,0,1000000000.00,0.000000
1125.0,425.0,1198.0,0,1000000000.00,0.000000
1150.0,425.0,1221.4,0,1000000000.00,0.000000
1175.0,425.0,1244.8,0,1000000000.00,0.000000
1200.0,425.0,1268.4,0,1000000000.00,0.000000
1225.0,425.0,1291.9,0,1000000000.00,0.000000
1250.0,425.0,1315.6,0,1000000000.00,0.000000
1275.0,425.0,1339.3,0,1000000000.00,0.000000
1300.0,425.0,1363.0,0,1000000000.00,0.000000
1325.0,425.0,1386.8,0,1000000000.00,0.000000
1350.0,425.0,1410.6,0,1000000000.00,0.000000
1375.0,425.0,1434.4,0,1000000000.00,0.000000
1400.0,425.0,1458.3,0,1000000000.00,0.000000
1425.0,425.0,1482.3,0,1000000000.00,0.000000
1450.0,425.0,1506.2,0,1000000000.00,0.000000
1475.0,425.0,1530.2,0,1000000000.00,0.000000
1500.0,425.0,1554.3,0,1000000000.00,0.000000
1525.0,425.0,1578.3,0,1000000000.00,0.000000
1550.0,425.0,1602.4,0,1000000000.00,0.000000
1575.0,425.0,1626.5,0,1000000000.00,0.000000
1600.0,425.0,1650.7,0,1000000000.00,0.000000
1625.0,425.0,1674.8,0,1000000000.00,0.000000
1650.0,425.0,1699.0,0,1000000000.00,0.000000
1675.0,425.0,1723.3,0,1000000000.00,0.000000
1700.0,425.0,1747.5,0,1000000000.00,0.000000
1725.0,425.0,1771.8,0,1000000000.00,0.000000
1750.0,425.0,1796.0,0,1000000000.00,0.000000
1775.0,425.0,1820.3,0,1000000000.00,0.000000
1800.0,425.0,1844.6,0,1000000000.00,0.000000
-1800.0,450.0,3334.0,0,1000000000.00,0.000000
-1775.0,450.0,3309.2,0,1000000000.00,0.000000
-1750.0,450.0,3284.5,0,1000000000.00,0.000000
-1725.0,450.0,3259.7,0,1000000000.00,0.000000
-1700.0,450.0,3235.0,0,1000000000.00,0.000000
-1675.0,450.0,3210.3,0,1000000000.00,0.000000
-1650.0,450.0,3185.6,0,1000000000.00,0.000000
-1625.0,450.0,3160.8,0,1000000000.00,0.000000
-1600.0,450.0,3136.1,0,1000000000.00,0.000000
-1575.0,450.0,3111.4,0,1000000000.00,0.000000
-1550.0,450.0,3086.7,0,1000000000.00,0.000000
-1525.0,450.0,3062.0,0,1000000000.00,0.000000
-1500.0,450.0,3037.3,0,1000000000.00,0.000000
-1475.0,450.0,3012.6,0,1000000000.00,0.000000
-1450.0,450.0,2988.0,0,1000000000.00,0.000000
-1425.0,450.0,2963.3,0,1000000000.00,0.000000
-1400.0,450.0,2938.6,0,1000000000.00,0.000000
-1375.0,450.0,2913.9,0,1000000000.00,0.000000
-1350.0,450.0,2889.3,0,1000000000.00,0.000000
-1325.0,450.0,2864.6,0,1000000000.00,0.000000
-1300.0,450.0,2840.0,0,1000000000.00,0.000000
-1275.0,450.0,2815.3,0,1000000000.00,0.000000
-1250.0,450.0,2790.7,0,1000000000.00,0.000000
-1225.0,450.0,2766.1,0,1000000000.00,0.000000
-1200.0,450.0,2741.4,0,1000000000.00,0.000000
-1175.0,450.0,2716.8,0,1000000000.00,0.000000
-1150.0,450.0,2692.2,0,1000000000.00,0.000000
-1125.0,450.0,2667.6,0,1000000000.00,0.000000
-1100.0,450.0,2643.0,0,1000000000.00,0.000000
-1075.0,450.0,2618.4,0,1000000000.00,0.000000
-1050.0,450.0,2593.9,0,1000000000.00,0.000000
-1025.0,450.0,2569.3,0,1000000000.00,0.000000
-1000.0,450.0,2544.7,0,1000000000.00,0.000000
-975.0,450.0,2520.2,0,1000000000.00,0.000000
-950.0,450.0,2495.6,0,1000000000.00,0.000000
-925.0,450.0,2471.1,0,1000000000.00,0.000000
-900.0,450.0,2446.6,0,1000000000.00,0.000000
-875.0,450.0,2422.0,0,1000000000.00,0.000000
-850.0,450.0,2397.5,0,1000000000.00,0.000000
-825.0,450.0,2373.0,0,1000000000.00,0.000000
-800.0,450.0,2348.6,0,1000000000.00,0.000000
-775.0,450.0,2324.1,0,1000000000.00,0.000000
-750.0,450.0,2299.6,0,1000000000.00,0.000000
-725.0,450.0,2275.2,0,1000000000.00,0.000000
-700.0,450.0,2250.7,0,1000000000.00,0.000000
-675.0,450.0,2226.3,0,1000000000.00,0.000000
-650.0,450.0,2201.9,0,1000000000.00,0.000000
-625.0,450.0,2177.5,0,1000000000.00,0.000000
-600.0,450.0,2153.1,0,1000000000.00,0.000000
-575.0,450.0,2128.7,0,1000000000.00,0.000000
-550.0,450.0,2104.4,0,1000000000.00,0.000000
-525.0,450.0,2080.0,0,1000000000.00,0.000000
-500.0,450.0,2055.7,0,1000000000.00,0.000000
-475.0,450.0,2031.4,0,1000000000.00,0.000000
-450.0,450.0,2007.1,0,1000000000.00,0.000000
-425.0,450.0,1982.8,0,1000000000.00,0.000000
-400.0,450.0,1958.5,0,1000000000.00,0.000000
-375.0,450.0,1934.3,0,1000000000.00,0.000000
-350.0,450.0,1910.1,0,1000000000.00,0.000000
-325.0,450.0,1885.9,0,1000000000.00,0.000000
-300.0,450.0,1861.7,0,1000000000.00,0.000000
-275.0,450.0,1837.5,0,1000000000.00,0.000000
-250.0,450.0,1813.4,0,1000000000.00,0.000000
-225.0,450.0,1789.3,0,1000000000.00,0.000000
-200.0,450.0,1765.2,0,1000000000.00,0.000000
-175.0,450.0,1741.2,0,1000000000.00,0.000000
-150.0,450.0,1717.1,0,1000000000.00,0.000000
-125.0,450.0,1693.1,0,1000000000.00,0.000000
-100.0,450.0,1669.1,0,1000000000.00,0.000000
-75.0,450.0,1645.2,0,1000000000.00,0.000000
-50.0,450.0,1621.3,0,1000000000.00,0.000000
-25.0,450.0,1597.4,0,1000000000.00,0.000000
0.0,450.0,1573.6,0,1000000000.00,0.000000
25.0,450.0,1549.7,0,1000000000.00,0.000000
50.0,450.0,1526.0,0,1000000000.00,0.000000
75.0,450.0,1502.2,0,1000000000.00,0.000000
100.0,450.0,1478.5,0,1000000000.00,0.000000
125.0,450.0,1454.9,0,1000000000.00,0.000000
150.0,450.0,1431.3,0,1000000000.00,0.000000
175.0,450.0,1407.8,0,1000000000.00,0.000000
200.0,450.0,1384.3,0,1000000000.00,0.000000
225.0,450.0,1360.8,0,1000000000.00,0.000000
250.0,450.0,1337.4,0,1000000000.00,0.000000
275.0,450.0,1314.1,0,1000000000.00,0.000000
300.0,450.0,1290.8,0,1000000000.00,0.000000
325.0,450.0,1267.6,0,1000000000.00,0.000000
350.0,450.0,1244.5,0,1000000000.00,0.000000
375.0,450.0,1221.4,0,1000000000.00,0.000000
400.0,450.0,1198.4,0,1000000000.00,0.000000
425.0,450.0,1175.5,0,1000000000.00,0.000000
450.0,450.0,1152.7,0,1000000000.00,0.000000
475.0,450.0,1130.0,0,1000000000.00,0.000000
500.0,450.0,1107.4,0,1000000000.00,0.000000
525.0,450.0,1084.9,0,1000000000.00,0.000000
550.0,450.0,1062.5,0,1000000000.00,0.000000
575.0,450.0,1040.2,0,1000000000.00,0.000000
600.0,450.0,1018.0,0,1000000000.00,0.000000
625.0,450.0,996.0,1,217.97,0.615143
650.0,450.0,974.1,1,210.06,0.638295
675.0,450.0,952.4,1,202.34,0.662652
700.0,450.0,930.8,1,194.81,0.688291
725.0,450.0,909.4,1,187.45,0.715293
750.0,450.0,888.2,1,180.28,0.743745
775.0,450.0,891.9,1,173.29,0.773738
800.0,450.0,913.6,1,166.49,0.805369
825.0,450.0,935.4,1,159.86,0.838738
850.0,450.0,957.4,1,153.42,0.873953
875.0,450.0,979.5,1,147.16,0.911121
900.0,450.0,1001.8,0,1000000000.00,0.000000
925.0,450.0,1024.2,0,1000000000.00,0.000000
950.0,450.0,1046.7,0,1000000000.00,0.000000
975.0,450.0,1069.3,0,1000000000.00,0.000000
1000.0,450.0,1092.1,0,1000000000.00,0.000000
1025.0,450.0,1114.9,0,1000000000.00,0.000000
1050.0,450.0,1137.8,0,1000000000.00,0.000000
1075.0,450.0,1160.8,0,1000000000.00,0.000000
1100.0,450.0,1183.9,0,1000000000.00,0.000000
1125.0,450.0,1207.1,0,1000000000.00,0.000000
1150.0,450.0,1230.3,0,1000000000.00,0.000000
1175.0,450.0,1253.6,0,1000000000.00,0.000000
1200.0,450.0,1277.0,0,1000000000.00,0.000000
1225.0,450.0,1300.4,0,1000000000.00,0.000000
1250.0,450.0,1323.9,0,1000000000.00,0.000000
1275.0,450.0,1347.4,0,1000000000.00,0.000000
1300.0,450.0,1371.0,0,1000000000.00,0.000000
1325.0,450.0,1394.6,0,1000000000.00,0.000000
1350.0,450.0,1418.3,0,1000000000.00,0.000000
1375.0,450.0,1442.0,0,1000000000.00,0.000000
1400.0,450.0,1465.8,0,1000000000.00,0.000000
1425.0,450.0,1489.6,0,1000000000.00,0.000000
1450.0,450.0,1513.5,0,1000000000.00,0.000000
1475.0,450.0,1537.4,0,1000000000.00,0.000000
1500.0,450.0,1561.3,0,1000000000.00,0.000000
1525.0,450.0,1585.2,0,1000000000.00,0.000000
1550.0,450.0,1609.2,0,1000000000.00,0.000000
1575.0,450.0,1633.2,0,1000000000.00,0.000000
1600.0,450.0,1657.3,0,1000000000.00,0.000000
1625.0,450.0,1681.4,0,1000000000.00,0.000000
1650.0,450.0,1705.5,0,1000000000.00,0.000000
1675.0,450.0,1729.6,0,1000000000.00,0.000000
1700.0,450.0,1753.7,0,1000000000.00,0.000000
1725.0,450.0,1777.9,0,1000000000.00,0.000000
1750.0,450.0,1802.1,0,1000000000.00,0.000000
1775.0,450.0,1826.3,0,1000000000.00,0.000000
1800.0,450.0,1850.6,0,1000000000.00,0.000000
-1800.0,475.0,3337.6,0,1000000000.00,0.000000
-1775.0,475.0,3312.9,0,1000000000.00,0.000000
-1750.0,475.0,3288.2,0,1000000000.00,0.000000
-1725.0,475.0,3263.5,0,1000000000.00,0.000000
-1700.0,475.0,3238.8,0,1000000000.00,0.000000
-1675.0,475.0,3214.1,0,1000000000.00,0.000000
-1650.0,475.0,3189.4,0,1000000000.00,0.000000
-1625.0,475.0,3164.7,0,1000000000.00,0.000000
-1600.0,475.0,3140.0,0,1000000000.00,0.000000
-1575.0,475.0,3115.3,0,1000000000.00,0.000000
-1550.0,475.0,3090.7,0,1000000000.00,0.000000
-1525.0,475.0,3066.0,0,1000000000.00,0.000000
-1500.0,475.0,3041.3,0,1000000000.00,0.000000
-1475.0,475.0,3016.7,0,1000000000.00,0.000000
-1450.0,475.0,2992.0,0,1000000000.00,0.000000
-1425.0,475.0,2967.4,0,1000000000.00,0.000000
-1400.0,475.0,2942.8,0,1000000000.00,0.000000
-1375.0,475.0,2918.1,0,1000000000.00,0.000000
-1350.0,475.0,2893.5,0,1000000000.00,0.000000
-1325.0,475.0,2868.9,0,1000000000.00,0.000000
-1300.0,475.0,2844.3,0,1000000000.00,0.000000
-1275.0,475.0,2819.7,0,1000000000.00,0.000000
-1250.0,475.0,2795.1,0,1000000000.00,0.000000
-1225.0,475.0,2770.5,0,1000000000.00,0.000000
-1200.0,475.0,2745.9,0,1000000000.00,0.000000
-1175.0,475.0,2721.3,0,1000000000.00,0.000000
-1150.0,475.0,2696.8,0,1000000000.00,0.000000
-1125.0,475.0,2672.2,0,1000000000.00,0.000000
-1100.0,475.0,2647.6,0,1000000000.00,0.000000
-1075.0,475.0,2623.1,0,1000000000.00,0.000000
-1050.0,475.0,2598.6,0,1000000000.00,0.000000
-1025.0,475.0,2574.0,0,1000000000.00,0.000000
-1000.0,475.0,2549.5,0,1000000000.00,0.000000
-975.0,475.0,2525.0,0,1000000000.00,0.000000
-950.0,475.0,2500.5,0,1000000000.00,0.000000
-925.0,475.0,2476.0,0,1000000000.00,0.000000
-900.0,475.0,2451.5,0,1000000000.00,0.000000
-875.0,475.0,2427.1,0,1000000000.00,0.000000
-850.0,475.0,2402.6,0,1000000000.00,0.000000
-825.0,475.0,2378.2,0,1000000000.00,0.000000
-800.0,475.0,2353.7,0,1000000000.00,0.000000
-775.0,475.0,2329.3,0,1000000000.00,0.000000
-750.0,475.0,2304.9,0,1000000000.00,0.000000
-725.0,475.0,2280.5,0,1000000000.00,0.000000
-700.0,475.0,2256.1,0,1000000000.00,0.000000
-675.0,475.0,2231.8,0,1000000000.00,0.000000
-650.0,475.0,2207.4,0,1000000000.00,0.000000
-625.0,475.0,2183.1,0,1000000000.00,0.000000
-600.0,475.0,2158.8,0,1000000000.00,0.000000
-575.0,475.0,2134.4,0,1000000000.00,0.000000
-550.0,475.0,2110.2,0,1000000000.00,0.000000
-525.0,475.0,2085.9,0,1000000000.00,0.000000
-500.0,475.0,2061.6,0,1000000000.00,0.000000
-475.0,475.0,2037.4,0,1000000000.00,0.000000
-450.0,475.0,2013.2,0,1000000000.00,0.000000
-425.0,475.0,1989.0,0,1000000000.00,0.000000
-400.0,475.0,1964.8,0,1000000000.00,0.000000
-375.0,475.0,1940.6,0,1000000000.00,0.000000
-350.0,475.0,1916.5,0,1000000000.00,0.000000
-325.0,475.0,1892.3,0,1000000000.00,0.000000
-300.0,475.0,1868.2,0,1000000000.00,0.000000
-275.0,475.0,1844.2,0,1000000000.00,0.000000
-250.0,475.0,1820.1,0,1000000000.00,0.000000
-225.0,475.0,1796.1,0,1000000000.00,0.000000
-200.0,475.0,1772.1,0,1000000000.00,0.000000
-175.0,475.0,1748.2,0,1000000000.00,0.000000
-150.0,475.0,1724.2,0,1000000000.00,0.000000
-125.0,475.0,1700.3,0,1000000000.00,0.000000
-100.0,475.0,1676.4,0,1000000000.00,0.000000
-75.0,475.0,1652.6,0,1000000000.00,0.000000
-50.0,475.0,1628.8,0,1000000000.00,0.000000
-25.0,475.0,1605.0,0,1000000000.00,0.000000
0.0,475.0,1581.3,0,1000000000.00,0.000000
25.0,475.0,1557.6,0,1000000000.00,0.000000
50.0,475.0,1534.0,0,1000000000.00,0.000000
75.0,475.0,1510.3,0,1000000000.00,0.000000
100.0,475.0,1486.8,0,1000000000.00,0.000000
125.0,475.0,1463.3,0,1000000000.00,0.000000
150.0,475.0,1439.8,0,1000000000.00,0.000000
175.0,475.0,1416.4,0,1000000000.00,0.000000
200.0,475.0,1393.0,0,1000000000.00,0.000000
225.0,475.0,1369.8,0,1000000000.00,0.000000
250.0,475.0,1346.5,0,1000000000.00,0.000000
275.0,475.0,1323.3,0,1000000000.00,0.000000
300.0,475.0,1300.2,0,1000000000.00,0.000000
325.0,475.0,1277.2,0,1000000000.00,0.000000
350.0,475.0,1254.3,0,1000000000.00,0.000000
375.0,475.0,1231.4,0,1000000000.00,0.000000
400.0,475.0,1208.6,0,1000000000.00,0.000000
425.0,475.0,1185.9,0,1000000000.00,0.000000
450.0,475.0,1163.3,0,1000000000.00,0.000000
475.0,475.0,1140.8,0,1000000000.00,0.000000
500.0,475.0,1118.4,0,1000000000.00,0.000000
525.0,475.0,1096.1,0,1000000000.00,0.000000
550.0,475.0,1073.9,0,1000000000.00,0.000000
575.0,475.0,1051.8,0,1000000000.00,0.000000
600.0,475.0,1029.9,0,1000000000.00,0.000000
625.0,475.0,1008.2,0,1000000000.00,0.000000
650.0,475.0,986.6,1,199.89,0.670787
675.0,475.0,965.1,1,192.70,0.695804
700.0,475.0,943.8,1,185.69,0.722096
725.0,475.0,922.7,1,178.84,0.749739
750.0,475.0,901.9,1,172.16,0.778815
775.0,475.0,904.8,1,165.66,0.809408
800.0,475.0,926.1,1,159.32,0.841606
825.0,475.0,947.7,1,153.15,0.875502
850.0,475.0,969.4,1,147.15,0.911190
875.0,475.0,991.3,1,141.32,0.948766
900.0,475.0,1013.3,0,1000000000.00,0.000000
925.0,475.0,1035.4,0,1000000000.00,0.000000
950.0,475.0,1057.7,0,1000000000.00,0.000000
975.0,475.0,1080.1,0,1000000000.00,0.000000
1000.0,475.0,1102.6,0,1000000000.00,0.000000
1025.0,475.0,1125.2,0,1000000000.00,0.000000
1050.0,475.0,1147.9,0,1000000000.00,0.000000
1075.0,475.0,1170.7,0,1000000000.00,0.000000
1100.0,475.0,1193.6,0,1000000000.00,0.000000
1125.0,475.0,1216.6,0,1000000000.00,0.000000
1150.0,475.0,1239.7,0,1000000000.00,0.000000
1175.0,475.0,1262.8,0,1000000000.00,0.000000
1200.0,475.0,1286.0,0,1000000000.00,0.000000
1225.0,475.0,1309.2,0,1000000000.00,0.000000
1250.0,475.0,1332.6,0,1000000000.00,0.000000
1275.0,475.0,1356.0,0,1000000000.00,0.000000
1300.0,475.0,1379.4,0,1000000000.00,0.000000
1325.0,475.0,1402.9,0,1000000000.00,0.000000
1350.0,475.0,1426.4,0,1000000000.00,0.000000
1375.0,475.0,1450.0,0,1000000000.00,0.000000
1400.0,475.0,1473.7,0,1000000000.00,0.000000
1425.0,475.0,1497.4,0,1000000000.00,0.000000
1450.0,475.0,1521.1,0,1000000000.00,0.000000
1475.0,475.0,1544.9,0,1000000000.00,0.000000
1500.0,475.0,1568.7,0,1000000000.00,0.000000
1525.0,475.0,1592.5,0,1000000000.00,0.000000
1550.0,475.0,1616.4,0,1000000000.00,0.000000
1575.0,475.0,1640.3,0,1000000000.00,0.000000
1600.0,475.0,1664.3,0,1000000000.00,0.000000
1625.0,475.0,1688.2,0,1000000000.00,0.000000
1650.0,475.0,1712.2,0,1000000000.00,0.000000
1675.0,475.0,1736.3,0,1000000000.00,0.000000
1700.0,475.0,1760.3,0,1000000000.00,0.000000
1725.0,475.0,1784.4,0,1000000000.00,0.000000
1750.0,475.0,1808.5,0,1000000000.00,0.000000
1775.0,475.0,1832.7,0,1000000000.00,0.000000
1800.0,475.0,1856.8,0,1000000000.00,0.000000
-1800.0,500.0,3341.5,0,1000000000.00,0.000000
-1775.0,500.0,3316.8,0,1000000000.00,0.000000
-1750.0,500.0,3292.1,0,1000000000.00,0.000000
-1725.0,500.0,3267.4,0,1000000000.00,0.000000
-1700.0,500.0,3242.7,0,1000000000.00,0.000000
-1675.0,500.0,3218.1,0,1000000000.00,0.000000
-1650.0,500.0,3193.4,0,1000000000.00,0.000000
-1625.0,500.0,3168.8,0,1000000000.00,0.000000
-1600.0,500.0,3144.1,0,1000000000.00,0.000000
-1575.0,500.0,3119.5,0,1000000000.00,0.000000
-1550.0,500.0,3094.8,0,1000000000.00,0.000000
-1525.0,500.0,3070.2,0,1000000000.00,0.000000
-1500.0,500.0,3045.6,0,1000000000.00,0.000000
-1475.0,500.0,3020.9,0,1000000000.00,0.000000
-1450.0,500.0,2996.3,0,1000000000.00,0.000000
-1425.0,500.0,2971.7,0,1000000000.00,0.000000
-1400.0,500.0,2947.1,0,1000000000.00,0.000000
-1375.0,500.0,2922.5,0,1000000000.00,0.000000
-1350.0,500.0,2897.9,0,1000000000.00,0.000000
-1325.0,500.0,2873.4,0,1000000000.00,0.000000
-1300.0,500.0,2848.8,0,1000000000.00,0.000000
-1275.0,500.0,2824.2,0,1000000000.00,0.000000
-1250.0,500.0,2799.7,0,1000000000.00,0.000000
-1225.0,500.0,2775.1,0,1000000000.00,0.000000
-1200.0,500.0,2750.6,0,1000000000.00,0.000000
-1175.0,500.0,2726.0,0,1000000000.00,0.000000
-1150.0,500.0,2701.5,0,1000000000.00,0.000000
-1125.0,500.0,2677.0,0,1000000000.00,0.000000
-1100.0,500.0,2652.5,0,1000000000.00,0.000000
-1075.0,500.0,2628.0,0,1000000000.00,0.000000
-1050.0,500.0,2603.5,0,1000000000.00,0.000000
-1025.0,500.0,2579.0,0,1000000000.00,0.000000
-1000.0,500.0,2554.5,0,1000000000.00,0.000000
-975.0,500.0,2530.1,0,1000000000.00,0.000000
-950.0,500.0,2505.6,0,1000000000.00,0.000000
-925.0,500.0,2481.2,0,1000000000.00,0.000000
-900.0,500.0,2456.8,0,1000000000.00,0.000000
-875.0,500.0,2432.4,0,1000000000.00,0.000000
-850.0,500.0,2408.0,0,1000000000.00,0.000000
-825.0,500.0,2383.6,0,1000000000.00,0.000000
-800.0,500.0,2359.2,0,1000000000.00,0.000000
-775.0,500.0,2334.8,0,1000000000.00,0.000000
-750.0,500.0,2310.5,0,1000000000.00,0.000000
-725.0,500.0,2286.1,0,1000000000.00,0.000000
-700.0,500.0,2261.8,0,1000000000.00,0.000000
-675.0,500.0,2237.5,0,1000000000.00,0.000000
-650.0,500.0,2213.2,0,1000000000.00,0.000000
-625.0,500.0,2189.0,0,1000000000.00,0.000000
-600.0,500.0,2164.7,0,1000000000.00,0.000000
-575.0,500.0,2140.5,0,1000000000.00,0.000000
-550.0,500.0,2116.2,0,1000000000.00,0.000000
-525.0,500.0,2092.0,0,1000000000.00,0.000000
-500.0,500.0,2067.8,0,1000000000.00,0.000000
-475.0,500.0,2043.7,0,1000000000.00,0.000000
-450.0,500.0,2019.5,0,1000000000.00,0.000000
-425.0,500.0,1995.4,0,1000000000.00,0.000000
-400.0,500.0,1971.3,0,1000000000.00,0.000000
-375.0,500.0,1947.2,0,1000000000.00,0.000000
-350.0,500.0,1923.2,0,1000000000.00,0.000000
-325.0,500.0,1899.1,0,1000000000.00,0.000000
-300.0,500.0,1875.1,0,1000000000.00,0.000000
-275.0,500.0,1851.1,0,1000000000.00,0.000000
-250.0,500.0,1827.2,0,1000000000.00,0.000000
-225.0,500.0,1803.2,0,1000000000.00,0.000000
-200.0,500.0,1779.4,0,1000000000.00,0.000000
-175.0,500.0,1755.5,0,1000000000.00,0.000000
-150.0,500.0,1731.6,0,1000000000.00,0.000000
-125.0,500.0,1707.8,0,1000000000.00,0.000000
-100.0,500.0,1684.1,0,1000000000.00,0.000000
-75.0,500.0,1660.4,0,1000000000.00,0.000000
-50.0,500.0,1636.7,0,1000000000.00,0.000000
-25.0,500.0,1613.0,0,1000000000.00,0.000000
0.0,500.0,1589.4,0,1000000000.00,0.000000
25.0,500.0,1565.8,0,1000000000.00,0.000000
50.0,500.0,1542.3,0,1000000000.00,0.000000
75.0,500.0,1518.8,0,1000000000.00,0.000000
100.0,500.0,1495.4,0,1000000000.00,0.000000
125.0,500.0,1472.0,0,1000000000.00,0.000000
150.0,500.0,1448.7,0,1000000000.00,0.000000
175.0,500.0,1425.4,0,1000000000.00,0.000000
200.0,500.0,1402.2,0,1000000000.00,0.000000
225.0,500.0,1379.1,0,1000000000.00,0.000000
250.0,500.0,1356.0,0,1000000000.00,0.000000
275.0,500.0,1333.0,0,1000000000.00,0.000000
300.0,500.0,1310.1,0,1000000000.00,0.000000
325.0,500.0,1287.2,0,1000000000.00,0.000000
350.0,500.0,1264.5,0,1000000000.00,0.000000
375.0,500.0,1241.8,0,1000000000.00,0.000000
400.0,500.0,1219.2,0,1000000000.00,0.000000
425.0,500.0,1196.7,0,1000000000.00,0.000000
450.0,500.0,1174.3,0,1000000000.00,0.000000
475.0,500.0,1152.0,0,1000000000.00,0.000000
500.0,500.0,1129.8,0,1000000000.00,0.000000
525.0,500.0,1107.7,0,1000000000.00,0.000000
550.0,500.0,1085.8,0,1000000000.00,0.000000
575.0,500.0,1064.0,0,1000000000.00,0.000000
600.0,500.0,1042.3,0,1000000000.00,0.000000
625.0,500.0,1020.8,0,1000000000.00,0.000000
650.0,500.0,999.5,1,191.03,0.701901
675.0,500.0,978.3,1,184.31,0.727486
700.0,500.0,957.3,1,177.75,0.754333
725.0,500.0,936.6,1,171.35,0.782512
750.0,500.0,916.0,1,165.11,0.812100
775.0,500.0,918.1,1,159.02,0.843173
800.0,500.0,939.2,1,153.10,0.875812
825.0,500.0,960.5,1,147.33,0.910099
850.0,500.0,981.9,1,141.72,0.946119
875.0,500.0,1003.5,0,1000000000.00,0.000000
900.0,500.0,1025.2,0,1000000000.00,0.000000
925.0,500.0,1047.1,0,1000000000.00,0.000000
950.0,500.0,1069.2,0,1000000000.00,0.000000
975.0,500.0,1091.3,0,1000000000.00,0.000000
1000.0,500.0,1113.6,0,1000000000.00,0.000000
1025.0,500.0,1136.0,0,1000000000.00,0.000000
1050.0,500.0,1158.5,0,1000000000.00,0.000000
1075.0,500.0,1181.1,0,1000000000.00,0.000000
1100.0,500.0,1203.8,0,1000000000.00,0.000000
1125.0,500.0,1226.6,0,1000000000.00,0.000000
1150.0,500.0,1249.4,0,1000000000.00,0.000000
1175.0,500.0,1272.4,0,1000000000.00,0.000000
1200.0,500.0,1295.4,0,1000000000.00,0.000000
1225.0,500.0,1318.5,0,1000000000.00,0.000000
1250.0,500.0,1341.7,0,1000000000.00,0.000000
1275.0,500.0,1364.9,0,1000000000.00,0.000000
1300.0,500.0,1388.2,0,1000000000.00,0.000000
1325.0,500.0,1411.6,0,1000000000.00,0.000000
1350.0,500.0,1435.0,0,1000000000.00,0.000000
1375.0,500.0,1458.4,0,1000000000.00,0.000000
1400.0,500.0,1481.9,0,1000000000.00,0.000000
1425.0,500.0,1505.5,0,1000000000.00,0.000000
1450.0,500.0,1529.1,0,1000000000.00,0.000000
1475.0,500.0,1552.7,0,1000000000.00,0.000000
1500.0,500.0,1576.4,0,1000000000.00,0.000000
1525.0,500.0,1600.2,0,1000000000.00,0.000000
1550.0,500.0,1623.9,0,1000000000.00,0.000000
1575.0,500.0,1647.7,0,1000000000.00,0.000000
1600.0,500.0,1671.6,0,1000000000.00,0.000000
1625.0,500.0,1695.4,0,1000000000.00,0.000000
1650.0,500.0,1719.3,0,1000000000.00,0.000000
1675.0,500.0,1743.3,0,1000000000.00,0.000000
1700.0,500.0,1767.2,0,1000000000.00,0.000000
1725.0,500.0,1791.2,0,1000000000.00,0.000000
1750.0,500.0,1815.2,0,1000000000.00,0.000000
1775.0,500.0,1839.3,0,1000000000.00,0.000000
1800.0,500.0,1863.4,0,1000000000.00,0.000000
-1800.0,525.0,3345.5,0,1000000000.00,0.000000
-1775.0,525.0,3320.8,0,1000000000.00,0.000000
-1750.0,525.0,3296.2,0,1000000000.00,0.000000
-1725.0,525.0,3271.5,0,1000000000.00,0.000000
-1700.0,525.0,3246.9,0,1000000000.00,0.000000
-1675.0,525.0,3222.3,0,1000000000.00,0.000000
-1650.0,525.0,3197.6,0,1000000000.00,0.000000
-1625.0,525.0,3173.0,0,1000000000.00,0.000000
-1600.0,525.0,3148.4,0,1000000000.00,0.000000
-1575.0,525.0,3123.8,0,1000000000.00,0.000000
-1550.0,525.0,3099.2,0,1000000000.00,0.000000
-1525.0,525.0,3074.6,0,1000000000.00,0.000000
-1500.0,525.0,3050.0,0,1000000000.00,0.000000
-1475.0,525.0,3025.4,0,1000000000.00,0.000000
-1450.0,525.0,3000.8,0,1000000000.00,0.000000
-1425.0,525.0,2976.3,0,1000000000.00,0.000000
-1400.0,525.0,2951.7,0,1000000000.00,0.000000
-1375.0,525.0,2927.1,0,1000000000.00,0.000000
-1350.0,525.0,2902.6,0,1000000000.00,0.000000
-1325.0,525.0,2878.0,0,1000000000.00,0.000000
-1300.0,525.0,2853.5,0,1000000000.00,0.000000
-1275.0,525.0,2829.0,0,1000000000.00,0.000000
-1250.0,525.0,2804.5,0,1000000000.00,0.000000
-1225.0,525.0,2780.0,0,1000000000.00,0.000000
-1200.0,525.0,2755.5,0,1000000000.00,0.000000
-1175.0,525.0,2731.0,0,1000000000.00,0.000000
-1150.0,525.0,2706.5,0,1000000000.00,0.000000
-1125.0,525.0,2682.0,0,1000000000.00,0.000000
-1100.0,525.0,2657.6,0,1000000000.00,0.000000
-1075.0,525.0,2633.1,0,1000000000.00,0.000000
-1050.0,525.0,2608.7,0,1000000000.00,0.000000
-1025.0,525.0,2584.2,0,1000000000.00,0.000000
-1000.0,525.0,2559.8,0,1000000000.00,0.000000
-975.0,525.0,2535.4,0,1000000000.00,0.000000
-950.0,525.0,2511.0,0,1000000000.00,0.000000
-925.0,525.0,2486.6,0,1000000000.00,0.000000
-900.0,525.0,2462.3,0,1000000000.00,0.000000
-875.0,525.0,2437.9,0,1000000000.00,0.000000
-850.0,525.0,2413.6,0,1000000000.00,0.000000
-825.0,525.0,2389.2,0,1000000000.00,0.000000
-800.0,525.0,2364.9,0,1000000000.00,0.000000
-775.0,525.0,2340.6,0,1000000000.00,0.000000
-750.0,525.0,2316.3,0,1000000000.00,0.000000
-725.0,525.0,2292.0,0,1000000000.00,0.000000
-700.0,525.0,2267.8,0,1000000000.00,0.000000
-675.0,525.0,2243.5,0,1000000000.00,0.000000
-650.0,525.0,2219.3,0,1000000000.00,0.000000
-625.0,525.0,2195.1,0,1000000000.00,0.000000
-600.0,525.0,2170.9,0,1000000000.00,0.000000
-575.0,525.0,2146.7,0,1000000000.00,0.000000
-550.0,525.0,2122.6,0,1000000000.00,0.000000
-525.0,525.0,2098.5,0,1000000000.00,0.000000
-500.0,525.0,2074.3,0,1000000000.00,0.000000
-475.0,525.0,2050.2,0,1000000000.00,0.000000
-450.0,525.0,2026.2,0,1000000000.00,0.000000
-425.0,525.0,2002.1,0,1000000000.00,0.000000
-400.0,525.0,1978.1,0,1000000000.00,0.000000
-375.0,525.0,1954.1,0,1000000000.00,0.000000
-350.0,525.0,1930.1,0,1000000000.00,0.000000
-325.0,525.0,1906.2,0,1000000000.00,0.000000
-300.0,525.0,1882.3,0,1000000000.00,0.000000
-275.0,525.0,1858.4,0,1000000000.00,0.000000
-250.0,525.0,1834.5,0,1000000000.00,0.000000
-225.0,525.0,1810.7,0,1000000000.00,0.000000
-200.0,525.0,1786.9,0,1000000000.00,0.000000
-175.0,525.0,1763.1,0,1000000000.00,0.000000
-150.0,525.0,1739.4,0,1000000000.00,0.000000
-125.0,525.0,1715.7,0,1000000000.00,0.000000
-100.0,525.0,1692.1,0,1000000000.00,0.000000
-75.0,525.0,1668.4,0,1000000000.00,0.000000
-50.0,525.0,1644.9,0,1000000000.00,0.000000
-25.0,525.0,1621.3,0,1000000000.00,0.000000
0.0,525.0,1597.8,0,1000000000.00,0.000000
25.0,525.0,1574.4,0,1000000000.00,0.000000
50.0,525.0,1551.0,0,1000000000.00,0.000000
75.0,525.0,1527.7,0,1000000000.00,0.000000
100.0,525.0,1504.4,0,1000000000.00,0.000000
125.0,525.0,1481.1,0,1000000000.00,0.000000
150.0,525.0,1458.0,0,1000000000.00,0.000000
175.0,525.0,1434.9,0,1000000000.00,0.000000
200.0,525.0,1411.8,0,1000000000.00,0.000000
225.0,525.0,1388.8,0,1000000000.00,0.000000
250.0,525.0,1365.9,0,1000000000.00,0.000000
275.0,525.0,1343.1,0,1000000000.00,0.000000
300.0,525.0,1320.3,0,1000000000.00,0.000000
325.0,525.0,1297.6,0,1000000000.00,0.000000
350.0,525.0,1275.1,0,1000000000.00,0.000000
375.0,525.0,1252.6,0,1000000000.00,0.000000
400.0,525.0,1230.2,0,1000000000.00,0.000000
425.0,525.0,1207.9,0,1000000000.00,0.000000
450.0,525.0,1185.7,0,1000000000.00,0.000000
475.0,525.0,1163.6,0,1000000000.00,0.000000
500.0,525.0,1141.6,0,1000000000.00,0.000000
525.0,525.0,1119.8,0,1000000000.00,0.000000
550.0,525.0,1098.1,0,1000000000.00,0.000000
575.0,525.0,1076.6,0,1000000000.00,0.000000
600.0,525.0,1055.2,0,1000000000.00,0.000000
625.0,525.0,1033.9,0,1000000000.00,0.000000
650.0,525.0,1012.9,0,1000000000.00,0.000000
675.0,525.0,992.0,1,176.96,0.757709
700.0,525.0,971.3,1,170.80,0.785017
725.0,525.0,950.8,1,164.80,0.813634
750.0,525.0,930.6,1,158.94,0.843629
775.0,525.0,932.0,1,153.23,0.875072
800.0,525.0,952.8,1,147.66,0.908034
825.0,525.0,973.7,1,142.25,0.942590
850.0,525.0,994.9,1,136.99,0.978813
875.0,525.0,1016.2,0,1000000000.00,0.000000
900.0,525.0,1037.7,0,1000000000.00,0.000000
925.0,525.0,1059.3,0,1000000000.00,0.000000
950.0,525.0,1081.1,0,1000000000.00,0.000000
975.0,525.0,1103.0,0,1000000000.00,0.000000
1000.0,525.0,1125.1,0,1000000000.00,0.000000
1025.0,525.0,1147.2,0,1000000000.00,0.000000
1050.0,525.0,1169.5,0,1000000000.00,0.000000
1075.0,525.0,1191.9,0,1000000000.00,0.000000
1100.0,525.0,1214.4,0,1000000000.00,0.000000
1125.0,525.0,1237.0,0,1000000000.00,0.000000
1150.0,525.0,1259.7,0,1000000000.00,0.000000
1175.0,525.0,1282.4,0,1000000000.00,0.000000
1200.0,525.0,1305.3,0,1000000000.00,0.000000
1225.0,525.0,1328.2,0,1000000000.00,0.000000
1250.0,525.0,1351.2,0,1000000000.00,0.000000
1275.0,525.0,1374.3,0,1000000000.00,0.000000
1300.0,525.0,1397.4,0,1000000000.00,0.000000
1325.0,525.0,1420.6,0,1000000000.00,0.000000
1350.0,525.0,1443.9,0,1000000000.00,0.000000
1375.0,525.0,1467.2,0,1000000000.00,0.000000
1400.0,525.0,1490.6,0,1000000000.00,0.000000
1425.0,525.0,1514.0,0,1000000000.00,0.000000
1450.0,525.0,1537.4,0,1000000000.00,0.000000
1475.0,525.0,1561.0,0,1000000000.00,0.000000
1500.0,525.0,1584.5,0,1000000000.00,0.000000
1525.0,525.0,1608.1,0,1000000000.00,0.000000
1550.0,525.0,1631.8,0,1000000000.00,0.000000
1575.0,525.0,1655.5,0,1000000000.00,0.000000
1600.0,525.0,1679.2,0,1000000000.00,0.000000
1625.0,525.0,1703.0,0,1000000000.00,0.000000
1650.0,525.0,1726.8,0,1000000000.00,0.000000
1675.0,525.0,1750.6,0,1000000000.00,0.000000
1700.0,525.0,1774.5,0,1000000000.00,0.000000
1725.0,525.0,1798.4,0,1000000000.00,0.000000
1750.0,525.0,1822.3,0,1000000000.00,0.000000
1775.0,525.0,1846.2,0,1000000000.00,0.000000
1800.0,525.0,1870.2,0,1000000000.00,0.000000
-1800.0,550.0,3349.7,0,1000000000.00,0.000000
-1775.0,550.0,3325.1,0,1000000000.00,0.000000
-1750.0,550.0,3300.5,0,1000000000.00,0.000000
-1725.0,550.0,3275.8,0,1000000000.00,0.000000
-1700.0,550.0,3251.2,0,1000000000.00,0.000000
-1675.0,550.0,3226.6,0,1000000000.00,0.000000
-1650.0,550.0,3202.0,0,1000000000.00,0.000000
-1625.0,550.0,3177.4,0,1000000000.00,0.000000
-1600.0,550.0,3152.9,0,1000000000.00,0.000000
-1575.0,550.0,3128.3,0,1000000000.00,0.000000
-1550.0,550.0,3103.7,0,1000000000.00,0.000000
-1525.0,550.0,3079.2,0,1000000000.00,0.000000
-1500.0,550.0,3054.6,0,1000000000.00,0.000000
-1475.0,550.0,3030.1,0,1000000000.00,0.000000
-1450.0,550.0,3005.5,0,1000000000.00,0.000000
-1425.0,550.0,2981.0,0,1000000000.00,0.000000
-1400.0,550.0,2956.5,0,1000000000.00,0.000000
-1375.0,550.0,2931.9,0,1000000000.00,0.000000
-1350.0,550.0,2907.4,0,1000000000.00,0.000000
-1325.0,550.0,2882.9,0,1000000000.00,0.000000
-1300.0,550.0,2858.4,0,1000000000.00,0.000000
-1275.0,550.0,2834.0,0,1000000000.00,0.000000
-1250.0,550.0,2809.5,0,1000000000.00,0.000000
-1225.0,550.0,2785.0,0,1000000000.00,0.000000
-1200.0,550.0,2760.6,0,1000000000.00,0.000000
-1175.0,550.0,2736.1,0,1000000000.00,0.000000
-1150.0,550.0,2711.7,0,1000000000.00,0.000000
-1125.0,550.0,2687.3,0,1000000000.00,0.000000
-1100.0,550.0,2662.9,0,1000000000.00,0.000000
-1075.0,550.0,2638.5,0,1000000000.00,0.000000
-1050.0,550.0,2614.1,0,1000000000.00,0.000000
-1025.0,550.0,2589.7,0,1000000000.00,0.000000
-1000.0,550.0,2565.3,0,1000000000.00,0.000000
-975.0,550.0,2541.0,0,1000000000.00,0.000000
-950.0,550.0,2516.6,0,1000000000.00,0.000000
-925.0,550.0,2492.3,0,1000000000.00,0.000000
-900.0,550.0,2468.0,0,1000000000.00,0.000000
-875.0,550.0,2443.7,0,1000000000.00,0.000000
-850.0,550.0,2419.4,0,1000000000.00,0.000000
-825.0,550.0,2395.1,0,1000000000.00,0.000000
-800.0,550.0,2370.9,0,1000000000.00,0.000000
-775.0,550.0,2346.6,0,1000000000.00,0.000000
-750.0,550.0,2322.4,0,1000000000.00,0.000000
-725.0,550.0,2298.2,0,1000000000.00,0.000000
-700.0,550.0,2274.0,0,1000000000.00,0.000000
-675.0,550.0,2249.8,0,1000000000.00,0.000000
-650.0,550.0,2225.6,0,1000000000.00,0.000000
-625.0,550.0,2201.5,0,1000000000.00,0.000000
-600.0,550.0,2177.4,0,1000000000.00,0.000000
-575.0,550.0,2153.3,0,1000000000.00,0.000000
-550.0,550.0,2129.2,0,1000000000.00,0.000000
-525.0,550.0,2105.2,0,1000000000.00,0.000000
-500.0,550.0,2081.1,0,1000000000.00,0.000000
-475.0,550.0,2057.1,0,1000000000.00,0.000000
-450.0,550.0,2033.1,0,1000000000.00,0.000000
-425.0,550.0,2009.2,0,1000000000.00,0.000000
-400.0,550.0,1985.2,0,1000000000.00,0.000000
-375.0,550.0,1961.3,0,1000000000.00,0.000000
-350.0,550.0,1937.4,0,1000000000.00,0.000000
-325.0,550.0,1913.6,0,1000000000.00,0.000000
-300.0,550.0,1889.8,0,1000000000.00,0.000000
-275.0,550.0,1866.0,0,1000000000.00,0.000000
-250.0,550.0,1842.2,0,1000000000.00,0.000000
-225.0,550.0,1818.5,0,1000000000.00,0.000000
-200.0,550.0,1794.8,0,1000000000.00,0.000000
-175.0,550.0,1771.1,0,1000000000.00,0.000000
-150.0,550.0,1747.5,0,1000000000.00,0.000000
-125.0,550.0,1723.9,0,1000000000.00,0.000000
-100.0,550.0,1700.4,0,1000000000.00,0.000000
-75.0,550.0,1676.9,0,1000000000.00,0.000000
-50.0,550.0,1653.4,0,1000000000.00,0.000000
-25.0,550.0,1630.0,0,1000000000.00,0.000000
0.0,550.0,1606.6,0,1000000000.00,0.000000
25.0,550.0,1583.3,0,1000000000.00,0.000000
50.0,550.0,1560.1,0,1000000000.00,0.000000
75.0,550.0,1536.9,0,1000000000.00,0.000000
100.0,550.0,1513.7,0,1000000000.00,0.000000
125.0,550.0,1490.6,0,1000000000.00,0.000000
150.0,550.0,1467.6,0,1000000000.00,0.000000
175.0,550.0,1444.6,0,1000000000.00,0.000000
200.0,550.0,1421.8,0,1000000000.00,0.000000
225.0,550.0,1398.9,0,1000000000.00,0.000000
250.0,550.0,1376.2,0,1000000000.00,0.000000
275.0,550.0,1353.5,0,1000000000.00,0.000000
300.0,550.0,1331.0,0,1000000000.00,0.000000
325.0,550.0,1308.5,0,1000000000.00,0.000000
350.0,550.0,1286.1,0,1000000000.00,0.000000
375.0,550.0,1263.8,0,1000000000.00,0.000000
400.0,550.0,1241.6,0,1000000000.00,0.000000
425.0,550.0,1219.5,0,1000000000.00,0.000000
450.0,550.0,1197.5,0,1000000000.00,0.000000
475.0,550.0,1175.6,0,1000000000.00,0.000000
500.0,550.0,1153.9,0,1000000000.00,0.000000
525.0,550.0,1132.3,0,1000000000.00,0.000000
550.0,550.0,1110.9,0,1000000000.00,0.000000
575.0,550.0,1089.6,0,1000000000.00,0.000000
600.0,550.0,1068.4,0,1000000000.00,0.000000
625.0,550.0,1047.5,0,1000000000.00,0.000000
650.0,550.0,1026.7,0,1000000000.00,0.000000
675.0,550.0,1006.1,0,1000000000.00,0.000000
700.0,550.0,985.7,1,164.69,0.814172
725.0,550.0,965.5,1,159.03,0.843135
750.0,550.0,945.6,1,153.51,0.873439
775.0,550.0,946.3,1,148.13,0.905149
800.0,550.0,966.8,1,142.90,0.938329
825.0,550.0,987.4,1,137.80,0.973043
850.0,550.0,1008.3,0,1000000000.00,0.000000
875.0,550.0,1029.3,0,1000000000.00,0.000000
900.0,550.0,1050.5,0,1000000000.00,0.000000
925.0,550.0,1071.9,0,1000000000.00,0.000000
950.0,550.0,1093.4,0,1000000000.00,0.000000
975.0,550.0,1115.1,0,1000000000.00,0.000000
1000.0,550.0,1136.9,0,1000000000.00,0.000000
1025.0,550.0,1158.9,0,1000000000.00,0.000000
1050.0,550.0,1180.9,0,1000000000.00,0.000000
1075.0,550.0,1203.1,0,1000000000.00,0.000000
1100.0,550.0,1225.4,0,1000000000.00,0.000000
1125.0,550.0,1247.8,0,1000000000.00,0.000000
1150.0,550.0,1270.3,0,1000000000.00,0.000000
1175.0,550.0,1292.9,0,1000000000.00,0.000000
1200.0,550.0,1315.5,0,1000000000.00,0.000000
1225.0,550.0,1338.3,0,1000000000.00,0.000000
1250.0,550.0,1361.1,0,1000000000.00,0.000000
1275.0,550.0,1384.0,0,1000000000.00,0.000000
1300.0,550.0,1407.0,0,1000000000.00,0.000000
1325.0,550.0,1430.0,0,1000000000.00,0.000000
1350.0,550.0,1453.1,0,1000000000.00,0.000000
1375.0,550.0,1476.3,0,1000000000.00,0.000000
1400.0,550.0,1499.5,0,1000000000.00,0.000000
1425.0,550.0,1522.8,0,1000000000.00,0.000000
1450.0,550.0,1546.2,0,1000000000.00,0.000000
1475.0,550.0,1569.6,0,1000000000.00,0.000000
1500.0,550.0,1593.0,0,1000000000.00,0.000000
1525.0,550.0,1616.5,0,1000000000.00,0.000000
1550.0,550.0,1640.0,0,1000000000.00,0.000000
1575.0,550.0,1663.6,0,1000000000.00,0.000000
1600.0,550.0,1687.2,0,1000000000.00,0.000000
1625.0,550.0,1710.8,0,1000000000.00,0.000000
1650.0,550.0,1734.5,0,1000000000.00,0.000000
1675.0,550.0,1758.3,0,1000000000.00,0.000000
1700.0,550.0,1782.0,0,1000000000.00,0.000000
1725.0,550.0,1805.8,0,1000000000.00,0.000000
1750.0,550.0,1829.7,0,1000000000.00,0.000000
1775.0,550.0,1853.5,0,1000000000.00,0.000000
1800.0,550.0,1877.4,0,1000000000.00,0.000000
-1800.0,575.0,3354.1,0,1000000000.00,0.000000
-1775.0,575.0,3329.5,0,1000000000.00,0.000000
-1750.0,575.0,3304.9,0,1000000000.00,0.000000
-1725.0,575.0,3280.3,0,1000000000.00,0.000000
-1700.0,575.0,3255.8,0,1000000000.00,0.000000
-1675.0,575.0,3231.2,0,1000000000.00,0.000000
-1650.0,575.0,3206.6,0,1000000000.00,0.000000
-1625.0,575.0,3182.1,0,1000000000.00,0.000000
-1600.0,575.0,3157.5,0,1000000000.00,0.000000
-1575.0,575.0,3133.0,0,1000000000.00,0.000000
-1550.0,575.0,3108.5,0,1000000000.00,0.000000
-1525.0,575.0,3083.9,0,1000000000.00,0.000000
-1500.0,575.0,3059.4,0,1000000000.00,0.000000
-1475.0,575.0,3034.9,0,1000000000.00,0.000000
-1450.0,575.0,3010.4,0,1000000000.00,0.000000
-1425.0,575.0,2985.9,0,1000000000.00,0.000000
-1400.0,575.0,2961.4,0,1000000000.00,0.000000
-1375.0,575.0,2937.0,0,1000000000.00,0.000000
-1350.0,575.0,2912.5,0,1000000000.00,0.000000
-1325.0,575.0,2888.0,0,1000000000.00,0.000000
-1300.0,575.0,2863.6,0,1000000000.00,0.000000
-1275.0,575.0,2839.2,0,1000000000.00,0.000000
-1250.0,575.0,2814.7,0,1000000000.00,0.000000
-1225.0,575.0,2790.3,0,1000000000.00,0.000000
-1200.0,575.0,2765.9,0,1000000000.00,0.000000
-1175.0,575.0,2741.5,0,1000000000.00,0.000000
-1150.0,575.0,2717.1,0,1000000000.00,0.000000
-1125.0,575.0,2692.7,0,1000000000.00,0.000000
-1100.0,575.0,2668.4,0,1000000000.00,0.000000
-1075.0,575.0,2644.0,0,1000000000.00,0.000000
-1050.0,575.0,2619.7,0,1000000000.00,0.000000
-1025.0,575.0,2595.4,0,1000000000.00,0.000000
-1000.0,575.0,2571.0,0,1000000000.00,0.000000
-975.0,575.0,2546.7,0,1000000000.00,0.000000
-950.0,575.0,2522.5,0,1000000000.00,0.000000
-925.0,575.0,2498.2,0,1000000000.00,0.000000
-900.0,575.0,2473.9,0,1000000000.00,0.000000
-875.0,575.0,2449.7,0,1000000000.00,0.000000
-850.0,575.0,2425.5,0,1000000000.00,0.000000
-825.0,575.0,2401.2,0,1000000000.00,0.000000
-800.0,575.0,2377.0,0,1000000000.00,0.000000
-775.0,575.0,2352.9,0,1000000000.00,0.000000
-750.0,575.0,2328.7,0,1000000000.00,0.000000
-725.0,575.0,2304.6,0,1000000000.00,0.000000
-700.0,575.0,2280.4,0,1000000000.00,0.000000
-675.0,575.0,2256.3,0,1000000000.00,0.000000
-650.0,575.0,2232.2,0,1000000000.00,0.000000
-625.0,575.0,2208.2,0,1000000000.00,0.000000
-600.0,575.0,2184.1,0,1000000000.00,0.000000
-575.0,575.0,2160.1,0,1000000000.00,0.000000
-550.0,575.0,2136.1,0,1000000000.00,0.000000
-525.0,575.0,2112.1,0,1000000000.00,0.000000
-500.0,575.0,2088.2,0,1000000000.00,0.000000
-475.0,575.0,2064.3,0,1000000000.00,0.000000
-450.0,575.0,2040.3,0,1000000000.00,0.000000
-425.0,575.0,2016.5,0,1000000000.00,0.000000
-400.0,575.0,1992.6,0,1000000000.00,0.000000
-375.0,575.0,1968.8,0,1000000000.00,0.000000
-350.0,575.0,1945.0,0,1000000000.00,0.000000
-325.0,575.0,1921.3,0,1000000000.00,0.000000
-300.0,575.0,1897.5,0,1000000000.00,0.000000
-275.0,575.0,1873.8,0,1000000000.00,0.000000
-250.0,575.0,1850.2,0,1000000000.00,0.000000
-225.0,575.0,1826.5,0,1000000000.00,0.000000
-200.0,575.0,1803.0,0,1000000000.00,0.000000
-175.0,575.0,1779.4,0,1000000000.00,0.000000
-150.0,575.0,1755.9,0,1000000000.00,0.000000
-125.0,575.0,1732.4,0,1000000000.00,0.000000
-100.0,575.0,1709.0,0,1000000000.00,0.000000
-75.0,575.0,1685.6,0,1000000000.00,0.000000
-50.0,575.0,1662.3,0,1000000000.00,0.000000
-25.0,575.0,1639.0,0,1000000000.00,0.000000
0.0,575.0,1615.8,0,1000000000.00,0.000000
25.0,575.0,1592.6,0,1000000000.00,0.000000
50.0,575.0,1569.5,0,1000000000.00,0.000000
75.0,575.0,1546.4,0,1000000000.00,0.000000
100.0,575.0,1523.4,0,1000000000.00,0.000000
125.0,575.0,1500.5,0,1000000000.00,0.000000
150.0,575.0,1477.6,0,1000000000.00,0.000000
175.0,575.0,1454.8,0,1000000000.00,0.000000
200.0,575.0,1432.1,0,1000000000.00,0.000000
225.0,575.0,1409.4,0,1000000000.00,0.000000
250.0,575.0,1386.8,0,1000000000.00,0.000000
275.0,575.0,1364.4,0,1000000000.00,0.000000
300.0,575.0,1342.0,0,1000000000.00,0.000000
325.0,575.0,1319.7,0,1000000000.00,0.000000
350.0,575.0,1297.5,0,1000000000.00,0.000000
375.0,575.0,1275.4,0,1000000000.00,0.000000
400.0,575.0,1253.4,0,1000000000.00,0.000000
425.0,575.0,1231.5,0,1000000000.00,0.000000
450.0,575.0,1209.7,0,1000000000.00,0.000000
475.0,575.0,1188.1,0,1000000000.00,0.000000
500.0,575.0,1166.6,0,1000000000.00,0.000000
525.0,575.0,1145.2,0,1000000000.00,0.000000
550.0,575.0,1124.0,0,1000000000.00,0.000000
575.0,575.0,1103.0,0,1000000000.00,0.000000
600.0,575.0,1082.1,0,1000000000.00,0.000000
625.0,575.0,1061.4,0,1000000000.00,0.000000
650.0,575.0,1040.9,0,1000000000.00,0.000000
675.0,575.0,1020.6,0,1000000000.00,0.000000
700.0,575.0,1000.5,0,1000000000.00,0.000000
725.0,575.0,980.7,1,153.93,0.871048
750.0,575.0,961.0,1,148.72,0.901574
775.0,575.0,961.1,1,143.64,0.933458
800.0,575.0,981.2,1,138.69,0.966758
825.0,575.0,1001.6,0,1000000000.00,0.000000
850.0,575.0,1022.1,0,1000000000.00,0.000000
875.0,575.0,1042.9,0,1000000000.00,0.000000
900.0,575.0,1063.8,0,1000000000.00,0.000000
925.0,575.0,1085.0,0,1000000000.00,0.000000
950.0,575.0,1106.2,0,1000000000.00,0.000000
975.0,575.0,1127.7,0,1000000000.00,0.000000
1000.0,575.0,1149.2,0,1000000000.00,0.000000
1025.0,575.0,1171.0,0,1000000000.00,0.000000
1050.0,575.0,1192.8,0,1000000000.00,0.000000
1075.0,575.0,1214.8,0,1000000000.00,0.000000
1100.0,575.0,1236.8,0,1000000000.00,0.000000
1125.0,575.0,1259.0,0,1000000000.00,0.000000
1150.0,575.0,1281.3,0,1000000000.00,0.000000
1175.0,575.0,1303.7,0,1000000000.00,0.000000
1200.0,575.0,1326.2,0,1000000000.00,0.000000
1225.0,575.0,1348.8,0,1000000000.00,0.000000
1250.0,575.0,1371.4,0,1000000000.00,0.000000
1275.0,575.0,1394.1,0,1000000000.00,0.000000
1300.0,575.0,1417.0,0,1000000000.00,0.000000
1325.0,575.0,1439.8,0,1000000000.00,0.000000
1350.0,575.0,1462.8,0,1000000000.00,0.000000
1375.0,575.0,1485.8,0,1000000000.00,0.000000
1400.0,575.0,1508.9,0,1000000000.00,0.000000
1425.0,575.0,1532.0,0,1000000000.00,0.000000
1450.0,575.0,1555.2,0,1000000000.00,0.000000
1475.0,575.0,1578.5,0,1000000000.00,0.000000
1500.0,575.0,1601.8,0,1000000000.00,0.000000
1525.0,575.0,1625.2,0,1000000000.00,0.000000
1550.0,575.0,1648.6,0,1000000000.00,0.000000
1575.0,575.0,1672.0,0,1000000000.00,0.000000
1600.0,575.0,1695.5,0,1000000000.00,0.000000
1625.0,575.0,1719.0,0,1000000000.00,0.000000
1650.0,575.0,1742.6,0,1000000000.00,0.000000
1675.0,575.0,1766.2,0,1000000000.00,0.000000
1700.0,575.0,1789.9,0,1000000000.00,0.000000
1725.0,575.0,1813.6,0,1000000000.00,0.000000
1750.0,575.0,1837.3,0,1000000000.00,0.000000
1775.0,575.0,1861.1,0,1000000000.00,0.000000
1800.0,575.0,1884.9,0,1000000000.00,0.000000
-1800.0,600.0,3358.7,0,1000000000.00,0.000000
-1775.0,600.0,3334.1,0,1000000000.00,0.000000
-1750.0,600.0,3309.5,0,1000000000.00,0.000000
-1725.0,600.0,3285.0,0,1000000000.00,0.000000
-1700.0,600.0,3260.5,0,1000000000.00,0.000000
-1675.0,600.0,3235.9,0,1000000000.00,0.000000
-1650.0,600.0,3211.4,0,1000000000.00,0.000000
-1625.0,600.0,3186.9,0,1000000000.00,0.000000
-1600.0,600.0,3162.4,0,1000000000.00,0.000000
-1575.0,600.0,3137.9,0,1000000000.00,0.000000
-1550.0,600.0,3113.4,0,1000000000.00,0.000000
-1525.0,600.0,3088.9,0,1000000000.00,0.000000
-1500.0,600.0,3064.4,0,1000000000.00,0.000000
-1475.0,600.0,3040.0,0,1000000000.00,0.000000
-1450.0,600.0,3015.5,0,1000000000.00,0.000000
-1425.0,600.0,2991.1,0,1000000000.00,0.000000
-1400.0,600.0,2966.6,0,1000000000.00,0.000000
-1375.0,600.0,2942.2,0,1000000000.00,0.000000
-1350.0,600.0,2917.8,0,1000000000.00,0.000000
-1325.0,600.0,2893.3,0,1000000000.00,0.000000
-1300.0,600.0,2868.9,0,1000000000.00,0.000000
-1275.0,600.0,2844.5,0,1000000000.00,0.000000
-1250.0,600.0,2820.2,0,1000000000.00,0.000000
-1225.0,600.0,2795.8,0,1000000000.00,0.000000
-1200.0,600.0,2771.4,0,1000000000.00,0.000000
-1175.0,600.0,2747.1,0,1000000000.00,0.000000
-1150.0,600.0,2722.8,0,1000000000.00,0.000000
-1125.0,600.0,2698.4,0,1000000000.00,0.000000
-1100.0,600.0,2674.1,0,1000000000.00,0.000000
-1075.0,600.0,2649.8,0,1000000000.00,0.000000
-1050.0,600.0,2625.5,0,1000000000.00,0.000000
-1025.0,600.0,2601.3,0,1000000000.00,0.000000
-1000.0,600.0,2577.0,0,1000000000.00,0.000000
-975.0,600.0,2552.8,0,1000000000.00,0.000000
-950.0,600.0,2528.5,0,1000000000.00,0.000000
-925.0,600.0,2504.3,0,1000000000.00,0.000000
-900.0,600.0,2480.1,0,1000000000.00,0.000000
-875.0,600.0,2455.9,0,1000000000.00,0.000000
-850.0,600.0,2431.8,0,1000000000.00,0.000000
-825.0,600.0,2407.6,0,1000000000.00,0.000000
-800.0,600.0,2383.5,0,1000000000.00,0.000000
-775.0,600.0,2359.4,0,1000000000.00,0.000000
-750.0,600.0,2335.3,0,1000000000.00,0.000000
-725.0,600.0,2311.2,0,1000000000.00,0.000000
-700.0,600.0,2287.2,0,1000000000.00,0.000000
-675.0,600.0,2263.1,0,1000000000.00,0.000000
-650.0,600.0,2239.1,0,1000000000.00,0.000000
-625.0,600.0,2215.1,0,1000000000.00,0.000000
-600.0,600.0,2191.2,0,1000000000.00,0.000000
-575.0,600.0,2167.2,0,1000000000.00,0.000000
-550.0,600.0,2143.3,0,1000000000.00,0.000000
-525.0,600.0,2119.4,0,1000000000.00,0.000000
-500.0,600.0,2095.5,0,1000000000.00,0.000000
-475.0,600.0,2071.7,0,1000000000.00,0.000000
-450.0,600.0,2047.9,0,1000000000.00,0.000000
-425.0,600.0,2024.1,0,1000000000.00,0.000000
-400.0,600.0,2000.3,0,1000000000.00,0.000000
-375.0,600.0,1976.6,0,1000000000.00,0.000000
-350.0,600.0,1952.9,0,1000000000.00,0.000000
-325.0,600.0,1929.2,0,1000000000.00,0.000000
-300.0,600.0,1905.6,0,1000000000.00,0.000000
-275.0,600.0,1882.0,0,1000000000.00,0.000000
-250.0,600.0,1858.4,0,1000000000.00,0.000000
-225.0,600.0,1834.9,0,1000000000.00,0.000000
-200.0,600.0,1811.4,0,1000000000.00,0.000000
-175.0,600.0,1788.0,0,1000000000.00,0.000000
-150.0,600.0,1764.6,0,1000000000.00,0.000000
-125.0,600.0,1741.3,0,1000000000.00,0.000000
-100.0,600.0,1718.0,0,1000000000.00,0.000000
-75.0,600.0,1694.7,0,1000000000.00,0.000000
-50.0,600.0,1671.5,0,1000000000.00,0.000000
-25.0,600.0,1648.3,0,1000000000.00,0.000000
0.0,600.0,1625.2,0,1000000000.00,0.000000
25.0,600.0,1602.2,0,1000000000.00,0.000000
50.0,600.0,1579.2,0,1000000000.00,0.000000
75.0,600.0,1556.3,0,1000000000.00,0.000000
100.0,600.0,1533.4,0,1000000000.00,0.000000
125.0,600.0,1510.7,0,1000000000.00,0.000000
150.0,600.0,1487.9,0,1000000000.00,0.000000
175.0,600.0,1465.3,0,1000000000.00,0.000000
200.0,600.0,1442.7,0,1000000000.00,0.000000
225.0,600.0,1420.3,0,1000000000.00,0.000000
250.0,600.0,1397.9,0,1000000000.00,0.000000
275.0,600.0,1375.6,0,1000000000.00,0.000000
300.0,600.0,1353.3,0,1000000000.00,0.000000
325.0,600.0,1331.2,0,1000000000.00,0.000000
350.0,600.0,1309.2,0,1000000000.00,0.000000
375.0,600.0,1287.3,0,1000000000.00,0.000000
400.0,600.0,1265.5,0,1000000000.00,0.000000
425.0,600.0,1243.9,0,1000000000.00,0.000000
450.0,600.0,1222.3,0,1000000000.00,0.000000
475.0,600.0,1200.9,0,1000000000.00,0.000000
500.0,600.0,1179.7,0,1000000000.00,0.000000
525.0,600.0,1158.6,0,1000000000.00,0.000000
550.0,600.0,1137.6,0,1000000000.00,0.000000
575.0,600.0,1116.8,0,1000000000.00,0.000000
600.0,600.0,1096.2,0,1000000000.00,0.000000
625.0,600.0,1075.8,0,1000000000.00,0.000000
650.0,600.0,1055.6,0,1000000000.00,0.000000
675.0,600.0,1035.5,0,1000000000.00,0.000000
700.0,600.0,1015.7,0,1000000000.00,0.000000
725.0,600.0,996.2,1,149.41,0.897415
750.0,600.0,976.9,1,144.47,0.928079
775.0,600.0,976.2,1,139.66,0.960053
800.0,600.0,996.1,1,134.98,0.993386
825.0,600.0,1016.1,0,1000000000.00,0.000000
850.0,600.0,1036.4,0,1000000000.00,0.000000
875.0,600.0,1056.9,0,1000000000.00,0.000000
900.0,600.0,1077.6,0,1000000000.00,0.000000
925.0,600.0,1098.4,0,1000000000.00,0.000000
950.0,600.0,1119.4,0,1000000000.00,0.000000
975.0,600.0,1140.6,0,1000000000.00,0.000000
1000.0,600.0,1162.0,0,1000000000.00,0.000000
1025.0,600.0,1183.4,0,1000000000.00,0.000000
1050.0,600.0,1205.0,0,1000000000.00,0.000000
1075.0,600.0,1226.8,0,1000000000.00,0.000000
1100.0,600.0,1248.7,0,1000000000.00,0.000000
1125.0,600.0,1270.6,0,1000000000.00,0.000000
1150.0,600.0,1292.7,0,1000000000.00,0.000000
1175.0,600.0,1314.9,0,1000000000.00,0.000000
1200.0,600.0,1337.2,0,1000000000.00,0.000000
1225.0,600.0,1359.6,0,1000000000.00,0.000000
1250.0,600.0,1382.1,0,1000000000.00,0.000000
1275.0,600.0,1404.6,0,1000000000.00,0.000000
1300.0,600.0,1427.3,0,1000000000.00,0.000000
1325.0,600.0,1450.0,0,1000000000.00,0.000000
1350.0,600.0,1472.8,0,1000000000.00,0.000000
1375.0,600.0,1495.7,0,1000000000.00,0.000000
1400.0,600.0,1518.6,0,1000000000.00,0.000000
1425.0,600.0,1541.6,0,1000000000.00,0.000000
1450.0,600.0,1564.7,0,1000000000.00,0.000000
1475.0,600.0,1587.8,0,1000000000.00,0.000000
1500.0,600.0,1610.9,0,1000000000.00,0.000000
1525.0,600.0,1634.2,0,1000000000.00,0.000000
1550.0,600.0,1657.4,0,1000000000.00,0.000000
1575.0,600.0,1680.8,0,1000000000.00,0.000000
1600.0,600.0,1704.2,0,1000000000.00,0.000000
1625.0,600.0,1727.6,0,1000000000.00,0.000000
1650.0,600.0,1751.0,0,1000000000.00,0.000000
1675.0,600.0,1774.5,0,1000000000.00,0.000000
1700.0,600.0,1798.1,0,1000000000.00,0.000000
1725.0,600.0,1821.7,0,1000000000.00,0.000000
1750.0,600.0,1845.3,0,1000000000.00,0.000000
1775.0,600.0,1869.0,0,1000000000.00,0.000000
1800.0,600.0,1892.7,0,1000000000.00,0.000000
-1800.0,625.0,3363.4,0,1000000000.00,0.000000
-1775.0,625.0,3338.9,0,1000000000.00,0.000000
-1750.0,625.0,3314.4,0,1000000000.00,0.000000
-1725.0,625.0,3289.9,0,1000000000.00,0.000000
-1700.0,625.0,3265.4,0,1000000000.00,0.000000
-1675.0,625.0,3240.9,0,1000000000.00,0.000000
-1650.0,625.0,3216.4,0,1000000000.00,0.000000
-1625.0,625.0,3191.9,0,1000000000.00,0.000000
-1600.0,625.0,3167.4,0,1000000000.00,0.000000
-1575.0,625.0,3143.0,0,1000000000.00,0.000000
-1550.0,625.0,3118.5,0,1000000000.00,0.000000
-1525.0,625.0,3094.1,0,1000000000.00,0.000000
-1500.0,625.0,3069.6,0,1000000000.00,0.000000
-1475.0,625.0,3045.2,0,1000000000.00,0.000000
-1450.0,625.0,3020.8,0,1000000000.00,0.000000
-1425.0,625.0,2996.4,0,1000000000.00,0.000000
-1400.0,625.0,2972.0,0,1000000000.00,0.000000
-1375.0,625.0,2947.6,0,1000000000.00,0.000000
-1350.0,625.0,2923.2,0,1000000000.00,0.000000
-1325.0,625.0,2898.9,0,1000000000.00,0.000000
-1300.0,625.0,2874.5,0,1000000000.00,0.000000
-1275.0,625.0,2850.2,0,1000000000.00,0.000000
-1250.0,625.0,2825.8,0,1000000000.00,0.000000
-1225.0,625.0,2801.5,0,1000000000.00,0.000000
-1200.0,625.0,2777.2,0,1000000000.00,0.000000
-1175.0,625.0,2752.9,0,1000000000.00,0.000000
-1150.0,625.0,2728.6,0,1000000000.00,0.000000
-1125.0,625.0,2704.3,0,1000000000.00,0.000000
-1100.0,625.0,2680.1,0,1000000000.00,0.000000
-1075.0,625.0,2655.8,0,1000000000.00,0.000000
-1050.0,625.0,2631.6,0,1000000000.00,0.000000
-1025.0,625.0,2607.4,0,1000000000.00,0.000000
-1000.0,625.0,2583.2,0,1000000000.00,0.000000
-975.0,625.0,2559.0,0,1000000000.00,0.000000
-950.0,625.0,2534.8,0,1000000000.00,0.000000
-925.0,625.0,2510.7,0,1000000000.00,0.000000
-900.0,625.0,2486.6,0,1000000000.00,0.000000
-875.0,625.0,2462.4,0,1000000000.00,0.000000
-850.0,625.0,2438.3,0,1000000000.00,0.000000
-825.0,625.0,2414.2,0,1000000000.00,0.000000
-800.0,625.0,2390.2,0,1000000000.00,0.000000
-775.0,625.0,2366.1,0,1000000000.00,0.000000
-750.0,625.0,2342.1,0,1000000000.00,0.000000
-725.0,625.0,2318.1,0,1000000000.00,0.000000
-700.0,625.0,2294.1,0,1000000000.00,0.000000
-675.0,625.0,2270.2,0,1000000000.00,0.000000
-650.0,625.0,2246.2,0,1000000000.00,0.000000
-625.0,625.0,2222.3,0,1000000000.00,0.000000
-600.0,625.0,2198.4,0,1000000000.00,0.000000
-575.0,625.0,2174.6,0,1000000000.00,0.000000
-550.0,625.0,2150.7,0,1000000000.00,0.000000
-525.0,625.0,2126.9,0,1000000000.00,0.000000
-500.0,625.0,2103.1,0,1000000000.00,0.000000
-475.0,625.0,2079.4,0,1000000000.00,0.000000
-450.0,625.0,2055.6,0,1000000000.00,0.000000
-425.0,625.0,2031.9,0,1000000000.00,0.000000
-400.0,625.0,2008.3,0,1000000000.00,0.000000
-375.0,625.0,1984.6,0,1000000000.00,0.000000
-350.0,625.0,1961.0,0,1000000000.00,0.000000
-325.0,625.0,1937.5,0,1000000000.00,0.000000
-300.0,625.0,1914.0,0,1000000000.00,0.000000
-275.0,625.0,1890.5,0,1000000000.00,0.000000
-250.0,625.0,1867.0,0,1000000000.00,0.000000
-225.0,625.0,1843.6,0,1000000000.00,0.000000
-200.0,625.0,1820.2,0,1000000000.00,0.000000
-175.0,625.0,1796.9,0,1000000000.00,0.000000
-150.0,625.0,1773.6,0,1000000000.00,0.000000
-125.0,625.0,1750.4,0,1000000000.00,0.000000
-100.0,625.0,1727.2,0,1000000000.00,0.000000
-75.0,625.0,1704.1,0,1000000000.00,0.000000
-50.0,625.0,1681.0,0,1000000000.00,0.000000
-25.0,625.0,1658.0,0,1000000000.00,0.000000
0.0,625.0,1635.0,0,1000000000.00,0.000000
25.0,625.0,1612.1,0,1000000000.00,0.000000
50.0,625.0,1589.3,0,1000000000.00,0.000000
75.0,625.0,1566.5,0,1000000000.00,0.000000
100.0,625.0,1543.8,0,1000000000.00,0.000000
125.0,625.0,1521.2,0,1000000000.00,0.000000
150.0,625.0,1498.6,0,1000000000.00,0.000000
175.0,625.0,1476.2,0,1000000000.00,0.000000
200.0,625.0,1453.8,0,1000000000.00,0.000000
225.0,625.0,1431.5,0,1000000000.00,0.000000
250.0,625.0,1409.2,0,1000000000.00,0.000000
275.0,625.0,1387.1,0,1000000000.00,0.000000
300.0,625.0,1365.1,0,1000000000.00,0.000000
325.0,625.0,1343.2,0,1000000000.00,0.000000
350.0,625.0,1321.4,0,1000000000.00,0.000000
375.0,625.0,1299.7,0,1000000000.00,0.000000
400.0,625.0,1278.1,0,1000000000.00,0.000000
425.0,625.0,1256.6,0,1000000000.00,0.000000
450.0,625.0,1235.3,0,1000000000.00,0.000000
475.0,625.0,1214.2,0,1000000000.00,0.000000
500.0,625.0,1193.1,0,1000000000.00,0.000000
525.0,625.0,1172.3,0,1000000000.00,0.000000
550.0,625.0,1151.6,0,1000000000.00,0.000000
575.0,625.0,1131.0,0,1000000000.00,0.000000
600.0,625.0,1110.7,0,1000000000.00,0.000000
625.0,625.0,1090.5,0,1000000000.00,0.000000
650.0,625.0,1070.6,0,1000000000.00,0.000000
675.0,625.0,1050.8,0,1000000000.00,0.000000
700.0,625.0,1031.3,0,1000000000.00,0.000000
725.0,625.0,1012.1,0,1000000000.00,0.000000
750.0,625.0,993.1,1,140.69,0.953007
775.0,625.0,991.8,1,136.13,0.984994
800.0,625.0,1011.3,0,1000000000.00,0.000000
825.0,625.0,1031.1,0,1000000000.00,0.000000
850.0,625.0,1051.1,0,1000000000.00,0.000000
875.0,625.0,1071.3,0,1000000000.00,0.000000
900.0,625.0,1091.7,0,1000000000.00,0.000000
925.0,625.0,1112.3,0,1000000000.00,0.000000
950.0,625.0,1133.0,0,1000000000.00,0.000000
975.0,625.0,1154.0,0,1000000000.00,0.000000
1000.0,625.0,1175.1,0,1000000000.00,0.000000
1025.0,625.0,1196.3,0,1000000000.00,0.000000
1050.0,625.0,1217.7,0,1000000000.00,0.000000
1075.0,625.0,1239.2,0,1000000000.00,0.000000
1100.0,625.0,1260.9,0,1000000000.00,0.000000
1125.0,625.0,1282.6,0,1000000000.00,0.000000
1150.0,625.0,1304.5,0,1000000000.00,0.000000
1175.0,625.0,1326.5,0,1000000000.00,0.000000
1200.0,625.0,1348.6,0,1000000000.00,0.000000
1225.0,625.0,1370.8,0,1000000000.00,0.000000
1250.0,625.0,1393.1,0,1000000000.00,0.000000
1275.0,625.0,1415.5,0,1000000000.00,0.000000
1300.0,625.0,1438.0,0,1000000000.00,0.000000
1325.0,625.0,1460.5,0,1000000000.00,0.000000
1350.0,625.0,1483.2,0,1000000000.00,0.000000
1375.0,625.0,1505.9,0,1000000000.00,0.000000
1400.0,625.0,1528.6,0,1000000000.00,0.000000
1425.0,625.0,1551.5,0,1000000000.00,0.000000
1450.0,625.0,1574.4,0,1000000000.00,0.000000
1475.0,625.0,1597.4,0,1000000000.00,0.000000
1500.0,625.0,1620.4,0,1000000000.00,0.000000
1525.0,625.0,1643.5,0,1000000000.00,0.000000
1550.0,625.0,1666.7,0,1000000000.00,0.000000
1575.0,625.0,1689.9,0,1000000000.00,0.000000
1600.0,625.0,1713.1,0,1000000000.00,0.000000
1625.0,625.0,1736.4,0,1000000000.00,0.000000
1650.0,625.0,1759.8,0,1000000000.00,0.000000
1675.0,625.0,1783.2,0,1000000000.00,0.000000
1700.0,625.0,1806.6,0,1000000000.00,0.000000
1725.0,625.0,1830.1,0,1000000000.00,0.000000
1750.0,625.0,1853.6,0,1000000000.00,0.000000
1775.0,625.0,1877.1,0,1000000000.00,0.000000
1800.0,625.0,1900.7,0,1000000000.00,0.000000
-1800.0,650.0,3368.3,0,1000000000.00,0.000000
-1775.0,650.0,3343.9,0,1000000000.00,0.000000
-1750.0,650.0,3319.4,0,1000000000.00,0.000000
-1725.0,650.0,3294.9,0,1000000000.00,0.000000
-1700.0,650.0,3270.4,0,1000000000.00,0.000000
-1675.0,650.0,3246.0,0,1000000000.00,0.000000
-1650.0,650.0,3221.5,0,1000000000.00,0.000000
-1625.0,650.0,3197.1,0,1000000000.00,0.000000
-1600.0,650.0,3172.7,0,1000000000.00,0.000000
-1575.0,650.0,3148.2,0,1000000000.00,0.000000
-1550.0,650.0,3123.8,0,1000000000.00,0.000000
-1525.0,650.0,3099.4,0,1000000000.00,0.000000
-1500.0,650.0,3075.0,0,1000000000.00,0.000000
-1475.0,650.0,3050.7,0,1000000000.00,0.000000
-1450.0,650.0,3026.3,0,1000000000.00,0.000000
-1425.0,650.0,3001.9,0,1000000000.00,0.000000
-1400.0,650.0,2977.6,0,1000000000.00,0.000000
-1375.0,650.0,2953.2,0,1000000000.00,0.000000
-1350.0,650.0,2928.9,0,1000000000.00,0.000000
-1325.0,650.0,2904.6,0,1000000000.00,0.000000
-1300.0,650.0,2880.3,0,1000000000.00,0.000000
-1275.0,650.0,2856.0,0,1000000000.00,0.000000
-1250.0,650.0,2831.7,0,1000000000.00,0.000000
-1225.0,650.0,2807.4,0,1000000000.00,0.000000
-1200.0,650.0,2783.2,0,1000000000.00,0.000000
-1175.0,650.0,2758.9,0,1000000000.00,0.000000
-1150.0,650.0,2734.7,0,1000000000.00,0.000000
-1125.0,650.0,2710.5,0,1000000000.00,0.000000
-1100.0,650.0,2686.3,0,1000000000.00,0.000000
-1075.0,650.0,2662.1,0,1000000000.00,0.000000
-1050.0,650.0,2637.9,0,1000000000.00,0.000000
-1025.0,650.0,2613.7,0,1000000000.00,0.000000
-1000.0,650.0,2589.6,0,1000000000.00,0.000000
-975.0,650.0,2565.5,0,1000000000.00,0.000000
-950.0,650.0,2541.4,0,1000000000.00,0.000000
-925.0,650.0,2517.3,0,1000000000.00,0.000000
-900.0,650.0,2493.2,0,1000000000.00,0.000000
-875.0,650.0,2469.2,0,1000000000.00,0.000000
-850.0,650.0,2445.1,0,1000000000.00,0.000000
-825.0,650.0,2421.1,0,1000000000.00,0.000000
-800.0,650.0,2397.1,0,1000000000.00,0.000000
-775.0,650.0,2373.1,0,1000000000.00,0.000000
-750.0,650.0,2349.2,0,1000000000.00,0.000000
-725.0,650.0,2325.3,0,1000000000.00,0.000000
-700.0,650.0,2301.4,0,1000000000.00,0.000000
-675.0,650.0,2277.5,0,1000000000.00,0.000000
-650.0,650.0,2253.6,0,1000000000.00,0.000000
-625.0,650.0,2229.8,0,1000000000.00,0.000000
-600.0,650.0,2206.0,0,1000000000.00,0.000000
-575.0,650.0,2182.2,0,1000000000.00,0.000000
-550.0,650.0,2158.4,0,1000000000.00,0.000000
-525.0,650.0,2134.7,0,1000000000.00,0.000000
-500.0,650.0,2111.0,0,1000000000.00,0.000000
-475.0,650.0,2087.3,0,1000000000.00,0.000000
-450.0,650.0,2063.7,0,1000000000.00,0.000000
-425.0,650.0,2040.1,0,1000000000.00,0.000000
-400.0,650.0,2016.5,0,1000000000.00,0.000000
-375.0,650.0,1993.0,0,1000000000.00,0.000000
-350.0,650.0,1969.5,0,1000000000.00,0.000000
-325.0,650.0,1946.0,0,1000000000.00,0.000000
-300.0,650.0,1922.6,0,1000000000.00,0.000000
-275.0,650.0,1899.2,0,1000000000.00,0.000000
-250.0,650.0,1875.9,0,1000000000.00,0.000000
-225.0,650.0,1852.6,0,1000000000.00,0.000000
-200.0,650.0,1829.3,0,1000000000.00,0.000000
-175.0,650.0,1806.1,0,1000000000.00,0.000000
-150.0,650.0,1783.0,0,1000000000.00,0.000000
-125.0,650.0,1759.9,0,1000000000.00,0.000000
-100.0,650.0,1736.8,0,1000000000.00,0.000000
-75.0,650.0,1713.8,0,1000000000.00,0.000000
-50.0,650.0,1690.9,0,1000000000.00,0.000000
-25.0,650.0,1668.0,0,1000000000.00,0.000000
0.0,650.0,1645.2,0,1000000000.00,0.000000
25.0,650.0,1622.4,0,1000000000.00,0.000000
50.0,650.0,1599.7,0,1000000000.00,0.000000
75.0,650.0,1577.1,0,1000000000.00,0.000000
100.0,650.0,1554.5,0,1000000000.00,0.000000
125.0,650.0,1532.1,0,1000000000.00,0.000000
150.0,650.0,1509.7,0,1000000000.00,0.000000
175.0,650.0,1487.4,0,1000000000.00,0.000000
200.0,650.0,1465.1,0,1000000000.00,0.000000
225.0,650.0,1443.0,0,1000000000.00,0.000000
250.0,650.0,1421.0,0,1000000000.00,0.000000
275.0,650.0,1399.0,0,1000000000.00,0.000000
300.0,650.0,1377.2,0,1000000000.00,0.000000
325.0,650.0,1355.5,0,1000000000.00,0.000000
350.0,650.0,1333.9,0,1000000000.00,0.000000
375.0,650.0,1312.4,0,1000000000.00,0.000000
400.0,650.0,1291.0,0,1000000000.00,0.000000
425.0,650.0,1269.8,0,1000000000.00,0.000000
450.0,650.0,1248.7,0,1000000000.00,0.000000
475.0,650.0,1227.8,0,1000000000.00,0.000000
500.0,650.0,1207.0,0,1000000000.00,0.000000
525.0,650.0,1186.3,0,1000000000.00,0.000000
550.0,650.0,1165.9,0,1000000000.00,0.000000
575.0,650.0,1145.6,0,1000000000.00,0.000000
600.0,650.0,1125.5,0,1000000000.00,0.000000
625.0,650.0,1105.6,0,1000000000.00,0.000000
650.0,650.0,1086.0,0,1000000000.00,0.000000
675.0,650.0,1066.5,0,1000000000.00,0.000000
700.0,650.0,1047.3,0,1000000000.00,0.000000
725.0,650.0,1028.3,0,1000000000.00,0.000000
750.0,650.0,1009.6,0,1000000000.00,0.000000
775.0,650.0,1007.7,0,1000000000.00,0.000000
800.0,650.0,1027.0,0,1000000000.00,0.000000
825.0,650.0,1046.4,0,1000000000.00,0.000000
850.0,650.0,1066.1,0,1000000000.00,0.000000
875.0,650.0,1086.1,0,1000000000.00,0.000000
900.0,650.0,1106.2,0,1000000000.00,0.000000
925.0,650.0,1126.5,0,1000000000.00,0.000000
950.0,650.0,1147.0,0,1000000000.00,0.000000
975.0,650.0,1167.7,0,1000000000.00,0.000000
1000.0,650.0,1188.5,0,1000000000.00,0.000000
1025.0,650.0,1209.6,0,1000000000.00,0.000000
1050.0,650.0,1230.7,0,1000000000.00,0.000000
1075.0,650.0,1252.0,0,1000000000.00,0.000000
1100.0,650.0,1273.4,0,1000000000.00,0.000000
1125.0,650.0,1295.0,0,1000000000.00,0.000000
1150.0,650.0,1316.7,0,1000000000.00,0.000000
1175.0,650.0,1338.5,0,1000000000.00,0.000000
1200.0,650.0,1360.4,0,1000000000.00,0.000000
1225.0,650.0,1382.4,0,1000000000.00,0.000000
1250.0,650.0,1404.5,0,1000000000.00,0.000000
1275.0,650.0,1426.7,0,1000000000.00,0.000000
1300.0,650.0,1449.0,0,1000000000.00,0.000000
1325.0,650.0,1471.4,0,1000000000.00,0.000000
1350.0,650.0,1493.9,0,1000000000.00,0.000000
1375.0,650.0,1516.4,0,1000000000.00,0.000000
1400.0,650.0,1539.0,0,1000000000.00,0.000000
1425.0,650.0,1561.7,0,1000000000.00,0.000000
1450.0,650.0,1584.5,0,1000000000.00,0.000000
1475.0,650.0,1607.3,0,1000000000.00,0.000000
1500.0,650.0,1630.2,0,1000000000.00,0.000000
1525.0,650.0,1653.2,0,1000000000.00,0.000000
1550.0,650.0,1676.2,0,1000000000.00,0.000000
1575.0,650.0,1699.3,0,1000000000.00,0.000000
1600.0,650.0,1722.4,0,1000000000.00,0.000000
1625.0,650.0,1745.6,0,1000000000.00,0.000000
1650.0,650.0,1768.8,0,1000000000.00,0.000000
1675.0,650.0,1792.1,0,1000000000.00,0.000000
1700.0,650.0,1815.4,0,1000000000.00,0.000000
1725.0,650.0,1838.8,0,1000000000.00,0.000000
1750.0,650.0,1862.2,0,1000000000.00,0.000000
1775.0,650.0,1885.6,0,1000000000.00,0.000000
1800.0,650.0,1909.1,0,1000000000.00,0.000000
-1800.0,675.0,3373.4,0,1000000000.00,0.000000
-1775.0,675.0,3349.0,0,1000000000.00,0.000000
-1750.0,675.0,3324.6,0,1000000000.00,0.000000
-1725.0,675.0,3300.1,0,1000000000.00,0.000000
-1700.0,675.0,3275.7,0,1000000000.00,0.000000
-1675.0,675.0,3251.3,0,1000000000.00,0.000000
-1650.0,675.0,3226.9,0,1000000000.00,0.000000
-1625.0,675.0,3202.5,0,1000000000.00,0.000000
-1600.0,675.0,3178.1,0,1000000000.00,0.000000
-1575.0,675.0,3153.7,0,1000000000.00,0.000000
-1550.0,675.0,3129.3,0,1000000000.00,0.000000
-1525.0,675.0,3105.0,0,1000000000.00,0.000000
-1500.0,675.0,3080.6,0,1000000000.00,0.000000
-1475.0,675.0,3056.3,0,1000000000.00,0.000000
-1450.0,675.0,3032.0,0,1000000000.00,0.000000
-1425.0,675.0,3007.6,0,1000000000.00,0.000000
-1400.0,675.0,2983.3,0,1000000000.00,0.000000
-1375.0,675.0,2959.0,0,1000000000.00,0.000000
-1350.0,675.0,2934.8,0,1000000000.00,0.000000
-1325.0,675.0,2910.5,0,1000000000.00,0.000000
-1300.0,675.0,2886.2,0,1000000000.00,0.000000
-1275.0,675.0,2862.0,0,1000000000.00,0.000000
-1250.0,675.0,2837.8,0,1000000000.00,0.000000
-1225.0,675.0,2813.5,0,1000000000.00,0.000000
-1200.0,675.0,2789.3,0,1000000000.00,0.000000
-1175.0,675.0,2765.1,0,1000000000.00,0.000000
-1150.0,675.0,2741.0,0,1000000000.00,0.000000
-1125.0,675.0,2716.8,0,1000000000.00,0.000000
-1100.0,675.0,2692.7,0,1000000000.00,0.000000
-1075.0,675.0,2668.5,0,1000000000.00,0.000000
-1050.0,675.0,2644.4,0,1000000000.00,0.000000
-1025.0,675.0,2620.3,0,1000000000.00,0.000000
-1000.0,675.0,2596.2,0,1000000000.00,0.000000
-975.0,675.0,2572.2,0,1000000000.00,0.000000
-950.0,675.0,2548.1,0,1000000000.00,0.000000
-925.0,675.0,2524.1,0,1000000000.00,0.000000
-900.0,675.0,2500.1,0,1000000000.00,0.000000
-875.0,675.0,2476.1,0,1000000000.00,0.000000
-850.0,675.0,2452.2,0,1000000000.00,0.000000
-825.0,675.0,2428.2,0,1000000000.00,0.000000
-800.0,675.0,2404.3,0,1000000000.00,0.000000
-775.0,675.0,2380.4,0,1000000000.00,0.000000
-750.0,675.0,2356.5,0,1000000000.00,0.000000
-725.0,675.0,2332.7,0,1000000000.00,0.000000
-700.0,675.0,2308.8,0,1000000000.00,0.000000
-675.0,675.0,2285.0,0,1000000000.00,0.000000
-650.0,675.0,2261.2,0,1000000000.00,0.000000
-625.0,675.0,2237.5,0,1000000000.00,0.000000
-600.0,675.0,2213.8,0,1000000000.00,0.000000
-575.0,675.0,2190.1,0,1000000000.00,0.000000
-550.0,675.0,2166.4,0,1000000000.00,0.000000
-525.0,675.0,2142.7,0,1000000000.00,0.000000
-500.0,675.0,2119.1,0,1000000000.00,0.000000
-475.0,675.0,2095.6,0,1000000000.00,0.000000
-450.0,675.0,2072.0,0,1000000000.00,0.000000
-425.0,675.0,2048.5,0,1000000000.00,0.000000
-400.0,675.0,2025.0,0,1000000000.00,0.000000
-375.0,675.0,2001.6,0,1000000000.00,0.000000
-350.0,675.0,1978.2,0,1000000000.00,0.000000
-325.0,675.0,1954.9,0,1000000000.00,0.000000
-300.0,675.0,1931.5,0,1000000000.00,0.000000
-275.0,675.0,1908.3,0,1000000000.00,0.000000
-250.0,675.0,1885.0,0,1000000000.00,0.000000
-225.0,675.0,1861.9,0,1000000000.00,0.000000
-200.0,675.0,1838.7,0,1000000000.00,0.000000
-175.0,675.0,1815.6,0,1000000000.00,0.000000
-150.0,675.0,1792.6,0,1000000000.00,0.000000
-125.0,675.0,1769.6,0,1000000000.00,0.000000
-100.0,675.0,1746.7,0,1000000000.00,0.000000
-75.0,675.0,1723.8,0,1000000000.00,0.000000
-50.0,675.0,1701.0,0,1000000000.00,0.000000
-25.0,675.0,1678.3,0,1000000000.00,0.000000
0.0,675.0,1655.6,0,1000000000.00,0.000000
25.0,675.0,1633.0,0,1000000000.00,0.000000
50.0,675.0,1610.4,0,1000000000.00,0.000000
75.0,675.0,1588.0,0,1000000000.00,0.000000
100.0,675.0,1565.6,0,1000000000.00,0.000000
125.0,675.0,1543.3,0,1000000000.00,0.000000
150.0,675.0,1521.0,0,1000000000.00,0.000000
175.0,675.0,1498.9,0,1000000000.00,0.000000
200.0,675.0,1476.8,0,1000000000.00,0.000000
225.0,675.0,1454.9,0,1000000000.00,0.000000
250.0,675.0,1433.0,0,1000000000.00,0.000000
275.0,675.0,1411.3,0,1000000000.00,0.000000
300.0,675.0,1389.6,0,1000000000.00,0.000000
325.0,675.0,1368.1,0,1000000000.00,0.000000
350.0,675.0,1346.7,0,1000000000.00,0.000000
375.0,675.0,1325.4,0,1000000000.00,0.000000
400.0,675.0,1304.3,0,1000000000.00,0.000000
425.0,675.0,1283.3,0,1000000000.00,0.000000
450.0,675.0,1262.4,0,1000000000.00,0.000000
475.0,675.0,1241.7,0,1000000000.00,0.000000
500.0,675.0,1221.1,0,1000000000.00,0.000000
525.0,675.0,1200.8,0,1000000000.00,0.000000
550.0,675.0,1180.6,0,1000000000.00,0.000000
575.0,675.0,1160.5,0,1000000000.00,0.000000
600.0,675.0,1140.7,0,1000000000.00,0.000000
625.0,675.0,1121.1,0,1000000000.00,0.000000
650.0,675.0,1101.7,0,1000000000.00,0.000000
675.0,675.0,1082.5,0,1000000000.00,0.000000
700.0,675.0,1063.6,0,1000000000.00,0.000000
725.0,675.0,1045.0,0,1000000000.00,0.000000
750.0,675.0,1026.6,0,1000000000.00,0.000000
775.0,675.0,1024.0,0,1000000000.00,0.000000
800.0,675.0,1043.0,0,1000000000.00,0.000000
825.0,675.0,1062.1,0,1000000000.00,0.000000
850.0,675.0,1081.6,0,1000000000.00,0.000000
875.0,675.0,1101.2,0,1000000000.00,0.000000
900.0,675.0,1121.1,0,1000000000.00,0.000000
925.0,675.0,1141.1,0,1000000000.00,0.000000
950.0,675.0,1161.4,0,1000000000.00,0.000000
975.0,675.0,1181.8,0,1000000000.00,0.000000
1000.0,675.0,1202.4,0,1000000000.00,0.000000
1025.0,675.0,1223.2,0,1000000000.00,0.000000
1050.0,675.0,1244.1,0,1000000000.00,0.000000
1075.0,675.0,1265.2,0,1000000000.00,0.000000
1100.0,675.0,1286.4,0,1000000000.00,0.000000
1125.0,675.0,1307.7,0,1000000000.00,0.000000
1150.0,675.0,1329.2,0,1000000000.00,0.000000
1175.0,675.0,1350.8,0,1000000000.00,0.000000
1200.0,675.0,1372.5,0,1000000000.00,0.000000
1225.0,675.0,1394.3,0,1000000000.00,0.000000
1250.0,675.0,1416.3,0,1000000000.00,0.000000
1275.0,675.0,1438.3,0,1000000000.00,0.000000
1300.0,675.0,1460.4,0,1000000000.00,0.000000
1325.0,675.0,1482.6,0,1000000000.00,0.000000
1350.0,675.0,1504.9,0,1000000000.00,0.000000
1375.0,675.0,1527.3,0,1000000000.00,0.000000
1400.0,675.0,1549.8,0,1000000000.00,0.000000
1425.0,675.0,1572.3,0,1000000000.00,0.000000
1450.0,675.0,1594.9,0,1000000000.00,0.000000
1475.0,675.0,1617.6,0,1000000000.00,0.000000
1500.0,675.0,1640.4,0,1000000000.00,0.000000
1525.0,675.0,1663.2,0,1000000000.00,0.000000
1550.0,675.0,1686.1,0,1000000000.00,0.000000
1575.0,675.0,1709.0,0,1000000000.00,0.000000
1600.0,675.0,1732.0,0,1000000000.00,0.000000
1625.0,675.0,1755.0,0,1000000000.00,0.000000
1650.0,675.0,1778.1,0,1000000000.00,0.000000
1675.0,675.0,1801.3,0,1000000000.00,0.000000
1700.0,675.0,1824.5,0,1000000000.00,0.000000
1725.0,675.0,1847.7,0,1000000000.00,0.000000
1750.0,675.0,1871.0,0,1000000000.00,0.000000
1775.0,675.0,1894.4,0,1000000000.00,0.000000
1800.0,675.0,1917.8,0,1000000000.00,0.000000
-1800.0,700.0,3378.7,0,1000000000.00,0.000000
-1775.0,700.0,3354.3,0,1000000000.00,0.000000
-1750.0,700.0,3329.9,0,1000000000.00,0.000000
-1725.0,700.0,3305.5,0,1000000000.00,0.000000
-1700.0,700.0,3281.1,0,1000000000.00,0.000000
-1675.0,700.0,3256.8,0,1000000000.00,0.000000
-1650.0,700.0,3232.4,0,1000000000.00,0.000000
-1625.0,700.0,3208.0,0,1000000000.00,0.000000
-1600.0,700.0,3183.7,0,1000000000.00,0.000000
-1575.0,700.0,3159.4,0,1000000000.00,0.000000
-1550.0,700.0,3135.0,0,1000000000.00,0.000000
-1525.0,700.0,3110.7,0,1000000000.00,0.000000
-1500.0,700.0,3086.4,0,1000000000.00,0.000000
-1475.0,700.0,3062.1,0,1000000000.00,0.000000
-1450.0,700.0,3037.8,0,1000000000.00,0.000000
-1425.0,700.0,3013.6,0,1000000000.00,0.000000
-1400.0,700.0,2989.3,0,1000000000.00,0.000000
-1375.0,700.0,2965.1,0,1000000000.00,0.000000
-1350.0,700.0,2940.8,0,1000000000.00,0.000000
-1325.0,700.0,2916.6,0,1000000000.00,0.000000
-1300.0,700.0,2892.4,0,1000000000.00,0.000000
-1275.0,700.0,2868.2,0,1000000000.00,0.000000
-1250.0,700.0,2844.0,0,1000000000.00,0.000000
-1225.0,700.0,2819.9,0,1000000000.00,0.000000
-1200.0,700.0,2795.7,0,1000000000.00,0.000000
-1175.0,700.0,2771.6,0,1000000000.00,0.000000
-1150.0,700.0,2747.5,0,1000000000.00,0.000000
-1125.0,700.0,2723.4,0,1000000000.00,0.000000
-1100.0,700.0,2699.3,0,1000000000.00,0.000000
-1075.0,700.0,2675.2,0,1000000000.00,0.000000
-1050.0,700.0,2651.2,0,1000000000.00,0.000000
-1025.0,700.0,2627.1,0,1000000000.00,0.000000
-1000.0,700.0,2603.1,0,1000000000.00,0.000000
-975.0,700.0,2579.1,0,1000000000.00,0.000000
-950.0,700.0,2555.1,0,1000000000.00,0.000000
-925.0,700.0,2531.2,0,1000000000.00,0.000000
-900.0,700.0,2507.2,0,1000000000.00,0.000000
-875.0,700.0,2483.3,0,1000000000.00,0.000000
-850.0,700.0,2459.4,0,1000000000.00,0.000000
-825.0,700.0,2435.5,0,1000000000.00,0.000000
-800.0,700.0,2411.7,0,1000000000.00,0.000000
-775.0,700.0,2387.9,0,1000000000.00,0.000000
-750.0,700.0,2364.1,0,1000000000.00,0.000000
-725.0,700.0,2340.3,0,1000000000.00,0.000000
-700.0,700.0,2316.5,0,1000000000.00,0.000000
-675.0,700.0,2292.8,0,1000000000.00,0.000000
-650.0,700.0,2269.1,0,1000000000.00,0.000000
-625.0,700.0,2245.4,0,1000000000.00,0.000000
-600.0,700.0,2221.8,0,1000000000.00,0.000000
-575.0,700.0,2198.2,0,1000000000.00,0.000000
-550.0,700.0,2174.6,0,1000000000.00,0.000000
-525.0,700.0,2151.1,0,1000000000.00,0.000000
-500.0,700.0,2127.5,0,1000000000.00,0.000000
-475.0,700.0,2104.1,0,1000000000.00,0.000000
-450.0,700.0,2080.6,0,1000000000.00,0.000000
-425.0,700.0,2057.2,0,1000000000.00,0.000000
-400.0,700.0,2033.8,0,1000000000.00,0.000000
-375.0,700.0,2010.5,0,1000000000.00,0.000000
-350.0,700.0,1987.2,0,1000000000.00,0.000000
-325.0,700.0,1964.0,0,1000000000.00,0.000000
-300.0,700.0,1940.8,0,1000000000.00,0.000000
-275.0,700.0,1917.6,0,1000000000.00,0.000000
-250.0,700.0,1894.5,0,1000000000.00,0.000000
-225.0,700.0,1871.4,0,1000000000.00,0.000000
-200.0,700.0,1848.4,0,1000000000.00,0.000000
-175.0,700.0,1825.4,0,1000000000.00,0.000000
-150.0,700.0,1802.5,0,1000000000.00,0.000000
-125.0,700.0,1779.7,0,1000000000.00,0.000000
-100.0,700.0,1756.9,0,1000000000.00,0.000000
-75.0,700.0,1734.1,0,1000000000.00,0.000000
-50.0,700.0,1711.5,0,1000000000.00,0.000000
-25.0,700.0,1688.9,0,1000000000.00,0.000000
0.0,700.0,1666.3,0,1000000000.00,0.000000
25.0,700.0,1643.9,0,1000000000.00,0.000000
50.0,700.0,1621.5,0,1000000000.00,0.000000
75.0,700.0,1599.2,0,1000000000.00,0.000000
100.0,700.0,1576.9,0,1000000000.00,0.000000
125.0,700.0,1554.8,0,1000000000.00,0.000000
150.0,700.0,1532.7,0,1000000000.00,0.000000
175.0,700.0,1510.7,0,1000000000.00,0.000000
200.0,700.0,1488.9,0,1000000000.00,0.000000
225.0,700.0,1467.1,0,1000000000.00,0.000000
250.0,700.0,1445.4,0,1000000000.00,0.000000
275.0,700.0,1423.9,0,1000000000.00,0.000000
300.0,700.0,1402.4,0,1000000000.00,0.000000
325.0,700.0,1381.1,0,1000000000.00,0.000000
350.0,700.0,1359.9,0,1000000000.00,0.000000
375.0,700.0,1338.8,0,1000000000.00,0.000000
400.0,700.0,1317.9,0,1000000000.00,0.000000
425.0,700.0,1297.1,0,1000000000.00,0.000000
450.0,700.0,1276.5,0,1000000000.00,0.000000
475.0,700.0,1256.0,0,1000000000.00,0.000000
500.0,700.0,1235.7,0,1000000000.00,0.000000
525.0,700.0,1215.5,0,1000000000.00,0.000000
550.0,700.0,1195.6,0,1000000000.00,0.000000
575.0,700.0,1175.8,0,1000000000.00,0.000000
600.0,700.0,1156.3,0,1000000000.00,0.000000
625.0,700.0,1136.9,0,1000000000.00,0.000000
650.0,700.0,1117.8,0,1000000000.00,0.000000
675.0,700.0,1098.9,0,1000000000.00,0.000000
700.0,700.0,1080.3,0,1000000000.00,0.000000
725.0,700.0,1061.9,0,1000000000.00,0.000000
750.0,700.0,1043.8,0,1000000000.00,0.000000
775.0,700.0,1040.7,0,1000000000.00,0.000000
800.0,700.0,1059.3,0,1000000000.00,0.000000
825.0,700.0,1078.2,0,1000000000.00,0.000000
850.0,700.0,1097.3,0,1000000000.00,0.000000
875.0,700.0,1116.7,0,1000000000.00,0.000000
900.0,700.0,1136.3,0,1000000000.00,0.000000
925.0,700.0,1156.1,0,1000000000.00,0.000000
950.0,700.0,1176.1,0,1000000000.00,0.000000
975.0,700.0,1196.3,0,1000000000.00,0.000000
1000.0,700.0,1216.6,0,1000000000.00,0.000000
1025.0,700.0,1237.1,0,1000000000.00,0.000000
1050.0,700.0,1257.8,0,1000000000.00,0.000000
1075.0,700.0,1278.7,0,1000000000.00,0.000000
1100.0,700.0,1299.7,0,1000000000.00,0.000000
1125.0,700.0,1320.8,0,1000000000.00,0.000000
1150.0,700.0,1342.1,0,1000000000.00,0.000000
1175.0,700.0,1363.5,0,1000000000.00,0.000000
1200.0,700.0,1385.0,0,1000000000.00,0.000000
1225.0,700.0,1406.6,0,1000000000.00,0.000000
1250.0,700.0,1428.3,0,1000000000.00,0.000000
1275.0,700.0,1450.2,0,1000000000.00,0.000000
1300.0,700.0,1472.1,0,1000000000.00,0.000000
1325.0,700.0,1494.2,0,1000000000.00,0.000000
1350.0,700.0,1516.3,0,1000000000.00,0.000000
1375.0,700.0,1538.5,0,1000000000.00,0.000000
1400.0,700.0,1560.8,0,1000000000.00,0.000000
1425.0,700.0,1583.2,0,1000000000.00,0.000000
1450.0,700.0,1605.7,0,1000000000.00,0.000000
1475.0,700.0,1628.2,0,1000000000.00,0.000000
1500.0,700.0,1650.8,0,1000000000.00,0.000000
1525.0,700.0,1673.5,0,1000000000.00,0.000000
1550.0,700.0,1696.2,0,1000000000.00,0.000000
1575.0,700.0,1719.0,0,1000000000.00,0.000000
1600.0,700.0,1741.9,0,1000000000.00,0.000000
1625.0,700.0,1764.8,0,1000000000.00,0.000000
1650.0,700.0,1787.8,0,1000000000.00,0.000000
1675.0,700.0,1810.8,0,1000000000.00,0.000000
1700.0,700.0,1833.9,0,1000000000.00,0.000000
1725.0,700.0,1857.0,0,1000000000.00,0.000000
1750.0,700.0,1880.2,0,1000000000.00,0.000000
1775.0,700.0,1903.4,0,1000000000.00,0.000000
1800.0,700.0,1926.7,0,1000000000.00,0.000000
-1800.0,725.0,3384.2,0,1000000000.00,0.000000
-1775.0,725.0,3359.8,0,1000000000.00,0.000000
-1750.0,725.0,3335.5,0,1000000000.00,0.000000
-1725.0,725.0,3311.1,0,1000000000.00,0.000000
-1700.0,725.0,3286.8,0,1000000000.00,0.000000
-1675.0,725.0,3262.4,0,1000000000.00,0.000000
-1650.0,725.0,3238.1,0,1000000000.00,0.000000
-1625.0,725.0,3213.8,0,1000000000.00,0.000000
-1600.0,725.0,3189.5,0,1000000000.00,0.000000
-1575.0,725.0,3165.2,0,1000000000.00,0.000000
-1550.0,725.0,3140.9,0,1000000000.00,0.000000
-1525.0,725.0,3116.7,0,1000000000.00,0.000000
-1500.0,725.0,3092.4,0,1000000000.00,0.000000
-1475.0,725.0,3068.1,0,1000000000.00,0.000000
-1450.0,725.0,3043.9,0,1000000000.00,0.000000
-1425.0,725.0,3019.7,0,1000000000.00,0.000000
-1400.0,725.0,2995.5,0,1000000000.00,0.000000
-1375.0,725.0,2971.3,0,1000000000.00,0.000000
-1350.0,725.0,2947.1,0,1000000000.00,0.000000
-1325.0,725.0,2922.9,0,1000000000.00,0.000000
-1300.0,725.0,2898.8,0,1000000000.00,0.000000
-1275.0,725.0,2874.7,0,1000000000.00,0.000000
-1250.0,725.0,2850.5,0,1000000000.00,0.000000
-1225.0,725.0,2826.4,0,1000000000.00,0.000000
-1200.0,725.0,2802.3,0,1000000000.00,0.000000
-1175.0,725.0,2778.2,0,1000000000.00,0.000000
-1150.0,725.0,2754.2,0,1000000000.00,0.000000
-1125.0,725.0,2730.1,0,1000000000.00,0.000000
-1100.0,725.0,2706.1,0,1000000000.00,0.000000
-1075.0,725.0,2682.1,0,1000000000.00,0.000000
-1050.0,725.0,2658.1,0,1000000000.00,0.000000
-1025.0,725.0,2634.1,0,1000000000.00,0.000000
-1000.0,725.0,2610.2,0,1000000000.00,0.000000
-975.0,725.0,2586.3,0,1000000000.00,0.000000
-950.0,725.0,2562.4,0,1000000000.00,0.000000
-925.0,725.0,2538.5,0,1000000000.00,0.000000
-900.0,725.0,2514.6,0,1000000000.00,0.000000
-875.0,725.0,2490.7,0,1000000000.00,0.000000
-850.0,725.0,2466.9,0,1000000000.00,0.000000
-825.0,725.0,2443.1,0,1000000000.00,0.000000
-800.0,725.0,2419.3,0,1000000000.00,0.000000
-775.0,725.0,2395.6,0,1000000000.00,0.000000
-750.0,725.0,2371.9,0,1000000000.00,0.000000
-725.0,725.0,2348.2,0,1000000000.00,0.000000
-700.0,725.0,2324.5,0,1000000000.00,0.000000
-675.0,725.0,2300.8,0,1000000000.00,0.000000
-650.0,725.0,2277.2,0,1000000000.00,0.000000
-625.0,725.0,2253.6,0,1000000000.00,0.000000
-600.0,725.0,2230.1,0,1000000000.00,0.000000
-575.0,725.0,2206.6,0,1000000000.00,0.000000
-550.0,725.0,2183.1,0,1000000000.00,0.000000
-525.0,725.0,2159.6,0,1000000000.00,0.000000
-500.0,725.0,2136.2,0,1000000000.00,0.000000
-475.0,725.0,2112.8,0,1000000000.00,0.000000
-450.0,725.0,2089.5,0,1000000000.00,0.000000
-425.0,725.0,2066.2,0,1000000000.00,0.000000
-400.0,725.0,2042.9,0,1000000000.00,0.000000
-375.0,725.0,2019.7,0,1000000000.00,0.000000
-350.0,725.0,1996.5,0,1000000000.00,0.000000
-325.0,725.0,1973.3,0,1000000000.00,0.000000
-300.0,725.0,1950.2,0,1000000000.00,0.000000
-275.0,725.0,1927.2,0,1000000000.00,0.000000
-250.0,725.0,1904.2,0,1000000000.00,0.000000
-225.0,725.0,1881.3,0,1000000000.00,0.000000
-200.0,725.0,1858.4,0,1000000000.00,0.000000
-175.0,725.0,1835.5,0,1000000000.00,0.000000
-150.0,725.0,1812.7,0,1000000000.00,0.000000
-125.0,725.0,1790.0,0,1000000000.00,0.000000
-100.0,725.0,1767.4,0,1000000000.00,0.000000
-75.0,725.0,1744.8,0,1000000000.00,0.000000
-50.0,725.0,1722.2,0,1000000000.00,0.000000
-25.0,725.0,1699.8,0,1000000000.00,0.000000
0.0,725.0,1677.4,0,1000000000.00,0.000000
25.0,725.0,1655.1,0,1000000000.00,0.000000
50.0,725.0,1632.8,0,1000000000.00,0.000000
75.0,725.0,1610.7,0,1000000000.00,0.000000
100.0,725.0,1588.6,0,1000000000.00,0.000000
125.0,725.0,1566.6,0,1000000000.00,0.000000
150.0,725.0,1544.7,0,1000000000.00,0.000000
175.0,725.0,1522.9,0,1000000000.00,0.000000
200.0,725.0,1501.2,0,1000000000.00,0.000000
225.0,725.0,1479.6,0,1000000000.00,0.000000
250.0,725.0,1458.1,0,1000000000.00,0.000000
275.0,725.0,1436.8,0,1000000000.00,0.000000
300.0,725.0,1415.5,0,1000000000.00,0.000000
325.0,725.0,1394.4,0,1000000000.00,0.000000
350.0,725.0,1373.4,0,1000000000.00,0.000000
375.0,725.0,1352.5,0,1000000000.00,0.000000
400.0,725.0,1331.8,0,1000000000.00,0.000000
425.0,725.0,1311.3,0,1000000000.00,0.000000
450.0,725.0,1290.8,0,1000000000.00,0.000000
475.0,725.0,1270.6,0,1000000000.00,0.000000
500.0,725.0,1250.5,0,1000000000.00,0.000000
525.0,725.0,1230.6,0,1000000000.00,0.000000
550.0,725.0,1210.9,0,1000000000.00,0.000000
575.0,725.0,1191.4,0,1000000000.00,0.000000
600.0,725.0,1172.1,0,1000000000.00,0.000000
625.0,725.0,1153.0,0,1000000000.00,0.000000
650.0,725.0,1134.2,0,1000000000.00,0.000000
675.0,725.0,1115.6,0,1000000000.00,0.000000
700.0,725.0,1097.2,0,1000000000.00,0.000000
725.0,725.0,1079.1,0,1000000000.00,0.000000
750.0,725.0,1061.3,0,1000000000.00,0.000000
775.0,725.0,1057.7,0,1000000000.00,0.000000
800.0,725.0,1076.0,0,1000000000.00,0.000000
825.0,725.0,1094.6,0,1000000000.00,0.000000
850.0,725.0,1113.5,0,1000000000.00,0.000000
875.0,725.0,1132.5,0,1000000000.00,0.000000
900.0,725.0,1151.9,0,1000000000.00,0.000000
925.0,725.0,1171.4,0,1000000000.00,0.000000
950.0,725.0,1191.1,0,1000000000.00,0.000000
975.0,725.0,1211.1,0,1000000000.00,0.000000
1000.0,725.0,1231.2,0,1000000000.00,0.000000
1025.0,725.0,1251.5,0,1000000000.00,0.000000
1050.0,725.0,1271.9,0,1000000000.00,0.000000
1075.0,725.0,1292.5,0,1000000000.00,0.000000
1100.0,725.0,1313.3,0,1000000000.00,0.000000
1125.0,725.0,1334.2,0,1000000000.00,0.000000
1150.0,725.0,1355.3,0,1000000000.00,0.000000
1175.0,725.0,1376.5,0,1000000000.00,0.000000
1200.0,725.0,1397.8,0,1000000000.00,0.000000
1225.0,725.0,1419.2,0,1000000000.00,0.000000
1250.0,725.0,1440.8,0,1000000000.00,0.000000
1275.0,725.0,1462.4,0,1000000000.00,0.000000
1300.0,725.0,1484.2,0,1000000000.00,0.000000
1325.0,725.0,1506.0,0,1000000000.00,0.000000
1350.0,725.0,1528.0,0,1000000000.00,0.000000
1375.0,725.0,1550.0,0,1000000000.00,0.000000
1400.0,725.0,1572.2,0,1000000000.00,0.000000
1425.0,725.0,1594.4,0,1000000000.00,0.000000
1450.0,725.0,1616.7,0,1000000000.00,0.000000
1475.0,725.0,1639.1,0,1000000000.00,0.000000
1500.0,725.0,1661.6,0,1000000000.00,0.000000
1525.0,725.0,1684.1,0,1000000000.00,0.000000
1550.0,725.0,1706.7,0,1000000000.00,0.000000
1575.0,725.0,1729.4,0,1000000000.00,0.000000
1600.0,725.0,1752.1,0,1000000000.00,0.000000
1625.0,725.0,1774.9,0,1000000000.00,0.000000
1650.0,725.0,1797.7,0,1000000000.00,0.000000
1675.0,725.0,1820.6,0,1000000000.00,0.000000
1700.0,725.0,1843.6,0,1000000000.00,0.000000
1725.0,725.0,1866.6,0,1000000000.00,0.000000
1750.0,725.0,1889.7,0,1000000000.00,0.000000
1775.0,725.0,1912.8,0,1000000000.00,0.000000
1800.0,725.0,1935.9,0,1000000000.00,0.000000
-1800.0,750.0,3389.8,0,1000000000.00,0.000000
-1775.0,750.0,3365.5,0,1000000000.00,0.000000
-1750.0,750.0,3341.2,0,1000000000.00,0.000000
-1725.0,750.0,3316.9,0,1000000000.00,0.000000
-1700.0,750.0,3292.6,0,1000000000.00,0.000000
-1675.0,750.0,3268.3,0,1000000000.00,0.000000
-1650.0,750.0,3244.0,0,1000000000.00,0.000000
-1625.0,750.0,3219.7,0,1000000000.00,0.000000
-1600.0,750.0,3195.5,0,1000000000.00,0.000000
-1575.0,750.0,3171.2,0,1000000000.00,0.000000
-1550.0,750.0,3147.0,0,1000000000.00,0.000000
-1525.0,750.0,3122.8,0,1000000000.00,0.000000
-1500.0,750.0,3098.6,0,1000000000.00,0.000000
-1475.0,750.0,3074.4,0,1000000000.00,0.000000
-1450.0,750.0,3050.2,0,1000000000.00,0.000000
-1425.0,750.0,3026.0,0,1000000000.00,0.000000
-1400.0,750.0,3001.9,0,1000000000.00,0.000000
-1375.0,750.0,2977.7,0,1000000000.00,0.000000
-1350.0,750.0,2953.6,0,1000000000.00,0.000000
-1325.0,750.0,2929.5,0,1000000000.00,0.000000
-1300.0,750.0,2905.4,0,1000000000.00,0.000000
-1275.0,750.0,2881.3,0,1000000000.00,0.000000
-1250.0,750.0,2857.2,0,1000000000.00,0.000000
-1225.0,750.0,2833.2,0,1000000000.00,0.000000
-1200.0,750.0,2809.1,0,1000000000.00,0.000000
-1175.0,750.0,2785.1,0,1000000000.00,0.000000
-1150.0,750.0,2761.1,0,1000000000.00,0.000000
-1125.0,750.0,2737.1,0,1000000000.00,0.000000
-1100.0,750.0,2713.2,0,1000000000.00,0.000000
-1075.0,750.0,2689.2,0,1000000000.00,0.000000
-1050.0,750.0,2665.3,0,1000000000.00,0.000000
-1025.0,750.0,2641.4,0,1000000000.00,0.000000
-1000.0,750.0,2617.5,0,1000000000.00,0.000000
-975.0,750.0,2593.6,0,1000000000.00,0.000000
-950.0,750.0,2569.8,0,1000000000.00,0.000000
-925.0,750.0,2546.0,0,1000000000.00,0.000000
-900.0,750.0,2522.2,0,1000000000.00,0.000000
-875.0,750.0,2498.4,0,1000000000.00,0.000000
-850.0,750.0,2474.6,0,1000000000.00,0.000000
-825.0,750.0,2450.9,0,1000000000.00,0.000000
-800.0,750.0,2427.2,0,1000000000.00,0.000000
-775.0,750.0,2403.5,0,1000000000.00,0.000000
-750.0,750.0,2379.9,0,1000000000.00,0.000000
-725.0,750.0,2356.3,0,1000000000.00,0.000000
-700.0,750.0,2332.7,0,1000000000.00,0.000000
-675.0,750.0,2309.1,0,1000000000.00,0.000000
-650.0,750.0,2285.6,0,1000000000.00,0.000000
-625.0,750.0,2262.1,0,1000000000.00,0.000000
-600.0,750.0,2238.6,0,1000000000.00,0.000000
-575.0,750.0,2215.2,0,1000000000.00,0.000000
-550.0,750.0,2191.8,0,1000000000.00,0.000000
-525.0,750.0,2168.4,0,1000000000.00,0.000000
-500.0,750.0,2145.1,0,1000000000.00,0.000000
-475.0,750.0,2121.8,0,1000000000.00,0.000000
-450.0,750.0,2098.6,0,1000000000.00,0.000000
-425.0,750.0,2075.4,0,1000000000.00,0.000000
-400.0,750.0,2052.2,0,1000000000.00,0.000000
-375.0,750.0,2029.1,0,1000000000.00,0.000000
-350.0,750.0,2006.0,0,1000000000.00,0.000000
-325.0,750.0,1983.0,0,1000000000.00,0.000000
-300.0,750.0,1960.0,0,1000000000.00,0.000000
-275.0,750.0,1937.1,0,1000000000.00,0.000000
-250.0,750.0,1914.2,0,1000000000.00,0.000000
-225.0,750.0,1891.4,0,1000000000.00,0.000000
-200.0,750.0,1868.6,0,1000000000.00,0.000000
-175.0,750.0,1845.9,0,1000000000.00,0.000000
-150.0,750.0,1823.2,0,1000000000.00,0.000000
-125.0,750.0,1800.6,0,1000000000.00,0.000000
-100.0,750.0,1778.1,0,1000000000.00,0.000000
-75.0,750.0,1755.7,0,1000000000.00,0.000000
-50.0,750.0,1733.3,0,1000000000.00,0.000000
-25.0,750.0,1711.0,0,1000000000.00,0.000000
0.0,750.0,1688.7,0,1000000000.00,0.000000
25.0,750.0,1666.6,0,1000000000.00,0.000000
50.0,750.0,1644.5,0,1000000000.00,0.000000
75.0,750.0,1622.5,0,1000000000.00,0.000000
100.0,750.0,1600.6,0,1000000000.00,0.000000
125.0,750.0,1578.7,0,1000000000.00,0.000000
150.0,750.0,1557.0,0,1000000000.00,0.000000
175.0,750.0,1535.4,0,1000000000.00,0.000000
200.0,750.0,1513.9,0,1000000000.00,0.000000
225.0,750.0,1492.5,0,1000000000.00,0.000000
250.0,750.0,1471.2,0,1000000000.00,0.000000
275.0,750.0,1450.0,0,1000000000.00,0.000000
300.0,750.0,1429.0,0,1000000000.00,0.000000
325.0,750.0,1408.0,0,1000000000.00,0.000000
350.0,750.0,1387.2,0,1000000000.00,0.000000
375.0,750.0,1366.6,0,1000000000.00,0.000000
400.0,750.0,1346.1,0,1000000000.00,0.000000
425.0,750.0,1325.7,0,1000000000.00,0.000000
450.0,750.0,1305.6,0,1000000000.00,0.000000
475.0,750.0,1285.5,0,1000000000.00,0.000000
500.0,750.0,1265.7,0,1000000000.00,0.000000
525.0,750.0,1246.0,0,1000000000.00,0.000000
550.0,750.0,1226.6,0,1000000000.00,0.000000
575.0,750.0,1207.3,0,1000000000.00,0.000000
600.0,750.0,1188.3,0,1000000000.00,0.000000
625.0,750.0,1169.5,0,1000000000.00,0.000000
650.0,750.0,1150.9,0,1000000000.00,0.000000
675.0,750.0,1132.6,0,1000000000.00,0.000000
700.0,750.0,1114.5,0,1000000000.00,0.000000
725.0,750.0,1096.7,0,1000000000.00,0.000000
750.0,750.0,1079.2,0,1000000000.00,0.000000
775.0,750.0,1075.0,0,1000000000.00,0.000000
800.0,750.0,1093.0,0,1000000000.00,0.000000
825.0,750.0,1111.3,0,1000000000.00,0.000000
850.0,750.0,1129.9,0,1000000000.00,0.000000
875.0,750.0,1148.7,0,1000000000.00,0.000000
900.0,750.0,1167.8,0,1000000000.00,0.000000
925.0,750.0,1187.0,0,1000000000.00,0.000000
950.0,750.0,1206.5,0,1000000000.00,0.000000
975.0,750.0,1226.2,0,1000000000.00,0.000000
1000.0,750.0,1246.1,0,1000000000.00,0.000000
1025.0,750.0,1266.1,0,1000000000.00,0.000000
1050.0,750.0,1286.3,0,1000000000.00,0.000000
1075.0,750.0,1306.7,0,1000000000.00,0.000000
1100.0,750.0,1327.3,0,1000000000.00,0.000000
1125.0,750.0,1348.0,0,1000000000.00,0.000000
1150.0,750.0,1368.8,0,1000000000.00,0.000000
1175.0,750.0,1389.8,0,1000000000.00,0.000000
1200.0,750.0,1410.9,0,1000000000.00,0.000000
1225.0,750.0,1432.1,0,1000000000.00,0.000000
1250.0,750.0,1453.5,0,1000000000.00,0.000000
1275.0,750.0,1475.0,0,1000000000.00,0.000000
1300.0,750.0,1496.5,0,1000000000.00,0.000000
1325.0,750.0,1518.2,0,1000000000.00,0.000000
1350.0,750.0,1540.0,0,1000000000.00,0.000000
1375.0,750.0,1561.9,0,1000000000.00,0.000000
1400.0,750.0,1583.9,0,1000000000.00,0.000000
1425.0,750.0,1605.9,0,1000000000.00,0.000000
1450.0,750.0,1628.1,0,1000000000.00,0.000000
1475.0,750.0,1650.3,0,1000000000.00,0.000000
1500.0,750.0,1672.6,0,1000000000.00,0.000000
1525.0,750.0,1695.0,0,1000000000.00,0.000000
1550.0,750.0,1717.5,0,1000000000.00,0.000000
1575.0,750.0,1740.0,0,1000000000.00,0.000000
1600.0,750.0,1762.6,0,1000000000.00,0.000000
1625.0,750.0,1785.2,0,1000000000.00,0.000000
1650.0,750.0,1807.9,0,1000000000.00,0.000000
1675.0,750.0,1830.7,0,1000000000.00,0.000000
1700.0,750.0,1853.6,0,1000000000.00,0.000000
1725.0,750.0,1876.4,0,1000000000.00,0.000000
1750.0,750.0,1899.4,0,1000000000.00,0.000000
1775.0,750.0,1922.4,0,1000000000.00,0.000000
1800.0,750.0,1945.4,0,1000000000.00,0.000000
-1800.0,775.0,3395.6,0,1000000000.00,0.000000
-1775.0,775.0,3371.4,0,1000000000.00,0.000000
-1750.0,775.0,3347.1,0,1000000000.00,0.000000
-1725.0,775.0,3322.8,0,1000000000.00,0.000000
-1700.0,775.0,3298.5,0,1000000000.00,0.000000
-1675.0,775.0,3274.3,0,1000000000.00,0.000000
-1650.0,775.0,3250.1,0,1000000000.00,0.000000
-1625.0,775.0,3225.8,0,1000000000.00,0.000000
-1600.0,775.0,3201.6,0,1000000000.00,0.000000
-1575.0,775.0,3177.4,0,1000000000.00,0.000000
-1550.0,775.0,3153.3,0,1000000000.00,0.000000
-1525.0,775.0,3129.1,0,1000000000.00,0.000000
-1500.0,775.0,3104.9,0,1000000000.00,0.000000
-1475.0,775.0,3080.8,0,1000000000.00,0.000000
-1450.0,775.0,3056.6,0,1000000000.00,0.000000
-1425.0,775.0,3032.5,0,1000000000.00,0.000000
-1400.0,775.0,3008.4,0,1000000000.00,0.000000
-1375.0,775.0,2984.3,0,1000000000.00,0.000000
-1350.0,775.0,2960.3,0,1000000000.00,0.000000
-1325.0,775.0,2936.2,0,1000000000.00,0.000000
-1300.0,775.0,2912.1,0,1000000000.00,0.000000
-1275.0,775.0,2888.1,0,1000000000.00,0.000000
-1250.0,775.0,2864.1,0,1000000000.00,0.000000
-1225.0,775.0,2840.1,0,1000000000.00,0.000000
-1200.0,775.0,2816.1,0,1000000000.00,0.000000
-1175.0,775.0,2792.2,0,1000000000.00,0.000000
-1150.0,775.0,2768.2,0,1000000000.00,0.000000
-1125.0,775.0,2744.3,0,1000000000.00,0.000000
-1100.0,775.0,2720.4,0,1000000000.00,0.000000
-1075.0,775.0,2696.5,0,1000000000.00,0.000000
-1050.0,775.0,2672.7,0,1000000000.00,0.000000
-1025.0,775.0,2648.8,0,1000000000.00,0.000000
-1000.0,775.0,2625.0,0,1000000000.00,0.000000
-975.0,775.0,2601.2,0,1000000000.00,0.000000
-950.0,775.0,2577.5,0,1000000000.00,0.000000
-925.0,775.0,2553.7,0,1000000000.00,0.000000
-900.0,775.0,2530.0,0,1000000000.00,0.000000
-875.0,775.0,2506.3,0,1000000000.00,0.000000
-850.0,775.0,2482.6,0,1000000000.00,0.000000
-825.0,775.0,2459.0,0,1000000000.00,0.000000
-800.0,775.0,2435.3,0,1000000000.00,0.000000
-775.0,775.0,2411.7,0,1000000000.00,0.000000
-750.0,775.0,2388.2,0,1000000000.00,0.000000
-725.0,775.0,2364.6,0,1000000000.00,0.000000
-700.0,775.0,2341.1,0,1000000000.00,0.000000
-675.0,775.0,2317.7,0,1000000000.00,0.000000
-650.0,775.0,2294.2,0,1000000000.00,0.000000
-625.0,775.0,2270.8,0,1000000000.00,0.000000
-600.0,775.0,2247.4,0,1000000000.00,0.000000
-575.0,775.0,2224.1,0,1000000000.00,0.000000
-550.0,775.0,2200.8,0,1000000000.00,0.000000
-525.0,775.0,2177.5,0,1000000000.00,0.000000
-500.0,775.0,2154.3,0,1000000000.00,0.000000
-475.0,775.0,2131.1,0,1000000000.00,0.000000
-450.0,775.0,2108.0,0,1000000000.00,0.000000
-425.0,775.0,2084.9,0,1000000000.00,0.000000
-400.0,775.0,2061.8,0,1000000000.00,0.000000
-375.0,775.0,2038.8,0,1000000000.00,0.000000
-350.0,775.0,2015.8,0,1000000000.00,0.000000
-325.0,775.0,1992.9,0,1000000000.00,0.000000
-300.0,775.0,1970.0,0,1000000000.00,0.000000
-275.0,775.0,1947.2,0,1000000000.00,0.000000
-250.0,775.0,1924.5,0,1000000000.00,0.000000
-225.0,775.0,1901.8,0,1000000000.00,0.000000
-200.0,775.0,1879.1,0,1000000000.00,0.000000
-175.0,775.0,1856.5,0,1000000000.00,0.000000
-150.0,775.0,1834.0,0,1000000000.00,0.000000
-125.0,775.0,1811.6,0,1000000000.00,0.000000
-100.0,775.0,1789.2,0,1000000000.00,0.000000
-75.0,775.0,1766.9,0,1000000000.00,0.000000
-50.0,775.0,1744.6,0,1000000000.00,0.000000
-25.0,775.0,1722.4,0,1000000000.00,0.000000
0.0,775.0,1700.4,0,1000000000.00,0.000000
25.0,775.0,1678.3,0,1000000000.00,0.000000
50.0,775.0,1656.4,0,1000000000.00,0.000000
75.0,775.0,1634.6,0,1000000000.00,0.000000
100.0,775.0,1612.8,0,1000000000.00,0.000000
125.0,775.0,1591.2,0,1000000000.00,0.000000
150.0,775.0,1569.6,0,1000000000.00,0.000000
175.0,775.0,1548.2,0,1000000000.00,0.000000
200.0,775.0,1526.9,0,1000000000.00,0.000000
225.0,775.0,1505.6,0,1000000000.00,0.000000
250.0,775.0,1484.5,0,1000000000.00,0.000000
275.0,775.0,1463.5,0,1000000000.00,0.000000
300.0,775.0,1442.7,0,1000000000.00,0.000000
325.0,775.0,1422.0,0,1000000000.00,0.000000
350.0,775.0,1401.4,0,1000000000.00,0.000000
375.0,775.0,1380.9,0,1000000000.00,0.000000
400.0,775.0,1360.7,0,1000000000.00,0.000000
425.0,775.0,1340.5,0,1000000000.00,0.000000
450.0,775.0,1320.6,0,1000000000.00,0.000000
475.0,775.0,1300.8,0,1000000000.00,0.000000
500.0,775.0,1281.2,0,1000000000.00,0.000000
525.0,775.0,1261.8,0,1000000000.00,0.000000
550.0,775.0,1242.6,0,1000000000.00,0.000000
575.0,775.0,1223.6,0,1000000000.00,0.000000
600.0,775.0,1204.8,0,1000000000.00,0.000000
625.0,775.0,1186.2,0,1000000000.00,0.000000
650.0,775.0,1167.9,0,1000000000.00,0.000000
675.0,775.0,1149.8,0,1000000000.00,0.000000
700.0,775.0,1132.0,0,1000000000.00,0.000000
725.0,775.0,1114.5,0,1000000000.00,0.000000
750.0,775.0,1097.3,0,1000000000.00,0.000000
775.0,775.0,1092.5,0,1000000000.00,0.000000
800.0,775.0,1110.3,0,1000000000.00,0.000000
825.0,775.0,1128.3,0,1000000000.00,0.000000
850.0,775.0,1146.6,0,1000000000.00,0.000000
875.0,775.0,1165.2,0,1000000000.00,0.000000
900.0,775.0,1184.0,0,1000000000.00,0.000000
925.0,775.0,1203.0,0,1000000000.00,0.000000
950.0,775.0,1222.2,0,1000000000.00,0.000000
975.0,775.0,1241.6,0,1000000000.00,0.000000
1000.0,775.0,1261.3,0,1000000000.00,0.000000
1025.0,775.0,1281.1,0,1000000000.00,0.000000
1050.0,775.0,1301.1,0,1000000000.00,0.000000
1075.0,775.0,1321.2,0,1000000000.00,0.000000
1100.0,775.0,1341.6,0,1000000000.00,0.000000
1125.0,775.0,1362.0,0,1000000000.00,0.000000
1150.0,775.0,1382.7,0,1000000000.00,0.000000
1175.0,775.0,1403.4,0,1000000000.00,0.000000
1200.0,775.0,1424.4,0,1000000000.00,0.000000
1225.0,775.0,1445.4,0,1000000000.00,0.000000
1250.0,775.0,1466.6,0,1000000000.00,0.000000
1275.0,775.0,1487.8,0,1000000000.00,0.000000
1300.0,775.0,1509.2,0,1000000000.00,0.000000
1325.0,775.0,1530.7,0,1000000000.00,0.000000
1350.0,775.0,1552.3,0,1000000000.00,0.000000
1375.0,775.0,1574.1,0,1000000000.00,0.000000
1400.0,775.0,1595.9,0,1000000000.00,0.000000
1425.0,775.0,1617.8,0,1000000000.00,0.000000
1450.0,775.0,1639.8,0,1000000000.00,0.000000
1475.0,775.0,1661.8,0,1000000000.00,0.000000
1500.0,775.0,1684.0,0,1000000000.00,0.000000
1525.0,775.0,1706.2,0,1000000000.00,0.000000
1550.0,775.0,1728.5,0,1000000000.00,0.000000
1575.0,775.0,1750.9,0,1000000000.00,0.000000
1600.0,775.0,1773.4,0,1000000000.00,0.000000
1625.0,775.0,1795.9,0,1000000000.00,0.000000
1650.0,775.0,1818.5,0,1000000000.00,0.000000
1675.0,775.0,1841.1,0,1000000000.00,0.000000
1700.0,775.0,1863.8,0,1000000000.00,0.000000
1725.0,775.0,1886.6,0,1000000000.00,0.000000
1750.0,775.0,1909.4,0,1000000000.00,0.000000
1775.0,775.0,1932.3,0,1000000000.00,0.000000
1800.0,775.0,1955.2,0,1000000000.00,0.000000
-1800.0,800.0,3401.6,0,1000000000.00,0.000000
-1775.0,800.0,3377.4,0,1000000000.00,0.000000
-1750.0,800.0,3353.1,0,1000000000.00,0.000000
-1725.0,800.0,3328.9,0,1000000000.00,0.000000
-1700.0,800.0,3304.7,0,1000000000.00,0.000000
-1675.0,800.0,3280.5,0,1000000000.00,0.000000
-1650.0,800.0,3256.3,0,1000000000.00,0.000000
-1625.0,800.0,3232.1,0,1000000000.00,0.000000
-1600.0,800.0,3208.0,0,1000000000.00,0.000000
-1575.0,800.0,3183.8,0,1000000000.00,0.000000
-1550.0,800.0,3159.7,0,1000000000.00,0.000000
-1525.0,800.0,3135.6,0,1000000000.00,0.000000
-1500.0,800.0,3111.5,0,1000000000.00,0.000000
-1475.0,800.0,3087.4,0,1000000000.00,0.000000
-1450.0,800.0,3063.3,0,1000000000.00,0.000000
-1425.0,800.0,3039.2,0,1000000000.00,0.000000
-1400.0,800.0,3015.2,0,1000000000.00,0.000000
-1375.0,800.0,2991.1,0,1000000000.00,0.000000
-1350.0,800.0,2967.1,0,1000000000.00,0.000000
-1325.0,800.0,2943.1,0,1000000000.00,0.000000
-1300.0,800.0,2919.1,0,1000000000.00,0.000000
-1275.0,800.0,2895.2,0,1000000000.00,0.000000
-1250.0,800.0,2871.2,0,1000000000.00,0.000000
-1225.0,800.0,2847.3,0,1000000000.00,0.000000
-1200.0,800.0,2823.4,0,1000000000.00,0.000000
-1175.0,800.0,2799.5,0,1000000000.00,0.000000
-1150.0,800.0,2775.6,0,1000000000.00,0.000000
-1125.0,800.0,2751.7,0,1000000000.00,0.000000
-1100.0,800.0,2727.9,0,1000000000.00,0.000000
-1075.0,800.0,2704.1,0,1000000000.00,0.000000
-1050.0,800.0,2680.3,0,1000000000.00,0.000000
-1025.0,800.0,2656.5,0,1000000000.00,0.000000
-1000.0,800.0,2632.8,0,1000000000.00,0.000000
-975.0,800.0,2609.0,0,1000000000.00,0.000000
-950.0,800.0,2585.3,0,1000000000.00,0.000000
-925.0,800.0,2561.7,0,1000000000.00,0.000000
-900.0,800.0,2538.0,0,1000000000.00,0.000000
-875.0,800.0,2514.4,0,1000000000.00,0.000000
-850.0,800.0,2490.8,0,1000000000.00,0.000000
-825.0,800.0,2467.2,0,1000000000.00,0.000000
-800.0,800.0,2443.7,0,1000000000.00,0.000000
-775.0,800.0,2420.2,0,1000000000.00,0.000000
-750.0,800.0,2396.7,0,1000000000.00,0.000000
-725.0,800.0,2373.2,0,1000000000.00,0.000000
-700.0,800.0,2349.8,0,1000000000.00,0.000000
-675.0,800.0,2326.4,0,1000000000.00,0.000000
-650.0,800.0,2303.1,0,1000000000.00,0.000000
-625.0,800.0,2279.7,0,1000000000.00,0.000000
-600.0,800.0,2256.5,0,1000000000.00,0.000000
-575.0,800.0,2233.2,0,1000000000.00,0.000000
-550.0,800.0,2210.0,0,1000000000.00,0.000000
-525.0,800.0,2186.8,0,1000000000.00,0.000000
-500.0,800.0,2163.7,0,1000000000.00,0.000000
-475.0,800.0,2140.6,0,1000000000.00,0.000000
-450.0,800.0,2117.6,0,1000000000.00,0.000000
-425.0,800.0,2094.6,0,1000000000.00,0.000000
-400.0,800.0,2071.6,0,1000000000.00,0.000000
-375.0,800.0,2048.7,0,1000000000.00,0.000000
-350.0,800.0,2025.9,0,1000000000.00,0.000000
-325.0,800.0,2003.1,0,1000000000.00,0.000000
-300.0,800.0,1980.3,0,1000000000.00,0.000000
-275.0,800.0,1957.6,0,1000000000.00,0.000000
-250.0,800.0,1935.0,0,1000000000.00,0.000000
-225.0,800.0,1912.4,0,1000000000.00,0.000000
-200.0,800.0,1889.9,0,1000000000.00,0.000000
-175.0,800.0,1867.5,0,1000000000.00,0.000000
-150.0,800.0,1845.1,0,1000000000.00,0.000000
-125.0,800.0,1822.8,0,1000000000.00,0.000000
-100.0,800.0,1800.5,0,1000000000.00,0.000000
-75.0,800.0,1778.3,0,1000000000.00,0.000000
-50.0,800.0,1756.2,0,1000000000.00,0.000000
-25.0,800.0,1734.2,0,1000000000.00,0.000000
0.0,800.0,1712.3,0,1000000000.00,0.000000
25.0,800.0,1690.4,0,1000000000.00,0.000000
50.0,800.0,1668.7,0,1000000000.00,0.000000
75.0,800.0,1647.0,0,1000000000.00,0.000000
100.0,800.0,1625.4,0,1000000000.00,0.000000
125.0,800.0,1603.9,0,1000000000.00,0.000000
150.0,800.0,1582.5,0,1000000000.00,0.000000
175.0,800.0,1561.3,0,1000000000.00,0.000000
200.0,800.0,1540.1,0,1000000000.00,0.000000
225.0,800.0,1519.1,0,1000000000.00,0.000000
250.0,800.0,1498.2,0,1000000000.00,0.000000
275.0,800.0,1477.4,0,1000000000.00,0.000000
300.0,800.0,1456.7,0,1000000000.00,0.000000
325.0,800.0,1436.2,0,1000000000.00,0.000000
350.0,800.0,1415.8,0,1000000000.00,0.000000
375.0,800.0,1395.6,0,1000000000.00,0.000000
400.0,800.0,1375.5,0,1000000000.00,0.000000
425.0,800.0,1355.6,0,1000000000.00,0.000000
450.0,800.0,1335.9,0,1000000000.00,0.000000
475.0,800.0,1316.3,0,1000000000.00,0.000000
500.0,800.0,1297.0,0,1000000000.00,0.000000
525.0,800.0,1277.8,0,1000000000.00,0.000000
550.0,800.0,1258.8,0,1000000000.00,0.000000
575.0,800.0,1240.1,0,1000000000.00,0.000000
600.0,800.0,1221.5,0,1000000000.00,0.000000
625.0,800.0,1203.2,0,1000000000.00,0.000000
650.0,800.0,1185.2,0,1000000000.00,0.000000
675.0,800.0,1167.4,0,1000000000.00,0.000000
700.0,800.0,1149.9,0,1000000000.00,0.000000
725.0,800.0,1132.6,0,1000000000.00,0.000000
750.0,800.0,1115.7,0,1000000000.00,0.000000
775.0,800.0,1110.4,0,1000000000.00,0.000000
800.0,800.0,1127.9,0,1000000000.00,0.000000
825.0,800.0,1145.7,0,1000000000.00,0.000000
850.0,800.0,1163.7,0,1000000000.00,0.000000
875.0,800.0,1182.0,0,1000000000.00,0.000000
900.0,800.0,1200.5,0,1000000000.00,0.000000
925.0,800.0,1219.2,0,1000000000.00,0.000000
950.0,800.0,1238.2,0,1000000000.00,0.000000
975.0,800.0,1257.4,0,1000000000.00,0.000000
1000.0,800.0,1276.8,0,1000000000.00,0.000000
1025.0,800.0,1296.4,0,1000000000.00,0.000000
1050.0,800.0,1316.1,0,1000000000.00,0.000000
1075.0,800.0,1336.1,0,1000000000.00,0.000000
1100.0,800.0,1356.2,0,1000000000.00,0.000000
1125.0,800.0,1376.4,0,1000000000.00,0.000000
1150.0,800.0,1396.8,0,1000000000.00,0.000000
1175.0,800.0,1417.4,0,1000000000.00,0.000000
1200.0,800.0,1438.1,0,1000000000.00,0.000000
1225.0,800.0,1459.0,0,1000000000.00,0.000000
1250.0,800.0,1479.9,0,1000000000.00,0.000000
1275.0,800.0,1501.0,0,1000000000.00,0.000000
1300.0,800.0,1522.2,0,1000000000.00,0.000000
1325.0,800.0,1543.5,0,1000000000.00,0.000000
1350.0,800.0,1565.0,0,1000000000.00,0.000000
1375.0,800.0,1586.5,0,1000000000.00,0.000000
1400.0,800.0,1608.2,0,1000000000.00,0.000000
1425.0,800.0,1629.9,0,1000000000.00,0.000000
1450.0,800.0,1651.7,0,1000000000.00,0.000000
1475.0,800.0,1673.6,0,1000000000.00,0.000000
1500.0,800.0,1695.6,0,1000000000.00,0.000000
1525.0,800.0,1717.7,0,1000000000.00,0.000000
1550.0,800.0,1739.9,0,1000000000.00,0.000000
1575.0,800.0,1762.1,0,1000000000.00,0.000000
1600.0,800.0,1784.4,0,1000000000.00,0.000000
1625.0,800.0,1806.8,0,1000000000.00,0.000000
1650.0,800.0,1829.3,0,1000000000.00,0.000000
1675.0,800.0,1851.8,0,1000000000.00,0.000000
1700.0,800.0,1874.3,0,1000000000.00,0.000000
1725.0,800.0,1897.0,0,1000000000.00,0.000000
1750.0,800.0,1919.7,0,1000000000.00,0.000000
1775.0,800.0,1942.4,0,1000000000.00,0.000000
1800.0,800.0,1965.2,0,1000000000.00,0.000000
-1800.0,825.0,3407.8,0,1000000000.00,0.000000
-1775.0,825.0,3383.6,0,1000000000.00,0.000000
-1750.0,825.0,3359.4,0,1000000000.00,0.000000
-1725.0,825.0,3335.2,0,1000000000.00,0.000000
-1700.0,825.0,3311.0,0,1000000000.00,0.000000
-1675.0,825.0,3286.9,0,1000000000.00,0.000000
-1650.0,825.0,3262.8,0,1000000000.00,0.000000
-1625.0,825.0,3238.6,0,1000000000.00,0.000000
-1600.0,825.0,3214.5,0,1000000000.00,0.000000
-1575.0,825.0,3190.4,0,1000000000.00,0.000000
-1550.0,825.0,3166.3,0,1000000000.00,0.000000
-1525.0,825.0,3142.3,0,1000000000.00,0.000000
-1500.0,825.0,3118.2,0,1000000000.00,0.000000
-1475.0,825.0,3094.2,0,1000000000.00,0.000000
-1450.0,825.0,3070.1,0,1000000000.00,0.000000
-1425.0,825.0,3046.1,0,1000000000.00,0.000000
-1400.0,825.0,3022.1,0,1000000000.00,0.000000
-1375.0,825.0,2998.1,0,1000000000.00,0.000000
-1350.0,825.0,2974.2,0,1000000000.00,0.000000
-1325.0,825.0,2950.2,0,1000000000.00,0.000000
-1300.0,825.0,2926.3,0,1000000000.00,0.000000
-1275.0,825.0,2902.4,0,1000000000.00,0.000000
-1250.0,825.0,2878.5,0,1000000000.00,0.000000
-1225.0,825.0,2854.6,0,1000000000.00,0.000000
-1200.0,825.0,2830.8,0,1000000000.00,0.000000
-1175.0,825.0,2806.9,0,1000000000.00,0.000000
-1150.0,825.0,2783.1,0,1000000000.00,0.000000
-1125.0,825.0,2759.3,0,1000000000.00,0.000000
-1100.0,825.0,2735.6,0,1000000000.00,0.000000
-1075.0,825.0,2711.8,0,1000000000.00,0.000000
-1050.0,825.0,2688.1,0,1000000000.00,0.000000
-1025.0,825.0,2664.4,0,1000000000.00,0.000000
-1000.0,825.0,2640.7,0,1000000000.00,0.000000
-975.0,825.0,2617.1,0,1000000000.00,0.000000
-950.0,825.0,2593.4,0,1000000000.00,0.000000
-925.0,825.0,2569.8,0,1000000000.00,0.000000
-900.0,825.0,2546.3,0,1000000000.00,0.000000
-875.0,825.0,2522.7,0,1000000000.00,0.000000
-850.0,825.0,2499.2,0,1000000000.00,0.000000
-825.0,825.0,2475.7,0,1000000000.00,0.000000
-800.0,825.0,2452.2,0,1000000000.00,0.000000
-775.0,825.0,2428.8,0,1000000000.00,0.000000
-750.0,825.0,2405.4,0,1000000000.00,0.000000
-725.0,825.0,2382.0,0,1000000000.00,0.000000
-700.0,825.0,2358.7,0,1000000000.00,0.000000
-675.0,825.0,2335.4,0,1000000000.00,0.000000
-650.0,825.0,2312.1,0,1000000000.00,0.000000
-625.0,825.0,2288.9,0,1000000000.00,0.000000
-600.0,825.0,2265.7,0,1000000000.00,0.000000
-575.0,825.0,2242.6,0,1000000000.00,0.000000
-550.0,825.0,2219.5,0,1000000000.00,0.000000
-525.0,825.0,2196.4,0,1000000000.00,0.000000
-500.0,825.0,2173.4,0,1000000000.00,0.000000
-475.0,825.0,2150.4,0,1000000000.00,0.000000
-450.0,825.0,2127.5,0,1000000000.00,0.000000
-425.0,825.0,2104.6,0,1000000000.00,0.000000
-400.0,825.0,2081.7,0,1000000000.00,0.000000
-375.0,825.0,2058.9,0,1000000000.00,0.000000
-350.0,825.0,2036.2,0,1000000000.00,0.000000
-325.0,825.0,2013.5,0,1000000000.00,0.000000
-300.0,825.0,1990.9,0,1000000000.00,0.000000
-275.0,825.0,1968.3,0,1000000000.00,0.000000
-250.0,825.0,1945.8,0,1000000000.00,0.000000
-225.0,825.0,1923.4,0,1000000000.00,0.000000
-200.0,825.0,1901.0,0,1000000000.00,0.000000
-175.0,825.0,1878.7,0,1000000000.00,0.000000
-150.0,825.0,1856.4,0,1000000000.00,0.000000
-125.0,825.0,1834.2,0,1000000000.00,0.000000
-100.0,825.0,1812.1,0,1000000000.00,0.000000
-75.0,825.0,1790.1,0,1000000000.00,0.000000
-50.0,825.0,1768.1,0,1000000000.00,0.000000
-25.0,825.0,1746.3,0,1000000000.00,0.000000
0.0,825.0,1724.5,0,1000000000.00,0.000000
25.0,825.0,1702.8,0,1000000000.00,0.000000
50.0,825.0,1681.2,0,1000000000.00,0.000000
75.0,825.0,1659.7,0,1000000000.00,0.000000
100.0,825.0,1638.3,0,1000000000.00,0.000000
125.0,825.0,1616.9,0,1000000000.00,0.000000
150.0,825.0,1595.7,0,1000000000.00,0.000000
175.0,825.0,1574.7,0,1000000000.00,0.000000
200.0,825.0,1553.7,0,1000000000.00,0.000000
225.0,825.0,1532.8,0,1000000000.00,0.000000
250.0,825.0,1512.1,0,1000000000.00,0.000000
275.0,825.0,1491.5,0,1000000000.00,0.000000
300.0,825.0,1471.0,0,1000000000.00,0.000000
325.0,825.0,1450.7,0,1000000000.00,0.000000
350.0,825.0,1430.6,0,1000000000.00,0.000000
375.0,825.0,1410.5,0,1000000000.00,0.000000
400.0,825.0,1390.7,0,1000000000.00,0.000000
425.0,825.0,1371.0,0,1000000000.00,0.000000
450.0,825.0,1351.5,0,1000000000.00,0.000000
475.0,825.0,1332.2,0,1000000000.00,0.000000
500.0,825.0,1313.0,0,1000000000.00,0.000000
525.0,825.0,1294.1,0,1000000000.00,0.000000
550.0,825.0,1275.4,0,1000000000.00,0.000000
575.0,825.0,1256.9,0,1000000000.00,0.000000
600.0,825.0,1238.6,0,1000000000.00,0.000000
625.0,825.0,1220.5,0,1000000000.00,0.000000
650.0,825.0,1202.8,0,1000000000.00,0.000000
675.0,825.0,1185.2,0,1000000000.00,0.000000
700.0,825.0,1168.0,0,1000000000.00,0.000000
725.0,825.0,1151.0,0,1000000000.00,0.000000
750.0,825.0,1134.3,0,1000000000.00,0.000000
775.0,825.0,1128.6,0,1000000000.00,0.000000
800.0,825.0,1145.8,0,1000000000.00,0.000000
825.0,825.0,1163.3,0,1000000000.00,0.000000
850.0,825.0,1181.0,0,1000000000.00,0.000000
875.0,825.0,1199.0,0,1000000000.00,0.000000
900.0,825.0,1217.3,0,1000000000.00,0.000000
925.0,825.0,1235.8,0,1000000000.00,0.000000
950.0,825.0,1254.5,0,1000000000.00,0.000000
975.0,825.0,1273.4,0,1000000000.00,0.000000
1000.0,825.0,1292.6,0,1000000000.00,0.000000
1025.0,825.0,1311.9,0,1000000000.00,0.000000
1050.0,825.0,1331.5,0,1000000000.00,0.000000
1075.0,825.0,1351.2,0,1000000000.00,0.000000
1100.0,825.0,1371.1,0,1000000000.00,0.000000
1125.0,825.0,1391.1,0,1000000000.00,0.000000
1150.0,825.0,1411.3,0,1000000000.00,0.000000
1175.0,825.0,1431.7,0,1000000000.00,0.000000
1200.0,825.0,1452.2,0,1000000000.00,0.000000
1225.0,825.0,1472.8,0,1000000000.00,0.000000
1250.0,825.0,1493.6,0,1000000000.00,0.000000
1275.0,825.0,1514.5,0,1000000000.00,0.000000
1300.0,825.0,1535.5,0,1000000000.00,0.000000
1325.0,825.0,1556.7,0,1000000000.00,0.000000
1350.0,825.0,1577.9,0,1000000000.00,0.000000
1375.0,825.0,1599.3,0,1000000000.00,0.000000
1400.0,825.0,1620.7,0,1000000000.00,0.000000
1425.0,825.0,1642.3,0,1000000000.00,0.000000
1450.0,825.0,1664.0,0,1000000000.00,0.000000
1475.0,825.0,1685.7,0,1000000000.00,0.000000
1500.0,825.0,1707.6,0,1000000000.00,0.000000
1525.0,825.0,1729.5,0,1000000000.00,0.000000
1550.0,825.0,1751.5,0,1000000000.00,0.000000
1575.0,825.0,1773.6,0,1000000000.00,0.000000
1600.0,825.0,1795.8,0,1000000000.00,0.000000
1625.0,825.0,1818.0,0,1000000000.00,0.000000
1650.0,825.0,1840.3,0,1000000000.00,0.000000
1675.0,825.0,1862.7,0,1000000000.00,0.000000
1700.0,825.0,1885.2,0,1000000000.00,0.000000
1725.0,825.0,1907.7,0,1000000000.00,0.000000
1750.0,825.0,1930.2,0,1000000000.00,0.000000
1775.0,825.0,1952.9,0,1000000000.00,0.000000
1800.0,825.0,1975.5,0,1000000000.00,0.000000
-1800.0,850.0,3414.1,0,1000000000.00,0.000000
-1775.0,850.0,3390.0,0,1000000000.00,0.000000
-1750.0,850.0,3365.8,0,1000000000.00,0.000000
-1725.0,850.0,3341.7,0,1000000000.00,0.000000
-1700.0,850.0,3317.6,0,1000000000.00,0.000000
-1675.0,850.0,3293.5,0,1000000000.00,0.000000
-1650.0,850.0,3269.4,0,1000000000.00,0.000000
-1625.0,850.0,3245.3,0,1000000000.00,0.000000
-1600.0,850.0,3221.2,0,1000000000.00,0.000000
-1575.0,850.0,3197.2,0,1000000000.00,0.000000
-1550.0,850.0,3173.1,0,1000000000.00,0.000000
-1525.0,850.0,3149.1,0,1000000000.00,0.000000
-1500.0,850.0,3125.1,0,1000000000.00,0.000000
-1475.0,850.0,3101.1,0,1000000000.00,0.000000
-1450.0,850.0,3077.1,0,1000000000.00,0.000000
-1425.0,850.0,3053.2,0,1000000000.00,0.000000
-1400.0,850.0,3029.3,0,1000000000.00,0.000000
-1375.0,850.0,3005.3,0,1000000000.00,0.000000
-1350.0,850.0,2981.4,0,1000000000.00,0.000000
-1325.0,850.0,2957.5,0,1000000000.00,0.000000
-1300.0,850.0,2933.7,0,1000000000.00,0.000000
-1275.0,850.0,2909.8,0,1000000000.00,0.000000
-1250.0,850.0,2886.0,0,1000000000.00,0.000000
-1225.0,850.0,2862.2,0,1000000000.00,0.000000
-1200.0,850.0,2838.4,0,1000000000.00,0.000000
-1175.0,850.0,2814.6,0,1000000000.00,0.000000
-1150.0,850.0,2790.9,0,1000000000.00,0.000000
-1125.0,850.0,2767.1,0,1000000000.00,0.000000
-1100.0,850.0,2743.4,0,1000000000.00,0.000000
-1075.0,850.0,2719.8,0,1000000000.00,0.000000
-1050.0,850.0,2696.1,0,1000000000.00,0.000000
-1025.0,850.0,2672.5,0,1000000000.00,0.000000
-1000.0,850.0,2648.9,0,1000000000.00,0.000000
-975.0,850.0,2625.3,0,1000000000.00,0.000000
-950.0,850.0,2601.7,0,1000000000.00,0.000000
-925.0,850.0,2578.2,0,1000000000.00,0.000000
-900.0,850.0,2554.7,0,1000000000.00,0.000000
-875.0,850.0,2531.3,0,1000000000.00,0.000000
-850.0,850.0,2507.8,0,1000000000.00,0.000000
-825.0,850.0,2484.4,0,1000000000.00,0.000000
-800.0,850.0,2461.0,0,1000000000.00,0.000000
-775.0,850.0,2437.7,0,1000000000.00,0.000000
-750.0,850.0,2414.4,0,1000000000.00,0.000000
-725.0,850.0,2391.1,0,1000000000.00,0.000000
-700.0,850.0,2367.8,0,1000000000.00,0.000000
-675.0,850.0,2344.6,0,1000000000.00,0.000000
-650.0,850.0,2321.5,0,1000000000.00,0.000000
-625.0,850.0,2298.3,0,1000000000.00,0.000000
-600.0,850.0,2275.2,0,1000000000.00,0.000000
-575.0,850.0,2252.2,0,1000000000.00,0.000000
-550.0,850.0,2229.2,0,1000000000.00,0.000000
-525.0,850.0,2206.2,0,1000000000.00,0.000000
-500.0,850.0,2183.3,0,1000000000.00,0.000000
-475.0,850.0,2160.4,0,1000000000.00,0.000000
-450.0,850.0,2137.6,0,1000000000.00,0.000000
-425.0,850.0,2114.8,0,1000000000.00,0.000000
-400.0,850.0,2092.1,0,1000000000.00,0.000000
-375.0,850.0,2069.4,0,1000000000.00,0.000000
-350.0,850.0,2046.8,0,1000000000.00,0.000000
-325.0,850.0,2024.2,0,1000000000.00,0.000000
-300.0,850.0,2001.7,0,1000000000.00,0.000000
-275.0,850.0,1979.3,0,1000000000.00,0.000000
-250.0,850.0,1956.9,0,1000000000.00,0.000000
-225.0,850.0,1934.6,0,1000000000.00,0.000000
-200.0,850.0,1912.3,0,1000000000.00,0.000000
-175.0,850.0,1890.1,0,1000000000.00,0.000000
-150.0,850.0,1868.0,0,1000000000.00,0.000000
-125.0,850.0,1846.0,0,1000000000.00,0.000000
-100.0,850.0,1824.0,0,1000000000.00,0.000000
-75.0,850.0,1802.1,0,1000000000.00,0.000000
-50.0,850.0,1780.3,0,1000000000.00,0.000000
-25.0,850.0,1758.6,0,1000000000.00,0.000000
0.0,850.0,1737.0,0,1000000000.00,0.000000
25.0,850.0,1715.4,0,1000000000.00,0.000000
50.0,850.0,1694.0,0,1000000000.00,0.000000
75.0,850.0,1672.6,0,1000000000.00,0.000000
100.0,850.0,1651.4,0,1000000000.00,0.000000
125.0,850.0,1630.2,0,1000000000.00,0.000000
150.0,850.0,1609.2,0,1000000000.00,0.000000
175.0,850.0,1588.3,0,1000000000.00,0.000000
200.0,850.0,1567.5,0,1000000000.00,0.000000
225.0,850.0,1546.8,0,1000000000.00,0.000000
250.0,850.0,1526.3,0,1000000000.00,0.000000
275.0,850.0,1505.9,0,1000000000.00,0.000000
300.0,850.0,1485.6,0,1000000000.00,0.000000
325.0,850.0,1465.5,0,1000000000.00,0.000000
350.0,850.0,1445.6,0,1000000000.00,0.000000
375.0,850.0,1425.8,0,1000000000.00,0.000000
400.0,850.0,1406.1,0,1000000000.00,0.000000
425.0,850.0,1386.7,0,1000000000.00,0.000000
450.0,850.0,1367.4,0,1000000000.00,0.000000
475.0,850.0,1348.3,0,1000000000.00,0.000000
500.0,850.0,1329.4,0,1000000000.00,0.000000
525.0,850.0,1310.7,0,1000000000.00,0.000000
550.0,850.0,1292.2,0,1000000000.00,0.000000
575.0,850.0,1273.9,0,1000000000.00,0.000000
600.0,850.0,1255.9,0,1000000000.00,0.000000
625.0,850.0,1238.1,0,1000000000.00,0.000000
650.0,850.0,1220.6,0,1000000000.00,0.000000
675.0,850.0,1203.3,0,1000000000.00,0.000000
700.0,850.0,1186.3,0,1000000000.00,0.000000
725.0,850.0,1169.6,0,1000000000.00,0.000000
750.0,850.0,1153.2,0,1000000000.00,0.000000
775.0,850.0,1147.0,0,1000000000.00,0.000000
800.0,850.0,1163.9,0,1000000000.00,0.000000
825.0,850.0,1181.1,0,1000000000.00,0.000000
850.0,850.0,1198.6,0,1000000000.00,0.000000
875.0,850.0,1216.4,0,1000000000.00,0.000000
900.0,850.0,1234.4,0,1000000000.00,0.000000
925.0,850.0,1252.6,0,1000000000.00,0.000000
950.0,850.0,1271.1,0,1000000000.00,0.000000
975.0,850.0,1289.8,0,1000000000.00,0.000000
1000.0,850.0,1308.7,0,1000000000.00,0.000000
1025.0,850.0,1327.8,0,1000000000.00,0.000000
1050.0,850.0,1347.1,0,1000000000.00,0.000000
1075.0,850.0,1366.6,0,1000000000.00,0.000000
1100.0,850.0,1386.2,0,1000000000.00,0.000000
1125.0,850.0,1406.1,0,1000000000.00,0.000000
1150.0,850.0,1426.1,0,1000000000.00,0.000000
1175.0,850.0,1446.2,0,1000000000.00,0.000000
1200.0,850.0,1466.5,0,1000000000.00,0.000000
1225.0,850.0,1487.0,0,1000000000.00,0.000000
1250.0,850.0,1507.5,0,1000000000.00,0.000000
1275.0,850.0,1528.3,0,1000000000.00,0.000000
1300.0,850.0,1549.1,0,1000000000.00,0.000000
1325.0,850.0,1570.0,0,1000000000.00,0.000000
1350.0,850.0,1591.1,0,1000000000.00,0.000000
1375.0,850.0,1612.3,0,1000000000.00,0.000000
1400.0,850.0,1633.6,0,1000000000.00,0.000000
1425.0,850.0,1655.0,0,1000000000.00,0.000000
1450.0,850.0,1676.5,0,1000000000.00,0.000000
1475.0,850.0,1698.1,0,1000000000.00,0.000000
1500.0,850.0,1719.8,0,1000000000.00,0.000000
1525.0,850.0,1741.6,0,1000000000.00,0.000000
1550.0,850.0,1763.4,0,1000000000.00,0.000000
1575.0,850.0,1785.4,0,1000000000.00,0.000000
1600.0,850.0,1807.4,0,1000000000.00,0.000000
1625.0,850.0,1829.5,0,1000000000.00,0.000000
1650.0,850.0,1851.7,0,1000000000.00,0.000000
1675.0,850.0,1873.9,0,1000000000.00,0.000000
1700.0,850.0,1896.2,0,1000000000.00,0.000000
1725.0,850.0,1918.6,0,1000000000.00,0.000000
1750.0,850.0,1941.1,0,1000000000.00,0.000000
1775.0,850.0,1963.6,0,1000000000.00,0.000000
1800.0,850.0,1986.1,0,1000000000.00,0.000000
-1800.0,875.0,3420.6,0,1000000000.00,0.000000
-1775.0,875.0,3396.5,0,1000000000.00,0.000000
-1750.0,875.0,3372.4,0,1000000000.00,0.000000
-1725.0,875.0,3348.3,0,1000000000.00,0.000000
-1700.0,875.0,3324.3,0,1000000000.00,0.000000
-1675.0,875.0,3300.2,0,1000000000.00,0.000000
-1650.0,875.0,3276.2,0,1000000000.00,0.000000
-1625.0,875.0,3252.1,0,1000000000.00,0.000000
-1600.0,875.0,3228.1,0,1000000000.00,0.000000
-1575.0,875.0,3204.1,0,1000000000.00,0.000000
-1550.0,875.0,3180.1,0,1000000000.00,0.000000
-1525.0,875.0,3156.2,0,1000000000.00,0.000000
-1500.0,875.0,3132.2,0,1000000000.00,0.000000
-1475.0,875.0,3108.3,0,1000000000.00,0.000000
-1450.0,875.0,3084.4,0,1000000000.00,0.000000
-1425.0,875.0,3060.5,0,1000000000.00,0.000000
-1400.0,875.0,3036.6,0,1000000000.00,0.000000
-1375.0,875.0,3012.7,0,1000000000.00,0.000000
-1350.0,875.0,2988.9,0,1000000000.00,0.000000
-1325.0,875.0,2965.0,0,1000000000.00,0.000000
-1300.0,875.0,2941.2,0,1000000000.00,0.000000
-1275.0,875.0,2917.4,0,1000000000.00,0.000000
-1250.0,875.0,2893.7,0,1000000000.00,0.000000
-1225.0,875.0,2869.9,0,1000000000.00,0.000000
-1200.0,875.0,2846.2,0,1000000000.00,0.000000
-1175.0,875.0,2822.5,0,1000000000.00,0.000000
-1150.0,875.0,2798.8,0,1000000000.00,0.000000
-1125.0,875.0,2775.2,0,1000000000.00,0.000000
-1100.0,875.0,2751.5,0,1000000000.00,0.000000
-1075.0,875.0,2727.9,0,1000000000.00,0.000000
-1050.0,875.0,2704.3,0,1000000000.00,0.000000
-1025.0,875.0,2680.8,0,1000000000.00,0.000000
-1000.0,875.0,2657.3,0,1000000000.00,0.000000
-975.0,875.0,2633.7,0,1000000000.00,0.000000
-950.0,875.0,2610.3,0,1000000000.00,0.000000
-925.0,875.0,2586.8,0,1000000000.00,0.000000
-900.0,875.0,2563.4,0,1000000000.00,0.000000
-875.0,875.0,2540.0,0,1000000000.00,0.000000
-850.0,875.0,2516.7,0,1000000000.00,0.000000
-825.0,875.0,2493.3,0,1000000000.00,0.000000
-800.0,875.0,2470.0,0,1000000000.00,0.000000
-775.0,875.0,2446.8,0,1000000000.00,0.000000
-750.0,875.0,2423.6,0,1000000000.00,0.000000
-725.0,875.0,2400.4,0,1000000000.00,0.000000
-700.0,875.0,2377.2,0,1000000000.00,0.000000
-675.0,875.0,2354.1,0,1000000000.00,0.000000
-650.0,875.0,2331.0,0,1000000000.00,0.000000
-625.0,875.0,2308.0,0,1000000000.00,0.000000
-600.0,875.0,2285.0,0,1000000000.00,0.000000
-575.0,875.0,2262.0,0,1000000000.00,0.000000
-550.0,875.0,2239.1,0,1000000000.00,0.000000
-525.0,875.0,2216.3,0,1000000000.00,0.000000
-500.0,875.0,2193.4,0,1000000000.00,0.000000
-475.0,875.0,2170.7,0,1000000000.00,0.000000
-450.0,875.0,2148.0,0,1000000000.00,0.000000
-425.0,875.0,2125.3,0,1000000000.00,0.000000
-400.0,875.0,2102.7,0,1000000000.00,0.000000
-375.0,875.0,2080.1,0,1000000000.00,0.000000
-350.0,875.0,2057.6,0,1000000000.00,0.000000
-325.0,875.0,2035.2,0,1000000000.00,0.000000
-300.0,875.0,2012.8,0,1000000000.00,0.000000
-275.0,875.0,1990.5,0,1000000000.00,0.000000
-250.0,875.0,1968.2,0,1000000000.00,0.000000
-225.0,875.0,1946.0,0,1000000000.00,0.000000
-200.0,875.0,1923.9,0,1000000000.00,0.000000
-175.0,875.0,1901.8,0,1000000000.00,0.000000
-150.0,875.0,1879.9,0,1000000000.00,0.000000
-125.0,875.0,1858.0,0,1000000000.00,0.000000
-100.0,875.0,1836.1,0,1000000000.00,0.000000
-75.0,875.0,1814.4,0,1000000000.00,0.000000
-50.0,875.0,1792.7,0,1000000000.00,0.000000
-25.0,875.0,1771.2,0,1000000000.00,0.000000
0.0,875.0,1749.7,0,1000000000.00,0.000000
25.0,875.0,1728.3,0,1000000000.00,0.000000
50.0,875.0,1707.0,0,1000000000.00,0.000000
75.0,875.0,1685.9,0,1000000000.00,0.000000
100.0,875.0,1664.8,0,1000000000.00,0.000000
125.0,875.0,1643.8,0,1000000000.00,0.000000
150.0,875.0,1623.0,0,1000000000.00,0.000000
175.0,875.0,1602.2,0,1000000000.00,0.000000
200.0,875.0,1581.6,0,1000000000.00,0.000000
225.0,875.0,1561.1,0,1000000000.00,0.000000
250.0,875.0,1540.8,0,1000000000.00,0.000000
275.0,875.0,1520.6,0,1000000000.00,0.000000
300.0,875.0,1500.5,0,1000000000.00,0.000000
325.0,875.0,1480.6,0,1000000000.00,0.000000
350.0,875.0,1460.9,0,1000000000.00,0.000000
375.0,875.0,1441.3,0,1000000000.00,0.000000
400.0,875.0,1421.8,0,1000000000.00,0.000000
425.0,875.0,1402.6,0,1000000000.00,0.000000
450.0,875.0,1383.5,0,1000000000.00,0.000000
475.0,875.0,1364.7,0,1000000000.00,0.000000
500.0,875.0,1346.0,0,1000000000.00,0.000000
525.0,875.0,1327.5,0,1000000000.00,0.000000
550.0,875.0,1309.3,0,1000000000.00,0.000000
575.0,875.0,1291.2,0,1000000000.00,0.000000
600.0,875.0,1273.5,0,1000000000.00,0.000000
625.0,875.0,1255.9,0,1000000000.00,0.000000
650.0,875.0,1238.6,0,1000000000.00,0.000000
675.0,875.0,1221.6,0,1000000000.00,0.000000
700.0,875.0,1204.9,0,1000000000.00,0.000000
725.0,875.0,1188.4,0,1000000000.00,0.000000
750.0,875.0,1172.3,0,1000000000.00,0.000000
775.0,875.0,1165.6,0,1000000000.00,0.000000
800.0,875.0,1182.3,0,1000000000.00,0.000000
825.0,875.0,1199.2,0,1000000000.00,0.000000
850.0,875.0,1216.5,0,1000000000.00,0.000000
875.0,875.0,1234.0,0,1000000000.00,0.000000
900.0,875.0,1251.7,0,1000000000.00,0.000000
925.0,875.0,1269.7,0,1000000000.00,0.000000
950.0,875.0,1287.9,0,1000000000.00,0.000000
975.0,875.0,1306.4,0,1000000000.00,0.000000
1000.0,875.0,1325.1,0,1000000000.00,0.000000
1025.0,875.0,1343.9,0,1000000000.00,0.000000
1050.0,875.0,1363.0,0,1000000000.00,0.000000
1075.0,875.0,1382.3,0,1000000000.00,0.000000
1100.0,875.0,1401.7,0,1000000000.00,0.000000
1125.0,875.0,1421.3,0,1000000000.00,0.000000
1150.0,875.0,1441.1,0,1000000000.00,0.000000
1175.0,875.0,1461.1,0,1000000000.00,0.000000
1200.0,875.0,1481.1,0,1000000000.00,0.000000
1225.0,875.0,1501.4,0,1000000000.00,0.000000
1250.0,875.0,1521.8,0,1000000000.00,0.000000
1275.0,875.0,1542.3,0,1000000000.00,0.000000
1300.0,875.0,1562.9,0,1000000000.00,0.000000
1325.0,875.0,1583.7,0,1000000000.00,0.000000
1350.0,875.0,1604.6,0,1000000000.00,0.000000
1375.0,875.0,1625.6,0,1000000000.00,0.000000
1400.0,875.0,1646.8,0,1000000000.00,0.000000
1425.0,875.0,1668.0,0,1000000000.00,0.000000
1450.0,875.0,1689.3,0,1000000000.00,0.000000
1475.0,875.0,1710.8,0,1000000000.00,0.000000
1500.0,875.0,1732.3,0,1000000000.00,0.000000
1525.0,875.0,1753.9,0,1000000000.00,0.000000
1550.0,875.0,1775.6,0,1000000000.00,0.000000
1575.0,875.0,1797.4,0,1000000000.00,0.000000
1600.0,875.0,1819.3,0,1000000000.00,0.000000
1625.0,875.0,1841.2,0,1000000000.00,0.000000
1650.0,875.0,1863.3,0,1000000000.00,0.000000
1675.0,875.0,1885.4,0,1000000000.00,0.000000
1700.0,875.0,1907.6,0,1000000000.00,0.000000
1725.0,875.0,1929.8,0,1000000000.00,0.000000
1750.0,875.0,1952.1,0,1000000000.00,0.000000
1775.0,875.0,1974.5,0,1000000000.00,0.000000
1800.0,875.0,1996.9,0,1000000000.00,0.000000
-1800.0,900.0,3427.3,0,1000000000.00,0.000000
-1775.0,900.0,3403.2,0,1000000000.00,0.000000
-1750.0,900.0,3379.2,0,1000000000.00,0.000000
-1725.0,900.0,3355.1,0,1000000000.00,0.000000
-1700.0,900.0,3331.1,0,1000000000.00,0.000000
-1675.0,900.0,3307.1,0,1000000000.00,0.000000
-1650.0,900.0,3283.1,0,1000000000.00,0.000000
-1625.0,900.0,3259.1,0,1000000000.00,0.000000
-1600.0,900.0,3235.2,0,1000000000.00,0.000000
-1575.0,900.0,3211.2,0,1000000000.00,0.000000
-1550.0,900.0,3187.3,0,1000000000.00,0.000000
-1525.0,900.0,3163.4,0,1000000000.00,0.000000
-1500.0,900.0,3139.5,0,1000000000.00,0.000000
-1475.0,900.0,3115.6,0,1000000000.00,0.000000
-1450.0,900.0,3091.8,0,1000000000.00,0.000000
-1425.0,900.0,3067.9,0,1000000000.00,0.000000
-1400.0,900.0,3044.1,0,1000000000.00,0.000000
-1375.0,900.0,3020.3,0,1000000000.00,0.000000
-1350.0,900.0,2996.5,0,1000000000.00,0.000000
-1325.0,900.0,2972.7,0,1000000000.00,0.000000
-1300.0,900.0,2949.0,0,1000000000.00,0.000000
-1275.0,900.0,2925.3,0,1000000000.00,0.000000
-1250.0,900.0,2901.6,0,1000000000.00,0.000000
-1225.0,900.0,2877.9,0,1000000000.00,0.000000
-1200.0,900.0,2854.2,0,1000000000.00,0.000000
-1175.0,900.0,2830.6,0,1000000000.00,0.000000
-1150.0,900.0,2807.0,0,1000000000.00,0.000000
-1125.0,900.0,2783.4,0,1000000000.00,0.000000
-1100.0,900.0,2759.8,0,1000000000.00,0.000000
-1075.0,900.0,2736.3,0,1000000000.00,0.000000
-1050.0,900.0,2712.8,0,1000000000.00,0.000000
-1025.0,900.0,2689.3,0,1000000000.00,0.000000
-1000.0,900.0,2665.8,0,1000000000.00,0.000000
-975.0,900.0,2642.4,0,1000000000.00,0.000000
-950.0,900.0,2619.0,0,1000000000.00,0.000000
-925.0,900.0,2595.6,0,1000000000.00,0.000000
-900.0,900.0,2572.3,0,1000000000.00,0.000000
-875.0,900.0,2549.0,0,1000000000.00,0.000000
-850.0,900.0,2525.7,0,1000000000.00,0.000000
-825.0,900.0,2502.5,0,1000000000.00,0.000000
-800.0,900.0,2479.3,0,1000000000.00,0.000000
-775.0,900.0,2456.1,0,1000000000.00,0.000000
-750.0,900.0,2433.0,0,1000000000.00,0.000000
-725.0,900.0,2409.9,0,1000000000.00,0.000000
-700.0,900.0,2386.8,0,1000000000.00,0.000000
-675.0,900.0,2363.8,0,1000000000.00,0.000000
-650.0,900.0,2340.8,0,1000000000.00,0.000000
-625.0,900.0,2317.9,0,1000000000.00,0.000000
-600.0,900.0,2295.0,0,1000000000.00,0.000000
-575.0,900.0,2272.1,0,1000000000.00,0.000000
-550.0,900.0,2249.3,0,1000000000.00,0.000000
-525.0,900.0,2226.5,0,1000000000.00,0.000000
-500.0,900.0,2203.8,0,1000000000.00,0.000000
-475.0,900.0,2181.2,0,1000000000.00,0.000000
-450.0,900.0,2158.6,0,1000000000.00,0.000000
-425.0,900.0,2136.0,0,1000000000.00,0.000000
-400.0,900.0,2113.5,0,1000000000.00,0.000000
-375.0,900.0,2091.1,0,1000000000.00,0.000000
-350.0,900.0,2068.7,0,1000000000.00,0.000000
-325.0,900.0,2046.4,0,1000000000.00,0.000000
-300.0,900.0,2024.1,0,1000000000.00,0.000000
-275.0,900.0,2001.9,0,1000000000.00,0.000000
-250.0,900.0,1979.8,0,1000000000.00,0.000000
-225.0,900.0,1957.7,0,1000000000.00,0.000000
-200.0,900.0,1935.7,0,1000000000.00,0.000000
-175.0,900.0,1913.8,0,1000000000.00,0.000000
-150.0,900.0,1892.0,0,1000000000.00,0.000000
-125.0,900.0,1870.2,0,1000000000.00,0.000000
-100.0,900.0,1848.5,0,1000000000.00,0.000000
-75.0,900.0,1826.9,0,1000000000.00,0.000000
-50.0,900.0,1805.4,0,1000000000.00,0.000000
-25.0,900.0,1784.0,0,1000000000.00,0.000000
0.0,900.0,1762.7,0,1000000000.00,0.000000
25.0,900.0,1741.5,0,1000000000.00,0.000000
50.0,900.0,1720.4,0,1000000000.00,0.000000
75.0,900.0,1699.3,0,1000000000.00,0.000000
100.0,900.0,1678.4,0,1000000000.00,0.000000
125.0,900.0,1657.7,0,1000000000.00,0.000000
150.0,900.0,1637.0,0,1000000000.00,0.000000
175.0,900.0,1616.4,0,1000000000.00,0.000000
200.0,900.0,1596.0,0,1000000000.00,0.000000
225.0,900.0,1575.7,0,1000000000.00,0.000000
250.0,900.0,1555.5,0,1000000000.00,0.000000
275.0,900.0,1535.5,0,1000000000.00,0.000000
300.0,900.0,1515.7,0,1000000000.00,0.000000
325.0,900.0,1496.0,0,1000000000.00,0.000000
350.0,900.0,1476.4,0,1000000000.00,0.000000
375.0,900.0,1457.0,0,1000000000.00,0.000000
400.0,900.0,1437.8,0,1000000000.00,0.000000
425.0,900.0,1418.8,0,1000000000.00,0.000000
450.0,900.0,1399.9,0,1000000000.00,0.000000
475.0,900.0,1381.3,0,1000000000.00,0.000000
500.0,900.0,1362.8,0,1000000000.00,0.000000
525.0,900.0,1344.6,0,1000000000.00,0.000000
550.0,900.0,1326.6,0,1000000000.00,0.000000
575.0,900.0,1308.8,0,1000000000.00,0.000000
600.0,900.0,1291.3,0,1000000000.00,0.000000
625.0,900.0,1274.0,0,1000000000.00,0.000000
650.0,900.0,1256.9,0,1000000000.00,0.000000
675.0,900.0,1240.2,0,1000000000.00,0.000000
700.0,900.0,1223.7,0,1000000000.00,0.000000
725.0,900.0,1207.5,0,1000000000.00,0.000000
750.0,900.0,1191.6,0,1000000000.00,0.000000
775.0,900.0,1184.5,0,1000000000.00,0.000000
800.0,900.0,1200.9,0,1000000000.00,0.000000
825.0,900.0,1217.6,0,1000000000.00,0.000000
850.0,900.0,1234.6,0,1000000000.00,0.000000
875.0,900.0,1251.8,0,1000000000.00,0.000000
900.0,900.0,1269.3,0,1000000000.00,0.000000
925.0,900.0,1287.1,0,1000000000.00,0.000000
950.0,900.0,1305.1,0,1000000000.00,0.000000
975.0,900.0,1323.3,0,1000000000.00,0.000000
1000.0,900.0,1341.7,0,1000000000.00,0.000000
1025.0,900.0,1360.4,0,1000000000.00,0.000000
1050.0,900.0,1379.2,0,1000000000.00,0.000000
1075.0,900.0,1398.2,0,1000000000.00,0.000000
1100.0,900.0,1417.5,0,1000000000.00,0.000000
1125.0,900.0,1436.9,0,1000000000.00,0.000000
1150.0,900.0,1456.4,0,1000000000.00,0.000000
1175.0,900.0,1476.2,0,1000000000.00,0.000000
1200.0,900.0,1496.1,0,1000000000.00,0.000000
1225.0,900.0,1516.1,0,1000000000.00,0.000000
1250.0,900.0,1536.3,0,1000000000.00,0.000000
1275.0,900.0,1556.6,0,1000000000.00,0.000000
1300.0,900.0,1577.1,0,1000000000.00,0.000000
1325.0,900.0,1597.7,0,1000000000.00,0.000000
1350.0,900.0,1618.4,0,1000000000.00,0.000000
1375.0,900.0,1639.2,0,1000000000.00,0.000000
1400.0,900.0,1660.2,0,1000000000.00,0.000000
1425.0,900.0,1681.2,0,1000000000.00,0.000000
1450.0,900.0,1702.4,0,1000000000.00,0.000000
1475.0,900.0,1723.7,0,1000000000.00,0.000000
1500.0,900.0,1745.0,0,1000000000.00,0.000000
1525.0,900.0,1766.5,0,1000000000.00,0.000000
1550.0,900.0,1788.1,0,1000000000.00,0.000000
1575.0,900.0,1809.7,0,1000000000.00,0.000000
1600.0,900.0,1831.4,0,1000000000.00,0.000000
1625.0,900.0,1853.3,0,1000000000.00,0.000000
1650.0,900.0,1875.1,0,1000000000.00,0.000000
1675.0,900.0,1897.1,0,1000000000.00,0.000000
1700.0,900.0,1919.2,0,1000000000.00,0.000000
1725.0,900.0,1941.3,0,1000000000.00,0.000000
1750.0,900.0,1963.5,0,1000000000.00,0.000000
1775.0,900.0,1985.7,0,1000000000.00,0.000000
1800.0,900.0,2008.0,0,1000000000.00,0.000000
-1800.0,925.0,3434.1,0,1000000000.00,0.000000
-1775.0,925.0,3410.1,0,1000000000.00,0.000000
-1750.0,925.0,3386.1,0,1000000000.00,0.000000
-1725.0,925.0,3362.1,0,1000000000.00,0.000000
-1700.0,925.0,3338.2,0,1000000000.00,0.000000
-1675.0,925.0,3314.2,0,1000000000.00,0.000000
-1650.0,925.0,3290.3,0,1000000000.00,0.000000
-1625.0,925.0,3266.3,0,1000000000.00,0.000000
-1600.0,925.0,3242.4,0,1000000000.00,0.000000
-1575.0,925.0,3218.5,0,1000000000.00,0.000000
-1550.0,925.0,3194.7,0,1000000000.00,0.000000
-1525.0,925.0,3170.8,0,1000000000.00,0.000000
-1500.0,925.0,3147.0,0,1000000000.00,0.000000
-1475.0,925.0,3123.1,0,1000000000.00,0.000000
-1450.0,925.0,3099.3,0,1000000000.00,0.000000
-1425.0,925.0,3075.6,0,1000000000.00,0.000000
-1400.0,925.0,3051.8,0,1000000000.00,0.000000
-1375.0,925.0,3028.0,0,1000000000.00,0.000000
-1350.0,925.0,3004.3,0,1000000000.00,0.000000
-1325.0,925.0,2980.6,0,1000000000.00,0.000000
-1300.0,925.0,2956.9,0,1000000000.00,0.000000
-1275.0,925.0,2933.3,0,1000000000.00,0.000000
-1250.0,925.0,2909.6,0,1000000000.00,0.000000
-1225.0,925.0,2886.0,0,1000000000.00,0.000000
-1200.0,925.0,2862.4,0,1000000000.00,0.000000
-1175.0,925.0,2838.9,0,1000000000.00,0.000000
-1150.0,925.0,2815.3,0,1000000000.00,0.000000
-1125.0,925.0,2791.8,0,1000000000.00,0.000000
-1100.0,925.0,2768.3,0,1000000000.00,0.000000
-1075.0,925.0,2744.8,0,1000000000.00,0.000000
-1050.0,925.0,2721.4,0,1000000000.00,0.000000
-1025.0,925.0,2698.0,0,1000000000.00,0.000000
-1000.0,925.0,2674.6,0,1000000000.00,0.000000
-975.0,925.0,2651.3,0,1000000000.00,0.000000
-950.0,925.0,2628.0,0,1000000000.00,0.000000
-925.0,925.0,2604.7,0,1000000000.00,0.000000
-900.0,925.0,2581.4,0,1000000000.00,0.000000
-875.0,925.0,2558.2,0,1000000000.00,0.000000
-850.0,925.0,2535.0,0,1000000000.00,0.000000
-825.0,925.0,2511.8,0,1000000000.00,0.000000
-800.0,925.0,2488.7,0,1000000000.00,0.000000
-775.0,925.0,2465.6,0,1000000000.00,0.000000
-750.0,925.0,2442.6,0,1000000000.00,0.000000
-725.0,925.0,2419.6,0,1000000000.00,0.000000
-700.0,925.0,2396.6,0,1000000000.00,0.000000
-675.0,925.0,2373.7,0,1000000000.00,0.000000
-650.0,925.0,2350.8,0,1000000000.00,0.000000
-625.0,925.0,2328.0,0,1000000000.00,0.000000
-600.0,925.0,2305.2,0,1000000000.00,0.000000
-575.0,925.0,2282.4,0,1000000000.00,0.000000
-550.0,925.0,2259.7,0,1000000000.00,0.000000
-525.0,925.0,2237.1,0,1000000000.00,0.000000
-500.0,925.0,2214.5,0,1000000000.00,0.000000
-475.0,925.0,2191.9,0,1000000000.00,0.000000
-450.0,925.0,2169.4,0,1000000000.00,0.000000
-425.0,925.0,2147.0,0,1000000000.00,0.000000
-400.0,925.0,2124.6,0,1000000000.00,0.000000
-375.0,925.0,2102.3,0,1000000000.00,0.000000
-350.0,925.0,2080.0,0,1000000000.00,0.000000
-325.0,925.0,2057.8,0,1000000000.00,0.000000
-300.0,925.0,2035.7,0,1000000000.00,0.000000
-275.0,925.0,2013.6,0,1000000000.00,0.000000
-250.0,925.0,1991.6,0,1000000000.00,0.000000
-225.0,925.0,1969.7,0,1000000000.00,0.000000
-200.0,925.0,1947.8,0,1000000000.00,0.000000
-175.0,925.0,1926.0,0,1000000000.00,0.000000
-150.0,925.0,1904.3,0,1000000000.00,0.000000
-125.0,925.0,1882.7,0,1000000000.00,0.000000
-100.0,925.0,1861.2,0,1000000000.00,0.000000
-75.0,925.0,1839.7,0,1000000000.00,0.000000
-50.0,925.0,1818.4,0,1000000000.00,0.000000
-25.0,925.0,1797.1,0,1000000000.00,0.000000
0.0,925.0,1776.0,0,1000000000.00,0.000000
25.0,925.0,1754.9,0,1000000000.00,0.000000
50.0,925.0,1733.9,0,1000000000.00,0.000000
75.0,925.0,1713.1,0,1000000000.00,0.000000
100.0,925.0,1692.4,0,1000000000.00,0.000000
125.0,925.0,1671.7,0,1000000000.00,0.000000
150.0,925.0,1651.2,0,1000000000.00,0.000000
175.0,925.0,1630.9,0,1000000000.00,0.000000
200.0,925.0,1610.6,0,1000000000.00,0.000000
225.0,925.0,1590.5,0,1000000000.00,0.000000
250.0,925.0,1570.6,0,1000000000.00,0.000000
275.0,925.0,1550.7,0,1000000000.00,0.000000
300.0,925.0,1531.1,0,1000000000.00,0.000000
325.0,925.0,1511.6,0,1000000000.00,0.000000
350.0,925.0,1492.2,0,1000000000.00,0.000000
375.0,925.0,1473.0,0,1000000000.00,0.000000
400.0,925.0,1454.0,0,1000000000.00,0.000000
425.0,925.0,1435.2,0,1000000000.00,0.000000
450.0,925.0,1416.6,0,1000000000.00,0.000000
475.0,925.0,1398.2,0,1000000000.00,0.000000
500.0,925.0,1380.0,0,1000000000.00,0.000000
525.0,925.0,1362.0,0,1000000000.00,0.000000
550.0,925.0,1344.2,0,1000000000.00,0.000000
575.0,925.0,1326.6,0,1000000000.00,0.000000
600.0,925.0,1309.3,0,1000000000.00,0.000000
625.0,925.0,1292.3,0,1000000000.00,0.000000
650.0,925.0,1275.5,0,1000000000.00,0.000000
675.0,925.0,1259.0,0,1000000000.00,0.000000
700.0,925.0,1242.7,0,1000000000.00,0.000000
725.0,925.0,1226.8,0,1000000000.00,0.000000
750.0,925.0,1211.2,0,1000000000.00,0.000000
775.0,925.0,1203.6,0,1000000000.00,0.000000
800.0,925.0,1219.8,0,1000000000.00,0.000000
825.0,925.0,1236.2,0,1000000000.00,0.000000
850.0,925.0,1252.9,0,1000000000.00,0.000000
875.0,925.0,1269.9,0,1000000000.00,0.000000
900.0,925.0,1287.2,0,1000000000.00,0.000000
925.0,925.0,1304.7,0,1000000000.00,0.000000
950.0,925.0,1322.4,0,1000000000.00,0.000000
975.0,925.0,1340.4,0,1000000000.00,0.000000
1000.0,925.0,1358.6,0,1000000000.00,0.000000
1025.0,925.0,1377.0,0,1000000000.00,0.000000
1050.0,925.0,1395.6,0,1000000000.00,0.000000
1075.0,925.0,1414.5,0,1000000000.00,0.000000
1100.0,925.0,1433.5,0,1000000000.00,0.000000
1125.0,925.0,1452.6,0,1000000000.00,0.000000
1150.0,925.0,1472.0,0,1000000000.00,0.000000
1175.0,925.0,1491.5,0,1000000000.00,0.000000
1200.0,925.0,1511.2,0,1000000000.00,0.000000
1225.0,925.0,1531.1,0,1000000000.00,0.000000
1250.0,925.0,1551.1,0,1000000000.00,0.000000
1275.0,925.0,1571.2,0,1000000000.00,0.000000
1300.0,925.0,1591.5,0,1000000000.00,0.000000
1325.0,925.0,1611.9,0,1000000000.00,0.000000
1350.0,925.0,1632.4,0,1000000000.00,0.000000
1375.0,925.0,1653.1,0,1000000000.00,0.000000
1400.0,925.0,1673.9,0,1000000000.00,0.000000
1425.0,925.0,1694.8,0,1000000000.00,0.000000
1450.0,925.0,1715.8,0,1000000000.00,0.000000
1475.0,925.0,1736.9,0,1000000000.00,0.000000
1500.0,925.0,1758.1,0,1000000000.00,0.000000
1525.0,925.0,1779.4,0,1000000000.00,0.000000
1550.0,925.0,1800.8,0,1000000000.00,0.000000
1575.0,925.0,1822.3,0,1000000000.00,0.000000
1600.0,925.0,1843.9,0,1000000000.00,0.000000
1625.0,925.0,1865.5,0,1000000000.00,0.000000
1650.0,925.0,1887.3,0,1000000000.00,0.000000
1675.0,925.0,1909.1,0,1000000000.00,0.000000
1700.0,925.0,1931.0,0,1000000000.00,0.000000
1725.0,925.0,1953.0,0,1000000000.00,0.000000
1750.0,925.0,1975.0,0,1000000000.00,0.000000
1775.0,925.0,1997.2,0,1000000000.00,0.000000
1800.0,925.0,2019.4,0,1000000000.00,0.000000
-1800.0,950.0,3441.1,0,1000000000.00,0.000000
-1775.0,950.0,3417.2,0,1000000000.00,0.000000
-1750.0,950.0,3393.2,0,1000000000.00,0.000000
-1725.0,950.0,3369.3,0,1000000000.00,0.000000
-1700.0,950.0,3345.4,0,1000000000.00,0.000000
-1675.0,950.0,3321.5,0,1000000000.00,0.000000
-1650.0,950.0,3297.6,0,1000000000.00,0.000000
-1625.0,950.0,3273.7,0,1000000000.00,0.000000
-1600.0,950.0,3249.8,0,1000000000.00,0.000000
-1575.0,950.0,3226.0,0,1000000000.00,0.000000
-1550.0,950.0,3202.2,0,1000000000.00,0.000000
-1525.0,950.0,3178.4,0,1000000000.00,0.000000
-1500.0,950.0,3154.6,0,1000000000.00,0.000000
-1475.0,950.0,3130.8,0,1000000000.00,0.000000
-1450.0,950.0,3107.1,0,1000000000.00,0.000000
-1425.0,950.0,3083.4,0,1000000000.00,0.000000
-1400.0,950.0,3059.7,0,1000000000.00,0.000000
-1375.0,950.0,3036.0,0,1000000000.00,0.000000
-1350.0,950.0,3012.3,0,1000000000.00,0.000000
-1325.0,950.0,2988.7,0,1000000000.00,0.000000
-1300.0,950.0,2965.1,0,1000000000.00,0.000000
-1275.0,950.0,2941.5,0,1000000000.00,0.000000
-1250.0,950.0,2917.9,0,1000000000.00,0.000000
-1225.0,950.0,2894.4,0,1000000000.00,0.000000
-1200.0,950.0,2870.8,0,1000000000.00,0.000000
-1175.0,950.0,2847.3,0,1000000000.00,0.000000
-1150.0,950.0,2823.9,0,1000000000.00,0.000000
-1125.0,950.0,2800.4,0,1000000000.00,0.000000
-1100.0,950.0,2777.0,0,1000000000.00,0.000000
-1075.0,950.0,2753.6,0,1000000000.00,0.000000
-1050.0,950.0,2730.2,0,1000000000.00,0.000000
-1025.0,950.0,2706.9,0,1000000000.00,0.000000
-1000.0,950.0,2683.6,0,1000000000.00,0.000000
-975.0,950.0,2660.3,0,1000000000.00,0.000000
-950.0,950.0,2637.1,0,1000000000.00,0.000000
-925.0,950.0,2613.9,0,1000000000.00,0.000000
-900.0,950.0,2590.7,0,1000000000.00,0.000000
-875.0,950.0,2567.6,0,1000000000.00,0.000000
-850.0,950.0,2544.5,0,1000000000.00,0.000000
-825.0,950.0,2521.4,0,1000000000.00,0.000000
-800.0,950.0,2498.4,0,1000000000.00,0.000000
-775.0,950.0,2475.4,0,1000000000.00,0.000000
-750.0,950.0,2452.4,0,1000000000.00,0.000000
-725.0,950.0,2429.5,0,1000000000.00,0.000000
-700.0,950.0,2406.6,0,1000000000.00,0.000000
-675.0,950.0,2383.8,0,1000000000.00,0.000000
-650.0,950.0,2361.0,0,1000000000.00,0.000000
-625.0,950.0,2338.3,0,1000000000.00,0.000000
-600.0,950.0,2315.6,0,1000000000.00,0.000000
-575.0,950.0,2292.9,0,1000000000.00,0.000000
-550.0,950.0,2270.3,0,1000000000.00,0.000000
-525.0,950.0,2247.8,0,1000000000.00,0.000000
-500.0,950.0,2225.3,0,1000000000.00,0.000000
-475.0,950.0,2202.9,0,1000000000.00,0.000000
-450.0,950.0,2180.5,0,1000000000.00,0.000000
-425.0,950.0,2158.2,0,1000000000.00,0.000000
-400.0,950.0,2135.9,0,1000000000.00,0.000000
-375.0,950.0,2113.7,0,1000000000.00,0.000000
-350.0,950.0,2091.5,0,1000000000.00,0.000000
-325.0,950.0,2069.5,0,1000000000.00,0.000000
-300.0,950.0,2047.5,0,1000000000.00,0.000000
-275.0,950.0,2025.5,0,1000000000.00,0.000000
-250.0,950.0,2003.7,0,1000000000.00,0.000000
-225.0,950.0,1981.9,0,1000000000.00,0.000000
-200.0,950.0,1960.1,0,1000000000.00,0.000000
-175.0,950.0,1938.5,0,1000000000.00,0.000000
-150.0,950.0,1916.9,0,1000000000.00,0.000000
-125.0,950.0,1895.5,0,1000000000.00,0.000000
-100.0,950.0,1874.1,0,1000000000.00,0.000000
-75.0,950.0,1852.8,0,1000000000.00,0.000000
-50.0,950.0,1831.6,0,1000000000.00,0.000000
-25.0,950.0,1810.5,0,1000000000.00,0.000000
0.0,950.0,1789.5,0,1000000000.00,0.000000
25.0,950.0,1768.6,0,1000000000.00,0.000000
50.0,950.0,1747.8,0,1000000000.00,0.000000
75.0,950.0,1727.1,0,1000000000.00,0.000000
100.0,950.0,1706.5,0,1000000000.00,0.000000
125.0,950.0,1686.1,0,1000000000.00,0.000000
150.0,950.0,1665.8,0,1000000000.00,0.000000
175.0,950.0,1645.6,0,1000000000.00,0.000000
200.0,950.0,1625.5,0,1000000000.00,0.000000
225.0,950.0,1605.6,0,1000000000.00,0.000000
250.0,950.0,1585.8,0,1000000000.00,0.000000
275.0,950.0,1566.2,0,1000000000.00,0.000000
300.0,950.0,1546.7,0,1000000000.00,0.000000
325.0,950.0,1527.4,0,1000000000.00,0.000000
350.0,950.0,1508.3,0,1000000000.00,0.000000
375.0,950.0,1489.3,0,1000000000.00,0.000000
400.0,950.0,1470.5,0,1000000000.00,0.000000
425.0,950.0,1451.9,0,1000000000.00,0.000000
450.0,950.0,1433.5,0,1000000000.00,0.000000
475.0,950.0,1415.3,0,1000000000.00,0.000000
500.0,950.0,1397.3,0,1000000000.00,0.000000
525.0,950.0,1379.5,0,1000000000.00,0.000000
550.0,950.0,1362.0,0,1000000000.00,0.000000
575.0,950.0,1344.7,0,1000000000.00,0.000000
600.0,950.0,1327.6,0,1000000000.00,0.000000
625.0,950.0,1310.8,0,1000000000.00,0.000000
650.0,950.0,1294.2,0,1000000000.00,0.000000
675.0,950.0,1278.0,0,1000000000.00,0.000000
700.0,950.0,1262.0,0,1000000000.00,0.000000
725.0,950.0,1246.3,0,1000000000.00,0.000000
750.0,950.0,1230.9,0,1000000000.00,0.000000
775.0,950.0,1222.9,0,1000000000.00,0.000000
800.0,950.0,1238.8,0,1000000000.00,0.000000
825.0,950.0,1255.0,0,1000000000.00,0.000000
850.0,950.0,1271.5,0,1000000000.00,0.000000
875.0,950.0,1288.2,0,1000000000.00,0.000000
900.0,950.0,1305.3,0,1000000000.00,0.000000
925.0,950.0,1322.5,0,1000000000.00,0.000000
950.0,950.0,1340.0,0,1000000000.00,0.000000
975.0,950.0,1357.8,0,1000000000.00,0.000000
1000.0,950.0,1375.8,0,1000000000.00,0.000000
1025.0,950.0,1393.9,0,1000000000.00,0.000000
1050.0,950.0,1412.3,0,1000000000.00,0.000000
1075.0,950.0,1430.9,0,1000000000.00,0.000000
1100.0,950.0,1449.7,0,1000000000.00,0.000000
1125.0,950.0,1468.7,0,1000000000.00,0.000000
1150.0,950.0,1487.8,0,1000000000.00,0.000000
1175.0,950.0,1507.2,0,1000000000.00,0.000000
1200.0,950.0,1526.7,0,1000000000.00,0.000000
1225.0,950.0,1546.3,0,1000000000.00,0.000000
1250.0,950.0,1566.1,0,1000000000.00,0.000000
1275.0,950.0,1586.1,0,1000000000.00,0.000000
1300.0,950.0,1606.1,0,1000000000.00,0.000000
1325.0,950.0,1626.4,0,1000000000.00,0.000000
1350.0,950.0,1646.7,0,1000000000.00,0.000000
1375.0,950.0,1667.2,0,1000000000.00,0.000000
1400.0,950.0,1687.8,0,1000000000.00,0.000000
1425.0,950.0,1708.5,0,1000000000.00,0.000000
1450.0,950.0,1729.4,0,1000000000.00,0.000000
1475.0,950.0,1750.3,0,1000000000.00,0.000000
1500.0,950.0,1771.4,0,1000000000.00,0.000000
1525.0,950.0,1792.5,0,1000000000.00,0.000000
1550.0,950.0,1813.8,0,1000000000.00,0.000000
1575.0,950.0,1835.1,0,1000000000.00,0.000000
1600.0,950.0,1856.5,0,1000000000.00,0.000000
1625.0,950.0,1878.0,0,1000000000.00,0.000000
1650.0,950.0,1899.7,0,1000000000.00,0.000000
1675.0,950.0,1921.3,0,1000000000.00,0.000000
1700.0,950.0,1943.1,0,1000000000.00,0.000000
1725.0,950.0,1965.0,0,1000000000.00,0.000000
1750.0,950.0,1986.9,0,1000000000.00,0.000000
1775.0,950.0,2008.9,0,1000000000.00,0.000000
1800.0,950.0,2030.9,0,1000000000.00,0.000000
-1800.0,975.0,3448.3,0,1000000000.00,0.000000
-1775.0,975.0,3424.4,0,1000000000.00,0.000000
-1750.0,975.0,3400.5,0,1000000000.00,0.000000
-1725.0,975.0,3376.6,0,1000000000.00,0.000000
-1700.0,975.0,3352.7,0,1000000000.00,0.000000
-1675.0,975.0,3328.9,0,1000000000.00,0.000000
-1650.0,975.0,3305.1,0,1000000000.00,0.000000
-1625.0,975.0,3281.2,0,1000000000.00,0.000000
-1600.0,975.0,3257.4,0,1000000000.00,0.000000
-1575.0,975.0,3233.7,0,1000000000.00,0.000000
-1550.0,975.0,3209.9,0,1000000000.00,0.000000
-1525.0,975.0,3186.2,0,1000000000.00,0.000000
-1500.0,975.0,3162.4,0,1000000000.00,0.000000
-1475.0,975.0,3138.7,0,1000000000.00,0.000000
-1450.0,975.0,3115.0,0,1000000000.00,0.000000
-1425.0,975.0,3091.4,0,1000000000.00,0.000000
-1400.0,975.0,3067.7,0,1000000000.00,0.000000
-1375.0,975.0,3044.1,0,1000000000.00,0.000000
-1350.0,975.0,3020.5,0,1000000000.00,0.000000
-1325.0,975.0,2996.9,0,1000000000.00,0.000000
-1300.0,975.0,2973.4,0,1000000000.00,0.000000
-1275.0,975.0,2949.9,0,1000000000.00,0.000000
-1250.0,975.0,2926.4,0,1000000000.00,0.000000
-1225.0,975.0,2902.9,0,1000000000.00,0.000000
-1200.0,975.0,2879.4,0,1000000000.00,0.000000
-1175.0,975.0,2856.0,0,1000000000.00,0.000000
-1150.0,975.0,2832.6,0,1000000000.00,0.000000
-1125.0,975.0,2809.2,0,1000000000.00,0.000000
-1100.0,975.0,2785.9,0,1000000000.00,0.000000
-1075.0,975.0,2762.6,0,1000000000.00,0.000000
-1050.0,975.0,2739.3,0,1000000000.00,0.000000
-1025.0,975.0,2716.0,0,1000000000.00,0.000000
-1000.0,975.0,2692.8,0,1000000000.00,0.000000
-975.0,975.0,2669.6,0,1000000000.00,0.000000
-950.0,975.0,2646.5,0,1000000000.00,0.000000
-925.0,975.0,2623.3,0,1000000000.00,0.000000
-900.0,975.0,2600.2,0,1000000000.00,0.000000
-875.0,975.0,2577.2,0,1000000000.00,0.000000
-850.0,975.0,2554.2,0,1000000000.00,0.000000
-825.0,975.0,2531.2,0,1000000000.00,0.000000
-800.0,975.0,2508.2,0,1000000000.00,0.000000
-775.0,975.0,2485.3,0,1000000000.00,0.000000
-750.0,975.0,2462.5,0,1000000000.00,0.000000
-725.0,975.0,2439.7,0,1000000000.00,0.000000
-700.0,975.0,2416.9,0,1000000000.00,0.000000
-675.0,975.0,2394.2,0,1000000000.00,0.000000
-650.0,975.0,2371.5,0,1000000000.00,0.000000
-625.0,975.0,2348.8,0,1000000000.00,0.000000
-600.0,975.0,2326.2,0,1000000000.00,0.000000
-575.0,975.0,2303.7,0,1000000000.00,0.000000
-550.0,975.0,2281.2,0,1000000000.00,0.000000
-525.0,975.0,2258.8,0,1000000000.00,0.000000
-500.0,975.0,2236.4,0,1000000000.00,0.000000
-475.0,975.0,2214.1,0,1000000000.00,0.000000
-450.0,975.0,2191.8,0,1000000000.00,0.000000
-425.0,975.0,2169.6,0,1000000000.00,0.000000
-400.0,975.0,2147.4,0,1000000000.00,0.000000
-375.0,975.0,2125.4,0,1000000000.00,0.000000
-350.0,975.0,2103.3,0,1000000000.00,0.000000
-325.0,975.0,2081.4,0,1000000000.00,0.000000
-300.0,975.0,2059.5,0,1000000000.00,0.000000
-275.0,975.0,2037.7,0,1000000000.00,0.000000
-250.0,975.0,2016.0,0,1000000000.00,0.000000
-225.0,975.0,1994.3,0,1000000000.00,0.000000
-200.0,975.0,1972.7,0,1000000000.00,0.000000
-175.0,975.0,1951.2,0,1000000000.00,0.000000
-150.0,975.0,1929.8,0,1000000000.00,0.000000
-125.0,975.0,1908.5,0,1000000000.00,0.000000
-100.0,975.0,1887.2,0,1000000000.00,0.000000
-75.0,975.0,1866.1,0,1000000000.00,0.000000
-50.0,975.0,1845.0,0,1000000000.00,0.000000
-25.0,975.0,1824.1,0,1000000000.00,0.000000
0.0,975.0,1803.2,0,1000000000.00,0.000000
25.0,975.0,1782.5,0,1000000000.00,0.000000
50.0,975.0,1761.9,0,1000000000.00,0.000000
75.0,975.0,1741.4,0,1000000000.00,0.000000
100.0,975.0,1721.0,0,1000000000.00,0.000000
125.0,975.0,1700.7,0,1000000000.00,0.000000
150.0,975.0,1680.5,0,1000000000.00,0.000000
175.0,975.0,1660.5,0,1000000000.00,0.000000
200.0,975.0,1640.7,0,1000000000.00,0.000000
225.0,975.0,1620.9,0,1000000000.00,0.000000
250.0,975.0,1601.3,0,1000000000.00,0.000000
275.0,975.0,1581.9,0,1000000000.00,0.000000
300.0,975.0,1562.6,0,1000000000.00,0.000000
325.0,975.0,1543.5,0,1000000000.00,0.000000
350.0,975.0,1524.6,0,1000000000.00,0.000000
375.0,975.0,1505.8,0,1000000000.00,0.000000
400.0,975.0,1487.2,0,1000000000.00,0.000000
425.0,975.0,1468.8,0,1000000000.00,0.000000
450.0,975.0,1450.6,0,1000000000.00,0.000000
475.0,975.0,1432.7,0,1000000000.00,0.000000
500.0,975.0,1414.9,0,1000000000.00,0.000000
525.0,975.0,1397.3,0,1000000000.00,0.000000
550.0,975.0,1380.0,0,1000000000.00,0.000000
575.0,975.0,1362.9,0,1000000000.00,0.000000
600.0,975.0,1346.1,0,1000000000.00,0.000000
625.0,975.0,1329.5,0,1000000000.00,0.000000
650.0,975.0,1313.2,0,1000000000.00,0.000000
675.0,975.0,1297.2,0,1000000000.00,0.000000
700.0,975.0,1281.4,0,1000000000.00,0.000000
725.0,975.0,1266.0,0,1000000000.00,0.000000
750.0,975.0,1250.8,0,1000000000.00,0.000000
775.0,975.0,1242.5,0,1000000000.00,0.000000
800.0,975.0,1258.1,0,1000000000.00,0.000000
825.0,975.0,1274.0,0,1000000000.00,0.000000
850.0,975.0,1290.3,0,1000000000.00,0.000000
875.0,975.0,1306.8,0,1000000000.00,0.000000
900.0,975.0,1323.6,0,1000000000.00,0.000000
925.0,975.0,1340.6,0,1000000000.00,0.000000
950.0,975.0,1357.9,0,1000000000.00,0.000000
975.0,975.0,1375.4,0,1000000000.00,0.000000
1000.0,975.0,1393.1,0,1000000000.00,0.000000
1025.0,975.0,1411.1,0,1000000000.00,0.000000
1050.0,975.0,1429.3,0,1000000000.00,0.000000
1075.0,975.0,1447.7,0,1000000000.00,0.000000
1100.0,975.0,1466.2,0,1000000000.00,0.000000
1125.0,975.0,1485.0,0,1000000000.00,0.000000
1150.0,975.0,1503.9,0,1000000000.00,0.000000
1175.0,975.0,1523.1,0,1000000000.00,0.000000
1200.0,975.0,1542.3,0,1000000000.00,0.000000
1225.0,975.0,1561.8,0,1000000000.00,0.000000
1250.0,975.0,1581.4,0,1000000000.00,0.000000
1275.0,975.0,1601.2,0,1000000000.00,0.000000
1300.0,975.0,1621.1,0,1000000000.00,0.000000
1325.0,975.0,1641.1,0,1000000000.00,0.000000
1350.0,975.0,1661.3,0,1000000000.00,0.000000
1375.0,975.0,1681.6,0,1000000000.00,0.000000
1400.0,975.0,1702.0,0,1000000000.00,0.000000
1425.0,975.0,1722.6,0,1000000000.00,0.000000
1450.0,975.0,1743.2,0,1000000000.00,0.000000
1475.0,975.0,1764.0,0,1000000000.00,0.000000
1500.0,975.0,1784.9,0,1000000000.00,0.000000
1525.0,975.0,1805.9,0,1000000000.00,0.000000
1550.0,975.0,1827.0,0,1000000000.00,0.000000
1575.0,975.0,1848.2,0,1000000000.00,0.000000
1600.0,975.0,1869.4,0,1000000000.00,0.000000
1625.0,975.0,1890.8,0,1000000000.00,0.000000
1650.0,975.0,1912.3,0,1000000000.00,0.000000
1675.0,975.0,1933.8,0,1000000000.00,0.000000
1700.0,975.0,1955.5,0,1000000000.00,0.000000
1725.0,975.0,1977.2,0,1000000000.00,0.000000
1750.0,975.0,1999.0,0,1000000000.00,0.000000
1775.0,975.0,2020.8,0,1000000000.00,0.000000
1800.0,975.0,2042.7,0,1000000000.00,0.000000
-1800.0,1000.0,3455.7,0,1000000000.00,0.000000
-1775.0,1000.0,3431.8,0,1000000000.00,0.000000
-1750.0,1000.0,3407.9,0,1000000000.00,0.000000
-1725.0,1000.0,3384.1,0,1000000000.00,0.000000
-1700.0,1000.0,3360.3,0,1000000000.00,0.000000
-1675.0,1000.0,3336.5,0,1000000000.00,0.000000
-1650.0,1000.0,3312.7,0,1000000000.00,0.000000
-1625.0,1000.0,3289.0,0,1000000000.00,0.000000
-1600.0,1000.0,3265.2,0,1000000000.00,0.000000
-1575.0,1000.0,3241.5,0,1000000000.00,0.000000
-1550.0,1000.0,3217.8,0,1000000000.00,0.000000
-1525.0,1000.0,3194.1,0,1000000000.00,0.000000
-1500.0,1000.0,3170.4,0,1000000000.00,0.000000
-1475.0,1000.0,3146.8,0,1000000000.00,0.000000
-1450.0,1000.0,3123.2,0,1000000000.00,0.000000
-1425.0,1000.0,3099.6,0,1000000000.00,0.000000
-1400.0,1000.0,3076.0,0,1000000000.00,0.000000
-1375.0,1000.0,3052.4,0,1000000000.00,0.000000
-1350.0,1000.0,3028.9,0,1000000000.00,0.000000
-1325.0,1000.0,3005.4,0,1000000000.00,0.000000
-1300.0,1000.0,2981.9,0,1000000000.00,0.000000
-1275.0,1000.0,2958.4,0,1000000000.00,0.000000
-1250.0,1000.0,2935.0,0,1000000000.00,0.000000
-1225.0,1000.0,2911.6,0,1000000000.00,0.000000
-1200.0,1000.0,2888.2,0,1000000000.00,0.000000
-1175.0,1000.0,2864.9,0,1000000000.00,0.000000
-1150.0,1000.0,2841.5,0,1000000000.00,0.000000
-1125.0,1000.0,2818.2,0,1000000000.00,0.000000
-1100.0,1000.0,2795.0,0,1000000000.00,0.000000
-1075.0,1000.0,2771.7,0,1000000000.00,0.000000
-1050.0,1000.0,2748.5,0,1000000000.00,0.000000
-1025.0,1000.0,2725.3,0,1000000000.00,0.000000
-1000.0,1000.0,2702.2,0,1000000000.00,0.000000
-975.0,1000.0,2679.1,0,1000000000.00,0.000000
-950.0,1000.0,2656.0,0,1000000000.00,0.000000
-925.0,1000.0,2633.0,0,1000000000.00,0.000000
-900.0,1000.0,2610.0,0,1000000000.00,0.000000
-875.0,1000.0,2587.0,0,1000000000.00,0.000000
-850.0,1000.0,2564.1,0,1000000000.00,0.000000
-825.0,1000.0,2541.2,0,1000000000.00,0.000000
-800.0,1000.0,2518.3,0,1000000000.00,0.000000
-775.0,1000.0,2495.5,0,1000000000.00,0.000000
-750.0,1000.0,2472.8,0,1000000000.00,0.000000
-725.0,1000.0,2450.0,0,1000000000.00,0.000000
-700.0,1000.0,2427.4,0,1000000000.00,0.000000
-675.0,1000.0,2404.7,0,1000000000.00,0.000000
-650.0,1000.0,2382.1,0,1000000000.00,0.000000
-625.0,1000.0,2359.6,0,1000000000.00,0.000000
-600.0,1000.0,2337.1,0,1000000000.00,0.000000
-575.0,1000.0,2314.7,0,1000000000.00,0.000000
-550.0,1000.0,2292.3,0,1000000000.00,0.000000
-525.0,1000.0,2270.0,0,1000000000.00,0.000000
-500.0,1000.0,2247.7,0,1000000000.00,0.000000
-475.0,1000.0,2225.5,0,1000000000.00,0.000000
-450.0,1000.0,2203.3,0,1000000000.00,0.000000
-425.0,1000.0,2181.2,0,1000000000.00,0.000000
-400.0,1000.0,2159.2,0,1000000000.00,0.000000
-375.0,1000.0,2137.2,0,1000000000.00,0.000000
-350.0,1000.0,2115.3,0,1000000000.00,0.000000
-325.0,1000.0,2093.5,0,1000000000.00,0.000000
-300.0,1000.0,2071.8,0,1000000000.00,0.000000
-275.0,1000.0,2050.1,0,1000000000.00,0.000000
-250.0,1000.0,2028.5,0,1000000000.00,0.000000
-225.0,1000.0,2007.0,0,1000000000.00,0.000000
-200.0,1000.0,1985.5,0,1000000000.00,0.000000
-175.0,1000.0,1964.2,0,1000000000.00,0.000000
-150.0,1000.0,1942.9,0,1000000000.00,0.000000
-125.0,1000.0,1921.7,0,1000000000.00,0.000000
-100.0,1000.0,1900.6,0,1000000000.00,0.000000
-75.0,1000.0,1879.6,0,1000000000.00,0.000000
-50.0,1000.0,1858.7,0,1000000000.00,0.000000
-25.0,1000.0,1837.9,0,1000000000.00,0.000000
0.0,1000.0,1817.2,0,1000000000.00,0.000000
25.0,1000.0,1796.7,0,1000000000.00,0.000000
50.0,1000.0,1776.2,0,1000000000.00,0.000000
75.0,1000.0,1755.9,0,1000000000.00,0.000000
100.0,1000.0,1735.6,0,1000000000.00,0.000000
125.0,1000.0,1715.5,0,1000000000.00,0.000000
150.0,1000.0,1695.6,0,1000000000.00,0.000000
175.0,1000.0,1675.7,0,1000000000.00,0.000000
200.0,1000.0,1656.0,0,1000000000.00,0.000000
225.0,1000.0,1636.5,0,1000000000.00,0.000000
250.0,1000.0,1617.1,0,1000000000.00,0.000000
275.0,1000.0,1597.8,0,1000000000.00,0.000000
300.0,1000.0,1578.8,0,1000000000.00,0.000000
325.0,1000.0,1559.8,0,1000000000.00,0.000000
350.0,1000.0,1541.1,0,1000000000.00,0.000000
375.0,1000.0,1522.5,0,1000000000.00,0.000000
400.0,1000.0,1504.2,0,1000000000.00,0.000000
425.0,1000.0,1486.0,0,1000000000.00,0.000000
450.0,1000.0,1468.0,0,1000000000.00,0.000000
475.0,1000.0,1450.2,0,1000000000.00,0.000000
500.0,1000.0,1432.7,0,1000000000.00,0.000000
525.0,1000.0,1415.4,0,1000000000.00,0.000000
550.0,1000.0,1398.3,0,1000000000.00,0.000000
575.0,1000.0,1381.4,0,1000000000.00,0.000000
600.0,1000.0,1364.8,0,1000000000.00,0.000000
625.0,1000.0,1348.4,0,1000000000.00,0.000000
650.0,1000.0,1332.3,0,1000000000.00,0.000000
675.0,1000.0,1316.5,0,1000000000.00,0.000000
700.0,1000.0,1301.0,0,1000000000.00,0.000000
725.0,1000.0,1285.8,0,1000000000.00,0.000000
750.0,1000.0,1270.9,0,1000000000.00,0.000000
775.0,1000.0,1262.2,0,1000000000.00,0.000000
800.0,1000.0,1277.6,0,1000000000.00,0.000000
825.0,1000.0,1293.3,0,1000000000.00,0.000000
850.0,1000.0,1309.3,0,1000000000.00,0.000000
875.0,1000.0,1325.5,0,1000000000.00,0.000000
900.0,1000.0,1342.1,0,1000000000.00,0.000000
925.0,1000.0,1358.9,0,1000000000.00,0.000000
950.0,1000.0,1375.9,0,1000000000.00,0.000000
975.0,1000.0,1393.2,0,1000000000.00,0.000000
1000.0,1000.0,1410.7,0,1000000000.00,0.000000
1025.0,1000.0,1428.5,0,1000000000.00,0.000000
1050.0,1000.0,1446.4,0,1000000000.00,0.000000
1075.0,1000.0,1464.6,0,1000000000.00,0.000000
1100.0,1000.0,1483.0,0,1000000000.00,0.000000
1125.0,1000.0,1501.5,0,1000000000.00,0.000000
1150.0,1000.0,1520.3,0,1000000000.00,0.000000
1175.0,1000.0,1539.2,0,1000000000.00,0.000000
1200.0,1000.0,1558.3,0,1000000000.00,0.000000
1225.0,1000.0,1577.5,0,1000000000.00,0.000000
1250.0,1000.0,1596.9,0,1000000000.00,0.000000
1275.0,1000.0,1616.5,0,1000000000.00,0.000000
1300.0,1000.0,1636.2,0,1000000000.00,0.000000
1325.0,1000.0,1656.1,0,1000000000.00,0.000000
1350.0,1000.0,1676.1,0,1000000000.00,0.000000
1375.0,1000.0,1696.2,0,1000000000.00,0.000000
1400.0,1000.0,1716.5,0,1000000000.00,0.000000
1425.0,1000.0,1736.8,0,1000000000.00,0.000000
1450.0,1000.0,1757.3,0,1000000000.00,0.000000
1475.0,1000.0,1777.9,0,1000000000.00,0.000000
1500.0,1000.0,1798.7,0,1000000000.00,0.000000
1525.0,1000.0,1819.5,0,1000000000.00,0.000000
1550.0,1000.0,1840.4,0,1000000000.00,0.000000
1575.0,1000.0,1861.5,0,1000000000.00,0.000000
1600.0,1000.0,1882.6,0,1000000000.00,0.000000
1625.0,1000.0,1903.8,0,1000000000.00,0.000000
1650.0,1000.0,1925.1,0,1000000000.00,0.000000
1675.0,1000.0,1946.6,0,1000000000.00,0.000000
1700.0,1000.0,1968.0,0,1000000000.00,0.000000
1725.0,1000.0,1989.6,0,1000000000.00,0.000000
1750.0,1000.0,2011.3,0,1000000000.00,0.000000
1775.0,1000.0,2033.0,0,1000000000.00,0.000000
1800.0,1000.0,2054.8,0,1000000000.00,0.000000
-1800.0,1025.0,3463.2,0,1000000000.00,0.000000
-1775.0,1025.0,3439.3,0,1000000000.00,0.000000
-1750.0,1025.0,3415.6,0,1000000000.00,0.000000
-1725.0,1025.0,3391.8,0,1000000000.00,0.000000
-1700.0,1025.0,3368.0,0,1000000000.00,0.000000
-1675.0,1025.0,3344.3,0,1000000000.00,0.000000
-1650.0,1025.0,3320.5,0,1000000000.00,0.000000
-1625.0,1025.0,3296.8,0,1000000000.00,0.000000
-1600.0,1025.0,3273.2,0,1000000000.00,0.000000
-1575.0,1025.0,3249.5,0,1000000000.00,0.000000
-1550.0,1025.0,3225.8,0,1000000000.00,0.000000
-1525.0,1025.0,3202.2,0,1000000000.00,0.000000
-1500.0,1025.0,3178.6,0,1000000000.00,0.000000
-1475.0,1025.0,3155.0,0,1000000000.00,0.000000
-1450.0,1025.0,3131.5,0,1000000000.00,0.000000
-1425.0,1025.0,3107.9,0,1000000000.00,0.000000
-1400.0,1025.0,3084.4,0,1000000000.00,0.000000
-1375.0,1025.0,3060.9,0,1000000000.00,0.000000
-1350.0,1025.0,3037.5,0,1000000000.00,0.000000
-1325.0,1025.0,3014.0,0,1000000000.00,0.000000
-1300.0,1025.0,2990.6,0,1000000000.00,0.000000
-1275.0,1025.0,2967.2,0,1000000000.00,0.000000
-1250.0,1025.0,2943.8,0,1000000000.00,0.000000
-1225.0,1025.0,2920.5,0,1000000000.00,0.000000
-1200.0,1025.0,2897.2,0,1000000000.00,0.000000
-1175.0,1025.0,2873.9,0,1000000000.00,0.000000
-1150.0,1025.0,2850.7,0,1000000000.00,0.000000
-1125.0,1025.0,2827.4,0,1000000000.00,0.000000
-1100.0,1025.0,2804.2,0,1000000000.00,0.000000
-1075.0,1025.0,2781.1,0,1000000000.00,0.000000
-1050.0,1025.0,2758.0,0,1000000000.00,0.000000
-1025.0,1025.0,2734.9,0,1000000000.00,0.000000
-1000.0,1025.0,2711.8,0,1000000000.00,0.000000
-975.0,1025.0,2688.8,0,1000000000.00,0.000000
-950.0,1025.0,2665.8,0,1000000000.00,0.000000
-925.0,1025.0,2642.8,0,1000000000.00,0.000000
-900.0,1025.0,2619.9,0,1000000000.00,0.000000
-875.0,1025.0,2597.0,0,1000000000.00,0.000000
-850.0,1025.0,2574.2,0,1000000000.00,0.000000
-825.0,1025.0,2551.4,0,1000000000.00,0.000000
-800.0,1025.0,2528.6,0,1000000000.00,0.000000
-775.0,1025.0,2505.9,0,1000000000.00,0.000000
-750.0,1025.0,2483.2,0,1000000000.00,0.000000
-725.0,1025.0,2460.6,0,1000000000.00,0.000000
-700.0,1025.0,2438.0,0,1000000000.00,0.000000
-675.0,1025.0,2415.5,0,1000000000.00,0.000000
-650.0,1025.0,2393.0,0,1000000000.00,0.000000
-625.0,1025.0,2370.6,0,1000000000.00,0.000000
-600.0,1025.0,2348.2,0,1000000000.00,0.000000
-575.0,1025.0,2325.9,0,1000000000.00,0.000000
-550.0,1025.0,2303.6,0,1000000000.00,0.000000
-525.0,1025.0,2281.4,0,1000000000.00,0.000000
-500.0,1025.0,2259.2,0,1000000000.00,0.000000
-475.0,1025.0,2237.1,0,1000000000.00,0.000000
-450.0,1025.0,2215.1,0,1000000000.00,0.000000
-425.0,1025.0,2193.1,0,1000000000.00,0.000000
-400.0,1025.0,2171.2,0,1000000000.00,0.000000
-375.0,1025.0,2149.4,0,1000000000.00,0.000000
-350.0,1025.0,2127.6,0,1000000000.00,0.000000
-325.0,1025.0,2105.9,0,1000000000.00,0.000000
-300.0,1025.0,2084.3,0,1000000000.00,0.000000
-275.0,1025.0,2062.7,0,1000000000.00,0.000000
-250.0,1025.0,2041.2,0,1000000000.00,0.000000
-225.0,1025.0,2019.9,0,1000000000.00,0.000000
-200.0,1025.0,1998.5,0,1000000000.00,0.000000
-175.0,1025.0,1977.3,0,1000000000.00,0.000000
-150.0,1025.0,1956.2,0,1000000000.00,0.000000
-125.0,1025.0,1935.2,0,1000000000.00,0.000000
-100.0,1025.0,1914.2,0,1000000000.00,0.000000
-75.0,1025.0,1893.4,0,1000000000.00,0.000000
-50.0,1025.0,1872.6,0,1000000000.00,0.000000
-25.0,1025.0,1852.0,0,1000000000.00,0.000000
0.0,1025.0,1831.5,0,1000000000.00,0.000000
25.0,1025.0,1811.1,0,1000000000.00,0.000000
50.0,1025.0,1790.8,0,1000000000.00,0.000000
75.0,1025.0,1770.6,0,1000000000.00,0.000000
100.0,1025.0,1750.5,0,1000000000.00,0.000000
125.0,1025.0,1730.6,0,1000000000.00,0.000000
150.0,1025.0,1710.8,0,1000000000.00,0.000000
175.0,1025.0,1691.2,0,1000000000.00,0.000000
200.0,1025.0,1671.6,0,1000000000.00,0.000000
225.0,1025.0,1652.3,0,1000000000.00,0.000000
250.0,1025.0,1633.1,0,1000000000.00,0.000000
275.0,1025.0,1614.0,0,1000000000.00,0.000000
300.0,1025.0,1595.1,0,1000000000.00,0.000000
325.0,1025.0,1576.4,0,1000000000.00,0.000000
350.0,1025.0,1557.9,0,1000000000.00,0.000000
375.0,1025.0,1539.5,0,1000000000.00,0.000000
400.0,1025.0,1521.3,0,1000000000.00,0.000000
425.0,1025.0,1503.4,0,1000000000.00,0.000000
450.0,1025.0,1485.6,0,1000000000.00,0.000000
475.0,1025.0,1468.0,0,1000000000.00,0.000000
500.0,1025.0,1450.7,0,1000000000.00,0.000000
525.0,1025.0,1433.6,0,1000000000.00,0.000000
550.0,1025.0,1416.7,0,1000000000.00,0.000000
575.0,1025.0,1400.1,0,1000000000.00,0.000000
600.0,1025.0,1383.7,0,1000000000.00,0.000000
625.0,1025.0,1367.6,0,1000000000.00,0.000000
650.0,1025.0,1351.7,0,1000000000.00,0.000000
675.0,1025.0,1336.1,0,1000000000.00,0.000000
700.0,1025.0,1320.8,0,1000000000.00,0.000000
725.0,1025.0,1305.9,0,1000000000.00,0.000000
750.0,1025.0,1291.2,0,1000000000.00,0.000000
775.0,1025.0,1282.1,0,1000000000.00,0.000000
800.0,1025.0,1297.2,0,1000000000.00,0.000000
825.0,1025.0,1312.7,0,1000000000.00,0.000000
850.0,1025.0,1328.5,0,1000000000.00,0.000000
875.0,1025.0,1344.5,0,1000000000.00,0.000000
900.0,1025.0,1360.8,0,1000000000.00,0.000000
925.0,1025.0,1377.4,0,1000000000.00,0.000000
950.0,1025.0,1394.2,0,1000000000.00,0.000000
975.0,1025.0,1411.3,0,1000000000.00,0.000000
1000.0,1025.0,1428.6,0,1000000000.00,0.000000
1025.0,1025.0,1446.1,0,1000000000.00,0.000000
1050.0,1025.0,1463.8,0,1000000000.00,0.000000
1075.0,1025.0,1481.8,0,1000000000.00,0.000000
1100.0,1025.0,1499.9,0,1000000000.00,0.000000
1125.0,1025.0,1518.3,0,1000000000.00,0.000000
1150.0,1025.0,1536.8,0,1000000000.00,0.000000
1175.0,1025.0,1555.5,0,1000000000.00,0.000000
1200.0,1025.0,1574.4,0,1000000000.00,0.000000
1225.0,1025.0,1593.5,0,1000000000.00,0.000000
1250.0,1025.0,1612.7,0,1000000000.00,0.000000
1275.0,1025.0,1632.1,0,1000000000.00,0.000000
1300.0,1025.0,1651.6,0,1000000000.00,0.000000
1325.0,1025.0,1671.3,0,1000000000.00,0.000000
1350.0,1025.0,1691.1,0,1000000000.00,0.000000
1375.0,1025.0,1711.1,0,1000000000.00,0.000000
1400.0,1025.0,1731.1,0,1000000000.00,0.000000
1425.0,1025.0,1751.3,0,1000000000.00,0.000000
1450.0,1025.0,1771.7,0,1000000000.00,0.000000
1475.0,1025.0,1792.1,0,1000000000.00,0.000000
1500.0,1025.0,1812.7,0,1000000000.00,0.000000
1525.0,1025.0,1833.4,0,1000000000.00,0.000000
1550.0,1025.0,1854.1,0,1000000000.00,0.000000
1575.0,1025.0,1875.0,0,1000000000.00,0.000000
1600.0,1025.0,1896.0,0,1000000000.00,0.000000
1625.0,1025.0,1917.1,0,1000000000.00,0.000000
1650.0,1025.0,1938.3,0,1000000000.00,0.000000
1675.0,1025.0,1959.5,0,1000000000.00,0.000000
1700.0,1025.0,1980.9,0,1000000000.00,0.000000
1725.0,1025.0,2002.3,0,1000000000.00,0.000000
1750.0,1025.0,2023.8,0,1000000000.00,0.000000
1775.0,1025.0,2045.4,0,1000000000.00,0.000000
1800.0,1025.0,2067.1,0,1000000000.00,0.000000
-1800.0,1050.0,3470.8,0,1000000000.00,0.000000
-1775.0,1050.0,3447.1,0,1000000000.00,0.000000
-1750.0,1050.0,3423.3,0,1000000000.00,0.000000
-1725.0,1050.0,3399.6,0,1000000000.00,0.000000
-1700.0,1050.0,3375.9,0,1000000000.00,0.000000
-1675.0,1050.0,3352.2,0,1000000000.00,0.000000
-1650.0,1050.0,3328.5,0,1000000000.00,0.000000
-1625.0,1050.0,3304.9,0,1000000000.00,0.000000
-1600.0,1050.0,3281.3,0,1000000000.00,0.000000
-1575.0,1050.0,3257.7,0,1000000000.00,0.000000
-1550.0,1050.0,3234.1,0,1000000000.00,0.000000
-1525.0,1050.0,3210.5,0,1000000000.00,0.000000
-1500.0,1050.0,3187.0,0,1000000000.00,0.000000
-1475.0,1050.0,3163.5,0,1000000000.00,0.000000
-1450.0,1050.0,3140.0,0,1000000000.00,0.000000
-1425.0,1050.0,3116.5,0,1000000000.00,0.000000
-1400.0,1050.0,3093.0,0,1000000000.00,0.000000
-1375.0,1050.0,3069.6,0,1000000000.00,0.000000
-1350.0,1050.0,3046.2,0,1000000000.00,0.000000
-1325.0,1050.0,3022.8,0,1000000000.00,0.000000
-1300.0,1050.0,2999.5,0,1000000000.00,0.000000
-1275.0,1050.0,2976.2,0,1000000000.00,0.000000
-1250.0,1050.0,2952.9,0,1000000000.00,0.000000
-1225.0,1050.0,2929.6,0,1000000000.00,0.000000
-1200.0,1050.0,2906.4,0,1000000000.00,0.000000
-1175.0,1050.0,2883.2,0,1000000000.00,0.000000
-1150.0,1050.0,2860.0,0,1000000000.00,0.000000
-1125.0,1050.0,2836.8,0,1000000000.00,0.000000
-1100.0,1050.0,2813.7,0,1000000000.00,0.000000
-1075.0,1050.0,2790.6,0,1000000000.00,0.000000
-1050.0,1050.0,2767.6,0,1000000000.00,0.000000
-1025.0,1050.0,2744.6,0,1000000000.00,0.000000
-1000.0,1050.0,2721.6,0,1000000000.00,0.000000
-975.0,1050.0,2698.6,0,1000000000.00,0.000000
-950.0,1050.0,2675.7,0,1000000000.00,0.000000
-925.0,1050.0,2652.9,0,1000000000.00,0.000000
-900.0,1050.0,2630.0,0,1000000000.00,0.000000
-875.0,1050.0,2607.2,0,1000000000.00,0.000000
-850.0,1050.0,2584.5,0,1000000000.00,0.000000
-825.0,1050.0,2561.8,0,1000000000.00,0.000000
-800.0,1050.0,2539.1,0,1000000000.00,0.000000
-775.0,1050.0,2516.5,0,1000000000.00,0.000000
-750.0,1050.0,2493.9,0,1000000000.00,0.000000
-725.0,1050.0,2471.4,0,1000000000.00,0.000000
-700.0,1050.0,2448.9,0,1000000000.00,0.000000
-675.0,1050.0,2426.5,0,1000000000.00,0.000000
-650.0,1050.0,2404.1,0,1000000000.00,0.000000
-625.0,1050.0,2381.8,0,1000000000.00,0.000000
-600.0,1050.0,2359.5,0,1000000000.00,0.000000
-575.0,1050.0,2337.3,0,1000000000.00,0.000000
-550.0,1050.0,2315.1,0,1000000000.00,0.000000
-525.0,1050.0,2293.0,0,1000000000.00,0.000000
-500.0,1050.0,2271.0,0,1000000000.00,0.000000
-475.0,1050.0,2249.0,0,1000000000.00,0.000000
-450.0,1050.0,2227.1,0,1000000000.00,0.000000
-425.0,1050.0,2205.2,0,1000000000.00,0.000000
-400.0,1050.0,2183.4,0,1000000000.00,0.000000
-375.0,1050.0,2161.7,0,1000000000.00,0.000000
-350.0,1050.0,2140.1,0,1000000000.00,0.000000
-325.0,1050.0,2118.5,0,1000000000.00,0.000000
-300.0,1050.0,2097.0,0,1000000000.00,0.000000
-275.0,1050.0,2075.6,0,1000000000.00,0.000000
-250.0,1050.0,2054.2,0,1000000000.00,0.000000
-225.0,1050.0,2033.0,0,1000000000.00,0.000000
-200.0,1050.0,2011.8,0,1000000000.00,0.000000
-175.0,1050.0,1990.7,0,1000000000.00,0.000000
-150.0,1050.0,1969.7,0,1000000000.00,0.000000
-125.0,1050.0,1948.9,0,1000000000.00,0.000000
-100.0,1050.0,1928.1,0,1000000000.00,0.000000
-75.0,1050.0,1907.4,0,1000000000.00,0.000000
-50.0,1050.0,1886.8,0,1000000000.00,0.000000
-25.0,1050.0,1866.3,0,1000000000.00,0.000000
0.0,1050.0,1845.9,0,1000000000.00,0.000000
25.0,1050.0,1825.7,0,1000000000.00,0.000000
50.0,1050.0,1805.5,0,1000000000.00,0.000000
75.0,1050.0,1785.5,0,1000000000.00,0.000000
100.0,1050.0,1765.7,0,1000000000.00,0.000000
125.0,1050.0,1745.9,0,1000000000.00,0.000000
150.0,1050.0,1726.3,0,1000000000.00,0.000000
175.0,1050.0,1706.8,0,1000000000.00,0.000000
200.0,1050.0,1687.5,0,1000000000.00,0.000000
225.0,1050.0,1668.3,0,1000000000.00,0.000000
250.0,1050.0,1649.3,0,1000000000.00,0.000000
275.0,1050.0,1630.4,0,1000000000.00,0.000000
300.0,1050.0,1611.7,0,1000000000.00,0.000000
325.0,1050.0,1593.2,0,1000000000.00,0.000000
350.0,1050.0,1574.8,0,1000000000.00,0.000000
375.0,1050.0,1556.7,0,1000000000.00,0.000000
400.0,1050.0,1538.7,0,1000000000.00,0.000000
425.0,1050.0,1521.0,0,1000000000.00,0.000000
450.0,1050.0,1503.4,0,1000000000.00,0.000000
475.0,1050.0,1486.0,0,1000000000.00,0.000000
500.0,1050.0,1468.9,0,1000000000.00,0.000000
525.0,1050.0,1452.0,0,1000000000.00,0.000000
550.0,1050.0,1435.3,0,1000000000.00,0.000000
575.0,1050.0,1418.9,0,1000000000.00,0.000000
600.0,1050.0,1402.8,0,1000000000.00,0.000000
625.0,1050.0,1386.9,0,1000000000.00,0.000000
650.0,1050.0,1371.2,0,1000000000.00,0.000000
675.0,1050.0,1355.9,0,1000000000.00,0.000000
700.0,1050.0,1340.8,0,1000000000.00,0.000000
725.0,1050.0,1326.1,0,1000000000.00,0.000000
750.0,1050.0,1311.6,0,1000000000.00,0.000000
775.0,1050.0,1302.1,0,1000000000.00,0.000000
800.0,1050.0,1317.1,0,1000000000.00,0.000000
825.0,1050.0,1332.3,0,1000000000.00,0.000000
850.0,1050.0,1347.9,0,1000000000.00,0.000000
875.0,1050.0,1363.7,0,1000000000.00,0.000000
900.0,1050.0,1379.7,0,1000000000.00,0.000000
925.0,1050.0,1396.1,0,1000000000.00,0.000000
950.0,1050.0,1412.7,0,1000000000.00,0.000000
975.0,1050.0,1429.5,0,1000000000.00,0.000000
1000.0,1050.0,1446.6,0,1000000000.00,0.000000
1025.0,1050.0,1463.9,0,1000000000.00,0.000000
1050.0,1050.0,1481.5,0,1000000000.00,0.000000
1075.0,1050.0,1499.2,0,1000000000.00,0.000000
1100.0,1050.0,1517.1,0,1000000000.00,0.000000
1125.0,1050.0,1535.3,0,1000000000.00,0.000000
1150.0,1050.0,1553.6,0,1000000000.00,0.000000
1175.0,1050.0,1572.1,0,1000000000.00,0.000000
1200.0,1050.0,1590.8,0,1000000000.00,0.000000
1225.0,1050.0,1609.7,0,1000000000.00,0.000000
1250.0,1050.0,1628.7,0,1000000000.00,0.000000
1275.0,1050.0,1647.9,0,1000000000.00,0.000000
1300.0,1050.0,1667.2,0,1000000000.00,0.000000
1325.0,1050.0,1686.7,0,1000000000.00,0.000000
1350.0,1050.0,1706.4,0,1000000000.00,0.000000
1375.0,1050.0,1726.1,0,1000000000.00,0.000000
1400.0,1050.0,1746.1,0,1000000000.00,0.000000
1425.0,1050.0,1766.1,0,1000000000.00,0.000000
1450.0,1050.0,1786.3,0,1000000000.00,0.000000
1475.0,1050.0,1806.5,0,1000000000.00,0.000000
1500.0,1050.0,1826.9,0,1000000000.00,0.000000
1525.0,1050.0,1847.5,0,1000000000.00,0.000000
1550.0,1050.0,1868.1,0,1000000000.00,0.000000
1575.0,1050.0,1888.8,0,1000000000.00,0.000000
1600.0,1050.0,1909.6,0,1000000000.00,0.000000
1625.0,1050.0,1930.6,0,1000000000.00,0.000000
1650.0,1050.0,1951.6,0,1000000000.00,0.000000
1675.0,1050.0,1972.7,0,1000000000.00,0.000000
1700.0,1050.0,1993.9,0,1000000000.00,0.000000
1725.0,1050.0,2015.2,0,1000000000.00,0.000000
1750.0,1050.0,2036.6,0,1000000000.00,0.000000
1775.0,1050.0,2058.1,0,1000000000.00,0.000000
1800.0,1050.0,2079.6,0,1000000000.00,0.000000
-1800.0,1075.0,3478.7,0,1000000000.00,0.000000
-1775.0,1075.0,3455.0,0,1000000000.00,0.000000
-1750.0,1075.0,3431.3,0,1000000000.00,0.000000
-1725.0,1075.0,3407.6,0,1000000000.00,0.000000
-1700.0,1075.0,3384.0,0,1000000000.00,0.000000
-1675.0,1075.0,3360.3,0,1000000000.00,0.000000
-1650.0,1075.0,3336.7,0,1000000000.00,0.000000
-1625.0,1075.0,3313.1,0,1000000000.00,0.000000
-1600.0,1075.0,3289.6,0,1000000000.00,0.000000
-1575.0,1075.0,3266.0,0,1000000000.00,0.000000
-1550.0,1075.0,3242.5,0,1000000000.00,0.000000
-1525.0,1075.0,3219.0,0,1000000000.00,0.000000
-1500.0,1075.0,3195.5,0,1000000000.00,0.000000
-1475.0,1075.0,3172.0,0,1000000000.00,0.000000
-1450.0,1075.0,3148.6,0,1000000000.00,0.000000
-1425.0,1075.0,3125.2,0,1000000000.00,0.000000
-1400.0,1075.0,3101.8,0,1000000000.00,0.000000
-1375.0,1075.0,3078.5,0,1000000000.00,0.000000
-1350.0,1075.0,3055.1,0,1000000000.00,0.000000
-1325.0,1075.0,3031.8,0,1000000000.00,0.000000
-1300.0,1075.0,3008.5,0,1000000000.00,0.000000
-1275.0,1075.0,2985.3,0,1000000000.00,0.000000
-1250.0,1075.0,2962.1,0,1000000000.00,0.000000
-1225.0,1075.0,2938.9,0,1000000000.00,0.000000
-1200.0,1075.0,2915.7,0,1000000000.00,0.000000
-1175.0,1075.0,2892.6,0,1000000000.00,0.000000
-1150.0,1075.0,2869.5,0,1000000000.00,0.000000
-1125.0,1075.0,2846.4,0,1000000000.00,0.000000
-1100.0,1075.0,2823.4,0,1000000000.00,0.000000
-1075.0,1075.0,2800.4,0,1000000000.00,0.000000
-1050.0,1075.0,2777.4,0,1000000000.00,0.000000
-1025.0,1075.0,2754.5,0,1000000000.00,0.000000
-1000.0,1075.0,2731.6,0,1000000000.00,0.000000
-975.0,1075.0,2708.7,0,1000000000.00,0.000000
-950.0,1075.0,2685.9,0,1000000000.00,0.000000
-925.0,1075.0,2663.1,0,1000000000.00,0.000000
-900.0,1075.0,2640.4,0,1000000000.00,0.000000
-875.0,1075.0,2617.7,0,1000000000.00,0.000000
-850.0,1075.0,2595.0,0,1000000000.00,0.000000
-825.0,1075.0,2572.4,0,1000000000.00,0.000000
-800.0,1075.0,2549.8,0,1000000000.00,0.000000
-775.0,1075.0,2527.3,0,1000000000.00,0.000000
-750.0,1075.0,2504.8,0,1000000000.00,0.000000
-725.0,1075.0,2482.4,0,1000000000.00,0.000000
-700.0,1075.0,2460.0,0,1000000000.00,0.000000
-675.0,1075.0,2437.7,0,1000000000.00,0.000000
-650.0,1075.0,2415.4,0,1000000000.00,0.000000
-625.0,1075.0,2393.2,0,1000000000.00,0.000000
-600.0,1075.0,2371.0,0,1000000000.00,0.000000
-575.0,1075.0,2348.9,0,1000000000.00,0.000000
-550.0,1075.0,2326.8,0,1000000000.00,0.000000
-525.0,1075.0,2304.8,0,1000000000.00,0.000000
-500.0,1075.0,2282.9,0,1000000000.00,0.000000
-475.0,1075.0,2261.0,0,1000000000.00,0.000000
-450.0,1075.0,2239.2,0,1000000000.00,0.000000
-425.0,1075.0,2217.5,0,1000000000.00,0.000000
-400.0,1075.0,2195.8,0,1000000000.00,0.000000
-375.0,1075.0,2174.2,0,1000000000.00,0.000000
-350.0,1075.0,2152.7,0,1000000000.00,0.000000
-325.0,1075.0,2131.3,0,1000000000.00,0.000000
-300.0,1075.0,2109.9,0,1000000000.00,0.000000
-275.0,1075.0,2088.6,0,1000000000.00,0.000000
-250.0,1075.0,2067.4,0,1000000000.00,0.000000
-225.0,1075.0,2046.3,0,1000000000.00,0.000000
-200.0,1075.0,2025.3,0,1000000000.00,0.000000
-175.0,1075.0,2004.4,0,1000000000.00,0.000000
-150.0,1075.0,1983.5,0,1000000000.00,0.000000
-125.0,1075.0,1962.8,0,1000000000.00,0.000000
-100.0,1075.0,1942.1,0,1000000000.00,0.000000
-75.0,1075.0,1921.6,0,1000000000.00,0.000000
-50.0,1075.0,1901.2,0,1000000000.00,0.000000
-25.0,1075.0,1880.8,0,1000000000.00,0.000000
0.0,1075.0,1860.6,0,1000000000.00,0.000000
25.0,1075.0,1840.5,0,1000000000.00,0.000000
50.0,1075.0,1820.6,0,1000000000.00,0.000000
75.0,1075.0,1800.7,0,1000000000.00,0.000000
100.0,1075.0,1781.0,0,1000000000.00,0.000000
125.0,1075.0,1761.4,0,1000000000.00,0.000000
150.0,1075.0,1742.0,0,1000000000.00,0.000000
175.0,1075.0,1722.7,0,1000000000.00,0.000000
200.0,1075.0,1703.5,0,1000000000.00,0.000000
225.0,1075.0,1684.5,0,1000000000.00,0.000000
250.0,1075.0,1665.7,0,1000000000.00,0.000000
275.0,1075.0,1647.0,0,1000000000.00,0.000000
300.0,1075.0,1628.5,0,1000000000.00,0.000000
325.0,1075.0,1610.2,0,1000000000.00,0.000000
350.0,1075.0,1592.0,0,1000000000.00,0.000000
375.0,1075.0,1574.1,0,1000000000.00,0.000000
400.0,1075.0,1556.3,0,1000000000.00,0.000000
425.0,1075.0,1538.7,0,1000000000.00,0.000000
450.0,1075.0,1521.4,0,1000000000.00,0.000000
475.0,1075.0,1504.2,0,1000000000.00,0.000000
500.0,1075.0,1487.3,0,1000000000.00,0.000000
525.0,1075.0,1470.6,0,1000000000.00,0.000000
550.0,1075.0,1454.2,0,1000000000.00,0.000000
575.0,1075.0,1438.0,0,1000000000.00,0.000000
600.0,1075.0,1422.0,0,1000000000.00,0.000000
625.0,1075.0,1406.3,0,1000000000.00,0.000000
650.0,1075.0,1390.9,0,1000000000.00,0.000000
675.0,1075.0,1375.8,0,1000000000.00,0.000000
700.0,1075.0,1361.0,0,1000000000.00,0.000000
725.0,1075.0,1346.4,0,1000000000.00,0.000000
750.0,1075.0,1332.2,0,1000000000.00,0.000000
775.0,1075.0,1322.4,0,1000000000.00,0.000000
800.0,1075.0,1337.1,0,1000000000.00,0.000000
825.0,1075.0,1352.1,0,1000000000.00,0.000000
850.0,1075.0,1367.4,0,1000000000.00,0.000000
875.0,1075.0,1383.0,0,1000000000.00,0.000000
900.0,1075.0,1398.9,0,1000000000.00,0.000000
925.0,1075.0,1415.0,0,1000000000.00,0.000000
950.0,1075.0,1431.4,0,1000000000.00,0.000000
975.0,1075.0,1448.0,0,1000000000.00,0.000000
1000.0,1075.0,1464.9,0,1000000000.00,0.000000
1025.0,1075.0,1482.0,0,1000000000.00,0.000000
1050.0,1075.0,1499.3,0,1000000000.00,0.000000
1075.0,1075.0,1516.8,0,1000000000.00,0.000000
1100.0,1075.0,1534.5,0,1000000000.00,0.000000
1125.0,1075.0,1552.5,0,1000000000.00,0.000000
1150.0,1075.0,1570.6,0,1000000000.00,0.000000
1175.0,1075.0,1588.9,0,1000000000.00,0.000000
1200.0,1075.0,1607.4,0,1000000000.00,0.000000
1225.0,1075.0,1626.1,0,1000000000.00,0.000000
1250.0,1075.0,1644.9,0,1000000000.00,0.000000
1275.0,1075.0,1663.9,0,1000000000.00,0.000000
1300.0,1075.0,1683.1,0,1000000000.00,0.000000
1325.0,1075.0,1702.4,0,1000000000.00,0.000000
1350.0,1075.0,1721.9,0,1000000000.00,0.000000
1375.0,1075.0,1741.5,0,1000000000.00,0.000000
1400.0,1075.0,1761.2,0,1000000000.00,0.000000
1425.0,1075.0,1781.1,0,1000000000.00,0.000000
1450.0,1075.0,1801.1,0,1000000000.00,0.000000
1475.0,1075.0,1821.2,0,1000000000.00,0.000000
1500.0,1075.0,1841.4,0,1000000000.00,0.000000
1525.0,1075.0,1861.8,0,1000000000.00,0.000000
1550.0,1075.0,1882.2,0,1000000000.00,0.000000
1575.0,1075.0,1902.8,0,1000000000.00,0.000000
1600.0,1075.0,1923.5,0,1000000000.00,0.000000
1625.0,1075.0,1944.3,0,1000000000.00,0.000000
1650.0,1075.0,1965.2,0,1000000000.00,0.000000
1675.0,1075.0,1986.1,0,1000000000.00,0.000000
1700.0,1075.0,2007.2,0,1000000000.00,0.000000
1725.0,1075.0,2028.4,0,1000000000.00,0.000000
1750.0,1075.0,2049.6,0,1000000000.00,0.000000
1775.0,1075.0,2070.9,0,1000000000.00,0.000000
1800.0,1075.0,2092.3,0,1000000000.00,0.000000
-1800.0,1100.0,3486.7,0,1000000000.00,0.000000
-1775.0,1100.0,3463.0,0,1000000000.00,0.000000
-1750.0,1100.0,3439.4,0,1000000000.00,0.000000
-1725.0,1100.0,3415.8,0,1000000000.00,0.000000
-1700.0,1100.0,3392.2,0,1000000000.00,0.000000
-1675.0,1100.0,3368.6,0,1000000000.00,0.000000
-1650.0,1100.0,3345.0,0,1000000000.00,0.000000
-1625.0,1100.0,3321.5,0,1000000000.00,0.000000
-1600.0,1100.0,3298.0,0,1000000000.00,0.000000
-1575.0,1100.0,3274.5,0,1000000000.00,0.000000
-1550.0,1100.0,3251.1,0,1000000000.00,0.000000
-1525.0,1100.0,3227.6,0,1000000000.00,0.000000
-1500.0,1100.0,3204.2,0,1000000000.00,0.000000
-1475.0,1100.0,3180.8,0,1000000000.00,0.000000
-1450.0,1100.0,3157.4,0,1000000000.00,0.000000
-1425.0,1100.0,3134.1,0,1000000000.00,0.000000
-1400.0,1100.0,3110.8,0,1000000000.00,0.000000
-1375.0,1100.0,3087.5,0,1000000000.00,0.000000
-1350.0,1100.0,3064.2,0,1000000000.00,0.000000
-1325.0,1100.0,3041.0,0,1000000000.00,0.000000
-1300.0,1100.0,3017.8,0,1000000000.00,0.000000
-1275.0,1100.0,2994.6,0,1000000000.00,0.000000
-1250.0,1100.0,2971.5,0,1000000000.00,0.000000
-1225.0,1100.0,2948.3,0,1000000000.00,0.000000
-1200.0,1100.0,2925.2,0,1000000000.00,0.000000
-1175.0,1100.0,2902.2,0,1000000000.00,0.000000
-1150.0,1100.0,2879.2,0,1000000000.00,0.000000
-1125.0,1100.0,2856.2,0,1000000000.00,0.000000
-1100.0,1100.0,2833.2,0,1000000000.00,0.000000
-1075.0,1100.0,2810.3,0,1000000000.00,0.000000
-1050.0,1100.0,2787.4,0,1000000000.00,0.000000
-1025.0,1100.0,2764.6,0,1000000000.00,0.000000
-1000.0,1100.0,2741.7,0,1000000000.00,0.000000
-975.0,1100.0,2719.0,0,1000000000.00,0.000000
-950.0,1100.0,2696.2,0,1000000000.00,0.000000
-925.0,1100.0,2673.5,0,1000000000.00,0.000000
-900.0,1100.0,2650.9,0,1000000000.00,0.000000
-875.0,1100.0,2628.3,0,1000000000.00,0.000000
-850.0,1100.0,2605.7,0,1000000000.00,0.000000
-825.0,1100.0,2583.2,0,1000000000.00,0.000000
-800.0,1100.0,2560.7,0,1000000000.00,0.000000
-775.0,1100.0,2538.3,0,1000000000.00,0.000000
-750.0,1100.0,2515.9,0,1000000000.00,0.000000
-725.0,1100.0,2493.6,0,1000000000.00,0.000000
-700.0,1100.0,2471.3,0,1000000000.00,0.000000
-675.0,1100.0,2449.1,0,1000000000.00,0.000000
-650.0,1100.0,2426.9,0,1000000000.00,0.000000
-625.0,1100.0,2404.8,0,1000000000.00,0.000000
-600.0,1100.0,2382.7,0,1000000000.00,0.000000
-575.0,1100.0,2360.7,0,1000000000.00,0.000000
-550.0,1100.0,2338.8,0,1000000000.00,0.000000
-525.0,1100.0,2316.9,0,1000000000.00,0.000000
-500.0,1100.0,2295.1,0,1000000000.00,0.000000
-475.0,1100.0,2273.3,0,1000000000.00,0.000000
-450.0,1100.0,2251.6,0,1000000000.00,0.000000
-425.0,1100.0,2230.0,0,1000000000.00,0.000000
-400.0,1100.0,2208.5,0,1000000000.00,0.000000
-375.0,1100.0,2187.0,0,1000000000.00,0.000000
-350.0,1100.0,2165.6,0,1000000000.00,0.000000
-325.0,1100.0,2144.3,0,1000000000.00,0.000000
-300.0,1100.0,2123.1,0,1000000000.00,0.000000
-275.0,1100.0,2101.9,0,1000000000.00,0.000000
-250.0,1100.0,2080.9,0,1000000000.00,0.000000
-225.0,1100.0,2059.9,0,1000000000.00,0.000000
-200.0,1100.0,2039.0,0,1000000000.00,0.000000
-175.0,1100.0,2018.2,0,1000000000.00,0.000000
-150.0,1100.0,1997.5,0,1000000000.00,0.000000
-125.0,1100.0,1976.9,0,1000000000.00,0.000000
-100.0,1100.0,1956.4,0,1000000000.00,0.000000
-75.0,1100.0,1936.0,0,1000000000.00,0.000000
-50.0,1100.0,1915.7,0,1000000000.00,0.000000
-25.0,1100.0,1895.6,0,1000000000.00,0.000000
0.0,1100.0,1875.5,0,1000000000.00,0.000000
25.0,1100.0,1855.6,0,1000000000.00,0.000000
50.0,1100.0,1835.8,0,1000000000.00,0.000000
75.0,1100.0,1816.1,0,1000000000.00,0.000000
100.0,1100.0,1796.6,0,1000000000.00,0.000000
125.0,1100.0,1777.2,0,1000000000.00,0.000000
150.0,1100.0,1757.9,0,1000000000.00,0.000000
175.0,1100.0,1738.8,0,1000000000.00,0.000000
200.0,1100.0,1719.8,0,1000000000.00,0.000000
225.0,1100.0,1701.0,0,1000000000.00,0.000000
250.0,1100.0,1682.3,0,1000000000.00,0.000000
275.0,1100.0,1663.8,0,1000000000.00,0.000000
300.0,1100.0,1645.5,0,1000000000.00,0.000000
325.0,1100.0,1627.4,0,1000000000.00,0.000000
350.0,1100.0,1609.4,0,1000000000.00,0.000000
375.0,1100.0,1591.7,0,1000000000.00,0.000000
400.0,1100.0,1574.1,0,1000000000.00,0.000000
425.0,1100.0,1556.7,0,1000000000.00,0.000000
450.0,1100.0,1539.6,0,1000000000.00,0.000000
475.0,1100.0,1522.6,0,1000000000.00,0.000000
500.0,1100.0,1505.9,0,1000000000.00,0.000000
525.0,1100.0,1489.4,0,1000000000.00,0.000000
550.0,1100.0,1473.2,0,1000000000.00,0.000000
575.0,1100.0,1457.2,0,1000000000.00,0.000000
600.0,1100.0,1441.5,0,1000000000.00,0.000000
625.0,1100.0,1426.0,0,1000000000.00,0.000000
650.0,1100.0,1410.8,0,1000000000.00,0.000000
675.0,1100.0,1395.9,0,1000000000.00,0.000000
700.0,1100.0,1381.3,0,1000000000.00,0.000000
725.0,1100.0,1366.9,0,1000000000.00,0.000000
750.0,1100.0,1352.9,0,1000000000.00,0.000000
775.0,1100.0,1342.8,0,1000000000.00,0.000000
800.0,1100.0,1357.3,0,1000000000.00,0.000000
825.0,1100.0,1372.1,0,1000000000.00,0.000000
850.0,1100.0,1387.2,0,1000000000.00,0.000000
875.0,1100.0,1402.5,0,1000000000.00,0.000000
900.0,1100.0,1418.2,0,1000000000.00,0.000000
925.0,1100.0,1434.1,0,1000000000.00,0.000000
950.0,1100.0,1450.2,0,1000000000.00,0.000000
975.0,1100.0,1466.7,0,1000000000.00,0.000000
1000.0,1100.0,1483.3,0,1000000000.00,0.000000
1025.0,1100.0,1500.2,0,1000000000.00,0.000000
1050.0,1100.0,1517.3,0,1000000000.00,0.000000
1075.0,1100.0,1534.6,0,1000000000.00,0.000000
1100.0,1100.0,1552.2,0,1000000000.00,0.000000
1125.0,1100.0,1569.9,0,1000000000.00,0.000000
1150.0,1100.0,1587.8,0,1000000000.00,0.000000
1175.0,1100.0,1606.0,0,1000000000.00,0.000000
1200.0,1100.0,1624.3,0,1000000000.00,0.000000
1225.0,1100.0,1642.7,0,1000000000.00,0.000000
1250.0,1100.0,1661.4,0,1000000000.00,0.000000
1275.0,1100.0,1680.2,0,1000000000.00,0.000000
1300.0,1100.0,1699.2,0,1000000000.00,0.000000
1325.0,1100.0,1718.3,0,1000000000.00,0.000000
1350.0,1100.0,1737.6,0,1000000000.00,0.000000
1375.0,1100.0,1757.0,0,1000000000.00,0.000000
1400.0,1100.0,1776.6,0,1000000000.00,0.000000
1425.0,1100.0,1796.3,0,1000000000.00,0.000000
1450.0,1100.0,1816.1,0,1000000000.00,0.000000
1475.0,1100.0,1836.1,0,1000000000.00,0.000000
1500.0,1100.0,1856.1,0,1000000000.00,0.000000
1525.0,1100.0,1876.3,0,1000000000.00,0.000000
1550.0,1100.0,1896.6,0,1000000000.00,0.000000
1575.0,1100.0,1917.1,0,1000000000.00,0.000000
1600.0,1100.0,1937.6,0,1000000000.00,0.000000
1625.0,1100.0,1958.2,0,1000000000.00,0.000000
1650.0,1100.0,1978.9,0,1000000000.00,0.000000
1675.0,1100.0,1999.8,0,1000000000.00,0.000000
1700.0,1100.0,2020.7,0,1000000000.00,0.000000
1725.0,1100.0,2041.7,0,1000000000.00,0.000000
1750.0,1100.0,2062.8,0,1000000000.00,0.000000
1775.0,1100.0,2084.0,0,1000000000.00,0.000000
1800.0,1100.0,2105.3,0,1000000000.00,0.000000
-1800.0,1125.0,3494.8,0,1000000000.00,0.000000
-1775.0,1125.0,3471.2,0,1000000000.00,0.000000
-1750.0,1125.0,3447.6,0,1000000000.00,0.000000
-1725.0,1125.0,3424.1,0,1000000000.00,0.000000
-1700.0,1125.0,3400.6,0,1000000000.00,0.000000
-1675.0,1125.0,3377.0,0,1000000000.00,0.000000
-1650.0,1125.0,3353.5,0,1000000000.00,0.000000
-1625.0,1125.0,3330.1,0,1000000000.00,0.000000
-1600.0,1125.0,3306.6,0,1000000000.00,0.000000
-1575.0,1125.0,3283.2,0,1000000000.00,0.000000
-1550.0,1125.0,3259.8,0,1000000000.00,0.000000
-1525.0,1125.0,3236.4,0,1000000000.00,0.000000
-1500.0,1125.0,3213.1,0,1000000000.00,0.000000
-1475.0,1125.0,3189.7,0,1000000000.00,0.000000
-1450.0,1125.0,3166.4,0,1000000000.00,0.000000
-1425.0,1125.0,3143.2,0,1000000000.00,0.000000
-1400.0,1125.0,3119.9,0,1000000000.00,0.000000
-1375.0,1125.0,3096.7,0,1000000000.00,0.000000
-1350.0,1125.0,3073.5,0,1000000000.00,0.000000
-1325.0,1125.0,3050.3,0,1000000000.00,0.000000
-1300.0,1125.0,3027.2,0,1000000000.00,0.000000
-1275.0,1125.0,3004.1,0,1000000000.00,0.000000
-1250.0,1125.0,2981.0,0,1000000000.00,0.000000
-1225.0,1125.0,2958.0,0,1000000000.00,0.000000
-1200.0,1125.0,2935.0,0,1000000000.00,0.000000
-1175.0,1125.0,2912.0,0,1000000000.00,0.000000
-1150.0,1125.0,2889.0,0,1000000000.00,0.000000
-1125.0,1125.0,2866.1,0,1000000000.00,0.000000
-1100.0,1125.0,2843.2,0,1000000000.00,0.000000
-1075.0,1125.0,2820.4,0,1000000000.00,0.000000
-1050.0,1125.0,2797.6,0,1000000000.00,0.000000
-1025.0,1125.0,2774.8,0,1000000000.00,0.000000
-1000.0,1125.0,2752.1,0,1000000000.00,0.000000
-975.0,1125.0,2729.4,0,1000000000.00,0.000000
-950.0,1125.0,2706.8,0,1000000000.00,0.000000
-925.0,1125.0,2684.2,0,1000000000.00,0.000000
-900.0,1125.0,2661.6,0,1000000000.00,0.000000
-875.0,1125.0,2639.1,0,1000000000.00,0.000000
-850.0,1125.0,2616.6,0,1000000000.00,0.000000
-825.0,1125.0,2594.2,0,1000000000.00,0.000000
-800.0,1125.0,2571.8,0,1000000000.00,0.000000
-775.0,1125.0,2549.5,0,1000000000.00,0.000000
-750.0,1125.0,2527.2,0,1000000000.00,0.000000
-725.0,1125.0,2505.0,0,1000000000.00,0.000000
-700.0,1125.0,2482.8,0,1000000000.00,0.000000
-675.0,1125.0,2460.7,0,1000000000.00,0.000000
-650.0,1125.0,2438.6,0,1000000000.00,0.000000
-625.0,1125.0,2416.6,0,1000000000.00,0.000000
-600.0,1125.0,2394.6,0,1000000000.00,0.000000
-575.0,1125.0,2372.7,0,1000000000.00,0.000000
-550.0,1125.0,2350.9,0,1000000000.00,0.000000
-525.0,1125.0,2329.1,0,1000000000.00,0.000000
-500.0,1125.0,2307.4,0,1000000000.00,0.000000
-475.0,1125.0,2285.8,0,1000000000.00,0.000000
-450.0,1125.0,2264.2,0,1000000000.00,0.000000
-425.0,1125.0,2242.8,0,1000000000.00,0.000000
-400.0,1125.0,2221.3,0,1000000000.00,0.000000
-375.0,1125.0,2200.0,0,1000000000.00,0.000000
-350.0,1125.0,2178.7,0,1000000000.00,0.000000
-325.0,1125.0,2157.5,0,1000000000.00,0.000000
-300.0,1125.0,2136.4,0,1000000000.00,0.000000
-275.0,1125.0,2115.4,0,1000000000.00,0.000000
-250.0,1125.0,2094.5,0,1000000000.00,0.000000
-225.0,1125.0,2073.7,0,1000000000.00,0.000000
-200.0,1125.0,2052.9,0,1000000000.00,0.000000
-175.0,1125.0,2032.3,0,1000000000.00,0.000000
-150.0,1125.0,2011.7,0,1000000000.00,0.000000
-125.0,1125.0,1991.3,0,1000000000.00,0.000000
-100.0,1125.0,1970.9,0,1000000000.00,0.000000
-75.0,1125.0,1950.7,0,1000000000.00,0.000000
-50.0,1125.0,1930.5,0,1000000000.00,0.000000
-25.0,1125.0,1910.5,0,1000000000.00,0.000000
0.0,1125.0,1890.6,0,1000000000.00,0.000000
25.0,1125.0,1870.9,0,1000000000.00,0.000000
50.0,1125.0,1851.2,0,1000000000.00,0.000000
75.0,1125.0,1831.7,0,1000000000.00,0.000000
100.0,1125.0,1812.3,0,1000000000.00,0.000000
125.0,1125.0,1793.1,0,1000000000.00,0.000000
150.0,1125.0,1774.0,0,1000000000.00,0.000000
175.0,1125.0,1755.1,0,1000000000.00,0.000000
200.0,1125.0,1736.3,0,1000000000.00,0.000000
225.0,1125.0,1717.6,0,1000000000.00,0.000000
250.0,1125.0,1699.2,0,1000000000.00,0.000000
275.0,1125.0,1680.9,0,1000000000.00,0.000000
300.0,1125.0,1662.7,0,1000000000.00,0.000000
325.0,1125.0,1644.8,0,1000000000.00,0.000000
350.0,1125.0,1627.0,0,1000000000.00,0.000000
375.0,1125.0,1609.4,0,1000000000.00,0.000000
400.0,1125.0,1592.1,0,1000000000.00,0.000000
425.0,1125.0,1574.9,0,1000000000.00,0.000000
450.0,1125.0,1558.0,0,1000000000.00,0.000000
475.0,1125.0,1541.2,0,1000000000.00,0.000000
500.0,1125.0,1524.7,0,1000000000.00,0.000000
525.0,1125.0,1508.4,0,1000000000.00,0.000000
550.0,1125.0,1492.4,0,1000000000.00,0.000000
575.0,1125.0,1476.6,0,1000000000.00,0.000000
600.0,1125.0,1461.1,0,1000000000.00,0.000000
625.0,1125.0,1445.8,0,1000000000.00,0.000000
650.0,1125.0,1430.8,0,1000000000.00,0.000000
675.0,1125.0,1416.1,0,1000000000.00,0.000000
700.0,1125.0,1401.7,0,1000000000.00,0.000000
725.0,1125.0,1387.6,0,1000000000.00,0.000000
750.0,1125.0,1373.8,0,1000000000.00,0.000000
775.0,1125.0,1363.3,0,1000000000.00,0.000000
800.0,1125.0,1377.6,0,1000000000.00,0.000000
825.0,1125.0,1392.2,0,1000000000.00,0.000000
850.0,1125.0,1407.1,0,1000000000.00,0.000000
875.0,1125.0,1422.2,0,1000000000.00,0.000000
900.0,1125.0,1437.7,0,1000000000.00,0.000000
925.0,1125.0,1453.3,0,1000000000.00,0.000000
950.0,1125.0,1469.3,0,1000000000.00,0.000000
975.0,1125.0,1485.5,0,1000000000.00,0.000000
1000.0,1125.0,1501.9,0,1000000000.00,0.000000
1025.0,1125.0,1518.6,0,1000000000.00,0.000000
1050.0,1125.0,1535.5,0,1000000000.00,0.000000
1075.0,1125.0,1552.7,0,1000000000.00,0.000000
1100.0,1125.0,1570.0,0,1000000000.00,0.000000
1125.0,1125.0,1587.5,0,1000000000.00,0.000000
1150.0,1125.0,1605.3,0,1000000000.00,0.000000
1175.0,1125.0,1623.2,0,1000000000.00,0.000000
1200.0,1125.0,1641.3,0,1000000000.00,0.000000
1225.0,1125.0,1659.6,0,1000000000.00,0.000000
1250.0,1125.0,1678.0,0,1000000000.00,0.000000
1275.0,1125.0,1696.7,0,1000000000.00,0.000000
1300.0,1125.0,1715.5,0,1000000000.00,0.000000
1325.0,1125.0,1734.4,0,1000000000.00,0.000000
1350.0,1125.0,1753.5,0,1000000000.00,0.000000
1375.0,1125.0,1772.8,0,1000000000.00,0.000000
1400.0,1125.0,1792.2,0,1000000000.00,0.000000
1425.0,1125.0,1811.7,0,1000000000.00,0.000000
1450.0,1125.0,1831.4,0,1000000000.00,0.000000
1475.0,1125.0,1851.1,0,1000000000.00,0.000000
1500.0,1125.0,1871.1,0,1000000000.00,0.000000
1525.0,1125.0,1891.1,0,1000000000.00,0.000000
1550.0,1125.0,1911.2,0,1000000000.00,0.000000
1575.0,1125.0,1931.5,0,1000000000.00,0.000000
1600.0,1125.0,1951.9,0,1000000000.00,0.000000
1625.0,1125.0,1972.4,0,1000000000.00,0.000000
1650.0,1125.0,1992.9,0,1000000000.00,0.000000
1675.0,1125.0,2013.6,0,1000000000.00,0.000000
1700.0,1125.0,2034.4,0,1000000000.00,0.000000
1725.0,1125.0,2055.3,0,1000000000.00,0.000000
1750.0,1125.0,2076.3,0,1000000000.00,0.000000
1775.0,1125.0,2097.3,0,1000000000.00,0.000000
1800.0,1125.0,2118.5,0,1000000000.00,0.000000
-1800.0,1150.0,3503.1,0,1000000000.00,0.000000
-1775.0,1150.0,3479.6,0,1000000000.00,0.000000
-1750.0,1150.0,3456.1,0,1000000000.00,0.000000
-1725.0,1150.0,3432.6,0,1000000000.00,0.000000
-1700.0,1150.0,3409.1,0,1000000000.00,0.000000
-1675.0,1150.0,3385.6,0,1000000000.00,0.000000
-1650.0,1150.0,3362.2,0,1000000000.00,0.000000
-1625.0,1150.0,3338.8,0,1000000000.00,0.000000
-1600.0,1150.0,3315.4,0,1000000000.00,0.000000
-1575.0,1150.0,3292.1,0,1000000000.00,0.000000
-1550.0,1150.0,3268.7,0,1000000000.00,0.000000
-1525.0,1150.0,3245.4,0,1000000000.00,0.000000
-1500.0,1150.0,3222.1,0,1000000000.00,0.000000
-1475.0,1150.0,3198.9,0,1000000000.00,0.000000
-1450.0,1150.0,3175.6,0,1000000000.00,0.000000
-1425.0,1150.0,3152.4,0,1000000000.00,0.000000
-1400.0,1150.0,3129.2,0,1000000000.00,0.000000
-1375.0,1150.0,3106.1,0,1000000000.00,0.000000
-1350.0,1150.0,3083.0,0,1000000000.00,0.000000
-1325.0,1150.0,3059.9,0,1000000000.00,0.000000
-1300.0,1150.0,3036.8,0,1000000000.00,0.000000
-1275.0,1150.0,3013.8,0,1000000000.00,0.000000
-1250.0,1150.0,2990.8,0,1000000000.00,0.000000
-1225.0,1150.0,2967.8,0,1000000000.00,0.000000
-1200.0,1150.0,2944.9,0,1000000000.00,0.000000
-1175.0,1150.0,2922.0,0,1000000000.00,0.000000
-1150.0,1150.0,2899.1,0,1000000000.00,0.000000
-1125.0,1150.0,2876.3,0,1000000000.00,0.000000
-1100.0,1150.0,2853.5,0,1000000000.00,0.000000
-1075.0,1150.0,2830.7,0,1000000000.00,0.000000
-1050.0,1150.0,2808.0,0,1000000000.00,0.000000
-1025.0,1150.0,2785.3,0,1000000000.00,0.000000
-1000.0,1150.0,2762.7,0,1000000000.00,0.000000
-975.0,1150.0,2740.1,0,1000000000.00,0.000000
-950.0,1150.0,2717.5,0,1000000000.00,0.000000
-925.0,1150.0,2695.0,0,1000000000.00,0.000000
-900.0,1150.0,2672.5,0,1000000000.00,0.000000
-875.0,1150.0,2650.1,0,1000000000.00,0.000000
-850.0,1150.0,2627.7,0,1000000000.00,0.000000
-825.0,1150.0,2605.4,0,1000000000.00,0.000000
-800.0,1150.0,2583.1,0,1000000000.00,0.000000
-775.0,1150.0,2560.9,0,1000000000.00,0.000000
-750.0,1150.0,2538.7,0,1000000000.00,0.000000
-725.0,1150.0,2516.5,0,1000000000.00,0.000000
-700.0,1150.0,2494.5,0,1000000000.00,0.000000
-675.0,1150.0,2472.5,0,1000000000.00,0.000000
-650.0,1150.0,2450.5,0,1000000000.00,0.000000
-625.0,1150.0,2428.6,0,1000000000.00,0.000000
-600.0,1150.0,2406.7,0,1000000000.00,0.000000
-575.0,1150.0,2385.0,0,1000000000.00,0.000000
-550.0,1150.0,2363.3,0,1000000000.00,0.000000
-525.0,1150.0,2341.6,0,1000000000.00,0.000000
-500.0,1150.0,2320.0,0,1000000000.00,0.000000
-475.0,1150.0,2298.5,0,1000000000.00,0.000000
-450.0,1150.0,2277.1,0,1000000000.00,0.000000
-425.0,1150.0,2255.7,0,1000000000.00,0.000000
-400.0,1150.0,2234.4,0,1000000000.00,0.000000
-375.0,1150.0,2213.2,0,1000000000.00,0.000000
-350.0,1150.0,2192.0,0,1000000000.00,0.000000
-325.0,1150.0,2171.0,0,1000000000.00,0.000000
-300.0,1150.0,2150.0,0,1000000000.00,0.000000
-275.0,1150.0,2129.1,0,1000000000.00,0.000000
-250.0,1150.0,2108.3,0,1000000000.00,0.000000
-225.0,1150.0,2087.6,0,1000000000.00,0.000000
-200.0,1150.0,2067.0,0,1000000000.00,0.000000
-175.0,1150.0,2046.5,0,1000000000.00,0.000000
-150.0,1150.0,2026.1,0,1000000000.00,0.000000
-125.0,1150.0,2005.8,0,1000000000.00,0.000000
-100.0,1150.0,1985.6,0,1000000000.00,0.000000
-75.0,1150.0,1965.5,0,1000000000.00,0.000000
-50.0,1150.0,1945.6,0,1000000000.00,0.000000
-25.0,1150.0,1925.7,0,1000000000.00,0.000000
0.0,1150.0,1906.0,0,1000000000.00,0.000000
25.0,1150.0,1886.4,0,1000000000.00,0.000000
50.0,1150.0,1866.9,0,1000000000.00,0.000000
75.0,1150.0,1847.5,0,1000000000.00,0.000000
100.0,1150.0,1828.3,0,1000000000.00,0.000000
125.0,1150.0,1809.3,0,1000000000.00,0.000000
150.0,1150.0,1790.3,0,1000000000.00,0.000000
175.0,1150.0,1771.6,0,1000000000.00,0.000000
200.0,1150.0,1752.9,0,1000000000.00,0.000000
225.0,1150.0,1734.5,0,1000000000.00,0.000000
250.0,1150.0,1716.2,0,1000000000.00,0.000000
275.0,1150.0,1698.1,0,1000000000.00,0.000000
300.0,1150.0,1680.1,0,1000000000.00,0.000000
325.0,1150.0,1662.4,0,1000000000.00,0.000000
350.0,1150.0,1644.8,0,1000000000.00,0.000000
375.0,1150.0,1627.4,0,1000000000.00,0.000000
400.0,1150.0,1610.2,0,1000000000.00,0.000000
425.0,1150.0,1593.3,0,1000000000.00,0.000000
450.0,1150.0,1576.5,0,1000000000.00,0.000000
475.0,1150.0,1560.0,0,1000000000.00,0.000000
500.0,1150.0,1543.7,0,1000000000.00,0.000000
525.0,1150.0,1527.6,0,1000000000.00,0.000000
550.0,1150.0,1511.8,0,1000000000.00,0.000000
575.0,1150.0,1496.2,0,1000000000.00,0.000000
600.0,1150.0,1480.9,0,1000000000.00,0.000000
625.0,1150.0,1465.8,0,1000000000.00,0.000000
650.0,1150.0,1451.0,0,1000000000.00,0.000000
675.0,1150.0,1436.5,0,1000000000.00,0.000000
700.0,1150.0,1422.3,0,1000000000.00,0.000000
725.0,1150.0,1408.4,0,1000000000.00,0.000000
750.0,1150.0,1394.8,0,1000000000.00,0.000000
775.0,1150.0,1384.1,0,1000000000.00,0.000000
800.0,1150.0,1398.1,0,1000000000.00,0.000000
825.0,1150.0,1412.5,0,1000000000.00,0.000000
850.0,1150.0,1427.1,0,1000000000.00,0.000000
875.0,1150.0,1442.1,0,1000000000.00,0.000000
900.0,1150.0,1457.3,0,1000000000.00,0.000000
925.0,1150.0,1472.8,0,1000000000.00,0.000000
950.0,1150.0,1488.5,0,1000000000.00,0.000000
975.0,1150.0,1504.5,0,1000000000.00,0.000000
1000.0,1150.0,1520.8,0,1000000000.00,0.000000
1025.0,1150.0,1537.2,0,1000000000.00,0.000000
1050.0,1150.0,1553.9,0,1000000000.00,0.000000
1075.0,1150.0,1570.9,0,1000000000.00,0.000000
1100.0,1150.0,1588.0,0,1000000000.00,0.000000
1125.0,1150.0,1605.3,0,1000000000.00,0.000000
1150.0,1150.0,1622.9,0,1000000000.00,0.000000
1175.0,1150.0,1640.6,0,1000000000.00,0.000000
1200.0,1150.0,1658.5,0,1000000000.00,0.000000
1225.0,1150.0,1676.6,0,1000000000.00,0.000000
1250.0,1150.0,1694.9,0,1000000000.00,0.000000
1275.0,1150.0,1713.4,0,1000000000.00,0.000000
1300.0,1150.0,1732.0,0,1000000000.00,0.000000
1325.0,1150.0,1750.7,0,1000000000.00,0.000000
1350.0,1150.0,1769.7,0,1000000000.00,0.000000
1375.0,1150.0,1788.7,0,1000000000.00,0.000000
1400.0,1150.0,1808.0,0,1000000000.00,0.000000
1425.0,1150.0,1827.3,0,1000000000.00,0.000000
1450.0,1150.0,1846.8,0,1000000000.00,0.000000
1475.0,1150.0,1866.4,0,1000000000.00,0.000000
1500.0,1150.0,1886.2,0,1000000000.00,0.000000
1525.0,1150.0,1906.1,0,1000000000.00,0.000000
1550.0,1150.0,1926.1,0,1000000000.00,0.000000
1575.0,1150.0,1946.2,0,1000000000.00,0.000000
1600.0,1150.0,1966.4,0,1000000000.00,0.000000
1625.0,1150.0,1986.7,0,1000000000.00,0.000000
1650.0,1150.0,2007.2,0,1000000000.00,0.000000
1675.0,1150.0,2027.7,0,1000000000.00,0.000000
1700.0,1150.0,2048.3,0,1000000000.00,0.000000
1725.0,1150.0,2069.1,0,1000000000.00,0.000000
1750.0,1150.0,2089.9,0,1000000000.00,0.000000
1775.0,1150.0,2110.8,0,1000000000.00,0.000000
1800.0,1150.0,2131.8,0,1000000000.00,0.000000
-1800.0,1175.0,3511.6,0,1000000000.00,0.000000
-1775.0,1175.0,3488.1,0,1000000000.00,0.000000
-1750.0,1175.0,3464.7,0,1000000000.00,0.000000
-1725.0,1175.0,3441.2,0,1000000000.00,0.000000
-1700.0,1175.0,3417.8,0,1000000000.00,0.000000
-1675.0,1175.0,3394.4,0,1000000000.00,0.000000
-1650.0,1175.0,3371.0,0,1000000000.00,0.000000
-1625.0,1175.0,3347.7,0,1000000000.00,0.000000
-1600.0,1175.0,3324.4,0,1000000000.00,0.000000
-1575.0,1175.0,3301.1,0,1000000000.00,0.000000
-1550.0,1175.0,3277.8,0,1000000000.00,0.000000
-1525.0,1175.0,3254.5,0,1000000000.00,0.000000
-1500.0,1175.0,3231.3,0,1000000000.00,0.000000
-1475.0,1175.0,3208.1,0,1000000000.00,0.000000
-1450.0,1175.0,3185.0,0,1000000000.00,0.000000
-1425.0,1175.0,3161.8,0,1000000000.00,0.000000
-1400.0,1175.0,3138.7,0,1000000000.00,0.000000
-1375.0,1175.0,3115.6,0,1000000000.00,0.000000
-1350.0,1175.0,3092.6,0,1000000000.00,0.000000
-1325.0,1175.0,3069.6,0,1000000000.00,0.000000
-1300.0,1175.0,3046.6,0,1000000000.00,0.000000
-1275.0,1175.0,3023.6,0,1000000000.00,0.000000
-1250.0,1175.0,3000.7,0,1000000000.00,0.000000
-1225.0,1175.0,2977.8,0,1000000000.00,0.000000
-1200.0,1175.0,2954.9,0,1000000000.00,0.000000
-1175.0,1175.0,2932.1,0,1000000000.00,0.000000
-1150.0,1175.0,2909.3,0,1000000000.00,0.000000
-1125.0,1175.0,2886.6,0,1000000000.00,0.000000
-1100.0,1175.0,2863.9,0,1000000000.00,0.000000
-1075.0,1175.0,2841.2,0,1000000000.00,0.000000
-1050.0,1175.0,2818.5,0,1000000000.00,0.000000
-1025.0,1175.0,2795.9,0,1000000000.00,0.000000
-1000.0,1175.0,2773.4,0,1000000000.00,0.000000
-975.0,1175.0,2750.9,0,1000000000.00,0.000000
-950.0,1175.0,2728.4,0,1000000000.00,0.000000
-925.0,1175.0,2706.0,0,1000000000.00,0.000000
-900.0,1175.0,2683.6,0,1000000000.00,0.000000
-875.0,1175.0,2661.3,0,1000000000.00,0.000000
-850.0,1175.0,2639.0,0,1000000000.00,0.000000
-825.0,1175.0,2616.8,0,1000000000.00,0.000000
-800.0,1175.0,2594.6,0,1000000000.00,0.000000
-775.0,1175.0,2572.4,0,1000000000.00,0.000000
-750.0,1175.0,2550.4,0,1000000000.00,0.000000
-725.0,1175.0,2528.3,0,1000000000.00,0.000000
-700.0,1175.0,2506.4,0,1000000000.00,0.000000
-675.0,1175.0,2484.4,0,1000000000.00,0.000000
-650.0,1175.0,2462.6,0,1000000000.00,0.000000
-625.0,1175.0,2440.8,0,1000000000.00,0.000000
-600.0,1175.0,2419.1,0,1000000000.00,0.000000
-575.0,1175.0,2397.4,0,1000000000.00,0.000000
-550.0,1175.0,2375.8,0,1000000000.00,0.000000
-525.0,1175.0,2354.3,0,1000000000.00,0.000000
-500.0,1175.0,2332.8,0,1000000000.00,0.000000
-475.0,1175.0,2311.4,0,1000000000.00,0.000000
-450.0,1175.0,2290.1,0,1000000000.00,0.000000
-425.0,1175.0,2268.8,0,1000000000.00,0.000000
-400.0,1175.0,2247.7,0,1000000000.00,0.000000
-375.0,1175.0,2226.6,0,1000000000.00,0.000000
-350.0,1175.0,2205.6,0,1000000000.00,0.000000
-325.0,1175.0,2184.6,0,1000000000.00,0.000000
-300.0,1175.0,2163.8,0,1000000000.00,0.000000
-275.0,1175.0,2143.0,0,1000000000.00,0.000000
-250.0,1175.0,2122.4,0,1000000000.00,0.000000
-225.0,1175.0,2101.8,0,1000000000.00,0.000000
-200.0,1175.0,2081.4,0,1000000000.00,0.000000
-175.0,1175.0,2061.0,0,1000000000.00,0.000000
-150.0,1175.0,2040.7,0,1000000000.00,0.000000
-125.0,1175.0,2020.6,0,1000000000.00,0.000000
-100.0,1175.0,2000.5,0,1000000000.00,0.000000
-75.0,1175.0,1980.6,0,1000000000.00,0.000000
-50.0,1175.0,1960.8,0,1000000000.00,0.000000
-25.0,1175.0,1941.1,0,1000000000.00,0.000000
0.0,1175.0,1921.5,0,1000000000.00,0.000000
25.0,1175.0,1902.0,0,1000000000.00,0.000000
50.0,1175.0,1882.7,0,1000000000.00,0.000000
75.0,1175.0,1863.5,0,1000000000.00,0.000000
100.0,1175.0,1844.5,0,1000000000.00,0.000000
125.0,1175.0,1825.6,0,1000000000.00,0.000000
150.0,1175.0,1806.9,0,1000000000.00,0.000000
175.0,1175.0,1788.3,0,1000000000.00,0.000000
200.0,1175.0,1769.8,0,1000000000.00,0.000000
225.0,1175.0,1751.5,0,1000000000.00,0.000000
250.0,1175.0,1733.4,0,1000000000.00,0.000000
275.0,1175.0,1715.5,0,1000000000.00,0.000000
300.0,1175.0,1697.7,0,1000000000.00,0.000000
325.0,1175.0,1680.2,0,1000000000.00,0.000000
350.0,1175.0,1662.8,0,1000000000.00,0.000000
375.0,1175.0,1645.6,0,1000000000.00,0.000000
400.0,1175.0,1628.6,0,1000000000.00,0.000000
425.0,1175.0,1611.8,0,1000000000.00,0.000000
450.0,1175.0,1595.3,0,1000000000.00,0.000000
475.0,1175.0,1578.9,0,1000000000.00,0.000000
500.0,1175.0,1562.8,0,1000000000.00,0.000000
525.0,1175.0,1546.9,0,1000000000.00,0.000000
550.0,1175.0,1531.3,0,1000000000.00,0.000000
575.0,1175.0,1515.9,0,1000000000.00,0.000000
600.0,1175.0,1500.8,0,1000000000.00,0.000000
625.0,1175.0,1486.0,0,1000000000.00,0.000000
650.0,1175.0,1471.4,0,1000000000.00,0.000000
675.0,1175.0,1457.1,0,1000000000.00,0.000000
700.0,1175.0,1443.1,0,1000000000.00,0.000000
725.0,1175.0,1429.4,0,1000000000.00,0.000000
750.0,1175.0,1416.0,0,1000000000.00,0.000000
775.0,1175.0,1404.9,0,1000000000.00,0.000000
800.0,1175.0,1418.8,0,1000000000.00,0.000000
825.0,1175.0,1432.9,0,1000000000.00,0.000000
850.0,1175.0,1447.4,0,1000000000.00,0.000000
875.0,1175.0,1462.1,0,1000000000.00,0.000000
900.0,1175.0,1477.1,0,1000000000.00,0.000000
925.0,1175.0,1492.4,0,1000000000.00,0.000000
950.0,1175.0,1507.9,0,1000000000.00,0.000000
975.0,1175.0,1523.7,0,1000000000.00,0.000000
1000.0,1175.0,1539.8,0,1000000000.00,0.000000
1025.0,1175.0,1556.0,0,1000000000.00,0.000000
1050.0,1175.0,1572.5,0,1000000000.00,0.000000
1075.0,1175.0,1589.3,0,1000000000.00,0.000000
1100.0,1175.0,1606.2,0,1000000000.00,0.000000
1125.0,1175.0,1623.3,0,1000000000.00,0.000000
1150.0,1175.0,1640.7,0,1000000000.00,0.000000
1175.0,1175.0,1658.2,0,1000000000.00,0.000000
1200.0,1175.0,1676.0,0,1000000000.00,0.000000
1225.0,1175.0,1693.9,0,1000000000.00,0.000000
1250.0,1175.0,1712.0,0,1000000000.00,0.000000
1275.0,1175.0,1730.2,0,1000000000.00,0.000000
1300.0,1175.0,1748.7,0,1000000000.00,0.000000
1325.0,1175.0,1767.3,0,1000000000.00,0.000000
1350.0,1175.0,1786.0,0,1000000000.00,0.000000
1375.0,1175.0,1804.9,0,1000000000.00,0.000000
1400.0,1175.0,1824.0,0,1000000000.00,0.000000
1425.0,1175.0,1843.2,0,1000000000.00,0.000000
1450.0,1175.0,1862.5,0,1000000000.00,0.000000
1475.0,1175.0,1881.9,0,1000000000.00,0.000000
1500.0,1175.0,1901.5,0,1000000000.00,0.000000
1525.0,1175.0,1921.3,0,1000000000.00,0.000000
1550.0,1175.0,1941.1,0,1000000000.00,0.000000
1575.0,1175.0,1961.1,0,1000000000.00,0.000000
1600.0,1175.0,1981.1,0,1000000000.00,0.000000
1625.0,1175.0,2001.3,0,1000000000.00,0.000000
1650.0,1175.0,2021.6,0,1000000000.00,0.000000
1675.0,1175.0,2042.0,0,1000000000.00,0.000000
1700.0,1175.0,2062.5,0,1000000000.00,0.000000
1725.0,1175.0,2083.1,0,1000000000.00,0.000000
1750.0,1175.0,2103.8,0,1000000000.00,0.000000
1775.0,1175.0,2124.6,0,1000000000.00,0.000000
1800.0,1175.0,2145.4,0,1000000000.00,0.000000
-1800.0,1200.0,3520.2,0,1000000000.00,0.000000
-1775.0,1200.0,3496.8,0,1000000000.00,0.000000
-1750.0,1200.0,3473.4,0,1000000000.00,0.000000
-1725.0,1200.0,3450.0,0,1000000000.00,0.000000
-1700.0,1200.0,3426.7,0,1000000000.00,0.000000
-1675.0,1200.0,3403.3,0,1000000000.00,0.000000
-1650.0,1200.0,3380.0,0,1000000000.00,0.000000
-1625.0,1200.0,3356.7,0,1000000000.00,0.000000
-1600.0,1200.0,3333.5,0,1000000000.00,0.000000
-1575.0,1200.0,3310.2,0,1000000000.00,0.000000
-1550.0,1200.0,3287.0,0,1000000000.00,0.000000
-1525.0,1200.0,3263.9,0,1000000000.00,0.000000
-1500.0,1200.0,3240.7,0,1000000000.00,0.000000
-1475.0,1200.0,3217.6,0,1000000000.00,0.000000
-1450.0,1200.0,3194.5,0,1000000000.00,0.000000
-1425.0,1200.0,3171.4,0,1000000000.00,0.000000
-1400.0,1200.0,3148.4,0,1000000000.00,0.000000
-1375.0,1200.0,3125.4,0,1000000000.00,0.000000
-1350.0,1200.0,3102.4,0,1000000000.00,0.000000
-1325.0,1200.0,3079.4,0,1000000000.00,0.000000
-1300.0,1200.0,3056.5,0,1000000000.00,0.000000
-1275.0,1200.0,3033.6,0,1000000000.00,0.000000
-1250.0,1200.0,3010.8,0,1000000000.00,0.000000
-1225.0,1200.0,2988.0,0,1000000000.00,0.000000
-1200.0,1200.0,2965.2,0,1000000000.00,0.000000
-1175.0,1200.0,2942.4,0,1000000000.00,0.000000
-1150.0,1200.0,2919.7,0,1000000000.00,0.000000
-1125.0,1200.0,2897.1,0,1000000000.00,0.000000
-1100.0,1200.0,2874.4,0,1000000000.00,0.000000
-1075.0,1200.0,2851.8,0,1000000000.00,0.000000
-1050.0,1200.0,2829.3,0,1000000000.00,0.000000
-1025.0,1200.0,2806.8,0,1000000000.00,0.000000
-1000.0,1200.0,2784.3,0,1000000000.00,0.000000
-975.0,1200.0,2761.9,0,1000000000.00,0.000000
-950.0,1200.0,2739.5,0,1000000000.00,0.000000
-925.0,1200.0,2717.2,0,1000000000.00,0.000000
-900.0,1200.0,2694.9,0,1000000000.00,0.000000
-875.0,1200.0,2672.6,0,1000000000.00,0.000000
-850.0,1200.0,2650.5,0,1000000000.00,0.000000
-825.0,1200.0,2628.3,0,1000000000.00,0.000000
-800.0,1200.0,2606.2,0,1000000000.00,0.000000
-775.0,1200.0,2584.2,0,1000000000.00,0.000000
-750.0,1200.0,2562.2,0,1000000000.00,0.000000
-725.0,1200.0,2540.3,0,1000000000.00,0.000000
-700.0,1200.0,2518.4,0,1000000000.00,0.000000
-675.0,1200.0,2496.6,0,1000000000.00,0.000000
-650.0,1200.0,2474.9,0,1000000000.00,0.000000
-625.0,1200.0,2453.2,0,1000000000.00,0.000000
-600.0,1200.0,2431.6,0,1000000000.00,0.000000
-575.0,1200.0,2410.0,0,1000000000.00,0.000000
-550.0,1200.0,2388.5,0,1000000000.00,0.000000
-525.0,1200.0,2367.1,0,1000000000.00,0.000000
-500.0,1200.0,2345.8,0,1000000000.00,0.000000
-475.0,1200.0,2324.5,0,1000000000.00,0.000000
-450.0,1200.0,2303.3,0,1000000000.00,0.000000
-425.0,1200.0,2282.2,0,1000000000.00,0.000000
-400.0,1200.0,2261.1,0,1000000000.00,0.000000
-375.0,1200.0,2240.2,0,1000000000.00,0.000000
-350.0,1200.0,2219.3,0,1000000000.00,0.000000
-325.0,1200.0,2198.5,0,1000000000.00,0.000000
-300.0,1200.0,2177.8,0,1000000000.00,0.000000
-275.0,1200.0,2157.2,0,1000000000.00,0.000000
-250.0,1200.0,2136.6,0,1000000000.00,0.000000
-225.0,1200.0,2116.2,0,1000000000.00,0.000000
-200.0,1200.0,2095.9,0,1000000000.00,0.000000
-175.0,1200.0,2075.7,0,1000000000.00,0.000000
-150.0,1200.0,2055.5,0,1000000000.00,0.000000
-125.0,1200.0,2035.5,0,1000000000.00,0.000000
-100.0,1200.0,2015.6,0,1000000000.00,0.000000
-75.0,1200.0,1995.9,0,1000000000.00,0.000000
-50.0,1200.0,1976.2,0,1000000000.00,0.000000
-25.0,1200.0,1956.6,0,1000000000.00,0.000000
0.0,1200.0,1937.2,0,1000000000.00,0.000000
25.0,1200.0,1917.9,0,1000000000.00,0.000000
50.0,1200.0,1898.8,0,1000000000.00,0.000000
75.0,1200.0,1879.8,0,1000000000.00,0.000000
100.0,1200.0,1860.9,0,1000000000.00,0.000000
125.0,1200.0,1842.1,0,1000000000.00,0.000000
150.0,1200.0,1823.6,0,1000000000.00,0.000000
175.0,1200.0,1805.1,0,1000000000.00,0.000000
200.0,1200.0,1786.9,0,1000000000.00,0.000000
225.0,1200.0,1768.8,0,1000000000.00,0.000000
250.0,1200.0,1750.8,0,1000000000.00,0.000000
275.0,1200.0,1733.1,0,1000000000.00,0.000000
300.0,1200.0,1715.5,0,1000000000.00,0.000000
325.0,1200.0,1698.1,0,1000000000.00,0.000000
350.0,1200.0,1680.9,0,1000000000.00,0.000000
375.0,1200.0,1663.9,0,1000000000.00,0.000000
400.0,1200.0,1647.1,0,1000000000.00,0.000000
425.0,1200.0,1630.5,0,1000000000.00,0.000000
450.0,1200.0,1614.2,0,1000000000.00,0.000000
475.0,1200.0,1598.0,0,1000000000.00,0.000000
500.0,1200.0,1582.1,0,1000000000.00,0.000000
525.0,1200.0,1566.4,0,1000000000.00,0.000000
550.0,1200.0,1551.0,0,1000000000.00,0.000000
575.0,1200.0,1535.8,0,1000000000.00,0.000000
600.0,1200.0,1520.9,0,1000000000.00,0.000000
625.0,1200.0,1506.2,0,1000000000.00,0.000000
650.0,1200.0,1491.9,0,1000000000.00,0.000000
675.0,1200.0,1477.8,0,1000000000.00,0.000000
700.0,1200.0,1463.9,0,1000000000.00,0.000000
725.0,1200.0,1450.4,0,1000000000.00,0.000000
750.0,1200.0,1437.2,0,1000000000.00,0.000000
775.0,1200.0,1425.9,0,1000000000.00,0.000000
800.0,1200.0,1439.5,0,1000000000.00,0.000000
825.0,1200.0,1453.5,0,1000000000.00,0.000000
850.0,1200.0,1467.7,0,1000000000.00,0.000000
875.0,1200.0,1482.3,0,1000000000.00,0.000000
900.0,1200.0,1497.1,0,1000000000.00,0.000000
925.0,1200.0,1512.2,0,1000000000.00,0.000000
950.0,1200.0,1527.5,0,1000000000.00,0.000000
975.0,1200.0,1543.1,0,1000000000.00,0.000000
1000.0,1200.0,1558.9,0,1000000000.00,0.000000
1025.0,1200.0,1575.0,0,1000000000.00,0.000000
1050.0,1200.0,1591.3,0,1000000000.00,0.000000
1075.0,1200.0,1607.8,0,1000000000.00,0.000000
1100.0,1200.0,1624.6,0,1000000000.00,0.000000
1125.0,1200.0,1641.5,0,1000000000.00,0.000000
1150.0,1200.0,1658.7,0,1000000000.00,0.000000
1175.0,1200.0,1676.0,0,1000000000.00,0.000000
1200.0,1200.0,1693.6,0,1000000000.00,0.000000
1225.0,1200.0,1711.3,0,1000000000.00,0.000000
1250.0,1200.0,1729.2,0,1000000000.00,0.000000
1275.0,1200.0,1747.3,0,1000000000.00,0.000000
1300.0,1200.0,1765.6,0,1000000000.00,0.000000
1325.0,1200.0,1784.0,0,1000000000.00,0.000000
1350.0,1200.0,1802.6,0,1000000000.00,0.000000
1375.0,1200.0,1821.3,0,1000000000.00,0.000000
1400.0,1200.0,1840.2,0,1000000000.00,0.000000
1425.0,1200.0,1859.2,0,1000000000.00,0.000000
1450.0,1200.0,1878.4,0,1000000000.00,0.000000
1475.0,1200.0,1897.7,0,1000000000.00,0.000000
1500.0,1200.0,1917.1,0,1000000000.00,0.000000
1525.0,1200.0,1936.6,0,1000000000.00,0.000000
1550.0,1200.0,1956.3,0,1000000000.00,0.000000
1575.0,1200.0,1976.1,0,1000000000.00,0.000000
1600.0,1200.0,1996.1,0,1000000000.00,0.000000
1625.0,1200.0,2016.1,0,1000000000.00,0.000000
1650.0,1200.0,2036.2,0,1000000000.00,0.000000
1675.0,1200.0,2056.5,0,1000000000.00,0.000000
1700.0,1200.0,2076.8,0,1000000000.00,0.000000
1725.0,1200.0,2097.3,0,1000000000.00,0.000000
1750.0,1200.0,2117.8,0,1000000000.00,0.000000
1775.0,1200.0,2138.5,0,1000000000.00,0.000000
1800.0,1200.0,2159.2,0,1000000000.00,0.000000
-1800.0,1225.0,3529.0,0,1000000000.00,0.000000
-1775.0,1225.0,3505.6,0,1000000000.00,0.000000
-1750.0,1225.0,3482.3,0,1000000000.00,0.000000
-1725.0,1225.0,3459.0,0,1000000000.00,0.000000
-1700.0,1225.0,3435.7,0,1000000000.00,0.000000
-1675.0,1225.0,3412.4,0,1000000000.00,0.000000
-1650.0,1225.0,3389.2,0,1000000000.00,0.000000
-1625.0,1225.0,3366.0,0,1000000000.00,0.000000
-1600.0,1225.0,3342.8,0,1000000000.00,0.000000
-1575.0,1225.0,3319.6,0,1000000000.00,0.000000
-1550.0,1225.0,3296.4,0,1000000000.00,0.000000
-1525.0,1225.0,3273.3,0,1000000000.00,0.000000
-1500.0,1225.0,3250.2,0,1000000000.00,0.000000
-1475.0,1225.0,3227.2,0,1000000000.00,0.000000
-1450.0,1225.0,3204.2,0,1000000000.00,0.000000
-1425.0,1225.0,3181.2,0,1000000000.00,0.000000
-1400.0,1225.0,3158.2,0,1000000000.00,0.000000
-1375.0,1225.0,3135.2,0,1000000000.00,0.000000
-1350.0,1225.0,3112.3,0,1000000000.00,0.000000
-1325.0,1225.0,3089.5,0,1000000000.00,0.000000
-1300.0,1225.0,3066.6,0,1000000000.00,0.000000
-1275.0,1225.0,3043.8,0,1000000000.00,0.000000
-1250.0,1225.0,3021.0,0,1000000000.00,0.000000
-1225.0,1225.0,2998.3,0,1000000000.00,0.000000
-1200.0,1225.0,2975.6,0,1000000000.00,0.000000
-1175.0,1225.0,2952.9,0,1000000000.00,0.000000
-1150.0,1225.0,2930.3,0,1000000000.00,0.000000
-1125.0,1225.0,2907.7,0,1000000000.00,0.000000
-1100.0,1225.0,2885.2,0,1000000000.00,0.000000
-1075.0,1225.0,2862.7,0,1000000000.00,0.000000
-1050.0,1225.0,2840.2,0,1000000000.00,0.000000
-1025.0,1225.0,2817.8,0,1000000000.00,0.000000
-1000.0,1225.0,2795.4,0,1000000000.00,0.000000
-975.0,1225.0,2773.1,0,1000000000.00,0.000000
-950.0,1225.0,2750.8,0,1000000000.00,0.000000
-925.0,1225.0,2728.5,0,1000000000.00,0.000000
-900.0,1225.0,2706.4,0,1000000000.00,0.000000
-875.0,1225.0,2684.2,0,1000000000.00,0.000000
-850.0,1225.0,2662.1,0,1000000000.00,0.000000
-825.0,1225.0,2640.1,0,1000000000.00,0.000000
-800.0,1225.0,2618.1,0,1000000000.00,0.000000
-775.0,1225.0,2596.2,0,1000000000.00,0.000000
-750.0,1225.0,2574.3,0,1000000000.00,0.000000
-725.0,1225.0,2552.5,0,1000000000.00,0.000000
-700.0,1225.0,2530.7,0,1000000000.00,0.000000
-675.0,1225.0,2509.0,0,1000000000.00,0.000000
-650.0,1225.0,2487.4,0,1000000000.00,0.000000
-625.0,1225.0,2465.8,0,1000000000.00,0.000000
-600.0,1225.0,2444.3,0,1000000000.00,0.000000
-575.0,1225.0,2422.8,0,1000000000.00,0.000000
-550.0,1225.0,2401.5,0,1000000000.00,0.000000
-525.0,1225.0,2380.2,0,1000000000.00,0.000000
-500.0,1225.0,2358.9,0,1000000000.00,0.000000
-475.0,1225.0,2337.8,0,1000000000.00,0.000000
-450.0,1225.0,2316.7,0,1000000000.00,0.000000
-425.0,1225.0,2295.7,0,1000000000.00,0.000000
-400.0,1225.0,2274.8,0,1000000000.00,0.000000
-375.0,1225.0,2253.9,0,1000000000.00,0.000000
-350.0,1225.0,2233.2,0,1000000000.00,0.000000
-325.0,1225.0,2212.5,0,1000000000.00,0.000000
-300.0,1225.0,2191.9,0,1000000000.00,0.000000
-275.0,1225.0,2171.5,0,1000000000.00,0.000000
-250.0,1225.0,2151.1,0,1000000000.00,0.000000
-225.0,1225.0,2130.8,0,1000000000.00,0.000000
-200.0,1225.0,2110.6,0,1000000000.00,0.000000
-175.0,1225.0,2090.5,0,1000000000.00,0.000000
-150.0,1225.0,2070.6,0,1000000000.00,0.000000
-125.0,1225.0,2050.7,0,1000000000.00,0.000000
-100.0,1225.0,2030.9,0,1000000000.00,0.000000
-75.0,1225.0,2011.3,0,1000000000.00,0.000000
-50.0,1225.0,1991.8,0,1000000000.00,0.000000
-25.0,1225.0,1972.4,0,1000000000.00,0.000000
0.0,1225.0,1953.1,0,1000000000.00,0.000000
25.0,1225.0,1934.0,0,1000000000.00,0.000000
50.0,1225.0,1915.0,0,1000000000.00,0.000000
75.0,1225.0,1896.2,0,1000000000.00,0.000000
100.0,1225.0,1877.4,0,1000000000.00,0.000000
125.0,1225.0,1858.9,0,1000000000.00,0.000000
150.0,1225.0,1840.5,0,1000000000.00,0.000000
175.0,1225.0,1822.2,0,1000000000.00,0.000000
200.0,1225.0,1804.1,0,1000000000.00,0.000000
225.0,1225.0,1786.2,0,1000000000.00,0.000000
250.0,1225.0,1768.4,0,1000000000.00,0.000000
275.0,1225.0,1750.9,0,1000000000.00,0.000000
300.0,1225.0,1733.5,0,1000000000.00,0.000000
325.0,1225.0,1716.3,0,1000000000.00,0.000000
350.0,1225.0,1699.2,0,1000000000.00,0.000000
375.0,1225.0,1682.4,0,1000000000.00,0.000000
400.0,1225.0,1665.8,0,1000000000.00,0.000000
425.0,1225.0,1649.4,0,1000000000.00,0.000000
450.0,1225.0,1633.2,0,1000000000.00,0.000000
475.0,1225.0,1617.3,0,1000000000.00,0.000000
500.0,1225.0,1601.6,0,1000000000.00,0.000000
525.0,1225.0,1586.1,0,1000000000.00,0.000000
550.0,1225.0,1570.8,0,1000000000.00,0.000000
575.0,1225.0,1555.8,0,1000000000.00,0.000000
600.0,1225.0,1541.1,0,1000000000.00,0.000000
625.0,1225.0,1526.7,0,1000000000.00,0.000000
650.0,1225.0,1512.5,0,1000000000.00,0.000000
675.0,1225.0,1498.6,0,1000000000.00,0.000000
700.0,1225.0,1485.0,0,1000000000.00,0.000000
725.0,1225.0,1471.6,0,1000000000.00,0.000000
750.0,1225.0,1458.6,0,1000000000.00,0.000000
775.0,1225.0,1447.0,0,1000000000.00,0.000000
800.0,1225.0,1460.4,0,1000000000.00,0.000000
825.0,1225.0,1474.2,0,1000000000.00,0.000000
850.0,1225.0,1488.2,0,1000000000.00,0.000000
875.0,1225.0,1502.6,0,1000000000.00,0.000000
900.0,1225.0,1517.2,0,1000000000.00,0.000000
925.0,1225.0,1532.1,0,1000000000.00,0.000000
950.0,1225.0,1547.2,0,1000000000.00,0.000000
975.0,1225.0,1562.6,0,1000000000.00,0.000000
1000.0,1225.0,1578.2,0,1000000000.00,0.000000
1025.0,1225.0,1594.1,0,1000000000.00,0.000000
1050.0,1225.0,1610.2,0,1000000000.00,0.000000
1075.0,1225.0,1626.6,0,1000000000.00,0.000000
1100.0,1225.0,1643.1,0,1000000000.00,0.000000
1125.0,1225.0,1659.9,0,1000000000.00,0.000000
1150.0,1225.0,1676.9,0,1000000000.00,0.000000
1175.0,1225.0,1694.0,0,1000000000.00,0.000000
1200.0,1225.0,1711.4,0,1000000000.00,0.000000
1225.0,1225.0,1728.9,0,1000000000.00,0.000000
1250.0,1225.0,1746.7,0,1000000000.00,0.000000
1275.0,1225.0,1764.6,0,1000000000.00,0.000000
1300.0,1225.0,1782.7,0,1000000000.00,0.000000
1325.0,1225.0,1800.9,0,1000000000.00,0.000000
1350.0,1225.0,1819.3,0,1000000000.00,0.000000
1375.0,1225.0,1837.9,0,1000000000.00,0.000000
1400.0,1225.0,1856.6,0,1000000000.00,0.000000
1425.0,1225.0,1875.4,0,1000000000.00,0.000000
1450.0,1225.0,1894.4,0,1000000000.00,0.000000
1475.0,1225.0,1913.6,0,1000000000.00,0.000000
1500.0,1225.0,1932.8,0,1000000000.00,0.000000
1525.0,1225.0,1952.2,0,1000000000.00,0.000000
1550.0,1225.0,1971.8,0,1000000000.00,0.000000
1575.0,1225.0,1991.4,0,1000000000.00,0.000000
1600.0,1225.0,2011.2,0,1000000000.00,0.000000
1625.0,1225.0,2031.1,0,1000000000.00,0.000000
1650.0,1225.0,2051.1,0,1000000000.00,0.000000
1675.0,1225.0,2071.2,0,1000000000.00,0.000000
1700.0,1225.0,2091.4,0,1000000000.00,0.000000
1725.0,1225.0,2111.7,0,1000000000.00,0.000000
1750.0,1225.0,2132.1,0,1000000000.00,0.000000
1775.0,1225.0,2152.6,0,1000000000.00,0.000000
1800.0,1225.0,2173.2,0,1000000000.00,0.000000
-1800.0,1250.0,3538.0,0,1000000000.00,0.000000
-1775.0,1250.0,3514.6,0,1000000000.00,0.000000
-1750.0,1250.0,3491.4,0,1000000000.00,0.000000
-1725.0,1250.0,3468.1,0,1000000000.00,0.000000
-1700.0,1250.0,3444.9,0,1000000000.00,0.000000
-1675.0,1250.0,3421.7,0,1000000000.00,0.000000
-1650.0,1250.0,3398.5,0,1000000000.00,0.000000
-1625.0,1250.0,3375.3,0,1000000000.00,0.000000
-1600.0,1250.0,3352.2,0,1000000000.00,0.000000
-1575.0,1250.0,3329.1,0,1000000000.00,0.000000
-1550.0,1250.0,3306.0,0,1000000000.00,0.000000
-1525.0,1250.0,3283.0,0,1000000000.00,0.000000
-1500.0,1250.0,3259.9,0,1000000000.00,0.000000
-1475.0,1250.0,3237.0,0,1000000000.00,0.000000
-1450.0,1250.0,3214.0,0,1000000000.00,0.000000
-1425.0,1250.0,3191.1,0,1000000000.00,0.000000
-1400.0,1250.0,3168.2,0,1000000000.00,0.000000
-1375.0,1250.0,3145.3,0,1000000000.00,0.000000
-1350.0,1250.0,3122.5,0,1000000000.00,0.000000
-1325.0,1250.0,3099.7,0,1000000000.00,0.000000
-1300.0,1250.0,3076.9,0,1000000000.00,0.000000
-1275.0,1250.0,3054.2,0,1000000000.00,0.000000
-1250.0,1250.0,3031.5,0,1000000000.00,0.000000
-1225.0,1250.0,3008.8,0,1000000000.00,0.000000
-1200.0,1250.0,2986.2,0,1000000000.00,0.000000
-1175.0,1250.0,2963.6,0,1000000000.00,0.000000
-1150.0,1250.0,2941.1,0,1000000000.00,0.000000
-1125.0,1250.0,2918.6,0,1000000000.00,0.000000
-1100.0,1250.0,2896.1,0,1000000000.00,0.000000
-1075.0,1250.0,2873.7,0,1000000000.00,0.000000
-1050.0,1250.0,2851.3,0,1000000000.00,0.000000
-1025.0,1250.0,2829.0,0,1000000000.00,0.000000
-1000.0,1250.0,2806.7,0,1000000000.00,0.000000
-975.0,1250.0,2784.4,0,1000000000.00,0.000000
-950.0,1250.0,2762.2,0,1000000000.00,0.000000
-925.0,1250.0,2740.1,0,1000000000.00,0.000000
-900.0,1250.0,2718.0,0,1000000000.00,0.000000
-875.0,1250.0,2696.0,0,1000000000.00,0.000000
-850.0,1250.0,2674.0,0,1000000000.00,0.000000
-825.0,1250.0,2652.0,0,1000000000.00,0.000000
-800.0,1250.0,2630.1,0,1000000000.00,0.000000
-775.0,1250.0,2608.3,0,1000000000.00,0.000000
-750.0,1250.0,2586.5,0,1000000000.00,0.000000
-725.0,1250.0,2564.8,0,1000000000.00,0.000000
-700.0,1250.0,2543.2,0,1000000000.00,0.000000
-675.0,1250.0,2521.6,0,1000000000.00,0.000000
-650.0,1250.0,2500.0,0,1000000000.00,0.000000
-625.0,1250.0,2478.6,0,1000000000.00,0.000000
-600.0,1250.0,2457.2,0,1000000000.00,0.000000
-575.0,1250.0,2435.8,0,1000000000.00,0.000000
-550.0,1250.0,2414.6,0,1000000000.00,0.000000
-525.0,1250.0,2393.4,0,1000000000.00,0.000000
-500.0,1250.0,2372.3,0,1000000000.00,0.000000
-475.0,1250.0,2351.2,0,1000000000.00,0.000000
-450.0,1250.0,2330.3,0,1000000000.00,0.000000
-425.0,1250.0,2309.4,0,1000000000.00,0.000000
-400.0,1250.0,2288.6,0,1000000000.00,0.000000
-375.0,1250.0,2267.9,0,1000000000.00,0.000000
-350.0,1250.0,2247.3,0,1000000000.00,0.000000
-325.0,1250.0,2226.8,0,1000000000.00,0.000000
-300.0,1250.0,2206.3,0,1000000000.00,0.000000
-275.0,1250.0,2186.0,0,1000000000.00,0.000000
-250.0,1250.0,2165.7,0,1000000000.00,0.000000
-225.0,1250.0,2145.6,0,1000000000.00,0.000000
-200.0,1250.0,2125.5,0,1000000000.00,0.000000
-175.0,1250.0,2105.6,0,1000000000.00,0.000000
-150.0,1250.0,2085.8,0,1000000000.00,0.000000
-125.0,1250.0,2066.0,0,1000000000.00,0.000000
-100.0,1250.0,2046.4,0,1000000000.00,0.000000
-75.0,1250.0,2027.0,0,1000000000.00,0.000000
-50.0,1250.0,2007.6,0,1000000000.00,0.000000
-25.0,1250.0,1988.4,0,1000000000.00,0.000000
0.0,1250.0,1969.3,0,1000000000.00,0.000000
25.0,1250.0,1950.3,0,1000000000.00,0.000000
50.0,1250.0,1931.4,0,1000000000.00,0.000000
75.0,1250.0,1912.7,0,1000000000.00,0.000000
100.0,1250.0,1894.2,0,1000000000.00,0.000000
125.0,1250.0,1875.8,0,1000000000.00,0.000000
150.0,1250.0,1857.6,0,1000000000.00,0.000000
175.0,1250.0,1839.5,0,1000000000.00,0.000000
200.0,1250.0,1821.5,0,1000000000.00,0.000000
225.0,1250.0,1803.8,0,1000000000.00,0.000000
250.0,1250.0,1786.2,0,1000000000.00,0.000000
275.0,1250.0,1768.8,0,1000000000.00,0.000000
300.0,1250.0,1751.6,0,1000000000.00,0.000000
325.0,1250.0,1734.6,0,1000000000.00,0.000000
350.0,1250.0,1717.7,0,1000000000.00,0.000000
375.0,1250.0,1701.1,0,1000000000.00,0.000000
400.0,1250.0,1684.7,0,1000000000.00,0.000000
425.0,1250.0,1668.5,0,1000000000.00,0.000000
450.0,1250.0,1652.5,0,1000000000.00,0.000000
475.0,1250.0,1636.7,0,1000000000.00,0.000000
500.0,1250.0,1621.2,0,1000000000.00,0.000000
525.0,1250.0,1605.9,0,1000000000.00,0.000000
550.0,1250.0,1590.8,0,1000000000.00,0.000000
575.0,1250.0,1576.0,0,1000000000.00,0.000000
600.0,1250.0,1561.5,0,1000000000.00,0.000000
625.0,1250.0,1547.2,0,1000000000.00,0.000000
650.0,1250.0,1533.2,0,1000000000.00,0.000000
675.0,1250.0,1519.5,0,1000000000.00,0.000000
700.0,1250.0,1506.1,0,1000000000.00,0.000000
725.0,1250.0,1493.0,0,1000000000.00,0.000000
750.0,1250.0,1480.1,0,1000000000.00,0.000000
775.0,1250.0,1468.2,0,1000000000.00,0.000000
800.0,1250.0,1481.5,0,1000000000.00,0.000000
825.0,1250.0,1495.0,0,1000000000.00,0.000000
850.0,1250.0,1508.9,0,1000000000.00,0.000000
875.0,1250.0,1523.0,0,1000000000.00,0.000000
900.0,1250.0,1537.4,0,1000000000.00,0.000000
925.0,1250.0,1552.1,0,1000000000.00,0.000000
950.0,1250.0,1567.1,0,1000000000.00,0.000000
975.0,1250.0,1582.3,0,1000000000.00,0.000000
1000.0,1250.0,1597.7,0,1000000000.00,0.000000
1025.0,1250.0,1613.4,0,1000000000.00,0.000000
1050.0,1250.0,1629.3,0,1000000000.00,0.000000
1075.0,1250.0,1645.5,0,1000000000.00,0.000000
1100.0,1250.0,1661.8,0,1000000000.00,0.000000
1125.0,1250.0,1678.4,0,1000000000.00,0.000000
1150.0,1250.0,1695.2,0,1000000000.00,0.000000
1175.0,1250.0,1712.2,0,1000000000.00,0.000000
1200.0,1250.0,1729.4,0,1000000000.00,0.000000
1225.0,1250.0,1746.7,0,1000000000.00,0.000000
1250.0,1250.0,1764.3,0,1000000000.00,0.000000
1275.0,1250.0,1782.0,0,1000000000.00,0.000000
1300.0,1250.0,1799.9,0,1000000000.00,0.000000
1325.0,1250.0,1818.0,0,1000000000.00,0.000000
1350.0,1250.0,1836.2,0,1000000000.00,0.000000
1375.0,1250.0,1854.6,0,1000000000.00,0.000000
1400.0,1250.0,1873.2,0,1000000000.00,0.000000
1425.0,1250.0,1891.9,0,1000000000.00,0.000000
1450.0,1250.0,1910.7,0,1000000000.00,0.000000
1475.0,1250.0,1929.7,0,1000000000.00,0.000000
1500.0,1250.0,1948.8,0,1000000000.00,0.000000
1525.0,1250.0,1968.0,0,1000000000.00,0.000000
1550.0,1250.0,1987.4,0,1000000000.00,0.000000
1575.0,1250.0,2006.9,0,1000000000.00,0.000000
1600.0,1250.0,2026.5,0,1000000000.00,0.000000
1625.0,1250.0,2046.2,0,1000000000.00,0.000000
1650.0,1250.0,2066.1,0,1000000000.00,0.000000
1675.0,1250.0,2086.1,0,1000000000.00,0.000000
1700.0,1250.0,2106.1,0,1000000000.00,0.000000
1725.0,1250.0,2126.3,0,1000000000.00,0.000000
1750.0,1250.0,2146.6,0,1000000000.00,0.000000
1775.0,1250.0,2166.9,0,1000000000.00,0.000000
1800.0,1250.0,2187.4,0,1000000000.00,0.000000
-1800.0,1275.0,3547.0,0,1000000000.00,0.000000
-1775.0,1275.0,3523.8,0,1000000000.00,0.000000
-1750.0,1275.0,3500.6,0,1000000000.00,0.000000
-1725.0,1275.0,3477.4,0,1000000000.00,0.000000
-1700.0,1275.0,3454.2,0,1000000000.00,0.000000
-1675.0,1275.0,3431.1,0,1000000000.00,0.000000
-1650.0,1275.0,3408.0,0,1000000000.00,0.000000
-1625.0,1275.0,3384.9,0,1000000000.00,0.000000
-1600.0,1275.0,3361.8,0,1000000000.00,0.000000
-1575.0,1275.0,3338.8,0,1000000000.00,0.000000
-1550.0,1275.0,3315.7,0,1000000000.00,0.000000
-1525.0,1275.0,3292.8,0,1000000000.00,0.000000
-1500.0,1275.0,3269.8,0,1000000000.00,0.000000
-1475.0,1275.0,3246.9,0,1000000000.00,0.000000
-1450.0,1275.0,3224.0,0,1000000000.00,0.000000
-1425.0,1275.0,3201.1,0,1000000000.00,0.000000
-1400.0,1275.0,3178.3,0,1000000000.00,0.000000
-1375.0,1275.0,3155.5,0,1000000000.00,0.000000
-1350.0,1275.0,3132.8,0,1000000000.00,0.000000
-1325.0,1275.0,3110.0,0,1000000000.00,0.000000
-1300.0,1275.0,3087.4,0,1000000000.00,0.000000
-1275.0,1275.0,3064.7,0,1000000000.00,0.000000
-1250.0,1275.0,3042.1,0,1000000000.00,0.000000
-1225.0,1275.0,3019.5,0,1000000000.00,0.000000
-1200.0,1275.0,2997.0,0,1000000000.00,0.000000
-1175.0,1275.0,2974.5,0,1000000000.00,0.000000
-1150.0,1275.0,2952.0,0,1000000000.00,0.000000
-1125.0,1275.0,2929.6,0,1000000000.00,0.000000
-1100.0,1275.0,2907.2,0,1000000000.00,0.000000
-1075.0,1275.0,2884.9,0,1000000000.00,0.000000
-1050.0,1275.0,2862.6,0,1000000000.00,0.000000
-1025.0,1275.0,2840.3,0,1000000000.00,0.000000
-1000.0,1275.0,2818.1,0,1000000000.00,0.000000
-975.0,1275.0,2796.0,0,1000000000.00,0.000000
-950.0,1275.0,2773.9,0,1000000000.00,0.000000
-925.0,1275.0,2751.8,0,1000000000.00,0.000000
-900.0,1275.0,2729.8,0,1000000000.00,0.000000
-875.0,1275.0,2707.9,0,1000000000.00,0.000000
-850.0,1275.0,2686.0,0,1000000000.00,0.000000
-825.0,1275.0,2664.1,0,1000000000.00,0.000000
-800.0,1275.0,2642.4,0,1000000000.00,0.000000
-775.0,1275.0,2620.6,0,1000000000.00,0.000000
-750.0,1275.0,2598.9,0,1000000000.00,0.000000
-725.0,1275.0,2577.3,0,1000000000.00,0.000000
-700.0,1275.0,2555.8,0,1000000000.00,0.000000
-675.0,1275.0,2534.3,0,1000000000.00,0.000000
-650.0,1275.0,2512.9,0,1000000000.00,0.000000
-625.0,1275.0,2491.5,0,1000000000.00,0.000000
-600.0,1275.0,2470.2,0,1000000000.00,0.000000
-575.0,1275.0,2449.0,0,1000000000.00,0.000000
-550.0,1275.0,2427.9,0,1000000000.00,0.000000
-525.0,1275.0,2406.8,0,1000000000.00,0.000000
-500.0,1275.0,2385.8,0,1000000000.00,0.000000
-475.0,1275.0,2364.9,0,1000000000.00,0.000000
-450.0,1275.0,2344.1,0,1000000000.00,0.000000
-425.0,1275.0,2323.3,0,1000000000.00,0.000000
-400.0,1275.0,2302.7,0,1000000000.00,0.000000
-375.0,1275.0,2282.1,0,1000000000.00,0.000000
-350.0,1275.0,2261.6,0,1000000000.00,0.000000
-325.0,1275.0,2241.2,0,1000000000.00,0.000000
-300.0,1275.0,2220.9,0,1000000000.00,0.000000
-275.0,1275.0,2200.7,0,1000000000.00,0.000000
-250.0,1275.0,2180.5,0,1000000000.00,0.000000
-225.0,1275.0,2160.5,0,1000000000.00,0.000000
-200.0,1275.0,2140.6,0,1000000000.00,0.000000
-175.0,1275.0,2120.8,0,1000000000.00,0.000000
-150.0,1275.0,2101.1,0,1000000000.00,0.000000
-125.0,1275.0,2081.6,0,1000000000.00,0.000000
-100.0,1275.0,2062.1,0,1000000000.00,0.000000
-75.0,1275.0,2042.8,0,1000000000.00,0.000000
-50.0,1275.0,2023.6,0,1000000000.00,0.000000
-25.0,1275.0,2004.5,0,1000000000.00,0.000000
0.0,1275.0,1985.5,0,1000000000.00,0.000000
25.0,1275.0,1966.7,0,1000000000.00,0.000000
50.0,1275.0,1948.1,0,1000000000.00,0.000000
75.0,1275.0,1929.5,0,1000000000.00,0.000000
100.0,1275.0,1911.1,0,1000000000.00,0.000000
125.0,1275.0,1892.9,0,1000000000.00,0.000000
150.0,1275.0,1874.8,0,1000000000.00,0.000000
175.0,1275.0,1856.9,0,1000000000.00,0.000000
200.0,1275.0,1839.1,0,1000000000.00,0.000000
225.0,1275.0,1821.6,0,1000000000.00,0.000000
250.0,1275.0,1804.2,0,1000000000.00,0.000000
275.0,1275.0,1786.9,0,1000000000.00,0.000000
300.0,1275.0,1769.9,0,1000000000.00,0.000000
325.0,1275.0,1753.0,0,1000000000.00,0.000000
350.0,1275.0,1736.4,0,1000000000.00,0.000000
375.0,1275.0,1719.9,0,1000000000.00,0.000000
400.0,1275.0,1703.7,0,1000000000.00,0.000000
425.0,1275.0,1687.7,0,1000000000.00,0.000000
450.0,1275.0,1671.9,0,1000000000.00,0.000000
475.0,1275.0,1656.3,0,1000000000.00,0.000000
500.0,1275.0,1640.9,0,1000000000.00,0.000000
525.0,1275.0,1625.8,0,1000000000.00,0.000000
550.0,1275.0,1610.9,0,1000000000.00,0.000000
575.0,1275.0,1596.3,0,1000000000.00,0.000000
600.0,1275.0,1582.0,0,1000000000.00,0.000000
625.0,1275.0,1567.9,0,1000000000.00,0.000000
650.0,1275.0,1554.1,0,1000000000.00,0.000000
675.0,1275.0,1540.6,0,1000000000.00,0.000000
700.0,1275.0,1527.3,0,1000000000.00,0.000000
725.0,1275.0,1514.4,0,1000000000.00,0.000000
750.0,1275.0,1501.7,0,1000000000.00,0.000000
775.0,1275.0,1489.5,0,1000000000.00,0.000000
800.0,1275.0,1502.6,0,1000000000.00,0.000000
825.0,1275.0,1516.0,0,1000000000.00,0.000000
850.0,1275.0,1529.7,0,1000000000.00,0.000000
875.0,1275.0,1543.6,0,1000000000.00,0.000000
900.0,1275.0,1557.8,0,1000000000.00,0.000000
925.0,1275.0,1572.3,0,1000000000.00,0.000000
950.0,1275.0,1587.1,0,1000000000.00,0.000000
975.0,1275.0,1602.1,0,1000000000.00,0.000000
1000.0,1275.0,1617.4,0,1000000000.00,0.000000
1025.0,1275.0,1632.9,0,1000000000.00,0.000000
1050.0,1275.0,1648.6,0,1000000000.00,0.000000
1075.0,1275.0,1664.6,0,1000000000.00,0.000000
1100.0,1275.0,1680.7,0,1000000000.00,0.000000
1125.0,1275.0,1697.1,0,1000000000.00,0.000000
1150.0,1275.0,1713.7,0,1000000000.00,0.000000
1175.0,1275.0,1730.5,0,1000000000.00,0.000000
1200.0,1275.0,1747.5,0,1000000000.00,0.000000
1225.0,1275.0,1764.7,0,1000000000.00,0.000000
1250.0,1275.0,1782.1,0,1000000000.00,0.000000
1275.0,1275.0,1799.7,0,1000000000.00,0.000000
1300.0,1275.0,1817.4,0,1000000000.00,0.000000
1325.0,1275.0,1835.3,0,1000000000.00,0.000000
1350.0,1275.0,1853.3,0,1000000000.00,0.000000
1375.0,1275.0,1871.6,0,1000000000.00,0.000000
1400.0,1275.0,1889.9,0,1000000000.00,0.000000
1425.0,1275.0,1908.5,0,1000000000.00,0.000000
1450.0,1275.0,1927.1,0,1000000000.00,0.000000
1475.0,1275.0,1946.0,0,1000000000.00,0.000000
1500.0,1275.0,1964.9,0,1000000000.00,0.000000
1525.0,1275.0,1984.0,0,1000000000.00,0.000000
1550.0,1275.0,2003.2,0,1000000000.00,0.000000
1575.0,1275.0,2022.6,0,1000000000.00,0.000000
1600.0,1275.0,2042.0,0,1000000000.00,0.000000
1625.0,1275.0,2061.6,0,1000000000.00,0.000000
1650.0,1275.0,2081.3,0,1000000000.00,0.000000
1675.0,1275.0,2101.1,0,1000000000.00,0.000000
1700.0,1275.0,2121.1,0,1000000000.00,0.000000
1725.0,1275.0,2141.1,0,1000000000.00,0.000000
1750.0,1275.0,2161.2,0,1000000000.00,0.000000
1775.0,1275.0,2181.5,0,1000000000.00,0.000000
1800.0,1275.0,2201.8,0,1000000000.00,0.000000
-1800.0,1300.0,3556.3,0,1000000000.00,0.000000
-1775.0,1300.0,3533.1,0,1000000000.00,0.000000
-1750.0,1300.0,3510.0,0,1000000000.00,0.000000
-1725.0,1300.0,3486.8,0,1000000000.00,0.000000
-1700.0,1300.0,3463.7,0,1000000000.00,0.000000
-1675.0,1300.0,3440.6,0,1000000000.00,0.000000
-1650.0,1300.0,3417.6,0,1000000000.00,0.000000
-1625.0,1300.0,3394.5,0,1000000000.00,0.000000
-1600.0,1300.0,3371.5,0,1000000000.00,0.000000
-1575.0,1300.0,3348.6,0,1000000000.00,0.000000
-1550.0,1300.0,3325.6,0,1000000000.00,0.000000
-1525.0,1300.0,3302.7,0,1000000000.00,0.000000
-1500.0,1300.0,3279.8,0,1000000000.00,0.000000
-1475.0,1300.0,3257.0,0,1000000000.00,0.000000
-1450.0,1300.0,3234.2,0,1000000000.00,0.000000
-1425.0,1300.0,3211.4,0,1000000000.00,0.000000
-1400.0,1300.0,3188.6,0,1000000000.00,0.000000
-1375.0,1300.0,3165.9,0,1000000000.00,0.000000
-1350.0,1300.0,3143.2,0,1000000000.00,0.000000
-1325.0,1300.0,3120.6,0,1000000000.00,0.000000
-1300.0,1300.0,3098.0,0,1000000000.00,0.000000
-1275.0,1300.0,3075.4,0,1000000000.00,0.000000
-1250.0,1300.0,3052.9,0,1000000000.00,0.000000
-1225.0,1300.0,3030.4,0,1000000000.00,0.000000
-1200.0,1300.0,3007.9,0,1000000000.00,0.000000
-1175.0,1300.0,2985.5,0,1000000000.00,0.000000
-1150.0,1300.0,2963.1,0,1000000000.00,0.000000
-1125.0,1300.0,2940.8,0,1000000000.00,0.000000
-1100.0,1300.0,2918.5,0,1000000000.00,0.000000
-1075.0,1300.0,2896.2,0,1000000000.00,0.000000
-1050.0,1300.0,2874.0,0,1000000000.00,0.000000
-1025.0,1300.0,2851.9,0,1000000000.00,0.000000
-1000.0,1300.0,2829.8,0,1000000000.00,0.000000
-975.0,1300.0,2807.7,0,1000000000.00,0.000000
-950.0,1300.0,2785.7,0,1000000000.00,0.000000
-925.0,1300.0,2763.7,0,1000000000.00,0.000000
-900.0,1300.0,2741.8,0,1000000000.00,0.000000
-875.0,1300.0,2720.0,0,1000000000.00,0.000000
-850.0,1300.0,2698.2,0,1000000000.00,0.000000
-825.0,1300.0,2676.4,0,1000000000.00,0.000000
-800.0,1300.0,2654.8,0,1000000000.00,0.000000
-775.0,1300.0,2633.1,0,1000000000.00,0.000000
-750.0,1300.0,2611.6,0,1000000000.00,0.000000
-725.0,1300.0,2590.0,0,1000000000.00,0.000000
-700.0,1300.0,2568.6,0,1000000000.00,0.000000
-675.0,1300.0,2547.2,0,1000000000.00,0.000000
-650.0,1300.0,2525.9,0,1000000000.00,0.000000
-625.0,1300.0,2504.7,0,1000000000.00,0.000000
-600.0,1300.0,2483.5,0,1000000000.00,0.000000
-575.0,1300.0,2462.4,0,1000000000.00,0.000000
-550.0,1300.0,2441.4,0,1000000000.00,0.000000
-525.0,1300.0,2420.4,0,1000000000.00,0.000000
-500.0,1300.0,2399.5,0,1000000000.00,0.000000
-475.0,1300.0,2378.8,0,1000000000.00,0.000000
-450.0,1300.0,2358.0,0,1000000000.00,0.000000
-425.0,1300.0,2337.4,0,1000000000.00,0.000000
-400.0,1300.0,2316.9,0,1000000000.00,0.000000
-375.0,1300.0,2296.4,0,1000000000.00,0.000000
-350.0,1300.0,2276.1,0,1000000000.00,0.000000
-325.0,1300.0,2255.8,0,1000000000.00,0.000000
-300.0,1300.0,2235.6,0,1000000000.00,0.000000
-275.0,1300.0,2215.5,0,1000000000.00,0.000000
-250.0,1300.0,2195.6,0,1000000000.00,0.000000
-225.0,1300.0,2175.7,0,1000000000.00,0.000000
-200.0,1300.0,2155.9,0,1000000000.00,0.000000
-175.0,1300.0,2136.3,0,1000000000.00,0.000000
-150.0,1300.0,2116.7,0,1000000000.00,0.000000
-125.0,1300.0,2097.3,0,1000000000.00,0.000000
-100.0,1300.0,2078.0,0,1000000000.00,0.000000
-75.0,1300.0,2058.8,0,1000000000.00,0.000000
-50.0,1300.0,2039.7,0,1000000000.00,0.000000
-25.0,1300.0,2020.8,0,1000000000.00,0.000000
0.0,1300.0,2002.0,0,1000000000.00,0.000000
25.0,1300.0,1983.4,0,1000000000.00,0.000000
50.0,1300.0,1964.8,0,1000000000.00,0.000000
75.0,1300.0,1946.5,0,1000000000.00,0.000000
100.0,1300.0,1928.2,0,1000000000.00,0.000000
125.0,1300.0,1910.2,0,1000000000.00,0.000000
150.0,1300.0,1892.3,0,1000000000.00,0.000000
175.0,1300.0,1874.5,0,1000000000.00,0.000000
200.0,1300.0,1856.9,0,1000000000.00,0.000000
225.0,1300.0,1839.5,0,1000000000.00,0.000000
250.0,1300.0,1822.3,0,1000000000.00,0.000000
275.0,1300.0,1805.2,0,1000000000.00,0.000000
300.0,1300.0,1788.4,0,1000000000.00,0.000000
325.0,1300.0,1771.7,0,1000000000.00,0.000000
350.0,1300.0,1755.2,0,1000000000.00,0.000000
375.0,1300.0,1738.9,0,1000000000.00,0.000000
400.0,1300.0,1722.9,0,1000000000.00,0.000000
425.0,1300.0,1707.0,0,1000000000.00,0.000000
450.0,1300.0,1691.4,0,1000000000.00,0.000000
475.0,1300.0,1676.0,0,1000000000.00,0.000000
500.0,1300.0,1660.8,0,1000000000.00,0.000000
525.0,1300.0,1645.9,0,1000000000.00,0.000000
550.0,1300.0,1631.2,0,1000000000.00,0.000000
575.0,1300.0,1616.8,0,1000000000.00,0.000000
600.0,1300.0,1602.6,0,1000000000.00,0.000000
625.0,1300.0,1588.7,0,1000000000.00,0.000000
650.0,1300.0,1575.1,0,1000000000.00,0.000000
675.0,1300.0,1561.7,0,1000000000.00,0.000000
700.0,1300.0,1548.7,0,1000000000.00,0.000000
725.0,1300.0,1535.9,0,1000000000.00,0.000000
750.0,1300.0,1523.5,0,1000000000.00,0.000000
775.0,1300.0,1511.3,0,1000000000.00,0.000000
800.0,1300.0,1523.9,0,1000000000.00,0.000000
825.0,1300.0,1537.1,0,1000000000.00,0.000000
850.0,1300.0,1550.6,0,1000000000.00,0.000000
875.0,1300.0,1564.3,0,1000000000.00,0.000000
900.0,1300.0,1578.4,0,1000000000.00,0.000000
925.0,1300.0,1592.7,0,1000000000.00,0.000000
950.0,1300.0,1607.3,0,1000000000.00,0.000000
975.0,1300.0,1622.1,0,1000000000.00,0.000000
1000.0,1300.0,1637.1,0,1000000000.00,0.000000
1025.0,1300.0,1652.5,0,1000000000.00,0.000000
1050.0,1300.0,1668.0,0,1000000000.00,0.000000
1075.0,1300.0,1683.8,0,1000000000.00,0.000000
1100.0,1300.0,1699.8,0,1000000000.00,0.000000
1125.0,1300.0,1716.0,0,1000000000.00,0.000000
1150.0,1300.0,1732.4,0,1000000000.00,0.000000
1175.0,1300.0,1749.0,0,1000000000.00,0.000000
1200.0,1300.0,1765.9,0,1000000000.00,0.000000
1225.0,1300.0,1782.9,0,1000000000.00,0.000000
1250.0,1300.0,1800.1,0,1000000000.00,0.000000
1275.0,1300.0,1817.5,0,1000000000.00,0.000000
1300.0,1300.0,1835.0,0,1000000000.00,0.000000
1325.0,1300.0,1852.7,0,1000000000.00,0.000000
1350.0,1300.0,1870.6,0,1000000000.00,0.000000
1375.0,1300.0,1888.7,0,1000000000.00,0.000000
1400.0,1300.0,1906.9,0,1000000000.00,0.000000
1425.0,1300.0,1925.3,0,1000000000.00,0.000000
1450.0,1300.0,1943.8,0,1000000000.00,0.000000
1475.0,1300.0,1962.4,0,1000000000.00,0.000000
1500.0,1300.0,1981.2,0,1000000000.00,0.000000
1525.0,1300.0,2000.2,0,1000000000.00,0.000000
1550.0,1300.0,2019.2,0,1000000000.00,0.000000
1575.0,1300.0,2038.4,0,1000000000.00,0.000000
1600.0,1300.0,2057.7,0,1000000000.00,0.000000
1625.0,1300.0,2077.2,0,1000000000.00,0.000000
1650.0,1300.0,2096.7,0,1000000000.00,0.000000
1675.0,1300.0,2116.4,0,1000000000.00,0.000000
1700.0,1300.0,2136.2,0,1000000000.00,0.000000
1725.0,1300.0,2156.1,0,1000000000.00,0.000000
1750.0,1300.0,2176.1,0,1000000000.00,0.000000
1775.0,1300.0,2196.2,0,1000000000.00,0.000000
1800.0,1300.0,2216.4,0,1000000000.00,0.000000
-1800.0,1325.0,3565.7,0,1000000000.00,0.000000
-1775.0,1325.0,3542.6,0,1000000000.00,0.000000
-1750.0,1325.0,3519.5,0,1000000000.00,0.000000
-1725.0,1325.0,3496.4,0,1000000000.00,0.000000
-1700.0,1325.0,3473.4,0,1000000000.00,0.000000
-1675.0,1325.0,3450.3,0,1000000000.00,0.000000
-1650.0,1325.0,3427.4,0,1000000000.00,0.000000
-1625.0,1325.0,3404.4,0,1000000000.00,0.000000
-1600.0,1325.0,3381.5,0,1000000000.00,0.000000
-1575.0,1325.0,3358.6,0,1000000000.00,0.000000
-1550.0,1325.0,3335.7,0,1000000000.00,0.000000
-1525.0,1325.0,3312.8,0,1000000000.00,0.000000
-1500.0,1325.0,3290.0,0,1000000000.00,0.000000
-1475.0,1325.0,3267.3,0,1000000000.00,0.000000
-1450.0,1325.0,3244.5,0,1000000000.00,0.000000
-1425.0,1325.0,3221.8,0,1000000000.00,0.000000
-1400.0,1325.0,3199.1,0,1000000000.00,0.000000
-1375.0,1325.0,3176.5,0,1000000000.00,0.000000
-1350.0,1325.0,3153.9,0,1000000000.00,0.000000
-1325.0,1325.0,3131.3,0,1000000000.00,0.000000
-1300.0,1325.0,3108.8,0,1000000000.00,0.000000
-1275.0,1325.0,3086.3,0,1000000000.00,0.000000
-1250.0,1325.0,3063.8,0,1000000000.00,0.000000
-1225.0,1325.0,3041.4,0,1000000000.00,0.000000
-1200.0,1325.0,3019.0,0,1000000000.00,0.000000
-1175.0,1325.0,2996.7,0,1000000000.00,0.000000
-1150.0,1325.0,2974.4,0,1000000000.00,0.000000
-1125.0,1325.0,2952.1,0,1000000000.00,0.000000
-1100.0,1325.0,2929.9,0,1000000000.00,0.000000
-1075.0,1325.0,2907.8,0,1000000000.00,0.000000
-1050.0,1325.0,2885.7,0,1000000000.00,0.000000
-1025.0,1325.0,2863.6,0,1000000000.00,0.000000
-1000.0,1325.0,2841.6,0,1000000000.00,0.000000
-975.0,1325.0,2819.6,0,1000000000.00,0.000000
-950.0,1325.0,2797.7,0,1000000000.00,0.000000
-925.0,1325.0,2775.8,0,1000000000.00,0.000000
-900.0,1325.0,2754.0,0,1000000000.00,0.000000
-875.0,1325.0,2732.3,0,1000000000.00,0.000000
-850.0,1325.0,2710.6,0,1000000000.00,0.000000
-825.0,1325.0,2688.9,0,1000000000.00,0.000000
-800.0,1325.0,2667.3,0,1000000000.00,0.000000
-775.0,1325.0,2645.8,0,1000000000.00,0.000000
-750.0,1325.0,2624.3,0,1000000000.00,0.000000
-725.0,1325.0,2602.9,0,1000000000.00,0.000000
-700.0,1325.0,2581.6,0,1000000000.00,0.000000
-675.0,1325.0,2560.3,0,1000000000.00,0.000000
-650.0,1325.0,2539.1,0,1000000000.00,0.000000
-625.0,1325.0,2518.0,0,1000000000.00,0.000000
-600.0,1325.0,2496.9,0,1000000000.00,0.000000
-575.0,1325.0,2476.0,0,1000000000.00,0.000000
-550.0,1325.0,2455.0,0,1000000000.00,0.000000
-525.0,1325.0,2434.2,0,1000000000.00,0.000000
-500.0,1325.0,2413.5,0,1000000000.00,0.000000
-475.0,1325.0,2392.8,0,1000000000.00,0.000000
-450.0,1325.0,2372.2,0,1000000000.00,0.000000
-425.0,1325.0,2351.7,0,1000000000.00,0.000000
-400.0,1325.0,2331.3,0,1000000000.00,0.000000
-375.0,1325.0,2310.9,0,1000000000.00,0.000000
-350.0,1325.0,2290.7,0,1000000000.00,0.000000
-325.0,1325.0,2270.6,0,1000000000.00,0.000000
-300.0,1325.0,2250.5,0,1000000000.00,0.000000
-275.0,1325.0,2230.6,0,1000000000.00,0.000000
-250.0,1325.0,2210.7,0,1000000000.00,0.000000
-225.0,1325.0,2191.0,0,1000000000.00,0.000000
-200.0,1325.0,2171.4,0,1000000000.00,0.000000
-175.0,1325.0,2151.9,0,1000000000.00,0.000000
-150.0,1325.0,2132.5,0,1000000000.00,0.000000
-125.0,1325.0,2113.2,0,1000000000.00,0.000000
-100.0,1325.0,2094.0,0,1000000000.00,0.000000
-75.0,1325.0,2075.0,0,1000000000.00,0.000000
-50.0,1325.0,2056.1,0,1000000000.00,0.000000
-25.0,1325.0,2037.3,0,1000000000.00,0.000000
0.0,1325.0,2018.7,0,1000000000.00,0.000000
25.0,1325.0,2000.2,0,1000000000.00,0.000000
50.0,1325.0,1981.8,0,1000000000.00,0.000000
75.0,1325.0,1963.6,0,1000000000.00,0.000000
100.0,1325.0,1945.5,0,1000000000.00,0.000000
125.0,1325.0,1927.6,0,1000000000.00,0.000000
150.0,1325.0,1909.9,0,1000000000.00,0.000000
175.0,1325.0,1892.3,0,1000000000.00,0.000000
200.0,1325.0,1874.9,0,1000000000.00,0.000000
225.0,1325.0,1857.6,0,1000000000.00,0.000000
250.0,1325.0,1840.5,0,1000000000.00,0.000000
275.0,1325.0,1823.7,0,1000000000.00,0.000000
300.0,1325.0,1807.0,0,1000000000.00,0.000000
325.0,1325.0,1790.5,0,1000000000.00,0.000000
350.0,1325.0,1774.2,0,1000000000.00,0.000000
375.0,1325.0,1758.1,0,1000000000.00,0.000000
400.0,1325.0,1742.2,0,1000000000.00,0.000000
425.0,1325.0,1726.5,0,1000000000.00,0.000000
450.0,1325.0,1711.1,0,1000000000.00,0.000000
475.0,1325.0,1695.8,0,1000000000.00,0.000000
500.0,1325.0,1680.8,0,1000000000.00,0.000000
525.0,1325.0,1666.1,0,1000000000.00,0.000000
550.0,1325.0,1651.6,0,1000000000.00,0.000000
575.0,1325.0,1637.3,0,1000000000.00,0.000000
600.0,1325.0,1623.4,0,1000000000.00,0.000000
625.0,1325.0,1609.6,0,1000000000.00,0.000000
650.0,1325.0,1596.2,0,1000000000.00,0.000000
675.0,1325.0,1583.0,0,1000000000.00,0.000000
700.0,1325.0,1570.1,0,1000000000.00,0.000000
725.0,1325.0,1557.5,0,1000000000.00,0.000000
750.0,1325.0,1545.3,0,1000000000.00,0.000000
775.0,1325.0,1533.3,0,1000000000.00,0.000000
800.0,1325.0,1545.3,0,1000000000.00,0.000000
825.0,1325.0,1558.3,0,1000000000.00,0.000000
850.0,1325.0,1571.6,0,1000000000.00,0.000000
875.0,1325.0,1585.2,0,1000000000.00,0.000000
900.0,1325.0,1599.0,0,1000000000.00,0.000000
925.0,1325.0,1613.2,0,1000000000.00,0.000000
950.0,1325.0,1627.5,0,1000000000.00,0.000000
975.0,1325.0,1642.2,0,1000000000.00,0.000000
1000.0,1325.0,1657.1,0,1000000000.00,0.000000
1025.0,1325.0,1672.2,0,1000000000.00,0.000000
1050.0,1325.0,1687.6,0,1000000000.00,0.000000
1075.0,1325.0,1703.2,0,1000000000.00,0.000000
1100.0,1325.0,1719.0,0,1000000000.00,0.000000
1125.0,1325.0,1735.0,0,1000000000.00,0.000000
1150.0,1325.0,1751.3,0,1000000000.00,0.000000
1175.0,1325.0,1767.7,0,1000000000.00,0.000000
1200.0,1325.0,1784.3,0,1000000000.00,0.000000
1225.0,1325.0,1801.2,0,1000000000.00,0.000000
1250.0,1325.0,1818.2,0,1000000000.00,0.000000
1275.0,1325.0,1835.4,0,1000000000.00,0.000000
1300.0,1325.0,1852.8,0,1000000000.00,0.000000
1325.0,1325.0,1870.4,0,1000000000.00,0.000000
1350.0,1325.0,1888.1,0,1000000000.00,0.000000
1375.0,1325.0,1906.0,0,1000000000.00,0.000000
1400.0,1325.0,1924.0,0,1000000000.00,0.000000
1425.0,1325.0,1942.2,0,1000000000.00,0.000000
1450.0,1325.0,1960.6,0,1000000000.00,0.000000
1475.0,1325.0,1979.1,0,1000000000.00,0.000000
1500.0,1325.0,1997.7,0,1000000000.00,0.000000
1525.0,1325.0,2016.5,0,1000000000.00,0.000000
1550.0,1325.0,2035.4,0,1000000000.00,0.000000
1575.0,1325.0,2054.4,0,1000000000.00,0.000000
1600.0,1325.0,2073.6,0,1000000000.00,0.000000
1625.0,1325.0,2092.9,0,1000000000.00,0.000000
1650.0,1325.0,2112.3,0,1000000000.00,0.000000
1675.0,1325.0,2131.8,0,1000000000.00,0.000000
1700.0,1325.0,2151.5,0,1000000000.00,0.000000
1725.0,1325.0,2171.2,0,1000000000.00,0.000000
1750.0,1325.0,2191.1,0,1000000000.00,0.000000
1775.0,1325.0,2211.1,0,1000000000.00,0.000000
1800.0,1325.0,2231.1,0,1000000000.00,0.000000
-1800.0,1350.0,3575.2,0,1000000000.00,0.000000
-1775.0,1350.0,3552.2,0,1000000000.00,0.000000
-1750.0,1350.0,3529.1,0,1000000000.00,0.000000
-1725.0,1350.0,3506.1,0,1000000000.00,0.000000
-1700.0,1350.0,3483.2,0,1000000000.00,0.000000
-1675.0,1350.0,3460.2,0,1000000000.00,0.000000
-1650.0,1350.0,3437.3,0,1000000000.00,0.000000
-1625.0,1350.0,3414.4,0,1000000000.00,0.000000
-1600.0,1350.0,3391.5,0,1000000000.00,0.000000
-1575.0,1350.0,3368.7,0,1000000000.00,0.000000
-1550.0,1350.0,3345.9,0,1000000000.00,0.000000
-1525.0,1350.0,3323.1,0,1000000000.00,0.000000
-1500.0,1350.0,3300.4,0,1000000000.00,0.000000
-1475.0,1350.0,3277.7,0,1000000000.00,0.000000
-1450.0,1350.0,3255.0,0,1000000000.00,0.000000
-1425.0,1350.0,3232.4,0,1000000000.00,0.000000
-1400.0,1350.0,3209.8,0,1000000000.00,0.000000
-1375.0,1350.0,3187.2,0,1000000000.00,0.000000
-1350.0,1350.0,3164.7,0,1000000000.00,0.000000
-1325.0,1350.0,3142.2,0,1000000000.00,0.000000
-1300.0,1350.0,3119.7,0,1000000000.00,0.000000
-1275.0,1350.0,3097.3,0,1000000000.00,0.000000
-1250.0,1350.0,3074.9,0,1000000000.00,0.000000
-1225.0,1350.0,3052.6,0,1000000000.00,0.000000
-1200.0,1350.0,3030.3,0,1000000000.00,0.000000
-1175.0,1350.0,3008.0,0,1000000000.00,0.000000
-1150.0,1350.0,2985.8,0,1000000000.00,0.000000
-1125.0,1350.0,2963.7,0,1000000000.00,0.000000
-1100.0,1350.0,2941.5,0,1000000000.00,0.000000
-1075.0,1350.0,2919.5,0,1000000000.00,0.000000
-1050.0,1350.0,2897.4,0,1000000000.00,0.000000
-1025.0,1350.0,2875.5,0,1000000000.00,0.000000
-1000.0,1350.0,2853.5,0,1000000000.00,0.000000
-975.0,1350.0,2831.7,0,1000000000.00,0.000000
-950.0,1350.0,2809.8,0,1000000000.00,0.000000
-925.0,1350.0,2788.1,0,1000000000.00,0.000000
-900.0,1350.0,2766.4,0,1000000000.00,0.000000
-875.0,1350.0,2744.7,0,1000000000.00,0.000000
-850.0,1350.0,2723.1,0,1000000000.00,0.000000
-825.0,1350.0,2701.6,0,1000000000.00,0.000000
-800.0,1350.0,2680.1,0,1000000000.00,0.000000
-775.0,1350.0,2658.7,0,1000000000.00,0.000000
-750.0,1350.0,2637.3,0,1000000000.00,0.000000
-725.0,1350.0,2616.0,0,1000000000.00,0.000000
-700.0,1350.0,2594.8,0,1000000000.00,0.000000
-675.0,1350.0,2573.6,0,1000000000.00,0.000000
-650.0,1350.0,2552.5,0,1000000000.00,0.000000
-625.0,1350.0,2531.5,0,1000000000.00,0.000000
-600.0,1350.0,2510.6,0,1000000000.00,0.000000
-575.0,1350.0,2489.7,0,1000000000.00,0.000000
-550.0,1350.0,2468.9,0,1000000000.00,0.000000
-525.0,1350.0,2448.2,0,1000000000.00,0.000000
-500.0,1350.0,2427.5,0,1000000000.00,0.000000
-475.0,1350.0,2407.0,0,1000000000.00,0.000000
-450.0,1350.0,2386.5,0,1000000000.00,0.000000
-425.0,1350.0,2366.1,0,1000000000.00,0.000000
-400.0,1350.0,2345.8,0,1000000000.00,0.000000
-375.0,1350.0,2325.6,0,1000000000.00,0.000000
-350.0,1350.0,2305.5,0,1000000000.00,0.000000
-325.0,1350.0,2285.5,0,1000000000.00,0.000000
-300.0,1350.0,2265.6,0,1000000000.00,0.000000
-275.0,1350.0,2245.8,0,1000000000.00,0.000000
-250.0,1350.0,2226.1,0,1000000000.00,0.000000
-225.0,1350.0,2206.5,0,1000000000.00,0.000000
-200.0,1350.0,2187.0,0,1000000000.00,0.000000
-175.0,1350.0,2167.7,0,1000000000.00,0.000000
-150.0,1350.0,2148.4,0,1000000000.00,0.000000
-125.0,1350.0,2129.3,0,1000000000.00,0.000000
-100.0,1350.0,2110.2,0,1000000000.00,0.000000
-75.0,1350.0,2091.4,0,1000000000.00,0.000000
-50.0,1350.0,2072.6,0,1000000000.00,0.000000
-25.0,1350.0,2054.0,0,1000000000.00,0.000000
0.0,1350.0,2035.5,0,1000000000.00,0.000000
25.0,1350.0,2017.1,0,1000000000.00,0.000000
50.0,1350.0,1998.9,0,1000000000.00,0.000000
75.0,1350.0,1980.9,0,1000000000.00,0.000000
100.0,1350.0,1963.0,0,1000000000.00,0.000000
125.0,1350.0,1945.2,0,1000000000.00,0.000000
150.0,1350.0,1927.6,0,1000000000.00,0.000000
175.0,1350.0,1910.2,0,1000000000.00,0.000000
200.0,1350.0,1893.0,0,1000000000.00,0.000000
225.0,1350.0,1875.9,0,1000000000.00,0.000000
250.0,1350.0,1859.0,0,1000000000.00,0.000000
275.0,1350.0,1842.3,0,1000000000.00,0.000000
300.0,1350.0,1825.7,0,1000000000.00,0.000000
325.0,1350.0,1809.4,0,1000000000.00,0.000000
350.0,1350.0,1793.3,0,1000000000.00,0.000000
375.0,1350.0,1777.4,0,1000000000.00,0.000000
400.0,1350.0,1761.6,0,1000000000.00,0.000000
425.0,1350.0,1746.1,0,1000000000.00,0.000000
450.0,1350.0,1730.9,0,1000000000.00,0.000000
475.0,1350.0,1715.8,0,1000000000.00,0.000000
500.0,1350.0,1701.0,0,1000000000.00,0.000000
525.0,1350.0,1686.4,0,1000000000.00,0.000000
550.0,1350.0,1672.1,0,1000000000.00,0.000000
575.0,1350.0,1658.0,0,1000000000.00,0.000000
600.0,1350.0,1644.2,0,1000000000.00,0.000000
625.0,1350.0,1630.7,0,1000000000.00,0.000000
650.0,1350.0,1617.4,0,1000000000.00,0.000000
675.0,1350.0,1604.4,0,1000000000.00,0.000000
700.0,1350.0,1591.7,0,1000000000.00,0.000000
725.0,1350.0,1579.3,0,1000000000.00,0.000000
750.0,1350.0,1567.2,0,1000000000.00,0.000000
775.0,1350.0,1555.4,0,1000000000.00,0.000000
800.0,1350.0,1566.8,0,1000000000.00,0.000000
825.0,1350.0,1579.6,0,1000000000.00,0.000000
850.0,1350.0,1592.7,0,1000000000.00,0.000000
875.0,1350.0,1606.1,0,1000000000.00,0.000000
900.0,1350.0,1619.8,0,1000000000.00,0.000000
925.0,1350.0,1633.7,0,1000000000.00,0.000000
950.0,1350.0,1648.0,0,1000000000.00,0.000000
975.0,1350.0,1662.4,0,1000000000.00,0.000000
1000.0,1350.0,1677.1,0,1000000000.00,0.000000
1025.0,1350.0,1692.1,0,1000000000.00,0.000000
1050.0,1350.0,1707.3,0,1000000000.00,0.000000
1075.0,1350.0,1722.7,0,1000000000.00,0.000000
1100.0,1350.0,1738.3,0,1000000000.00,0.000000
1125.0,1350.0,1754.2,0,1000000000.00,0.000000
1150.0,1350.0,1770.2,0,1000000000.00,0.000000
1175.0,1350.0,1786.5,0,1000000000.00,0.000000
1200.0,1350.0,1803.0,0,1000000000.00,0.000000
1225.0,1350.0,1819.7,0,1000000000.00,0.000000
1250.0,1350.0,1836.5,0,1000000000.00,0.000000
1275.0,1350.0,1853.5,0,1000000000.00,0.000000
1300.0,1350.0,1870.8,0,1000000000.00,0.000000
1325.0,1350.0,1888.2,0,1000000000.00,0.000000
1350.0,1350.0,1905.7,0,1000000000.00,0.000000
1375.0,1350.0,1923.4,0,1000000000.00,0.000000
1400.0,1350.0,1941.3,0,1000000000.00,0.000000
1425.0,1350.0,1959.4,0,1000000000.00,0.000000
1450.0,1350.0,1977.6,0,1000000000.00,0.000000
1475.0,1350.0,1995.9,0,1000000000.00,0.000000
1500.0,1350.0,2014.4,0,1000000000.00,0.000000
1525.0,1350.0,2033.0,0,1000000000.00,0.000000
1550.0,1350.0,2051.8,0,1000000000.00,0.000000
1575.0,1350.0,2070.7,0,1000000000.00,0.000000
1600.0,1350.0,2089.7,0,1000000000.00,0.000000
1625.0,1350.0,2108.8,0,1000000000.00,0.000000
1650.0,1350.0,2128.1,0,1000000000.00,0.000000
1675.0,1350.0,2147.5,0,1000000000.00,0.000000
1700.0,1350.0,2167.0,0,1000000000.00,0.000000
1725.0,1350.0,2186.6,0,1000000000.00,0.000000
1750.0,1350.0,2206.3,0,1000000000.00,0.000000
1775.0,1350.0,2226.1,0,1000000000.00,0.000000
1800.0,1350.0,2246.1,0,1000000000.00,0.000000
-1800.0,1375.0,3584.9,0,1000000000.00,0.000000
-1775.0,1375.0,3561.9,0,1000000000.00,0.000000
-1750.0,1375.0,3539.0,0,1000000000.00,0.000000
-1725.0,1375.0,3516.0,0,1000000000.00,0.000000
-1700.0,1375.0,3493.1,0,1000000000.00,0.000000
-1675.0,1375.0,3470.2,0,1000000000.00,0.000000
-1650.0,1375.0,3447.4,0,1000000000.00,0.000000
-1625.0,1375.0,3424.5,0,1000000000.00,0.000000
-1600.0,1375.0,3401.7,0,1000000000.00,0.000000
-1575.0,1375.0,3379.0,0,1000000000.00,0.000000
-1550.0,1375.0,3356.2,0,1000000000.00,0.000000
-1525.0,1375.0,3333.5,0,1000000000.00,0.000000
-1500.0,1375.0,3310.9,0,1000000000.00,0.000000
-1475.0,1375.0,3288.2,0,1000000000.00,0.000000
-1450.0,1375.0,3265.6,0,1000000000.00,0.000000
-1425.0,1375.0,3243.1,0,1000000000.00,0.000000
-1400.0,1375.0,3220.6,0,1000000000.00,0.000000
-1375.0,1375.0,3198.1,0,1000000000.00,0.000000
-1350.0,1375.0,3175.6,0,1000000000.00,0.000000
-1325.0,1375.0,3153.2,0,1000000000.00,0.000000
-1300.0,1375.0,3130.8,0,1000000000.00,0.000000
-1275.0,1375.0,3108.5,0,1000000000.00,0.000000
-1250.0,1375.0,3086.2,0,1000000000.00,0.000000
-1225.0,1375.0,3063.9,0,1000000000.00,0.000000
-1200.0,1375.0,3041.7,0,1000000000.00,0.000000
-1175.0,1375.0,3019.6,0,1000000000.00,0.000000
-1150.0,1375.0,2997.4,0,1000000000.00,0.000000
-1125.0,1375.0,2975.4,0,1000000000.00,0.000000
-1100.0,1375.0,2953.3,0,1000000000.00,0.000000
-1075.0,1375.0,2931.3,0,1000000000.00,0.000000
-1050.0,1375.0,2909.4,0,1000000000.00,0.000000
-1025.0,1375.0,2887.5,0,1000000000.00,0.000000
-1000.0,1375.0,2865.7,0,1000000000.00,0.000000
-975.0,1375.0,2843.9,0,1000000000.00,0.000000
-950.0,1375.0,2822.2,0,1000000000.00,0.000000
-925.0,1375.0,2800.5,0,1000000000.00,0.000000
-900.0,1375.0,2778.9,0,1000000000.00,0.000000
-875.0,1375.0,2757.3,0,1000000000.00,0.000000
-850.0,1375.0,2735.8,0,1000000000.00,0.000000
-825.0,1375.0,2714.4,0,1000000000.00,0.000000
-800.0,1375.0,2693.0,0,1000000000.00,0.000000
-775.0,1375.0,2671.7,0,1000000000.00,0.000000
-750.0,1375.0,2650.4,0,1000000000.00,0.000000
-725.0,1375.0,2629.2,0,1000000000.00,0.000000
-700.0,1375.0,2608.1,0,1000000000.00,0.000000
-675.0,1375.0,2587.1,0,1000000000.00,0.000000
-650.0,1375.0,2566.1,0,1000000000.00,0.000000
-625.0,1375.0,2545.2,0,1000000000.00,0.000000
-600.0,1375.0,2524.3,0,1000000000.00,0.000000
-575.0,1375.0,2503.6,0,1000000000.00,0.000000
-550.0,1375.0,2482.9,0,1000000000.00,0.000000
-525.0,1375.0,2462.3,0,1000000000.00,0.000000
-500.0,1375.0,2441.8,0,1000000000.00,0.000000
-475.0,1375.0,2421.4,0,1000000000.00,0.000000
-450.0,1375.0,2401.0,0,1000000000.00,0.000000
-425.0,1375.0,2380.8,0,1000000000.00,0.000000
-400.0,1375.0,2360.6,0,1000000000.00,0.000000
-375.0,1375.0,2340.5,0,1000000000.00,0.000000
-350.0,1375.0,2320.6,0,1000000000.00,0.000000
-325.0,1375.0,2300.7,0,1000000000.00,0.000000
-300.0,1375.0,2280.9,0,1000000000.00,0.000000
-275.0,1375.0,2261.2,0,1000000000.00,0.000000
-250.0,1375.0,2241.7,0,1000000000.00,0.000000
-225.0,1375.0,2222.2,0,1000000000.00,0.000000
-200.0,1375.0,2202.8,0,1000000000.00,0.000000
-175.0,1375.0,2183.6,0,1000000000.00,0.000000
-150.0,1375.0,2164.5,0,1000000000.00,0.000000
-125.0,1375.0,2145.5,0,1000000000.00,0.000000
-100.0,1375.0,2126.6,0,1000000000.00,0.000000
-75.0,1375.0,2107.9,0,1000000000.00,0.000000
-50.0,1375.0,2089.3,0,1000000000.00,0.000000
-25.0,1375.0,2070.8,0,1000000000.00,0.000000
0.0,1375.0,2052.5,0,1000000000.00,0.000000
25.0,1375.0,2034.3,0,1000000000.00,0.000000
50.0,1375.0,2016.2,0,1000000000.00,0.000000
75.0,1375.0,1998.3,0,1000000000.00,0.000000
100.0,1375.0,1980.6,0,1000000000.00,0.000000
125.0,1375.0,1963.0,0,1000000000.00,0.000000
150.0,1375.0,1945.6,0,1000000000.00,0.000000
175.0,1375.0,1928.3,0,1000000000.00,0.000000
200.0,1375.0,1911.2,0,1000000000.00,0.000000
225.0,1375.0,1894.3,0,1000000000.00,0.000000
250.0,1375.0,1877.6,0,1000000000.00,0.000000
275.0,1375.0,1861.0,0,1000000000.00,0.000000
300.0,1375.0,1844.7,0,1000000000.00,0.000000
325.0,1375.0,1828.5,0,1000000000.00,0.000000
350.0,1375.0,1812.5,0,1000000000.00,0.000000
375.0,1375.0,1796.8,0,1000000000.00,0.000000
400.0,1375.0,1781.2,0,1000000000.00,0.000000
425.0,1375.0,1765.9,0,1000000000.00,0.000000
450.0,1375.0,1750.8,0,1000000000.00,0.000000
475.0,1375.0,1735.9,0,1000000000.00,0.000000
500.0,1375.0,1721.3,0,1000000000.00,0.000000
525.0,1375.0,1706.9,0,1000000000.00,0.000000
550.0,1375.0,1692.7,0,1000000000.00,0.000000
575.0,1375.0,1678.8,0,1000000000.00,0.000000
600.0,1375.0,1665.2,0,1000000000.00,0.000000
625.0,1375.0,1651.8,0,1000000000.00,0.000000
650.0,1375.0,1638.7,0,1000000000.00,0.000000
675.0,1375.0,1625.9,0,1000000000.00,0.000000
700.0,1375.0,1613.4,0,1000000000.00,0.000000
725.0,1375.0,1601.1,0,1000000000.00,0.000000
750.0,1375.0,1589.2,0,1000000000.00,0.000000
775.0,1375.0,1577.5,0,1000000000.00,0.000000
800.0,1375.0,1588.4,0,1000000000.00,0.000000
825.0,1375.0,1601.0,0,1000000000.00,0.000000
850.0,1375.0,1614.0,0,1000000000.00,0.000000
875.0,1375.0,1627.2,0,1000000000.00,0.000000
900.0,1375.0,1640.7,0,1000000000.00,0.000000
925.0,1375.0,1654.5,0,1000000000.00,0.000000
950.0,1375.0,1668.5,0,1000000000.00,0.000000
975.0,1375.0,1682.8,0,1000000000.00,0.000000
1000.0,1375.0,1697.3,0,1000000000.00,0.000000
1025.0,1375.0,1712.1,0,1000000000.00,0.000000
1050.0,1375.0,1727.1,0,1000000000.00,0.000000
1075.0,1375.0,1742.3,0,1000000000.00,0.000000
1100.0,1375.0,1757.8,0,1000000000.00,0.000000
1125.0,1375.0,1773.5,0,1000000000.00,0.000000
1150.0,1375.0,1789.4,0,1000000000.00,0.000000
1175.0,1375.0,1805.5,0,1000000000.00,0.000000
1200.0,1375.0,1821.8,0,1000000000.00,0.000000
1225.0,1375.0,1838.3,0,1000000000.00,0.000000
1250.0,1375.0,1855.0,0,1000000000.00,0.000000
1275.0,1375.0,1871.8,0,1000000000.00,0.000000
1300.0,1375.0,1888.9,0,1000000000.00,0.000000
1325.0,1375.0,1906.1,0,1000000000.00,0.000000
1350.0,1375.0,1923.5,0,1000000000.00,0.000000
1375.0,1375.0,1941.1,0,1000000000.00,0.000000
1400.0,1375.0,1958.8,0,1000000000.00,0.000000
1425.0,1375.0,1976.7,0,1000000000.00,0.000000
1450.0,1375.0,1994.7,0,1000000000.00,0.000000
1475.0,1375.0,2012.9,0,1000000000.00,0.000000
1500.0,1375.0,2031.2,0,1000000000.00,0.000000
1525.0,1375.0,2049.7,0,1000000000.00,0.000000
1550.0,1375.0,2068.3,0,1000000000.00,0.000000
1575.0,1375.0,2087.0,0,1000000000.00,0.000000
1600.0,1375.0,2105.9,0,1000000000.00,0.000000
1625.0,1375.0,2124.9,0,1000000000.00,0.000000
1650.0,1375.0,2144.0,0,1000000000.00,0.000000
1675.0,1375.0,2163.3,0,1000000000.00,0.000000
1700.0,1375.0,2182.6,0,1000000000.00,0.000000
1725.0,1375.0,2202.1,0,1000000000.00,0.000000
1750.0,1375.0,2221.7,0,1000000000.00,0.000000
1775.0,1375.0,2241.4,0,1000000000.00,0.000000
1800.0,1375.0,2261.2,0,1000000000.00,0.000000
-1800.0,1400.0,3594.8,0,1000000000.00,0.000000
-1775.0,1400.0,3571.9,0,1000000000.00,0.000000
-1750.0,1400.0,3548.9,0,1000000000.00,0.000000
-1725.0,1400.0,3526.1,0,1000000000.00,0.000000
-1700.0,1400.0,3503.2,0,1000000000.00,0.000000
-1675.0,1400.0,3480.4,0,1000000000.00,0.000000
-1650.0,1400.0,3457.6,0,1000000000.00,0.000000
-1625.0,1400.0,3434.8,0,1000000000.00,0.000000
-1600.0,1400.0,3412.1,0,1000000000.00,0.000000
-1575.0,1400.0,3389.4,0,1000000000.00,0.000000
-1550.0,1400.0,3366.8,0,1000000000.00,0.000000
-1525.0,1400.0,3344.1,0,1000000000.00,0.000000
-1500.0,1400.0,3321.5,0,1000000000.00,0.000000
-1475.0,1400.0,3299.0,0,1000000000.00,0.000000
-1450.0,1400.0,3276.5,0,1000000000.00,0.000000
-1425.0,1400.0,3254.0,0,1000000000.00,0.000000
-1400.0,1400.0,3231.5,0,1000000000.00,0.000000
-1375.0,1400.0,3209.1,0,1000000000.00,0.000000
-1350.0,1400.0,3186.7,0,1000000000.00,0.000000
-1325.0,1400.0,3164.4,0,1000000000.00,0.000000
-1300.0,1400.0,3142.1,0,1000000000.00,0.000000
-1275.0,1400.0,3119.8,0,1000000000.00,0.000000
-1250.0,1400.0,3097.6,0,1000000000.00,0.000000
-1225.0,1400.0,3075.4,0,1000000000.00,0.000000
-1200.0,1400.0,3053.3,0,1000000000.00,0.000000
-1175.0,1400.0,3031.2,0,1000000000.00,0.000000
-1150.0,1400.0,3009.2,0,1000000000.00,0.000000
-1125.0,1400.0,2987.2,0,1000000000.00,0.000000
-1100.0,1400.0,2965.3,0,1000000000.00,0.000000
-1075.0,1400.0,2943.4,0,1000000000.00,0.000000
-1050.0,1400.0,2921.5,0,1000000000.00,0.000000
-1025.0,1400.0,2899.7,0,1000000000.00,0.000000
-1000.0,1400.0,2878.0,0,1000000000.00,0.000000
-975.0,1400.0,2856.3,0,1000000000.00,0.000000
-950.0,1400.0,2834.7,0,1000000000.00,0.000000
-925.0,1400.0,2813.1,0,1000000000.00,0.000000
-900.0,1400.0,2791.6,0,1000000000.00,0.000000
-875.0,1400.0,2770.1,0,1000000000.00,0.000000
-850.0,1400.0,2748.7,0,1000000000.00,0.000000
-825.0,1400.0,2727.4,0,1000000000.00,0.000000
-800.0,1400.0,2706.1,0,1000000000.00,0.000000
-775.0,1400.0,2684.9,0,1000000000.00,0.000000
-750.0,1400.0,2663.7,0,1000000000.00,0.000000
-725.0,1400.0,2642.6,0,1000000000.00,0.000000
-700.0,1400.0,2621.6,0,1000000000.00,0.000000
-675.0,1400.0,2600.7,0,1000000000.00,0.000000
-650.0,1400.0,2579.8,0,1000000000.00,0.000000
-625.0,1400.0,2559.0,0,1000000000.00,0.000000
-600.0,1400.0,2538.3,0,1000000000.00,0.000000
-575.0,1400.0,2517.7,0,1000000000.00,0.000000
-550.0,1400.0,2497.1,0,1000000000.00,0.000000
-525.0,1400.0,2476.6,0,1000000000.00,0.000000
-500.0,1400.0,2456.2,0,1000000000.00,0.000000
-475.0,1400.0,2435.9,0,1000000000.00,0.000000
-450.0,1400.0,2415.7,0,1000000000.00,0.000000
-425.0,1400.0,2395.6,0,1000000000.00,0.000000
-400.0,1400.0,2375.5,0,1000000000.00,0.000000
-375.0,1400.0,2355.6,0,1000000000.00,0.000000
-350.0,1400.0,2335.7,0,1000000000.00,0.000000
-325.0,1400.0,2316.0,0,1000000000.00,0.000000
-300.0,1400.0,2296.3,0,1000000000.00,0.000000
-275.0,1400.0,2276.8,0,1000000000.00,0.000000
-250.0,1400.0,2257.4,0,1000000000.00,0.000000
-225.0,1400.0,2238.0,0,1000000000.00,0.000000
-200.0,1400.0,2218.8,0,1000000000.00,0.000000
-175.0,1400.0,2199.7,0,1000000000.00,0.000000
-150.0,1400.0,2180.8,0,1000000000.00,0.000000
-125.0,1400.0,2161.9,0,1000000000.00,0.000000
-100.0,1400.0,2143.2,0,1000000000.00,0.000000
-75.0,1400.0,2124.6,0,1000000000.00,0.000000
-50.0,1400.0,2106.1,0,1000000000.00,0.000000
-25.0,1400.0,2087.8,0,1000000000.00,0.000000
0.0,1400.0,2069.6,0,1000000000.00,0.000000
25.0,1400.0,2051.6,0,1000000000.00,0.000000
50.0,1400.0,2033.7,0,1000000000.00,0.000000
75.0,1400.0,2015.9,0,1000000000.00,0.000000
100.0,1400.0,1998.3,0,1000000000.00,0.000000
125.0,1400.0,1980.9,0,1000000000.00,0.000000
150.0,1400.0,1963.6,0,1000000000.00,0.000000
175.0,1400.0,1946.5,0,1000000000.00,0.000000
200.0,1400.0,1929.6,0,1000000000.00,0.000000
225.0,1400.0,1912.9,0,1000000000.00,0.000000
250.0,1400.0,1896.3,0,1000000000.00,0.000000
275.0,1400.0,1879.9,0,1000000000.00,0.000000
300.0,1400.0,1863.7,0,1000000000.00,0.000000
325.0,1400.0,1847.7,0,1000000000.00,0.000000
350.0,1400.0,1831.9,0,1000000000.00,0.000000
375.0,1400.0,1816.3,0,1000000000.00,0.000000
400.0,1400.0,1801.0,0,1000000000.00,0.000000
425.0,1400.0,1785.8,0,1000000000.00,0.000000
450.0,1400.0,1770.9,0,1000000000.00,0.000000
475.0,1400.0,1756.2,0,1000000000.00,0.000000
500.0,1400.0,1741.7,0,1000000000.00,0.000000
525.0,1400.0,1727.5,0,1000000000.00,0.000000
550.0,1400.0,1713.5,0,1000000000.00,0.000000
575.0,1400.0,1699.8,0,1000000000.00,0.000000
600.0,1400.0,1686.3,0,1000000000.00,0.000000
625.0,1400.0,1673.1,0,1000000000.00,0.000000
650.0,1400.0,1660.1,0,1000000000.00,0.000000
675.0,1400.0,1647.5,0,1000000000.00,0.000000
700.0,1400.0,1635.1,0,1000000000.00,0.000000
725.0,1400.0,1623.0,0,1000000000.00,0.000000
750.0,1400.0,1611.3,0,1000000000.00,0.000000
775.0,1400.0,1599.8,0,1000000000.00,0.000000
800.0,1400.0,1610.1,0,1000000000.00,0.000000
825.0,1400.0,1622.5,0,1000000000.00,0.000000
850.0,1400.0,1635.3,0,1000000000.00,0.000000
875.0,1400.0,1648.4,0,1000000000.00,0.000000
900.0,1400.0,1661.7,0,1000000000.00,0.000000
925.0,1400.0,1675.3,0,1000000000.00,0.000000
950.0,1400.0,1689.2,0,1000000000.00,0.000000
975.0,1400.0,1703.3,0,1000000000.00,0.000000
1000.0,1400.0,1717.6,0,1000000000.00,0.000000
1025.0,1400.0,1732.2,0,1000000000.00,0.000000
1050.0,1400.0,1747.1,0,1000000000.00,0.000000
1075.0,1400.0,1762.1,0,1000000000.00,0.000000
1100.0,1400.0,1777.4,0,1000000000.00,0.000000
1125.0,1400.0,1792.9,0,1000000000.00,0.000000
1150.0,1400.0,1808.7,0,1000000000.00,0.000000
1175.0,1400.0,1824.6,0,1000000000.00,0.000000
1200.0,1400.0,1840.7,0,1000000000.00,0.000000
1225.0,1400.0,1857.1,0,1000000000.00,0.000000
1250.0,1400.0,1873.6,0,1000000000.00,0.000000
1275.0,1400.0,1890.3,0,1000000000.00,0.000000
1300.0,1400.0,1907.2,0,1000000000.00,0.000000
1325.0,1400.0,1924.2,0,1000000000.00,0.000000
1350.0,1400.0,1941.5,0,1000000000.00,0.000000
1375.0,1400.0,1958.9,0,1000000000.00,0.000000
1400.0,1400.0,1976.4,0,1000000000.00,0.000000
1425.0,1400.0,1994.2,0,1000000000.00,0.000000
1450.0,1400.0,2012.0,0,1000000000.00,0.000000
1475.0,1400.0,2030.1,0,1000000000.00,0.000000
1500.0,1400.0,2048.2,0,1000000000.00,0.000000
1525.0,1400.0,2066.6,0,1000000000.00,0.000000
1550.0,1400.0,2085.0,0,1000000000.00,0.000000
1575.0,1400.0,2103.6,0,1000000000.00,0.000000
1600.0,1400.0,2122.3,0,1000000000.00,0.000000
1625.0,1400.0,2141.2,0,1000000000.00,0.000000
1650.0,1400.0,2160.2,0,1000000000.00,0.000000
1675.0,1400.0,2179.3,0,1000000000.00,0.000000
1700.0,1400.0,2198.5,0,1000000000.00,0.000000
1725.0,1400.0,2217.8,0,1000000000.00,0.000000
1750.0,1400.0,2237.2,0,1000000000.00,0.000000
1775.0,1400.0,2256.8,0,1000000000.00,0.000000
1800.0,1400.0,2276.5,0,1000000000.00,0.000000
-1800.0,1425.0,3604.8,0,1000000000.00,0.000000
-1775.0,1425.0,3581.9,0,1000000000.00,0.000000
-1750.0,1425.0,3559.1,0,1000000000.00,0.000000
-1725.0,1425.0,3536.3,0,1000000000.00,0.000000
-1700.0,1425.0,3513.5,0,1000000000.00,0.000000
-1675.0,1425.0,3490.7,0,1000000000.00,0.000000
-1650.0,1425.0,3468.0,0,1000000000.00,0.000000
-1625.0,1425.0,3445.3,0,1000000000.00,0.000000
-1600.0,1425.0,3422.6,0,1000000000.00,0.000000
-1575.0,1425.0,3400.0,0,1000000000.00,0.000000
-1550.0,1425.0,3377.4,0,1000000000.00,0.000000
-1525.0,1425.0,3354.9,0,1000000000.00,0.000000
-1500.0,1425.0,3332.3,0,1000000000.00,0.000000
-1475.0,1425.0,3309.9,0,1000000000.00,0.000000
-1450.0,1425.0,3287.4,0,1000000000.00,0.000000
-1425.0,1425.0,3265.0,0,1000000000.00,0.000000
-1400.0,1425.0,3242.6,0,1000000000.00,0.000000
-1375.0,1425.0,3220.3,0,1000000000.00,0.000000
-1350.0,1425.0,3198.0,0,1000000000.00,0.000000
-1325.0,1425.0,3175.7,0,1000000000.00,0.000000
-1300.0,1425.0,3153.5,0,1000000000.00,0.000000
-1275.0,1425.0,3131.3,0,1000000000.00,0.000000
-1250.0,1425.0,3109.2,0,1000000000.00,0.000000
-1225.0,1425.0,3087.1,0,1000000000.00,0.000000
-1200.0,1425.0,3065.1,0,1000000000.00,0.000000
-1175.0,1425.0,3043.1,0,1000000000.00,0.000000
-1150.0,1425.0,3021.1,0,1000000000.00,0.000000
-1125.0,1425.0,2999.2,0,1000000000.00,0.000000
-1100.0,1425.0,2977.4,0,1000000000.00,0.000000
-1075.0,1425.0,2955.6,0,1000000000.00,0.000000
-1050.0,1425.0,2933.8,0,1000000000.00,0.000000
-1025.0,1425.0,2912.1,0,1000000000.00,0.000000
-1000.0,1425.0,2890.5,0,1000000000.00,0.000000
-975.0,1425.0,2868.9,0,1000000000.00,0.000000
-950.0,1425.0,2847.3,0,1000000000.00,0.000000
-925.0,1425.0,2825.9,0,1000000000.00,0.000000
-900.0,1425.0,2804.4,0,1000000000.00,0.000000
-875.0,1425.0,2783.1,0,1000000000.00,0.000000
-850.0,1425.0,2761.8,0,1000000000.00,0.000000
-825.0,1425.0,2740.5,0,1000000000.00,0.000000
-800.0,1425.0,2719.4,0,1000000000.00,0.000000
-775.0,1425.0,2698.2,0,1000000000.00,0.000000
-750.0,1425.0,2677.2,0,1000000000.00,0.000000
-725.0,1425.0,2656.2,0,1000000000.00,0.000000
-700.0,1425.0,2635.3,0,1000000000.00,0.000000
-675.0,1425.0,2614.5,0,1000000000.00,0.000000
-650.0,1425.0,2593.7,0,1000000000.00,0.000000
-625.0,1425.0,2573.0,0,1000000000.00,0.000000
-600.0,1425.0,2552.4,0,1000000000.00,0.000000
-575.0,1425.0,2531.9,0,1000000000.00,0.000000
-550.0,1425.0,2511.5,0,1000000000.00,0.000000
-525.0,1425.0,2491.1,0,1000000000.00,0.000000
-500.0,1425.0,2470.8,0,1000000000.00,0.000000
-475.0,1425.0,2450.6,0,1000000000.00,0.000000
-450.0,1425.0,2430.5,0,1000000000.00,0.000000
-425.0,1425.0,2410.5,0,1000000000.00,0.000000
-400.0,1425.0,2390.6,0,1000000000.00,0.000000
-375.0,1425.0,2370.8,0,1000000000.00,0.000000
-350.0,1425.0,2351.1,0,1000000000.00,0.000000
-325.0,1425.0,2331.5,0,1000000000.00,0.000000
-300.0,1425.0,2311.9,0,1000000000.00,0.000000
-275.0,1425.0,2292.5,0,1000000000.00,0.000000
-250.0,1425.0,2273.2,0,1000000000.00,0.000000
-225.0,1425.0,2254.1,0,1000000000.00,0.000000
-200.0,1425.0,2235.0,0,1000000000.00,0.000000
-175.0,1425.0,2216.0,0,1000000000.00,0.000000
-150.0,1425.0,2197.2,0,1000000000.00,0.000000
-125.0,1425.0,2178.5,0,1000000000.00,0.000000
-100.0,1425.0,2159.9,0,1000000000.00,0.000000
-75.0,1425.0,2141.5,0,1000000000.00,0.000000
-50.0,1425.0,2123.1,0,1000000000.00,0.000000
-25.0,1425.0,2105.0,0,1000000000.00,0.000000
0.0,1425.0,2086.9,0,1000000000.00,0.000000
25.0,1425.0,2069.0,0,1000000000.00,0.000000
50.0,1425.0,2051.3,0,1000000000.00,0.000000
75.0,1425.0,2033.7,0,1000000000.00,0.000000
100.0,1425.0,2016.3,0,1000000000.00,0.000000
125.0,1425.0,1999.0,0,1000000000.00,0.000000
150.0,1425.0,1981.9,0,1000000000.00,0.000000
175.0,1425.0,1964.9,0,1000000000.00,0.000000
200.0,1425.0,1948.2,0,1000000000.00,0.000000
225.0,1425.0,1931.6,0,1000000000.00,0.000000
250.0,1425.0,1915.2,0,1000000000.00,0.000000
275.0,1425.0,1898.9,0,1000000000.00,0.000000
300.0,1425.0,1882.9,0,1000000000.00,0.000000
325.0,1425.0,1867.1,0,1000000000.00,0.000000
350.0,1425.0,1851.5,0,1000000000.00,0.000000
375.0,1425.0,1836.0,0,1000000000.00,0.000000
400.0,1425.0,1820.8,0,1000000000.00,0.000000
425.0,1425.0,1805.8,0,1000000000.00,0.000000
450.0,1425.0,1791.1,0,1000000000.00,0.000000
475.0,1425.0,1776.5,0,1000000000.00,0.000000
500.0,1425.0,1762.2,0,1000000000.00,0.000000
525.0,1425.0,1748.2,0,1000000000.00,0.000000
550.0,1425.0,1734.4,0,1000000000.00,0.000000
575.0,1425.0,1720.8,0,1000000000.00,0.000000
600.0,1425.0,1707.5,0,1000000000.00,0.000000
625.0,1425.0,1694.4,0,1000000000.00,0.000000
650.0,1425.0,1681.7,0,1000000000.00,0.000000
675.0,1425.0,1669.2,0,1000000000.00,0.000000
700.0,1425.0,1657.0,0,1000000000.00,0.000000
725.0,1425.0,1645.1,0,1000000000.00,0.000000
750.0,1425.0,1633.4,0,1000000000.00,0.000000
775.0,1425.0,1622.1,0,1000000000.00,0.000000
800.0,1425.0,1631.8,0,1000000000.00,0.000000
825.0,1425.0,1644.2,0,1000000000.00,0.000000
850.0,1425.0,1656.8,0,1000000000.00,0.000000
875.0,1425.0,1669.7,0,1000000000.00,0.000000
900.0,1425.0,1682.8,0,1000000000.00,0.000000
925.0,1425.0,1696.3,0,1000000000.00,0.000000
950.0,1425.0,1709.9,0,1000000000.00,0.000000
975.0,1425.0,1723.9,0,1000000000.00,0.000000
1000.0,1425.0,1738.1,0,1000000000.00,0.000000
1025.0,1425.0,1752.5,0,1000000000.00,0.000000
1050.0,1425.0,1767.2,0,1000000000.00,0.000000
1075.0,1425.0,1782.1,0,1000000000.00,0.000000
1100.0,1425.0,1797.2,0,1000000000.00,0.000000
1125.0,1425.0,1812.5,0,1000000000.00,0.000000
1150.0,1425.0,1828.1,0,1000000000.00,0.000000
1175.0,1425.0,1843.8,0,1000000000.00,0.000000
1200.0,1425.0,1859.8,0,1000000000.00,0.000000
1225.0,1425.0,1876.0,0,1000000000.00,0.000000
1250.0,1425.0,1892.3,0,1000000000.00,0.000000
1275.0,1425.0,1908.9,0,1000000000.00,0.000000
1300.0,1425.0,1925.6,0,1000000000.00,0.000000
1325.0,1425.0,1942.5,0,1000000000.00,0.000000
1350.0,1425.0,1959.6,0,1000000000.00,0.000000
1375.0,1425.0,1976.8,0,1000000000.00,0.000000
1400.0,1425.0,1994.2,0,1000000000.00,0.000000
1425.0,1425.0,2011.8,0,1000000000.00,0.000000
1450.0,1425.0,2029.5,0,1000000000.00,0.000000
1475.0,1425.0,2047.4,0,1000000000.00,0.000000
1500.0,1425.0,2065.4,0,1000000000.00,0.000000
1525.0,1425.0,2083.6,0,1000000000.00,0.000000
1550.0,1425.0,2101.9,0,1000000000.00,0.000000
1575.0,1425.0,2120.3,0,1000000000.00,0.000000
1600.0,1425.0,2138.9,0,1000000000.00,0.000000
1625.0,1425.0,2157.6,0,1000000000.00,0.000000
1650.0,1425.0,2176.4,0,1000000000.00,0.000000
1675.0,1425.0,2195.4,0,1000000000.00,0.000000
1700.0,1425.0,2214.5,0,1000000000.00,0.000000
1725.0,1425.0,2233.7,0,1000000000.00,0.000000
1750.0,1425.0,2253.0,0,1000000000.00,0.000000
1775.0,1425.0,2272.4,0,1000000000.00,0.000000
1800.0,1425.0,2291.9,0,1000000000.00,0.000000
-1800.0,1450.0,3614.9,0,1000000000.00,0.000000
-1775.0,1450.0,3592.1,0,1000000000.00,0.000000
-1750.0,1450.0,3569.3,0,1000000000.00,0.000000
-1725.0,1450.0,3546.6,0,1000000000.00,0.000000
-1700.0,1450.0,3523.9,0,1000000000.00,0.000000
-1675.0,1450.0,3501.2,0,1000000000.00,0.000000
-1650.0,1450.0,3478.5,0,1000000000.00,0.000000
-1625.0,1450.0,3455.9,0,1000000000.00,0.000000
-1600.0,1450.0,3433.3,0,1000000000.00,0.000000
-1575.0,1450.0,3410.8,0,1000000000.00,0.000000
-1550.0,1450.0,3388.2,0,1000000000.00,0.000000
-1525.0,1450.0,3365.8,0,1000000000.00,0.000000
-1500.0,1450.0,3343.3,0,1000000000.00,0.000000
-1475.0,1450.0,3320.9,0,1000000000.00,0.000000
-1450.0,1450.0,3298.5,0,1000000000.00,0.000000
-1425.0,1450.0,3276.2,0,1000000000.00,0.000000
-1400.0,1450.0,3253.9,0,1000000000.00,0.000000
-1375.0,1450.0,3231.6,0,1000000000.00,0.000000
-1350.0,1450.0,3209.4,0,1000000000.00,0.000000
-1325.0,1450.0,3187.2,0,1000000000.00,0.000000
-1300.0,1450.0,3165.1,0,1000000000.00,0.000000
-1275.0,1450.0,3143.0,0,1000000000.00,0.000000
-1250.0,1450.0,3121.0,0,1000000000.00,0.000000
-1225.0,1450.0,3098.9,0,1000000000.00,0.000000
-1200.0,1450.0,3077.0,0,1000000000.00,0.000000
-1175.0,1450.0,3055.1,0,1000000000.00,0.000000
-1150.0,1450.0,3033.2,0,1000000000.00,0.000000
-1125.0,1450.0,3011.4,0,1000000000.00,0.000000
-1100.0,1450.0,2989.6,0,1000000000.00,0.000000
-1075.0,1450.0,2967.9,0,1000000000.00,0.000000
-1050.0,1450.0,2946.3,0,1000000000.00,0.000000
-1025.0,1450.0,2924.6,0,1000000000.00,0.000000
-1000.0,1450.0,2903.1,0,1000000000.00,0.000000
-975.0,1450.0,2881.6,0,1000000000.00,0.000000
-950.0,1450.0,2860.2,0,1000000000.00,0.000000
-925.0,1450.0,2838.8,0,1000000000.00,0.000000
-900.0,1450.0,2817.4,0,1000000000.00,0.000000
-875.0,1450.0,2796.2,0,1000000000.00,0.000000
-850.0,1450.0,2775.0,0,1000000000.00,0.000000
-825.0,1450.0,2753.8,0,1000000000.00,0.000000
-800.0,1450.0,2732.8,0,1000000000.00,0.000000
-775.0,1450.0,2711.8,0,1000000000.00,0.000000
-750.0,1450.0,2690.8,0,1000000000.00,0.000000
-725.0,1450.0,2670.0,0,1000000000.00,0.000000
-700.0,1450.0,2649.2,0,1000000000.00,0.000000
-675.0,1450.0,2628.4,0,1000000000.00,0.000000
-650.0,1450.0,2607.8,0,1000000000.00,0.000000
-625.0,1450.0,2587.2,0,1000000000.00,0.000000
-600.0,1450.0,2566.7,0,1000000000.00,0.000000
-575.0,1450.0,2546.3,0,1000000000.00,0.000000
-550.0,1450.0,2526.0,0,1000000000.00,0.000000
-525.0,1450.0,2505.8,0,1000000000.00,0.000000
-500.0,1450.0,2485.6,0,1000000000.00,0.000000
-475.0,1450.0,2465.5,0,1000000000.00,0.000000
-450.0,1450.0,2445.5,0,1000000000.00,0.000000
-425.0,1450.0,2425.7,0,1000000000.00,0.000000
-400.0,1450.0,2405.9,0,1000000000.00,0.000000
-375.0,1450.0,2386.2,0,1000000000.00,0.000000
-350.0,1450.0,2366.6,0,1000000000.00,0.000000
-325.0,1450.0,2347.1,0,1000000000.00,0.000000
-300.0,1450.0,2327.7,0,1000000000.00,0.000000
-275.0,1450.0,2308.4,0,1000000000.00,0.000000
-250.0,1450.0,2289.3,0,1000000000.00,0.000000
-225.0,1450.0,2270.2,0,1000000000.00,0.000000
-200.0,1450.0,2251.3,0,1000000000.00,0.000000
-175.0,1450.0,2232.5,0,1000000000.00,0.000000
-150.0,1450.0,2213.8,0,1000000000.00,0.000000
-125.0,1450.0,2195.2,0,1000000000.00,0.000000
-100.0,1450.0,2176.8,0,1000000000.00,0.000000
-75.0,1450.0,2158.5,0,1000000000.00,0.000000
-50.0,1450.0,2140.3,0,1000000000.00,0.000000
-25.0,1450.0,2122.3,0,1000000000.00,0.000000
0.0,1450.0,2104.4,0,1000000000.00,0.000000
25.0,1450.0,2086.6,0,1000000000.00,0.000000
50.0,1450.0,2069.0,0,1000000000.00,0.000000
75.0,1450.0,2051.6,0,1000000000.00,0.000000
100.0,1450.0,2034.3,0,1000000000.00,0.000000
125.0,1450.0,2017.2,0,1000000000.00,0.000000
150.0,1450.0,2000.2,0,1000000000.00,0.000000
175.0,1450.0,1983.5,0,1000000000.00,0.000000
200.0,1450.0,1966.9,0,1000000000.00,0.000000
225.0,1450.0,1950.4,0,1000000000.00,0.000000
250.0,1450.0,1934.2,0,1000000000.00,0.000000
275.0,1450.0,1918.1,0,1000000000.00,0.000000
300.0,1450.0,1902.2,0,1000000000.00,0.000000
325.0,1450.0,1886.6,0,1000000000.00,0.000000
350.0,1450.0,1871.1,0,1000000000.00,0.000000
375.0,1450.0,1855.9,0,1000000000.00,0.000000
400.0,1450.0,1840.8,0,1000000000.00,0.000000
425.0,1450.0,1826.0,0,1000000000.00,0.000000
450.0,1450.0,1811.4,0,1000000000.00,0.000000
475.0,1450.0,1797.0,0,1000000000.00,0.000000
500.0,1450.0,1782.9,0,1000000000.00,0.000000
525.0,1450.0,1769.0,0,1000000000.00,0.000000
550.0,1450.0,1755.3,0,1000000000.00,0.000000
575.0,1450.0,1741.9,0,1000000000.00,0.000000
600.0,1450.0,1728.8,0,1000000000.00,0.000000
625.0,1450.0,1715.9,0,1000000000.00,0.000000
650.0,1450.0,1703.3,0,1000000000.00,0.000000
675.0,1450.0,1691.0,0,1000000000.00,0.000000
700.0,1450.0,1678.9,0,1000000000.00,0.000000
725.0,1450.0,1667.1,0,1000000000.00,0.000000
750.0,1450.0,1655.7,0,1000000000.00,0.000000
775.0,1450.0,1644.5,0,1000000000.00,0.000000
800.0,1450.0,1653.7,0,1000000000.00,0.000000
825.0,1450.0,1665.9,0,1000000000.00,0.000000
850.0,1450.0,1678.3,0,1000000000.00,0.000000
875.0,1450.0,1691.1,0,1000000000.00,0.000000
900.0,1450.0,1704.0,0,1000000000.00,0.000000
925.0,1450.0,1717.3,0,1000000000.00,0.000000
950.0,1450.0,1730.8,0,1000000000.00,0.000000
975.0,1450.0,1744.6,0,1000000000.00,0.000000
1000.0,1450.0,1758.6,0,1000000000.00,0.000000
1025.0,1450.0,1772.9,0,1000000000.00,0.000000
1050.0,1450.0,1787.4,0,1000000000.00,0.000000
1075.0,1450.0,1802.1,0,1000000000.00,0.000000
1100.0,1450.0,1817.1,0,1000000000.00,0.000000
1125.0,1450.0,1832.3,0,1000000000.00,0.000000
1150.0,1450.0,1847.6,0,1000000000.00,0.000000
1175.0,1450.0,1863.2,0,1000000000.00,0.000000
1200.0,1450.0,1879.0,0,1000000000.00,0.000000
1225.0,1450.0,1895.0,0,1000000000.00,0.000000
1250.0,1450.0,1911.2,0,1000000000.00,0.000000
1275.0,1450.0,1927.6,0,1000000000.00,0.000000
1300.0,1450.0,1944.2,0,1000000000.00,0.000000
1325.0,1450.0,1960.9,0,1000000000.00,0.000000
1350.0,1450.0,1977.8,0,1000000000.00,0.000000
1375.0,1450.0,1994.9,0,1000000000.00,0.000000
1400.0,1450.0,2012.2,0,1000000000.00,0.000000
1425.0,1450.0,2029.6,0,1000000000.00,0.000000
1450.0,1450.0,2047.1,0,1000000000.00,0.000000
1475.0,1450.0,2064.9,0,1000000000.00,0.000000
1500.0,1450.0,2082.7,0,1000000000.00,0.000000
1525.0,1450.0,2100.8,0,1000000000.00,0.000000
1550.0,1450.0,2118.9,0,1000000000.00,0.000000
1575.0,1450.0,2137.2,0,1000000000.00,0.000000
1600.0,1450.0,2155.6,0,1000000000.00,0.000000
1625.0,1450.0,2174.2,0,1000000000.00,0.000000
1650.0,1450.0,2192.9,0,1000000000.00,0.000000
1675.0,1450.0,2211.7,0,1000000000.00,0.000000
1700.0,1450.0,2230.6,0,1000000000.00,0.000000
1725.0,1450.0,2249.7,0,1000000000.00,0.000000
1750.0,1450.0,2268.9,0,1000000000.00,0.000000
1775.0,1450.0,2288.2,0,1000000000.00,0.000000
1800.0,1450.0,2307.5,0,1000000000.00,0.000000
-1800.0,1475.0,3625.2,0,1000000000.00,0.000000
-1775.0,1475.0,3602.5,0,1000000000.00,0.000000
-1750.0,1475.0,3579.7,0,1000000000.00,0.000000
-1725.0,1475.0,3557.1,0,1000000000.00,0.000000
-1700.0,1475.0,3534.4,0,1000000000.00,0.000000
-1675.0,1475.0,3511.8,0,1000000000.00,0.000000
-1650.0,1475.0,3489.2,0,1000000000.00,0.000000
-1625.0,1475.0,3466.7,0,1000000000.00,0.000000
-1600.0,1475.0,3444.1,0,1000000000.00,0.000000
-1575.0,1475.0,3421.7,0,1000000000.00,0.000000
-1550.0,1475.0,3399.2,0,1000000000.00,0.000000
-1525.0,1475.0,3376.8,0,1000000000.00,0.000000
-1500.0,1475.0,3354.4,0,1000000000.00,0.000000
-1475.0,1475.0,3332.1,0,1000000000.00,0.000000
-1450.0,1475.0,3309.8,0,1000000000.00,0.000000
-1425.0,1475.0,3287.5,0,1000000000.00,0.000000
-1400.0,1475.0,3265.3,0,1000000000.00,0.000000
-1375.0,1475.0,3243.1,0,1000000000.00,0.000000
-1350.0,1475.0,3221.0,0,1000000000.00,0.000000
-1325.0,1475.0,3198.9,0,1000000000.00,0.000000
-1300.0,1475.0,3176.8,0,1000000000.00,0.000000
-1275.0,1475.0,3154.8,0,1000000000.00,0.000000
-1250.0,1475.0,3132.9,0,1000000000.00,0.000000
-1225.0,1475.0,3110.9,0,1000000000.00,0.000000
-1200.0,1475.0,3089.1,0,1000000000.00,0.000000
-1175.0,1475.0,3067.2,0,1000000000.00,0.000000
-1150.0,1475.0,3045.5,0,1000000000.00,0.000000
-1125.0,1475.0,3023.7,0,1000000000.00,0.000000
-1100.0,1475.0,3002.1,0,1000000000.00,0.000000
-1075.0,1475.0,2980.4,0,1000000000.00,0.000000
-1050.0,1475.0,2958.9,0,1000000000.00,0.000000
-1025.0,1475.0,2937.3,0,1000000000.00,0.000000
-1000.0,1475.0,2915.9,0,1000000000.00,0.000000
-975.0,1475.0,2894.5,0,1000000000.00,0.000000
-950.0,1475.0,2873.1,0,1000000000.00,0.000000
-925.0,1475.0,2851.9,0,1000000000.00,0.000000
-900.0,1475.0,2830.6,0,1000000000.00,0.000000
-875.0,1475.0,2809.5,0,1000000000.00,0.000000
-850.0,1475.0,2788.4,0,1000000000.00,0.000000
-825.0,1475.0,2767.3,0,1000000000.00,0.000000
-800.0,1475.0,2746.4,0,1000000000.00,0.000000
-775.0,1475.0,2725.5,0,1000000000.00,0.000000
-750.0,1475.0,2704.6,0,1000000000.00,0.000000
-725.0,1475.0,2683.9,0,1000000000.00,0.000000
-700.0,1475.0,2663.2,0,1000000000.00,0.000000
-675.0,1475.0,2642.6,0,1000000000.00,0.000000
-650.0,1475.0,2622.0,0,1000000000.00,0.000000
-625.0,1475.0,2601.6,0,1000000000.00,0.000000
-600.0,1475.0,2581.2,0,1000000000.00,0.000000
-575.0,1475.0,2560.9,0,1000000000.00,0.000000
-550.0,1475.0,2540.7,0,1000000000.00,0.000000
-525.0,1475.0,2520.6,0,1000000000.00,0.000000
-500.0,1475.0,2500.5,0,1000000000.00,0.000000
-475.0,1475.0,2480.6,0,1000000000.00,0.000000
-450.0,1475.0,2460.7,0,1000000000.00,0.000000
-425.0,1475.0,2441.0,0,1000000000.00,0.000000
-400.0,1475.0,2421.3,0,1000000000.00,0.000000
-375.0,1475.0,2401.7,0,1000000000.00,0.000000
-350.0,1475.0,2382.3,0,1000000000.00,0.000000
-325.0,1475.0,2362.9,0,1000000000.00,0.000000
-300.0,1475.0,2343.7,0,1000000000.00,0.000000
-275.0,1475.0,2324.5,0,1000000000.00,0.000000
-250.0,1475.0,2305.5,0,1000000000.00,0.000000
-225.0,1475.0,2286.6,0,1000000000.00,0.000000
-200.0,1475.0,2267.8,0,1000000000.00,0.000000
-175.0,1475.0,2249.1,0,1000000000.00,0.000000
-150.0,1475.0,2230.5,0,1000000000.00,0.000000
-125.0,1475.0,2212.1,0,1000000000.00,0.000000
-100.0,1475.0,2193.8,0,1000000000.00,0.000000
-75.0,1475.0,2175.6,0,1000000000.00,0.000000
-50.0,1475.0,2157.6,0,1000000000.00,0.000000
-25.0,1475.0,2139.7,0,1000000000.00,0.000000
0.0,1475.0,2122.0,0,1000000000.00,0.000000
25.0,1475.0,2104.4,0,1000000000.00,0.000000
50.0,1475.0,2087.0,0,1000000000.00,0.000000
75.0,1475.0,2069.7,0,1000000000.00,0.000000
100.0,1475.0,2052.5,0,1000000000.00,0.000000
125.0,1475.0,2035.6,0,1000000000.00,0.000000
150.0,1475.0,2018.8,0,1000000000.00,0.000000
175.0,1475.0,2002.1,0,1000000000.00,0.000000
200.0,1475.0,1985.7,0,1000000000.00,0.000000
225.0,1475.0,1969.4,0,1000000000.00,0.000000
250.0,1475.0,1953.3,0,1000000000.00,0.000000
275.0,1475.0,1937.4,0,1000000000.00,0.000000
300.0,1475.0,1921.7,0,1000000000.00,0.000000
325.0,1475.0,1906.2,0,1000000000.00,0.000000
350.0,1475.0,1890.9,0,1000000000.00,0.000000
375.0,1475.0,1875.8,0,1000000000.00,0.000000
400.0,1475.0,1860.9,0,1000000000.00,0.000000
425.0,1475.0,1846.3,0,1000000000.00,0.000000
450.0,1475.0,1831.8,0,1000000000.00,0.000000
475.0,1475.0,1817.6,0,1000000000.00,0.000000
500.0,1475.0,1803.6,0,1000000000.00,0.000000
525.0,1475.0,1789.9,0,1000000000.00,0.000000
550.0,1475.0,1776.4,0,1000000000.00,0.000000
575.0,1475.0,1763.2,0,1000000000.00,0.000000
600.0,1475.0,1750.2,0,1000000000.00,0.000000
625.0,1475.0,1737.5,0,1000000000.00,0.000000
650.0,1475.0,1725.0,0,1000000000.00,0.000000
675.0,1475.0,1712.8,0,1000000000.00,0.000000
700.0,1475.0,1700.9,0,1000000000.00,0.000000
725.0,1475.0,1689.3,0,1000000000.00,0.000000
750.0,1475.0,1678.0,0,1000000000.00,0.000000
775.0,1475.0,1667.0,0,1000000000.00,0.000000
800.0,1475.0,1675.7,0,1000000000.00,0.000000
825.0,1475.0,1687.7,0,1000000000.00,0.000000
850.0,1475.0,1700.0,0,1000000000.00,0.000000
875.0,1475.0,1712.5,0,1000000000.00,0.000000
900.0,1475.0,1725.4,0,1000000000.00,0.000000
925.0,1475.0,1738.5,0,1000000000.00,0.000000
950.0,1475.0,1751.8,0,1000000000.00,0.000000
975.0,1475.0,1765.4,0,1000000000.00,0.000000
1000.0,1475.0,1779.3,0,1000000000.00,0.000000
1025.0,1475.0,1793.4,0,1000000000.00,0.000000
1050.0,1475.0,1807.7,0,1000000000.00,0.000000
1075.0,1475.0,1822.3,0,1000000000.00,0.000000
1100.0,1475.0,1837.1,0,1000000000.00,0.000000
1125.0,1475.0,1852.1,0,1000000000.00,0.000000
1150.0,1475.0,1867.3,0,1000000000.00,0.000000
1175.0,1475.0,1882.8,0,1000000000.00,0.000000
1200.0,1475.0,1898.4,0,1000000000.00,0.000000
1225.0,1475.0,1914.2,0,1000000000.00,0.000000
1250.0,1475.0,1930.3,0,1000000000.00,0.000000
1275.0,1475.0,1946.5,0,1000000000.00,0.000000
1300.0,1475.0,1962.9,0,1000000000.00,0.000000
1325.0,1475.0,1979.5,0,1000000000.00,0.000000
1350.0,1475.0,1996.2,0,1000000000.00,0.000000
1375.0,1475.0,2013.2,0,1000000000.00,0.000000
1400.0,1475.0,2030.2,0,1000000000.00,0.000000
1425.0,1475.0,2047.5,0,1000000000.00,0.000000
1450.0,1475.0,2064.9,0,1000000000.00,0.000000
1475.0,1475.0,2082.5,0,1000000000.00,0.000000
1500.0,1475.0,2100.2,0,1000000000.00,0.000000
1525.0,1475.0,2118.1,0,1000000000.00,0.000000
1550.0,1475.0,2136.1,0,1000000000.00,0.000000
1575.0,1475.0,2154.2,0,1000000000.00,0.000000
1600.0,1475.0,2172.5,0,1000000000.00,0.000000
1625.0,1475.0,2191.0,0,1000000000.00,0.000000
1650.0,1475.0,2209.5,0,1000000000.00,0.000000
1675.0,1475.0,2228.2,0,1000000000.00,0.000000
1700.0,1475.0,2247.0,0,1000000000.00,0.000000
1725.0,1475.0,2265.9,0,1000000000.00,0.000000
1750.0,1475.0,2284.9,0,1000000000.00,0.000000
1775.0,1475.0,2304.1,0,1000000000.00,0.000000
1800.0,1475.0,2323.3,0,1000000000.00,0.000000
-1800.0,1500.0,3635.6,0,1000000000.00,0.000000
-1775.0,1500.0,3612.9,0,1000000000.00,0.000000
-1750.0,1500.0,3590.3,0,1000000000.00,0.000000
-1725.0,1500.0,3567.7,0,1000000000.00,0.000000
-1700.0,1500.0,3545.1,0,1000000000.00,0.000000
-1675.0,1500.0,3522.6,0,1000000000.00,0.000000
-1650.0,1500.0,3500.0,0,1000000000.00,0.000000
-1625.0,1500.0,3477.6,0,1000000000.00,0.000000
-1600.0,1500.0,3455.1,0,1000000000.00,0.000000
-1575.0,1500.0,3432.7,0,1000000000.00,0.000000
-1550.0,1500.0,3410.3,0,1000000000.00,0.000000
-1525.0,1500.0,3388.0,0,1000000000.00,0.000000
-1500.0,1500.0,3365.7,0,1000000000.00,0.000000
-1475.0,1500.0,3343.4,0,1000000000.00,0.000000
-1450.0,1500.0,3321.2,0,1000000000.00,0.000000
-1425.0,1500.0,3299.0,0,1000000000.00,0.000000
-1400.0,1500.0,3276.9,0,1000000000.00,0.000000
-1375.0,1500.0,3254.8,0,1000000000.00,0.000000
-1350.0,1500.0,3232.7,0,1000000000.00,0.000000
-1325.0,1500.0,3210.7,0,1000000000.00,0.000000
-1300.0,1500.0,3188.7,0,1000000000.00,0.000000
-1275.0,1500.0,3166.8,0,1000000000.00,0.000000
-1250.0,1500.0,3144.9,0,1000000000.00,0.000000
-1225.0,1500.0,3123.1,0,1000000000.00,0.000000
-1200.0,1500.0,3101.3,0,1000000000.00,0.000000
-1175.0,1500.0,3079.5,0,1000000000.00,0.000000
-1150.0,1500.0,3057.9,0,1000000000.00,0.000000
-1125.0,1500.0,3036.2,0,1000000000.00,0.000000
-1100.0,1500.0,3014.6,0,1000000000.00,0.000000
-1075.0,1500.0,2993.1,0,1000000000.00,0.000000
-1050.0,1500.0,2971.6,0,1000000000.00,0.000000
-1025.0,1500.0,2950.2,0,1000000000.00,0.000000
-1000.0,1500.0,2928.8,0,1000000000.00,0.000000
-975.0,1500.0,2907.5,0,1000000000.00,0.000000
-950.0,1500.0,2886.3,0,1000000000.00,0.000000
-925.0,1500.0,2865.1,0,1000000000.00,0.000000
-900.0,1500.0,2844.0,0,1000000000.00,0.000000
-875.0,1500.0,2822.9,0,1000000000.00,0.000000
-850.0,1500.0,2801.9,0,1000000000.00,0.000000
-825.0,1500.0,2781.0,0,1000000000.00,0.000000
-800.0,1500.0,2760.1,0,1000000000.00,0.000000
-775.0,1500.0,2739.3,0,1000000000.00,0.000000
-750.0,1500.0,2718.6,0,1000000000.00,0.000000
-725.0,1500.0,2697.9,0,1000000000.00,0.000000
-700.0,1500.0,2677.4,0,1000000000.00,0.000000
-675.0,1500.0,2656.9,0,1000000000.00,0.000000
-650.0,1500.0,2636.4,0,1000000000.00,0.000000
-625.0,1500.0,2616.1,0,1000000000.00,0.000000
-600.0,1500.0,2595.8,0,1000000000.00,0.000000
-575.0,1500.0,2575.6,0,1000000000.00,0.000000
-550.0,1500.0,2555.5,0,1000000000.00,0.000000
-525.0,1500.0,2535.5,0,1000000000.00,0.000000
-500.0,1500.0,2515.6,0,1000000000.00,0.000000
-475.0,1500.0,2495.8,0,1000000000.00,0.000000
-450.0,1500.0,2476.1,0,1000000000.00,0.000000
-425.0,1500.0,2456.4,0,1000000000.00,0.000000
-400.0,1500.0,2436.9,0,1000000000.00,0.000000
-375.0,1500.0,2417.4,0,1000000000.00,0.000000
-350.0,1500.0,2398.1,0,1000000000.00,0.000000
-325.0,1500.0,2378.9,0,1000000000.00,0.000000
-300.0,1500.0,2359.7,0,1000000000.00,0.000000
-275.0,1500.0,2340.7,0,1000000000.00,0.000000
-250.0,1500.0,2321.8,0,1000000000.00,0.000000
-225.0,1500.0,2303.1,0,1000000000.00,0.000000
-200.0,1500.0,2284.4,0,1000000000.00,0.000000
-175.0,1500.0,2265.9,0,1000000000.00,0.000000
-150.0,1500.0,2247.4,0,1000000000.00,0.000000
-125.0,1500.0,2229.1,0,1000000000.00,0.000000
-100.0,1500.0,2211.0,0,1000000000.00,0.000000
-75.0,1500.0,2193.0,0,1000000000.00,0.000000
-50.0,1500.0,2175.1,0,1000000000.00,0.000000
-25.0,1500.0,2157.3,0,1000000000.00,0.000000
0.0,1500.0,2139.8,0,1000000000.00,0.000000
25.0,1500.0,2122.3,0,1000000000.00,0.000000
50.0,1500.0,2105.0,0,1000000000.00,0.000000
75.0,1500.0,2087.9,0,1000000000.00,0.000000
100.0,1500.0,2070.9,0,1000000000.00,0.000000
125.0,1500.0,2054.1,0,1000000000.00,0.000000
150.0,1500.0,2037.4,0,1000000000.00,0.000000
175.0,1500.0,2021.0,0,1000000000.00,0.000000
200.0,1500.0,2004.7,0,1000000000.00,0.000000
225.0,1500.0,1988.5,0,1000000000.00,0.000000
250.0,1500.0,1972.6,0,1000000000.00,0.000000
275.0,1500.0,1956.9,0,1000000000.00,0.000000
300.0,1500.0,1941.3,0,1000000000.00,0.000000
325.0,1500.0,1926.0,0,1000000000.00,0.000000
350.0,1500.0,1910.8,0,1000000000.00,0.000000
375.0,1500.0,1895.9,0,1000000000.00,0.000000
400.0,1500.0,1881.1,0,1000000000.00,0.000000
425.0,1500.0,1866.6,0,1000000000.00,0.000000
450.0,1500.0,1852.4,0,1000000000.00,0.000000
475.0,1500.0,1838.3,0,1000000000.00,0.000000
500.0,1500.0,1824.5,0,1000000000.00,0.000000
525.0,1500.0,1810.9,0,1000000000.00,0.000000
550.0,1500.0,1797.6,0,1000000000.00,0.000000
575.0,1500.0,1784.5,0,1000000000.00,0.000000
600.0,1500.0,1771.7,0,1000000000.00,0.000000
625.0,1500.0,1759.1,0,1000000000.00,0.000000
650.0,1500.0,1746.8,0,1000000000.00,0.000000
675.0,1500.0,1734.8,0,1000000000.00,0.000000
700.0,1500.0,1723.0,0,1000000000.00,0.000000
725.0,1500.0,1711.6,0,1000000000.00,0.000000
750.0,1500.0,1700.4,0,1000000000.00,0.000000
775.0,1500.0,1689.5,0,1000000000.00,0.000000
800.0,1500.0,1697.7,0,1000000000.00,0.000000
825.0,1500.0,1709.6,0,1000000000.00,0.000000
850.0,1500.0,1721.7,0,1000000000.00,0.000000
875.0,1500.0,1734.1,0,1000000000.00,0.000000
900.0,1500.0,1746.8,0,1000000000.00,0.000000
925.0,1500.0,1759.7,0,1000000000.00,0.000000
950.0,1500.0,1772.9,0,1000000000.00,0.000000
975.0,1500.0,1786.4,0,1000000000.00,0.000000
1000.0,1500.0,1800.1,0,1000000000.00,0.000000
1025.0,1500.0,1814.0,0,1000000000.00,0.000000
1050.0,1500.0,1828.2,0,1000000000.00,0.000000
1075.0,1500.0,1842.6,0,1000000000.00,0.000000
1100.0,1500.0,1857.2,0,1000000000.00,0.000000
1125.0,1500.0,1872.1,0,1000000000.00,0.000000
1150.0,1500.0,1887.1,0,1000000000.00,0.000000
1175.0,1500.0,1902.4,0,1000000000.00,0.000000
1200.0,1500.0,1917.9,0,1000000000.00,0.000000
1225.0,1500.0,1933.6,0,1000000000.00,0.000000
1250.0,1500.0,1949.4,0,1000000000.00,0.000000
1275.0,1500.0,1965.5,0,1000000000.00,0.000000
1300.0,1500.0,1981.7,0,1000000000.00,0.000000
1325.0,1500.0,1998.2,0,1000000000.00,0.000000
1350.0,1500.0,2014.8,0,1000000000.00,0.000000
1375.0,1500.0,2031.5,0,1000000000.00,0.000000
1400.0,1500.0,2048.5,0,1000000000.00,0.000000
1425.0,1500.0,2065.6,0,1000000000.00,0.000000
1450.0,1500.0,2082.9,0,1000000000.00,0.000000
1475.0,1500.0,2100.3,0,1000000000.00,0.000000
1500.0,1500.0,2117.9,0,1000000000.00,0.000000
1525.0,1500.0,2135.6,0,1000000000.00,0.000000
1550.0,1500.0,2153.4,0,1000000000.00,0.000000
1575.0,1500.0,2171.4,0,1000000000.00,0.000000
1600.0,1500.0,2189.6,0,1000000000.00,0.000000
1625.0,1500.0,2207.9,0,1000000000.00,0.000000
1650.0,1500.0,2226.3,0,1000000000.00,0.000000
1675.0,1500.0,2244.8,0,1000000000.00,0.000000
1700.0,1500.0,2263.5,0,1000000000.00,0.000000
1725.0,1500.0,2282.2,0,1000000000.00,0.000000
1750.0,1500.0,2301.1,0,1000000000.00,0.000000
1775.0,1500.0,2320.2,0,1000000000.00,0.000000
1800.0,1500.0,2339.3,0,1000000000.00,0.000000
-1800.0,1525.0,3646.2,0,1000000000.00,0.000000
-1775.0,1525.0,3623.6,0,1000000000.00,0.000000
-1750.0,1525.0,3601.0,0,1000000000.00,0.000000
-1725.0,1525.0,3578.5,0,1000000000.00,0.000000
-1700.0,1525.0,3555.9,0,1000000000.00,0.000000
-1675.0,1525.0,3533.5,0,1000000000.00,0.000000
-1650.0,1525.0,3511.0,0,1000000000.00,0.000000
-1625.0,1525.0,3488.6,0,1000000000.00,0.000000
-1600.0,1525.0,3466.2,0,1000000000.00,0.000000
-1575.0,1525.0,3443.9,0,1000000000.00,0.000000
-1550.0,1525.0,3421.6,0,1000000000.00,0.000000
-1525.0,1525.0,3399.3,0,1000000000.00,0.000000
-1500.0,1525.0,3377.1,0,1000000000.00,0.000000
-1475.0,1525.0,3354.9,0,1000000000.00,0.000000
-1450.0,1525.0,3332.8,0,1000000000.00,0.000000
-1425.0,1525.0,3310.7,0,1000000000.00,0.000000
-1400.0,1525.0,3288.6,0,1000000000.00,0.000000
-1375.0,1525.0,3266.6,0,1000000000.00,0.000000
-1350.0,1525.0,3244.6,0,1000000000.00,0.000000
-1325.0,1525.0,3222.7,0,1000000000.00,0.000000
-1300.0,1525.0,3200.8,0,1000000000.00,0.000000
-1275.0,1525.0,3178.9,0,1000000000.00,0.000000
-1250.0,1525.0,3157.1,0,1000000000.00,0.000000
-1225.0,1525.0,3135.4,0,1000000000.00,0.000000
-1200.0,1525.0,3113.7,0,1000000000.00,0.000000
-1175.0,1525.0,3092.0,0,1000000000.00,0.000000
-1150.0,1525.0,3070.4,0,1000000000.00,0.000000
-1125.0,1525.0,3048.9,0,1000000000.00,0.000000
-1100.0,1525.0,3027.4,0,1000000000.00,0.000000
-1075.0,1525.0,3005.9,0,1000000000.00,0.000000
-1050.0,1525.0,2984.5,0,1000000000.00,0.000000
-1025.0,1525.0,2963.2,0,1000000000.00,0.000000
-1000.0,1525.0,2941.9,0,1000000000.00,0.000000
-975.0,1525.0,2920.7,0,1000000000.00,0.000000
-950.0,1525.0,2899.6,0,1000000000.00,0.000000
-925.0,1525.0,2878.5,0,1000000000.00,0.000000
-900.0,1525.0,2857.5,0,1000000000.00,0.000000
-875.0,1525.0,2836.5,0,1000000000.00,0.000000
-850.0,1525.0,2815.6,0,1000000000.00,0.000000
-825.0,1525.0,2794.8,0,1000000000.00,0.000000
-800.0,1525.0,2774.0,0,1000000000.00,0.000000
-775.0,1525.0,2753.3,0,1000000000.00,0.000000
-750.0,1525.0,2732.7,0,1000000000.00,0.000000
-725.0,1525.0,2712.2,0,1000000000.00,0.000000
-700.0,1525.0,2691.7,0,1000000000.00,0.000000
-675.0,1525.0,2671.3,0,1000000000.00,0.000000
-650.0,1525.0,2651.0,0,1000000000.00,0.000000
-625.0,1525.0,2630.7,0,1000000000.00,0.000000
-600.0,1525.0,2610.6,0,1000000000.00,0.000000
-575.0,1525.0,2590.5,0,1000000000.00,0.000000
-550.0,1525.0,2570.5,0,1000000000.00,0.000000
-525.0,1525.0,2550.7,0,1000000000.00,0.000000
-500.0,1525.0,2530.9,0,1000000000.00,0.000000
-475.0,1525.0,2511.2,0,1000000000.00,0.000000
-450.0,1525.0,2491.5,0,1000000000.00,0.000000
-425.0,1525.0,2472.0,0,1000000000.00,0.000000
-400.0,1525.0,2452.6,0,1000000000.00,0.000000
-375.0,1525.0,2433.3,0,1000000000.00,0.000000
-350.0,1525.0,2414.1,0,1000000000.00,0.000000
-325.0,1525.0,2395.0,0,1000000000.00,0.000000
-300.0,1525.0,2376.0,0,1000000000.00,0.000000
-275.0,1525.0,2357.1,0,1000000000.00,0.000000
-250.0,1525.0,2338.3,0,1000000000.00,0.000000
-225.0,1525.0,2319.7,0,1000000000.00,0.000000
-200.0,1525.0,2301.2,0,1000000000.00,0.000000
-175.0,1525.0,2282.8,0,1000000000.00,0.000000
-150.0,1525.0,2264.5,0,1000000000.00,0.000000
-125.0,1525.0,2246.3,0,1000000000.00,0.000000
-100.0,1525.0,2228.3,0,1000000000.00,0.000000
-75.0,1525.0,2210.4,0,1000000000.00,0.000000
-50.0,1525.0,2192.7,0,1000000000.00,0.000000
-25.0,1525.0,2175.1,0,1000000000.00,0.000000
0.0,1525.0,2157.7,0,1000000000.00,0.000000
25.0,1525.0,2140.4,0,1000000000.00,0.000000
50.0,1525.0,2123.2,0,1000000000.00,0.000000
75.0,1525.0,2106.2,0,1000000000.00,0.000000
100.0,1525.0,2089.4,0,1000000000.00,0.000000
125.0,1525.0,2072.7,0,1000000000.00,0.000000
150.0,1525.0,2056.2,0,1000000000.00,0.000000
175.0,1525.0,2039.9,0,1000000000.00,0.000000
200.0,1525.0,2023.7,0,1000000000.00,0.000000
225.0,1525.0,2007.8,0,1000000000.00,0.000000
250.0,1525.0,1992.0,0,1000000000.00,0.000000
275.0,1525.0,1976.4,0,1000000000.00,0.000000
300.0,1525.0,1961.0,0,1000000000.00,0.000000
325.0,1525.0,1945.8,0,1000000000.00,0.000000
350.0,1525.0,1930.8,0,1000000000.00,0.000000
375.0,1525.0,1916.1,0,1000000000.00,0.000000
400.0,1525.0,1901.5,0,1000000000.00,0.000000
425.0,1525.0,1887.1,0,1000000000.00,0.000000
450.0,1525.0,1873.0,0,1000000000.00,0.000000
475.0,1525.0,1859.1,0,1000000000.00,0.000000
500.0,1525.0,1845.5,0,1000000000.00,0.000000
525.0,1525.0,1832.0,0,1000000000.00,0.000000
550.0,1525.0,1818.9,0,1000000000.00,0.000000
575.0,1525.0,1805.9,0,1000000000.00,0.000000
600.0,1525.0,1793.2,0,1000000000.00,0.000000
625.0,1525.0,1780.8,0,1000000000.00,0.000000
650.0,1525.0,1768.7,0,1000000000.00,0.000000
675.0,1525.0,1756.8,0,1000000000.00,0.000000
700.0,1525.0,1745.2,0,1000000000.00,0.000000
725.0,1525.0,1733.9,0,1000000000.00,0.000000
750.0,1525.0,1722.9,0,1000000000.00,0.000000
775.0,1525.0,1712.1,0,1000000000.00,0.000000
800.0,1525.0,1719.9,0,1000000000.00,0.000000
825.0,1525.0,1731.6,0,1000000000.00,0.000000
850.0,1525.0,1743.5,0,1000000000.00,0.000000
875.0,1525.0,1755.8,0,1000000000.00,0.000000
900.0,1525.0,1768.3,0,1000000000.00,0.000000
925.0,1525.0,1781.1,0,1000000000.00,0.000000
950.0,1525.0,1794.1,0,1000000000.00,0.000000
975.0,1525.0,1807.4,0,1000000000.00,0.000000
1000.0,1525.0,1821.0,0,1000000000.00,0.000000
1025.0,1525.0,1834.7,0,1000000000.00,0.000000
1050.0,1525.0,1848.8,0,1000000000.00,0.000000
1075.0,1525.0,1863.0,0,1000000000.00,0.000000
1100.0,1525.0,1877.5,0,1000000000.00,0.000000
1125.0,1525.0,1892.2,0,1000000000.00,0.000000
1150.0,1525.0,1907.1,0,1000000000.00,0.000000
1175.0,1525.0,1922.2,0,1000000000.00,0.000000
1200.0,1525.0,1937.5,0,1000000000.00,0.000000
1225.0,1525.0,1953.0,0,1000000000.00,0.000000
1250.0,1525.0,1968.7,0,1000000000.00,0.000000
1275.0,1525.0,1984.6,0,1000000000.00,0.000000
1300.0,1525.0,2000.7,0,1000000000.00,0.000000
1325.0,1525.0,2017.0,0,1000000000.00,0.000000
1350.0,1525.0,2033.4,0,1000000000.00,0.000000
1375.0,1525.0,2050.1,0,1000000000.00,0.000000
1400.0,1525.0,2066.9,0,1000000000.00,0.000000
1425.0,1525.0,2083.8,0,1000000000.00,0.000000
1450.0,1525.0,2100.9,0,1000000000.00,0.000000
1475.0,1525.0,2118.2,0,1000000000.00,0.000000
1500.0,1525.0,2135.6,0,1000000000.00,0.000000
1525.0,1525.0,2153.2,0,1000000000.00,0.000000
1550.0,1525.0,2170.9,0,1000000000.00,0.000000
1575.0,1525.0,2188.8,0,1000000000.00,0.000000
1600.0,1525.0,2206.8,0,1000000000.00,0.000000
1625.0,1525.0,2224.9,0,1000000000.00,0.000000
1650.0,1525.0,2243.2,0,1000000000.00,0.000000
1675.0,1525.0,2261.6,0,1000000000.00,0.000000
1700.0,1525.0,2280.1,0,1000000000.00,0.000000
1725.0,1525.0,2298.8,0,1000000000.00,0.000000
1750.0,1525.0,2317.5,0,1000000000.00,0.000000
1775.0,1525.0,2336.4,0,1000000000.00,0.000000
1800.0,1525.0,2355.4,0,1000000000.00,0.000000
-1800.0,1550.0,3656.9,0,1000000000.00,0.000000
-1775.0,1550.0,3634.3,0,1000000000.00,0.000000
-1750.0,1550.0,3611.8,0,1000000000.00,0.000000
-1725.0,1550.0,3589.4,0,1000000000.00,0.000000
-1700.0,1550.0,3566.9,0,1000000000.00,0.000000
-1675.0,1550.0,3544.5,0,1000000000.00,0.000000
-1650.0,1550.0,3522.1,0,1000000000.00,0.000000
-1625.0,1550.0,3499.8,0,1000000000.00,0.000000
-1600.0,1550.0,3477.5,0,1000000000.00,0.000000
-1575.0,1550.0,3455.2,0,1000000000.00,0.000000
-1550.0,1550.0,3433.0,0,1000000000.00,0.000000
-1525.0,1550.0,3410.8,0,1000000000.00,0.000000
-1500.0,1550.0,3388.7,0,1000000000.00,0.000000
-1475.0,1550.0,3366.5,0,1000000000.00,0.000000
-1450.0,1550.0,3344.5,0,1000000000.00,0.000000
-1425.0,1550.0,3322.4,0,1000000000.00,0.000000
-1400.0,1550.0,3300.5,0,1000000000.00,0.000000
-1375.0,1550.0,3278.5,0,1000000000.00,0.000000
-1350.0,1550.0,3256.6,0,1000000000.00,0.000000
-1325.0,1550.0,3234.8,0,1000000000.00,0.000000
-1300.0,1550.0,3213.0,0,1000000000.00,0.000000
-1275.0,1550.0,3191.2,0,1000000000.00,0.000000
-1250.0,1550.0,3169.5,0,1000000000.00,0.000000
-1225.0,1550.0,3147.8,0,1000000000.00,0.000000
-1200.0,1550.0,3126.2,0,1000000000.00,0.000000
-1175.0,1550.0,3104.6,0,1000000000.00,0.000000
-1150.0,1550.0,3083.1,0,1000000000.00,0.000000
-1125.0,1550.0,3061.7,0,1000000000.00,0.000000
-1100.0,1550.0,3040.3,0,1000000000.00,0.000000
-1075.0,1550.0,3018.9,0,1000000000.00,0.000000
-1050.0,1550.0,2997.6,0,1000000000.00,0.000000
-1025.0,1550.0,2976.4,0,1000000000.00,0.000000
-1000.0,1550.0,2955.2,0,1000000000.00,0.000000
-975.0,1550.0,2934.1,0,1000000000.00,0.000000
-950.0,1550.0,2913.0,0,1000000000.00,0.000000
-925.0,1550.0,2892.0,0,1000000000.00,0.000000
-900.0,1550.0,2871.1,0,1000000000.00,0.000000
-875.0,1550.0,2850.2,0,1000000000.00,0.000000
-850.0,1550.0,2829.4,0,1000000000.00,0.000000
-825.0,1550.0,2808.7,0,1000000000.00,0.000000
-800.0,1550.0,2788.1,0,1000000000.00,0.000000
-775.0,1550.0,2767.5,0,1000000000.00,0.000000
-750.0,1550.0,2747.0,0,1000000000.00,0.000000
-725.0,1550.0,2726.5,0,1000000000.00,0.000000
-700.0,1550.0,2706.2,0,1000000000.00,0.000000
-675.0,1550.0,2685.9,0,1000000000.00,0.000000
-650.0,1550.0,2665.7,0,1000000000.00,0.000000
-625.0,1550.0,2645.6,0,1000000000.00,0.000000
-600.0,1550.0,2625.5,0,1000000000.00,0.000000
-575.0,1550.0,2605.6,0,1000000000.00,0.000000
-550.0,1550.0,2585.7,0,1000000000.00,0.000000
-525.0,1550.0,2565.9,0,1000000000.00,0.000000
-500.0,1550.0,2546.3,0,1000000000.00,0.000000
-475.0,1550.0,2526.7,0,1000000000.00,0.000000
-450.0,1550.0,2507.2,0,1000000000.00,0.000000
-425.0,1550.0,2487.8,0,1000000000.00,0.000000
-400.0,1550.0,2468.5,0,1000000000.00,0.000000
-375.0,1550.0,2449.3,0,1000000000.00,0.000000
-350.0,1550.0,2430.2,0,1000000000.00,0.000000
-325.0,1550.0,2411.3,0,1000000000.00,0.000000
-300.0,1550.0,2392.4,0,1000000000.00,0.000000
-275.0,1550.0,2373.6,0,1000000000.00,0.000000
-250.0,1550.0,2355.0,0,1000000000.00,0.000000
-225.0,1550.0,2336.5,0,1000000000.00,0.000000
-200.0,1550.0,2318.1,0,1000000000.00,0.000000
-175.0,1550.0,2299.8,0,1000000000.00,0.000000
-150.0,1550.0,2281.7,0,1000000000.00,0.000000
-125.0,1550.0,2263.7,0,1000000000.00,0.000000
-100.0,1550.0,2245.8,0,1000000000.00,0.000000
-75.0,1550.0,2228.1,0,1000000000.00,0.000000
-50.0,1550.0,2210.5,0,1000000000.00,0.000000
-25.0,1550.0,2193.0,0,1000000000.00,0.000000
0.0,1550.0,2175.7,0,1000000000.00,0.000000
25.0,1550.0,2158.5,0,1000000000.00,0.000000
50.0,1550.0,2141.5,0,1000000000.00,0.000000
75.0,1550.0,2124.7,0,1000000000.00,0.000000
100.0,1550.0,2108.0,0,1000000000.00,0.000000
125.0,1550.0,2091.5,0,1000000000.00,0.000000
150.0,1550.0,2075.1,0,1000000000.00,0.000000
175.0,1550.0,2059.0,0,1000000000.00,0.000000
200.0,1550.0,2043.0,0,1000000000.00,0.000000
225.0,1550.0,2027.2,0,1000000000.00,0.000000
250.0,1550.0,2011.5,0,1000000000.00,0.000000
275.0,1550.0,1996.1,0,1000000000.00,0.000000
300.0,1550.0,1980.9,0,1000000000.00,0.000000
325.0,1550.0,1965.8,0,1000000000.00,0.000000
350.0,1550.0,1951.0,0,1000000000.00,0.000000
375.0,1550.0,1936.3,0,1000000000.00,0.000000
400.0,1550.0,1921.9,0,1000000000.00,0.000000
425.0,1550.0,1907.7,0,1000000000.00,0.000000
450.0,1550.0,1893.8,0,1000000000.00,0.000000
475.0,1550.0,1880.0,0,1000000000.00,0.000000
500.0,1550.0,1866.5,0,1000000000.00,0.000000
525.0,1550.0,1853.2,0,1000000000.00,0.000000
550.0,1550.0,1840.2,0,1000000000.00,0.000000
575.0,1550.0,1827.4,0,1000000000.00,0.000000
600.0,1550.0,1814.9,0,1000000000.00,0.000000
625.0,1550.0,1802.7,0,1000000000.00,0.000000
650.0,1550.0,1790.7,0,1000000000.00,0.000000
675.0,1550.0,1778.9,0,1000000000.00,0.000000
700.0,1550.0,1767.5,0,1000000000.00,0.000000
725.0,1550.0,1756.3,0,1000000000.00,0.000000
750.0,1550.0,1745.4,0,1000000000.00,0.000000
775.0,1550.0,1734.8,0,1000000000.00,0.000000
800.0,1550.0,1742.1,0,1000000000.00,0.000000
825.0,1550.0,1753.6,0,1000000000.00,0.000000
850.0,1550.0,1765.4,0,1000000000.00,0.000000
875.0,1550.0,1777.5,0,1000000000.00,0.000000
900.0,1550.0,1789.9,0,1000000000.00,0.000000
925.0,1550.0,1802.5,0,1000000000.00,0.000000
950.0,1550.0,1815.4,0,1000000000.00,0.000000
975.0,1550.0,1828.6,0,1000000000.00,0.000000
1000.0,1550.0,1842.0,0,1000000000.00,0.000000
1025.0,1550.0,1855.6,0,1000000000.00,0.000000
1050.0,1550.0,1869.4,0,1000000000.00,0.000000
1075.0,1550.0,1883.5,0,1000000000.00,0.000000
1100.0,1550.0,1897.8,0,1000000000.00,0.000000
1125.0,1550.0,1912.4,0,1000000000.00,0.000000
1150.0,1550.0,1927.1,0,1000000000.00,0.000000
1175.0,1550.0,1942.1,0,1000000000.00,0.000000
1200.0,1550.0,1957.2,0,1000000000.00,0.000000
1225.0,1550.0,1972.6,0,1000000000.00,0.000000
1250.0,1550.0,1988.2,0,1000000000.00,0.000000
1275.0,1550.0,2003.9,0,1000000000.00,0.000000
1300.0,1550.0,2019.9,0,1000000000.00,0.000000
1325.0,1550.0,2036.0,0,1000000000.00,0.000000
1350.0,1550.0,2052.3,0,1000000000.00,0.000000
1375.0,1550.0,2068.7,0,1000000000.00,0.000000
1400.0,1550.0,2085.4,0,1000000000.00,0.000000
1425.0,1550.0,2102.2,0,1000000000.00,0.000000
1450.0,1550.0,2119.2,0,1000000000.00,0.000000
1475.0,1550.0,2136.3,0,1000000000.00,0.000000
1500.0,1550.0,2153.6,0,1000000000.00,0.000000
1525.0,1550.0,2171.0,0,1000000000.00,0.000000
1550.0,1550.0,2188.6,0,1000000000.00,0.000000
1575.0,1550.0,2206.3,0,1000000000.00,0.000000
1600.0,1550.0,2224.1,0,1000000000.00,0.000000
1625.0,1550.0,2242.1,0,1000000000.00,0.000000
1650.0,1550.0,2260.3,0,1000000000.00,0.000000
1675.0,1550.0,2278.5,0,1000000000.00,0.000000
1700.0,1550.0,2296.9,0,1000000000.00,0.000000
1725.0,1550.0,2315.4,0,1000000000.00,0.000000
1750.0,1550.0,2334.1,0,1000000000.00,0.000000
1775.0,1550.0,2352.8,0,1000000000.00,0.000000
1800.0,1550.0,2371.7,0,1000000000.00,0.000000
-1800.0,1575.0,3667.7,0,1000000000.00,0.000000
-1775.0,1575.0,3645.3,0,1000000000.00,0.000000
-1750.0,1575.0,3622.8,0,1000000000.00,0.000000
-1725.0,1575.0,3600.4,0,1000000000.00,0.000000
-1700.0,1575.0,3578.0,0,1000000000.00,0.000000
-1675.0,1575.0,3555.7,0,1000000000.00,0.000000
-1650.0,1575.0,3533.4,0,1000000000.00,0.000000
-1625.0,1575.0,3511.1,0,1000000000.00,0.000000
-1600.0,1575.0,3488.9,0,1000000000.00,0.000000
-1575.0,1575.0,3466.7,0,1000000000.00,0.000000
-1550.0,1575.0,3444.5,0,1000000000.00,0.000000
-1525.0,1575.0,3422.4,0,1000000000.00,0.000000
-1500.0,1575.0,3400.4,0,1000000000.00,0.000000
-1475.0,1575.0,3378.3,0,1000000000.00,0.000000
-1450.0,1575.0,3356.3,0,1000000000.00,0.000000
-1425.0,1575.0,3334.4,0,1000000000.00,0.000000
-1400.0,1575.0,3312.5,0,1000000000.00,0.000000
-1375.0,1575.0,3290.6,0,1000000000.00,0.000000
-1350.0,1575.0,3268.8,0,1000000000.00,0.000000
-1325.0,1575.0,3247.0,0,1000000000.00,0.000000
-1300.0,1575.0,3225.3,0,1000000000.00,0.000000
-1275.0,1575.0,3203.6,0,1000000000.00,0.000000
-1250.0,1575.0,3182.0,0,1000000000.00,0.000000
-1225.0,1575.0,3160.4,0,1000000000.00,0.000000
-1200.0,1575.0,3138.9,0,1000000000.00,0.000000
-1175.0,1575.0,3117.4,0,1000000000.00,0.000000
-1150.0,1575.0,3096.0,0,1000000000.00,0.000000
-1125.0,1575.0,3074.6,0,1000000000.00,0.000000
-1100.0,1575.0,3053.3,0,1000000000.00,0.000000
-1075.0,1575.0,3032.0,0,1000000000.00,0.000000
-1050.0,1575.0,3010.8,0,1000000000.00,0.000000
-1025.0,1575.0,2989.7,0,1000000000.00,0.000000
-1000.0,1575.0,2968.6,0,1000000000.00,0.000000
-975.0,1575.0,2947.6,0,1000000000.00,0.000000
-950.0,1575.0,2926.6,0,1000000000.00,0.000000
-925.0,1575.0,2905.7,0,1000000000.00,0.000000
-900.0,1575.0,2884.9,0,1000000000.00,0.000000
-875.0,1575.0,2864.1,0,1000000000.00,0.000000
-850.0,1575.0,2843.4,0,1000000000.00,0.000000
-825.0,1575.0,2822.8,0,1000000000.00,0.000000
-800.0,1575.0,2802.3,0,1000000000.00,0.000000
-775.0,1575.0,2781.8,0,1000000000.00,0.000000
-750.0,1575.0,2761.4,0,1000000000.00,0.000000
-725.0,1575.0,2741.1,0,1000000000.00,0.000000
-700.0,1575.0,2720.8,0,1000000000.00,0.000000
-675.0,1575.0,2700.6,0,1000000000.00,0.000000
-650.0,1575.0,2680.5,0,1000000000.00,0.000000
-625.0,1575.0,2660.5,0,1000000000.00,0.000000
-600.0,1575.0,2640.6,0,1000000000.00,0.000000
-575.0,1575.0,2620.8,0,1000000000.00,0.000000
-550.0,1575.0,2601.0,0,1000000000.00,0.000000
-525.0,1575.0,2581.4,0,1000000000.00,0.000000
-500.0,1575.0,2561.8,0,1000000000.00,0.000000
-475.0,1575.0,2542.3,0,1000000000.00,0.000000
-450.0,1575.0,2523.0,0,1000000000.00,0.000000
-425.0,1575.0,2503.7,0,1000000000.00,0.000000
-400.0,1575.0,2484.5,0,1000000000.00,0.000000
-375.0,1575.0,2465.5,0,1000000000.00,0.000000
-350.0,1575.0,2446.5,0,1000000000.00,0.000000
-325.0,1575.0,2427.7,0,1000000000.00,0.000000
-300.0,1575.0,2408.9,0,1000000000.00,0.000000
-275.0,1575.0,2390.3,0,1000000000.00,0.000000
-250.0,1575.0,2371.8,0,1000000000.00,0.000000
-225.0,1575.0,2353.4,0,1000000000.00,0.000000
-200.0,1575.0,2335.2,0,1000000000.00,0.000000
-175.0,1575.0,2317.0,0,1000000000.00,0.000000
-150.0,1575.0,2299.0,0,1000000000.00,0.000000
-125.0,1575.0,2281.2,0,1000000000.00,0.000000
-100.0,1575.0,2263.4,0,1000000000.00,0.000000
-75.0,1575.0,2245.8,0,1000000000.00,0.000000
-50.0,1575.0,2228.4,0,1000000000.00,0.000000
-25.0,1575.0,2211.0,0,1000000000.00,0.000000
0.0,1575.0,2193.9,0,1000000000.00,0.000000
25.0,1575.0,2176.9,0,1000000000.00,0.000000
50.0,1575.0,2160.0,0,1000000000.00,0.000000
75.0,1575.0,2143.3,0,1000000000.00,0.000000
100.0,1575.0,2126.8,0,1000000000.00,0.000000
125.0,1575.0,2110.4,0,1000000000.00,0.000000
150.0,1575.0,2094.2,0,1000000000.00,0.000000
175.0,1575.0,2078.2,0,1000000000.00,0.000000
200.0,1575.0,2062.3,0,1000000000.00,0.000000
225.0,1575.0,2046.7,0,1000000000.00,0.000000
250.0,1575.0,2031.2,0,1000000000.00,0.000000
275.0,1575.0,2015.9,0,1000000000.00,0.000000
300.0,1575.0,2000.8,0,1000000000.00,0.000000
325.0,1575.0,1985.9,0,1000000000.00,0.000000
350.0,1575.0,1971.2,0,1000000000.00,0.000000
375.0,1575.0,1956.8,0,1000000000.00,0.000000
400.0,1575.0,1942.5,0,1000000000.00,0.000000
425.0,1575.0,1928.4,0,1000000000.00,0.000000
450.0,1575.0,1914.6,0,1000000000.00,0.000000
475.0,1575.0,1901.0,0,1000000000.00,0.000000
500.0,1575.0,1887.7,0,1000000000.00,0.000000
525.0,1575.0,1874.6,0,1000000000.00,0.000000
550.0,1575.0,1861.7,0,1000000000.00,0.000000
575.0,1575.0,1849.0,0,1000000000.00,0.000000
600.0,1575.0,1836.7,0,1000000000.00,0.000000
625.0,1575.0,1824.6,0,1000000000.00,0.000000
650.0,1575.0,1812.7,0,1000000000.00,0.000000
675.0,1575.0,1801.1,0,1000000000.00,0.000000
700.0,1575.0,1789.8,0,1000000000.00,0.000000
725.0,1575.0,1778.8,0,1000000000.00,0.000000
750.0,1575.0,1768.0,0,1000000000.00,0.000000
775.0,1575.0,1757.6,0,1000000000.00,0.000000
800.0,1575.0,1764.3,0,1000000000.00,0.000000
825.0,1575.0,1775.8,0,1000000000.00,0.000000
850.0,1575.0,1787.4,0,1000000000.00,0.000000
875.0,1575.0,1799.4,0,1000000000.00,0.000000
900.0,1575.0,1811.6,0,1000000000.00,0.000000
925.0,1575.0,1824.1,0,1000000000.00,0.000000
950.0,1575.0,1836.8,0,1000000000.00,0.000000
975.0,1575.0,1849.8,0,1000000000.00,0.000000
1000.0,1575.0,1863.0,0,1000000000.00,0.000000
1025.0,1575.0,1876.5,0,1000000000.00,0.000000
1050.0,1575.0,1890.2,0,1000000000.00,0.000000
1075.0,1575.0,1904.2,0,1000000000.00,0.000000
1100.0,1575.0,1918.3,0,1000000000.00,0.000000
1125.0,1575.0,1932.7,0,1000000000.00,0.000000
1150.0,1575.0,1947.3,0,1000000000.00,0.000000
1175.0,1575.0,1962.1,0,1000000000.00,0.000000
1200.0,1575.0,1977.1,0,1000000000.00,0.000000
1225.0,1575.0,1992.3,0,1000000000.00,0.000000
1250.0,1575.0,2007.7,0,1000000000.00,0.000000
1275.0,1575.0,2023.3,0,1000000000.00,0.000000
1300.0,1575.0,2039.1,0,1000000000.00,0.000000
1325.0,1575.0,2055.1,0,1000000000.00,0.000000
1350.0,1575.0,2071.2,0,1000000000.00,0.000000
1375.0,1575.0,2087.5,0,1000000000.00,0.000000
1400.0,1575.0,2104.0,0,1000000000.00,0.000000
1425.0,1575.0,2120.7,0,1000000000.00,0.000000
1450.0,1575.0,2137.5,0,1000000000.00,0.000000
1475.0,1575.0,2154.5,0,1000000000.00,0.000000
1500.0,1575.0,2171.6,0,1000000000.00,0.000000
1525.0,1575.0,2188.9,0,1000000000.00,0.000000
1550.0,1575.0,2206.3,0,1000000000.00,0.000000
1575.0,1575.0,2223.9,0,1000000000.00,0.000000
1600.0,1575.0,2241.6,0,1000000000.00,0.000000
1625.0,1575.0,2259.5,0,1000000000.00,0.000000
1650.0,1575.0,2277.5,0,1000000000.00,0.000000
1675.0,1575.0,2295.6,0,1000000000.00,0.000000
1700.0,1575.0,2313.9,0,1000000000.00,0.000000
1725.0,1575.0,2332.2,0,1000000000.00,0.000000
1750.0,1575.0,2350.7,0,1000000000.00,0.000000
1775.0,1575.0,2369.3,0,1000000000.00,0.000000
1800.0,1575.0,2388.1,0,1000000000.00,0.000000
-1800.0,1600.0,3678.7,0,1000000000.00,0.000000
-1775.0,1600.0,3656.3,0,1000000000.00,0.000000
-1750.0,1600.0,3633.9,0,1000000000.00,0.000000
-1725.0,1600.0,3611.6,0,1000000000.00,0.000000
-1700.0,1600.0,3589.3,0,1000000000.00,0.000000
-1675.0,1600.0,3567.0,0,1000000000.00,0.000000
-1650.0,1600.0,3544.8,0,1000000000.00,0.000000
-1625.0,1600.0,3522.6,0,1000000000.00,0.000000
-1600.0,1600.0,3500.4,0,1000000000.00,0.000000
-1575.0,1600.0,3478.3,0,1000000000.00,0.000000
-1550.0,1600.0,3456.2,0,1000000000.00,0.000000
-1525.0,1600.0,3434.2,0,1000000000.00,0.000000
-1500.0,1600.0,3412.2,0,1000000000.00,0.000000
-1475.0,1600.0,3390.2,0,1000000000.00,0.000000
-1450.0,1600.0,3368.3,0,1000000000.00,0.000000
-1425.0,1600.0,3346.5,0,1000000000.00,0.000000
-1400.0,1600.0,3324.6,0,1000000000.00,0.000000
-1375.0,1600.0,3302.8,0,1000000000.00,0.000000
-1350.0,1600.0,3281.1,0,1000000000.00,0.000000
-1325.0,1600.0,3259.4,0,1000000000.00,0.000000
-1300.0,1600.0,3237.8,0,1000000000.00,0.000000
-1275.0,1600.0,3216.2,0,1000000000.00,0.000000
-1250.0,1600.0,3194.6,0,1000000000.00,0.000000
-1225.0,1600.0,3173.1,0,1000000000.00,0.000000
-1200.0,1600.0,3151.7,0,1000000000.00,0.000000
-1175.0,1600.0,3130.3,0,1000000000.00,0.000000
-1150.0,1600.0,3109.0,0,1000000000.00,0.000000
-1125.0,1600.0,3087.7,0,1000000000.00,0.000000
-1100.0,1600.0,3066.5,0,1000000000.00,0.000000
-1075.0,1600.0,3045.3,0,1000000000.00,0.000000
-1050.0,1600.0,3024.2,0,1000000000.00,0.000000
-1025.0,1600.0,3003.2,0,1000000000.00,0.000000
-1000.0,1600.0,2982.2,0,1000000000.00,0.000000
-975.0,1600.0,2961.2,0,1000000000.00,0.000000
-950.0,1600.0,2940.4,0,1000000000.00,0.000000
-925.0,1600.0,2919.6,0,1000000000.00,0.000000
-900.0,1600.0,2898.9,0,1000000000.00,0.000000
-875.0,1600.0,2878.2,0,1000000000.00,0.000000
-850.0,1600.0,2857.6,0,1000000000.00,0.000000
-825.0,1600.0,2837.1,0,1000000000.00,0.000000
-800.0,1600.0,2816.6,0,1000000000.00,0.000000
-775.0,1600.0,2796.3,0,1000000000.00,0.000000
-750.0,1600.0,2776.0,0,1000000000.00,0.000000
-725.0,1600.0,2755.7,0,1000000000.00,0.000000
-700.0,1600.0,2735.6,0,1000000000.00,0.000000
-675.0,1600.0,2715.5,0,1000000000.00,0.000000
-650.0,1600.0,2695.5,0,1000000000.00,0.000000
-625.0,1600.0,2675.7,0,1000000000.00,0.000000
-600.0,1600.0,2655.8,0,1000000000.00,0.000000
-575.0,1600.0,2636.1,0,1000000000.00,0.000000
-550.0,1600.0,2616.5,0,1000000000.00,0.000000
-525.0,1600.0,2597.0,0,1000000000.00,0.000000
-500.0,1600.0,2577.5,0,1000000000.00,0.000000
-475.0,1600.0,2558.2,0,1000000000.00,0.000000
-450.0,1600.0,2538.9,0,1000000000.00,0.000000
-425.0,1600.0,2519.8,0,1000000000.00,0.000000
-400.0,1600.0,2500.7,0,1000000000.00,0.000000
-375.0,1600.0,2481.8,0,1000000000.00,0.000000
-350.0,1600.0,2462.9,0,1000000000.00,0.000000
-325.0,1600.0,2444.2,0,1000000000.00,0.000000
-300.0,1600.0,2425.6,0,1000000000.00,0.000000
-275.0,1600.0,2407.1,0,1000000000.00,0.000000
-250.0,1600.0,2388.8,0,1000000000.00,0.000000
-225.0,1600.0,2370.5,0,1000000000.00,0.000000
-200.0,1600.0,2352.4,0,1000000000.00,0.000000
-175.0,1600.0,2334.4,0,1000000000.00,0.000000
-150.0,1600.0,2316.5,0,1000000000.00,0.000000
-125.0,1600.0,2298.8,0,1000000000.00,0.000000
-100.0,1600.0,2281.2,0,1000000000.00,0.000000
-75.0,1600.0,2263.7,0,1000000000.00,0.000000
-50.0,1600.0,2246.4,0,1000000000.00,0.000000
-25.0,1600.0,2229.2,0,1000000000.00,0.000000
0.0,1600.0,2212.2,0,1000000000.00,0.000000
25.0,1600.0,2195.3,0,1000000000.00,0.000000
50.0,1600.0,2178.6,0,1000000000.00,0.000000
75.0,1600.0,2162.0,0,1000000000.00,0.000000
100.0,1600.0,2145.7,0,1000000000.00,0.000000
125.0,1600.0,2129.4,0,1000000000.00,0.000000
150.0,1600.0,2113.4,0,1000000000.00,0.000000
175.0,1600.0,2097.5,0,1000000000.00,0.000000
200.0,1600.0,2081.8,0,1000000000.00,0.000000
225.0,1600.0,2066.3,0,1000000000.00,0.000000
250.0,1600.0,2050.9,0,1000000000.00,0.000000
275.0,1600.0,2035.8,0,1000000000.00,0.000000
300.0,1600.0,2020.9,0,1000000000.00,0.000000
325.0,1600.0,2006.1,0,1000000000.00,0.000000
350.0,1600.0,1991.6,0,1000000000.00,0.000000
375.0,1600.0,1977.3,0,1000000000.00,0.000000
400.0,1600.0,1963.1,0,1000000000.00,0.000000
425.0,1600.0,1949.3,0,1000000000.00,0.000000
450.0,1600.0,1935.6,0,1000000000.00,0.000000
475.0,1600.0,1922.1,0,1000000000.00,0.000000
500.0,1600.0,1908.9,0,1000000000.00,0.000000
525.0,1600.0,1896.0,0,1000000000.00,0.000000
550.0,1600.0,1883.2,0,1000000000.00,0.000000
575.0,1600.0,1870.7,0,1000000000.00,0.000000
600.0,1600.0,1858.5,0,1000000000.00,0.000000
625.0,1600.0,1846.5,0,1000000000.00,0.000000
650.0,1600.0,1834.8,0,1000000000.00,0.000000
675.0,1600.0,1823.4,0,1000000000.00,0.000000
700.0,1600.0,1812.2,0,1000000000.00,0.000000
725.0,1600.0,1801.3,0,1000000000.00,0.000000
750.0,1600.0,1790.7,0,1000000000.00,0.000000
775.0,1600.0,1780.4,0,1000000000.00,0.000000
800.0,1600.0,1786.7,0,1000000000.00,0.000000
825.0,1600.0,1798.0,0,1000000000.00,0.000000
850.0,1600.0,1809.5,0,1000000000.00,0.000000
875.0,1600.0,1821.3,0,1000000000.00,0.000000
900.0,1600.0,1833.4,0,1000000000.00,0.000000
925.0,1600.0,1845.7,0,1000000000.00,0.000000
950.0,1600.0,1858.3,0,1000000000.00,0.000000
975.0,1600.0,1871.1,0,1000000000.00,0.000000
1000.0,1600.0,1884.2,0,1000000000.00,0.000000
1025.0,1600.0,1897.5,0,1000000000.00,0.000000
1050.0,1600.0,1911.1,0,1000000000.00,0.000000
1075.0,1600.0,1924.9,0,1000000000.00,0.000000
1100.0,1600.0,1938.9,0,1000000000.00,0.000000
1125.0,1600.0,1953.1,0,1000000000.00,0.000000
1150.0,1600.0,1967.6,0,1000000000.00,0.000000
1175.0,1600.0,1982.2,0,1000000000.00,0.000000
1200.0,1600.0,1997.1,0,1000000000.00,0.000000
1225.0,1600.0,2012.1,0,1000000000.00,0.000000
1250.0,1600.0,2027.4,0,1000000000.00,0.000000
1275.0,1600.0,2042.8,0,1000000000.00,0.000000
1300.0,1600.0,2058.5,0,1000000000.00,0.000000
1325.0,1600.0,2074.3,0,1000000000.00,0.000000
1350.0,1600.0,2090.3,0,1000000000.00,0.000000
1375.0,1600.0,2106.5,0,1000000000.00,0.000000
1400.0,1600.0,2122.8,0,1000000000.00,0.000000
1425.0,1600.0,2139.3,0,1000000000.00,0.000000
1450.0,1600.0,2156.0,0,1000000000.00,0.000000
1475.0,1600.0,2172.8,0,1000000000.00,0.000000
1500.0,1600.0,2189.8,0,1000000000.00,0.000000
1525.0,1600.0,2207.0,0,1000000000.00,0.000000
1550.0,1600.0,2224.3,0,1000000000.00,0.000000
1575.0,1600.0,2241.7,0,1000000000.00,0.000000
1600.0,1600.0,2259.3,0,1000000000.00,0.000000
1625.0,1600.0,2277.0,0,1000000000.00,0.000000
1650.0,1600.0,2294.8,0,1000000000.00,0.000000
1675.0,1600.0,2312.8,0,1000000000.00,0.000000
1700.0,1600.0,2330.9,0,1000000000.00,0.000000
1725.0,1600.0,2349.2,0,1000000000.00,0.000000
1750.0,1600.0,2367.6,0,1000000000.00,0.000000
1775.0,1600.0,2386.0,0,1000000000.00,0.000000
1800.0,1600.0,2404.6,0,1000000000.00,0.000000
-1800.0,1625.0,3689.8,0,1000000000.00,0.000000
-1775.0,1625.0,3667.5,0,1000000000.00,0.000000
-1750.0,1625.0,3645.2,0,1000000000.00,0.000000
-1725.0,1625.0,3622.9,0,1000000000.00,0.000000
-1700.0,1625.0,3600.7,0,1000000000.00,0.000000
-1675.0,1625.0,3578.5,0,1000000000.00,0.000000
-1650.0,1625.0,3556.3,0,1000000000.00,0.000000
-1625.0,1625.0,3534.2,0,1000000000.00,0.000000
-1600.0,1625.0,3512.1,0,1000000000.00,0.000000
-1575.0,1625.0,3490.1,0,1000000000.00,0.000000
-1550.0,1625.0,3468.1,0,1000000000.00,0.000000
-1525.0,1625.0,3446.1,0,1000000000.00,0.000000
-1500.0,1625.0,3424.2,0,1000000000.00,0.000000
-1475.0,1625.0,3402.3,0,1000000000.00,0.000000
-1450.0,1625.0,3380.5,0,1000000000.00,0.000000
-1425.0,1625.0,3358.7,0,1000000000.00,0.000000
-1400.0,1625.0,3336.9,0,1000000000.00,0.000000
-1375.0,1625.0,3315.2,0,1000000000.00,0.000000
-1350.0,1625.0,3293.6,0,1000000000.00,0.000000
-1325.0,1625.0,3272.0,0,1000000000.00,0.000000
-1300.0,1625.0,3250.4,0,1000000000.00,0.000000
-1275.0,1625.0,3228.9,0,1000000000.00,0.000000
-1250.0,1625.0,3207.4,0,1000000000.00,0.000000
-1225.0,1625.0,3186.0,0,1000000000.00,0.000000
-1200.0,1625.0,3164.7,0,1000000000.00,0.000000
-1175.0,1625.0,3143.4,0,1000000000.00,0.000000
-1150.0,1625.0,3122.1,0,1000000000.00,0.000000
-1125.0,1625.0,3100.9,0,1000000000.00,0.000000
-1100.0,1625.0,3079.8,0,1000000000.00,0.000000
-1075.0,1625.0,3058.7,0,1000000000.00,0.000000
-1050.0,1625.0,3037.7,0,1000000000.00,0.000000
-1025.0,1625.0,3016.8,0,1000000000.00,0.000000
-1000.0,1625.0,2995.9,0,1000000000.00,0.000000
-975.0,1625.0,2975.0,0,1000000000.00,0.000000
-950.0,1625.0,2954.3,0,1000000000.00,0.000000
-925.0,1625.0,2933.6,0,1000000000.00,0.000000
-900.0,1625.0,2913.0,0,1000000000.00,0.000000
-875.0,1625.0,2892.4,0,1000000000.00,0.000000
-850.0,1625.0,2871.9,0,1000000000.00,0.000000
-825.0,1625.0,2851.5,0,1000000000.00,0.000000
-800.0,1625.0,2831.1,0,1000000000.00,0.000000
-775.0,1625.0,2810.9,0,1000000000.00,0.000000
-750.0,1625.0,2790.7,0,1000000000.00,0.000000
-725.0,1625.0,2770.6,0,1000000000.00,0.000000
-700.0,1625.0,2750.5,0,1000000000.00,0.000000
-675.0,1625.0,2730.6,0,1000000000.00,0.000000
-650.0,1625.0,2710.7,0,1000000000.00,0.000000
-625.0,1625.0,2690.9,0,1000000000.00,0.000000
-600.0,1625.0,2671.2,0,1000000000.00,0.000000
-575.0,1625.0,2651.6,0,1000000000.00,0.000000
-550.0,1625.0,2632.1,0,1000000000.00,0.000000
-525.0,1625.0,2612.7,0,1000000000.00,0.000000
-500.0,1625.0,2593.4,0,1000000000.00,0.000000
-475.0,1625.0,2574.1,0,1000000000.00,0.000000
-450.0,1625.0,2555.0,0,1000000000.00,0.000000
-425.0,1625.0,2536.0,0,1000000000.00,0.000000
-400.0,1625.0,2517.0,0,1000000000.00,0.000000
-375.0,1625.0,2498.2,0,1000000000.00,0.000000
-350.0,1625.0,2479.5,0,1000000000.00,0.000000
-325.0,1625.0,2460.9,0,1000000000.00,0.000000
-300.0,1625.0,2442.5,0,1000000000.00,0.000000
-275.0,1625.0,2424.1,0,1000000000.00,0.000000
-250.0,1625.0,2405.8,0,1000000000.00,0.000000
-225.0,1625.0,2387.7,0,1000000000.00,0.000000
-200.0,1625.0,2369.7,0,1000000000.00,0.000000
-175.0,1625.0,2351.9,0,1000000000.00,0.000000
-150.0,1625.0,2334.1,0,1000000000.00,0.000000
-125.0,1625.0,2316.5,0,1000000000.00,0.000000
-100.0,1625.0,2299.1,0,1000000000.00,0.000000
-75.0,1625.0,2281.7,0,1000000000.00,0.000000
-50.0,1625.0,2264.5,0,1000000000.00,0.000000
-25.0,1625.0,2247.5,0,1000000000.00,0.000000
0.0,1625.0,2230.6,0,1000000000.00,0.000000
25.0,1625.0,2213.9,0,1000000000.00,0.000000
50.0,1625.0,2197.3,0,1000000000.00,0.000000
75.0,1625.0,2180.9,0,1000000000.00,0.000000
100.0,1625.0,2164.7,0,1000000000.00,0.000000
125.0,1625.0,2148.6,0,1000000000.00,0.000000
150.0,1625.0,2132.7,0,1000000000.00,0.000000
175.0,1625.0,2116.9,0,1000000000.00,0.000000
200.0,1625.0,2101.4,0,1000000000.00,0.000000
225.0,1625.0,2086.0,0,1000000000.00,0.000000
250.0,1625.0,2070.8,0,1000000000.00,0.000000
275.0,1625.0,2055.8,0,1000000000.00,0.000000
300.0,1625.0,2041.0,0,1000000000.00,0.000000
325.0,1625.0,2026.4,0,1000000000.00,0.000000
350.0,1625.0,2012.1,0,1000000000.00,0.000000
375.0,1625.0,1997.9,0,1000000000.00,0.000000
400.0,1625.0,1983.9,0,1000000000.00,0.000000
425.0,1625.0,1970.2,0,1000000000.00,0.000000
450.0,1625.0,1956.6,0,1000000000.00,0.000000
475.0,1625.0,1943.3,0,1000000000.00,0.000000
500.0,1625.0,1930.3,0,1000000000.00,0.000000
525.0,1625.0,1917.4,0,1000000000.00,0.000000
550.0,1625.0,1904.9,0,1000000000.00,0.000000
575.0,1625.0,1892.5,0,1000000000.00,0.000000
600.0,1625.0,1880.4,0,1000000000.00,0.000000
625.0,1625.0,1868.6,0,1000000000.00,0.000000
650.0,1625.0,1857.0,0,1000000000.00,0.000000
675.0,1625.0,1845.7,0,1000000000.00,0.000000
700.0,1625.0,1834.7,0,1000000000.00,0.000000
725.0,1625.0,1823.9,0,1000000000.00,0.000000
750.0,1625.0,1813.4,0,1000000000.00,0.000000
775.0,1625.0,1803.2,0,1000000000.00,0.000000
800.0,1625.0,1809.1,0,1000000000.00,0.000000
825.0,1625.0,1820.2,0,1000000000.00,0.000000
850.0,1625.0,1831.6,0,1000000000.00,0.000000
875.0,1625.0,1843.3,0,1000000000.00,0.000000
900.0,1625.0,1855.2,0,1000000000.00,0.000000
925.0,1625.0,1867.4,0,1000000000.00,0.000000
950.0,1625.0,1879.9,0,1000000000.00,0.000000
975.0,1625.0,1892.6,0,1000000000.00,0.000000
1000.0,1625.0,1905.5,0,1000000000.00,0.000000
1025.0,1625.0,1918.7,0,1000000000.00,0.000000
1050.0,1625.0,1932.1,0,1000000000.00,0.000000
1075.0,1625.0,1945.7,0,1000000000.00,0.000000
1100.0,1625.0,1959.6,0,1000000000.00,0.000000
1125.0,1625.0,1973.7,0,1000000000.00,0.000000
1150.0,1625.0,1987.9,0,1000000000.00,0.000000
1175.0,1625.0,2002.5,0,1000000000.00,0.000000
1200.0,1625.0,2017.2,0,1000000000.00,0.000000
1225.0,1625.0,2032.1,0,1000000000.00,0.000000
1250.0,1625.0,2047.2,0,1000000000.00,0.000000
1275.0,1625.0,2062.5,0,1000000000.00,0.000000
1300.0,1625.0,2078.0,0,1000000000.00,0.000000
1325.0,1625.0,2093.6,0,1000000000.00,0.000000
1350.0,1625.0,2109.5,0,1000000000.00,0.000000
1375.0,1625.0,2125.5,0,1000000000.00,0.000000
1400.0,1625.0,2141.7,0,1000000000.00,0.000000
1425.0,1625.0,2158.1,0,1000000000.00,0.000000
1450.0,1625.0,2174.6,0,1000000000.00,0.000000
1475.0,1625.0,2191.3,0,1000000000.00,0.000000
1500.0,1625.0,2208.2,0,1000000000.00,0.000000
1525.0,1625.0,2225.2,0,1000000000.00,0.000000
1550.0,1625.0,2242.3,0,1000000000.00,0.000000
1575.0,1625.0,2259.6,0,1000000000.00,0.000000
1600.0,1625.0,2277.0,0,1000000000.00,0.000000
1625.0,1625.0,2294.6,0,1000000000.00,0.000000
1650.0,1625.0,2312.3,0,1000000000.00,0.000000
1675.0,1625.0,2330.2,0,1000000000.00,0.000000
1700.0,1625.0,2348.2,0,1000000000.00,0.000000
1725.0,1625.0,2366.3,0,1000000000.00,0.000000
1750.0,1625.0,2384.5,0,1000000000.00,0.000000
1775.0,1625.0,2402.9,0,1000000000.00,0.000000
1800.0,1625.0,2421.4,0,1000000000.00,0.000000
-1800.0,1650.0,3701.1,0,1000000000.00,0.000000
-1775.0,1650.0,3678.8,0,1000000000.00,0.000000
-1750.0,1650.0,3656.6,0,1000000000.00,0.000000
-1725.0,1650.0,3634.4,0,1000000000.00,0.000000
-1700.0,1650.0,3612.2,0,1000000000.00,0.000000
-1675.0,1650.0,3590.1,0,1000000000.00,0.000000
-1650.0,1650.0,3568.0,0,1000000000.00,0.000000
-1625.0,1650.0,3546.0,0,1000000000.00,0.000000
-1600.0,1650.0,3523.9,0,1000000000.00,0.000000
-1575.0,1650.0,3502.0,0,1000000000.00,0.000000
-1550.0,1650.0,3480.0,0,1000000000.00,0.000000
-1525.0,1650.0,3458.2,0,1000000000.00,0.000000
-1500.0,1650.0,3436.3,0,1000000000.00,0.000000
-1475.0,1650.0,3414.5,0,1000000000.00,0.000000
-1450.0,1650.0,3392.7,0,1000000000.00,0.000000
-1425.0,1650.0,3371.0,0,1000000000.00,0.000000
-1400.0,1650.0,3349.4,0,1000000000.00,0.000000
-1375.0,1650.0,3327.7,0,1000000000.00,0.000000
-1350.0,1650.0,3306.2,0,1000000000.00,0.000000
-1325.0,1650.0,3284.6,0,1000000000.00,0.000000
-1300.0,1650.0,3263.2,0,1000000000.00,0.000000
-1275.0,1650.0,3241.7,0,1000000000.00,0.000000
-1250.0,1650.0,3220.4,0,1000000000.00,0.000000
-1225.0,1650.0,3199.1,0,1000000000.00,0.000000
-1200.0,1650.0,3177.8,0,1000000000.00,0.000000
-1175.0,1650.0,3156.6,0,1000000000.00,0.000000
-1150.0,1650.0,3135.4,0,1000000000.00,0.000000
-1125.0,1650.0,3114.3,0,1000000000.00,0.000000
-1100.0,1650.0,3093.3,0,1000000000.00,0.000000
-1075.0,1650.0,3072.3,0,1000000000.00,0.000000
-1050.0,1650.0,3051.4,0,1000000000.00,0.000000
-1025.0,1650.0,3030.5,0,1000000000.00,0.000000
-1000.0,1650.0,3009.7,0,1000000000.00,0.000000
-975.0,1650.0,2989.0,0,1000000000.00,0.000000
-950.0,1650.0,2968.3,0,1000000000.00,0.000000
-925.0,1650.0,2947.7,0,1000000000.00,0.000000
-900.0,1650.0,2927.2,0,1000000000.00,0.000000
-875.0,1650.0,2906.7,0,1000000000.00,0.000000
-850.0,1650.0,2886.3,0,1000000000.00,0.000000
-825.0,1650.0,2866.0,0,1000000000.00,0.000000
-800.0,1650.0,2845.8,0,1000000000.00,0.000000
-775.0,1650.0,2825.6,0,1000000000.00,0.000000
-750.0,1650.0,2805.5,0,1000000000.00,0.000000
-725.0,1650.0,2785.5,0,1000000000.00,0.000000
-700.0,1650.0,2765.6,0,1000000000.00,0.000000
-675.0,1650.0,2745.8,0,1000000000.00,0.000000
-650.0,1650.0,2726.0,0,1000000000.00,0.000000
-625.0,1650.0,2706.3,0,1000000000.00,0.000000
-600.0,1650.0,2686.7,0,1000000000.00,0.000000
-575.0,1650.0,2667.3,0,1000000000.00,0.000000
-550.0,1650.0,2647.9,0,1000000000.00,0.000000
-525.0,1650.0,2628.5,0,1000000000.00,0.000000
-500.0,1650.0,2609.3,0,1000000000.00,0.000000
-475.0,1650.0,2590.2,0,1000000000.00,0.000000
-450.0,1650.0,2571.2,0,1000000000.00,0.000000
-425.0,1650.0,2552.3,0,1000000000.00,0.000000
-400.0,1650.0,2533.5,0,1000000000.00,0.000000
-375.0,1650.0,2514.8,0,1000000000.00,0.000000
-350.0,1650.0,2496.2,0,1000000000.00,0.000000
-325.0,1650.0,2477.8,0,1000000000.00,0.000000
-300.0,1650.0,2459.4,0,1000000000.00,0.000000
-275.0,1650.0,2441.2,0,1000000000.00,0.000000
-250.0,1650.0,2423.1,0,1000000000.00,0.000000
-225.0,1650.0,2405.1,0,1000000000.00,0.000000
-200.0,1650.0,2387.2,0,1000000000.00,0.000000
-175.0,1650.0,2369.5,0,1000000000.00,0.000000
-150.0,1650.0,2351.9,0,1000000000.00,0.000000
-125.0,1650.0,2334.4,0,1000000000.00,0.000000
-100.0,1650.0,2317.1,0,1000000000.00,0.000000
-75.0,1650.0,2299.9,0,1000000000.00,0.000000
-50.0,1650.0,2282.8,0,1000000000.00,0.000000
-25.0,1650.0,2265.9,0,1000000000.00,0.000000
0.0,1650.0,2249.2,0,1000000000.00,0.000000
25.0,1650.0,2232.6,0,1000000000.00,0.000000
50.0,1650.0,2216.2,0,1000000000.00,0.000000
75.0,1650.0,2199.9,0,1000000000.00,0.000000
100.0,1650.0,2183.8,0,1000000000.00,0.000000
125.0,1650.0,2167.8,0,1000000000.00,0.000000
150.0,1650.0,2152.1,0,1000000000.00,0.000000
175.0,1650.0,2136.5,0,1000000000.00,0.000000
200.0,1650.0,2121.1,0,1000000000.00,0.000000
225.0,1650.0,2105.9,0,1000000000.00,0.000000
250.0,1650.0,2090.8,0,1000000000.00,0.000000
275.0,1650.0,2076.0,0,1000000000.00,0.000000
300.0,1650.0,2061.3,0,1000000000.00,0.000000
325.0,1650.0,2046.9,0,1000000000.00,0.000000
350.0,1650.0,2032.6,0,1000000000.00,0.000000
375.0,1650.0,2018.6,0,1000000000.00,0.000000
400.0,1650.0,2004.8,0,1000000000.00,0.000000
425.0,1650.0,1991.2,0,1000000000.00,0.000000
450.0,1650.0,1977.8,0,1000000000.00,0.000000
475.0,1650.0,1964.6,0,1000000000.00,0.000000
500.0,1650.0,1951.7,0,1000000000.00,0.000000
525.0,1650.0,1939.0,0,1000000000.00,0.000000
550.0,1650.0,1926.6,0,1000000000.00,0.000000
575.0,1650.0,1914.4,0,1000000000.00,0.000000
600.0,1650.0,1902.4,0,1000000000.00,0.000000
625.0,1650.0,1890.7,0,1000000000.00,0.000000
650.0,1650.0,1879.3,0,1000000000.00,0.000000
675.0,1650.0,1868.1,0,1000000000.00,0.000000
700.0,1650.0,1857.2,0,1000000000.00,0.000000
725.0,1650.0,1846.6,0,1000000000.00,0.000000
750.0,1650.0,1836.2,0,1000000000.00,0.000000
775.0,1650.0,1826.2,0,1000000000.00,0.000000
800.0,1650.0,1831.6,0,1000000000.00,0.000000
825.0,1650.0,1842.6,0,1000000000.00,0.000000
850.0,1650.0,1853.9,0,1000000000.00,0.000000
875.0,1650.0,1865.4,0,1000000000.00,0.000000
900.0,1650.0,1877.2,0,1000000000.00,0.000000
925.0,1650.0,1889.2,0,1000000000.00,0.000000
950.0,1650.0,1901.5,0,1000000000.00,0.000000
975.0,1650.0,1914.1,0,1000000000.00,0.000000
1000.0,1650.0,1926.9,0,1000000000.00,0.000000
1025.0,1650.0,1939.9,0,1000000000.00,0.000000
1050.0,1650.0,1953.2,0,1000000000.00,0.000000
1075.0,1650.0,1966.6,0,1000000000.00,0.000000
1100.0,1650.0,1980.4,0,1000000000.00,0.000000
1125.0,1650.0,1994.3,0,1000000000.00,0.000000
1150.0,1650.0,2008.4,0,1000000000.00,0.000000
1175.0,1650.0,2022.8,0,1000000000.00,0.000000
1200.0,1650.0,2037.4,0,1000000000.00,0.000000
1225.0,1650.0,2052.1,0,1000000000.00,0.000000
1250.0,1650.0,2067.1,0,1000000000.00,0.000000
1275.0,1650.0,2082.2,0,1000000000.00,0.000000
1300.0,1650.0,2097.6,0,1000000000.00,0.000000
1325.0,1650.0,2113.1,0,1000000000.00,0.000000
1350.0,1650.0,2128.8,0,1000000000.00,0.000000
1375.0,1650.0,2144.7,0,1000000000.00,0.000000
1400.0,1650.0,2160.7,0,1000000000.00,0.000000
1425.0,1650.0,2177.0,0,1000000000.00,0.000000
1450.0,1650.0,2193.4,0,1000000000.00,0.000000
1475.0,1650.0,2209.9,0,1000000000.00,0.000000
1500.0,1650.0,2226.6,0,1000000000.00,0.000000
1525.0,1650.0,2243.5,0,1000000000.00,0.000000
1550.0,1650.0,2260.5,0,1000000000.00,0.000000
1575.0,1650.0,2277.7,0,1000000000.00,0.000000
1600.0,1650.0,2295.0,0,1000000000.00,0.000000
1625.0,1650.0,2312.4,0,1000000000.00,0.000000
1650.0,1650.0,2330.0,0,1000000000.00,0.000000
1675.0,1650.0,2347.7,0,1000000000.00,0.000000
1700.0,1650.0,2365.5,0,1000000000.00,0.000000
1725.0,1650.0,2383.5,0,1000000000.00,0.000000
1750.0,1650.0,2401.6,0,1000000000.00,0.000000
1775.0,1650.0,2419.9,0,1000000000.00,0.000000
1800.0,1650.0,2438.2,0,1000000000.00,0.000000
-1800.0,1675.0,3712.5,0,1000000000.00,0.000000
-1775.0,1675.0,3690.3,0,1000000000.00,0.000000
-1750.0,1675.0,3668.1,0,1000000000.00,0.000000
-1725.0,1675.0,3646.0,0,1000000000.00,0.000000
-1700.0,1675.0,3623.9,0,1000000000.00,0.000000
-1675.0,1675.0,3601.8,0,1000000000.00,0.000000
-1650.0,1675.0,3579.8,0,1000000000.00,0.000000
-1625.0,1675.0,3557.8,0,1000000000.00,0.000000
-1600.0,1675.0,3535.9,0,1000000000.00,0.000000
-1575.0,1675.0,3514.0,0,1000000000.00,0.000000
-1550.0,1675.0,3492.2,0,1000000000.00,0.000000
-1525.0,1675.0,3470.3,0,1000000000.00,0.000000
-1500.0,1675.0,3448.6,0,1000000000.00,0.000000
-1475.0,1675.0,3426.8,0,1000000000.00,0.000000
-1450.0,1675.0,3405.2,0,1000000000.00,0.000000
-1425.0,1675.0,3383.5,0,1000000000.00,0.000000
-1400.0,1675.0,3361.9,0,1000000000.00,0.000000
-1375.0,1675.0,3340.4,0,1000000000.00,0.000000
-1350.0,1675.0,3318.9,0,1000000000.00,0.000000
-1325.0,1675.0,3297.5,0,1000000000.00,0.000000
-1300.0,1675.0,3276.1,0,1000000000.00,0.000000
-1275.0,1675.0,3254.7,0,1000000000.00,0.000000
-1250.0,1675.0,3233.5,0,1000000000.00,0.000000
-1225.0,1675.0,3212.2,0,1000000000.00,0.000000
-1200.0,1675.0,3191.0,0,1000000000.00,0.000000
-1175.0,1675.0,3169.9,0,1000000000.00,0.000000
-1150.0,1675.0,3148.9,0,1000000000.00,0.000000
-1125.0,1675.0,3127.8,0,1000000000.00,0.000000
-1100.0,1675.0,3106.9,0,1000000000.00,0.000000
-1075.0,1675.0,3086.0,0,1000000000.00,0.000000
-1050.0,1675.0,3065.2,0,1000000000.00,0.000000
-1025.0,1675.0,3044.4,0,1000000000.00,0.000000
-1000.0,1675.0,3023.7,0,1000000000.00,0.000000
-975.0,1675.0,3003.1,0,1000000000.00,0.000000
-950.0,1675.0,2982.5,0,1000000000.00,0.000000
-925.0,1675.0,2962.0,0,1000000000.00,0.000000
-900.0,1675.0,2941.6,0,1000000000.00,0.000000
-875.0,1675.0,2921.2,0,1000000000.00,0.000000
-850.0,1675.0,2900.9,0,1000000000.00,0.000000
-825.0,1675.0,2880.7,0,1000000000.00,0.000000
-800.0,1675.0,2860.6,0,1000000000.00,0.000000
-775.0,1675.0,2840.5,0,1000000000.00,0.000000
-750.0,1675.0,2820.5,0,1000000000.00,0.000000
-725.0,1675.0,2800.6,0,1000000000.00,0.000000
-700.0,1675.0,2780.8,0,1000000000.00,0.000000
-675.0,1675.0,2761.1,0,1000000000.00,0.000000
-650.0,1675.0,2741.4,0,1000000000.00,0.000000
-625.0,1675.0,2721.9,0,1000000000.00,0.000000
-600.0,1675.0,2702.4,0,1000000000.00,0.000000
-575.0,1675.0,2683.0,0,1000000000.00,0.000000
-550.0,1675.0,2663.8,0,1000000000.00,0.000000
-525.0,1675.0,2644.6,0,1000000000.00,0.000000
-500.0,1675.0,2625.5,0,1000000000.00,0.000000
-475.0,1675.0,2606.5,0,1000000000.00,0.000000
-450.0,1675.0,2587.6,0,1000000000.00,0.000000
-425.0,1675.0,2568.8,0,1000000000.00,0.000000
-400.0,1675.0,2550.1,0,1000000000.00,0.000000
-375.0,1675.0,2531.6,0,1000000000.00,0.000000
-350.0,1675.0,2513.1,0,1000000000.00,0.000000
-325.0,1675.0,2494.8,0,1000000000.00,0.000000
-300.0,1675.0,2476.5,0,1000000000.00,0.000000
-275.0,1675.0,2458.4,0,1000000000.00,0.000000
-250.0,1675.0,2440.4,0,1000000000.00,0.000000
-225.0,1675.0,2422.6,0,1000000000.00,0.000000
-200.0,1675.0,2404.8,0,1000000000.00,0.000000
-175.0,1675.0,2387.2,0,1000000000.00,0.000000
-150.0,1675.0,2369.8,0,1000000000.00,0.000000
-125.0,1675.0,2352.4,0,1000000000.00,0.000000
-100.0,1675.0,2335.2,0,1000000000.00,0.000000
-75.0,1675.0,2318.2,0,1000000000.00,0.000000
-50.0,1675.0,2301.3,0,1000000000.00,0.000000
-25.0,1675.0,2284.5,0,1000000000.00,0.000000
0.0,1675.0,2267.9,0,1000000000.00,0.000000
25.0,1675.0,2251.4,0,1000000000.00,0.000000
50.0,1675.0,2235.1,0,1000000000.00,0.000000
75.0,1675.0,2219.0,0,1000000000.00,0.000000
100.0,1675.0,2203.0,0,1000000000.00,0.000000
125.0,1675.0,2187.2,0,1000000000.00,0.000000
150.0,1675.0,2171.6,0,1000000000.00,0.000000
175.0,1675.0,2156.2,0,1000000000.00,0.000000
200.0,1675.0,2140.9,0,1000000000.00,0.000000
225.0,1675.0,2125.8,0,1000000000.00,0.000000
250.0,1675.0,2110.9,0,1000000000.00,0.000000
275.0,1675.0,2096.2,0,1000000000.00,0.000000
300.0,1675.0,2081.7,0,1000000000.00,0.000000
325.0,1675.0,2067.4,0,1000000000.00,0.000000
350.0,1675.0,2053.3,0,1000000000.00,0.000000
375.0,1675.0,2039.4,0,1000000000.00,0.000000
400.0,1675.0,2025.7,0,1000000000.00,0.000000
425.0,1675.0,2012.2,0,1000000000.00,0.000000
450.0,1675.0,1999.0,0,1000000000.00,0.000000
475.0,1675.0,1986.0,0,1000000000.00,0.000000
500.0,1675.0,1973.2,0,1000000000.00,0.000000
525.0,1675.0,1960.7,0,1000000000.00,0.000000
550.0,1675.0,1948.4,0,1000000000.00,0.000000
575.0,1675.0,1936.3,0,1000000000.00,0.000000
600.0,1675.0,1924.5,0,1000000000.00,0.000000
625.0,1675.0,1912.9,0,1000000000.00,0.000000
650.0,1675.0,1901.6,0,1000000000.00,0.000000
675.0,1675.0,1890.6,0,1000000000.00,0.000000
700.0,1675.0,1879.8,0,1000000000.00,0.000000
725.0,1675.0,1869.3,0,1000000000.00,0.000000
750.0,1675.0,1859.1,0,1000000000.00,0.000000
775.0,1675.0,1849.1,0,1000000000.00,0.000000
800.0,1675.0,1854.2,0,1000000000.00,0.000000
825.0,1675.0,1865.0,0,1000000000.00,0.000000
850.0,1675.0,1876.2,0,1000000000.00,0.000000
875.0,1675.0,1887.5,0,1000000000.00,0.000000
900.0,1675.0,1899.2,0,1000000000.00,0.000000
925.0,1675.0,1911.1,0,1000000000.00,0.000000
950.0,1675.0,1923.3,0,1000000000.00,0.000000
975.0,1675.0,1935.7,0,1000000000.00,0.000000
1000.0,1675.0,1948.3,0,1000000000.00,0.000000
1025.0,1675.0,1961.2,0,1000000000.00,0.000000
1050.0,1675.0,1974.3,0,1000000000.00,0.000000
1075.0,1675.0,1987.7,0,1000000000.00,0.000000
1100.0,1675.0,2001.2,0,1000000000.00,0.000000
1125.0,1675.0,2015.0,0,1000000000.00,0.000000
1150.0,1675.0,2029.0,0,1000000000.00,0.000000
1175.0,1675.0,2043.2,0,1000000000.00,0.000000
1200.0,1675.0,2057.7,0,1000000000.00,0.000000
1225.0,1675.0,2072.3,0,1000000000.00,0.000000
1250.0,1675.0,2087.1,0,1000000000.00,0.000000
1275.0,1675.0,2102.1,0,1000000000.00,0.000000
1300.0,1675.0,2117.3,0,1000000000.00,0.000000
1325.0,1675.0,2132.7,0,1000000000.00,0.000000
1350.0,1675.0,2148.2,0,1000000000.00,0.000000
1375.0,1675.0,2164.0,0,1000000000.00,0.000000
1400.0,1675.0,2179.9,0,1000000000.00,0.000000
1425.0,1675.0,2196.0,0,1000000000.00,0.000000
1450.0,1675.0,2212.2,0,1000000000.00,0.000000
1475.0,1675.0,2228.6,0,1000000000.00,0.000000
1500.0,1675.0,2245.2,0,1000000000.00,0.000000
1525.0,1675.0,2261.9,0,1000000000.00,0.000000
1550.0,1675.0,2278.8,0,1000000000.00,0.000000
1575.0,1675.0,2295.8,0,1000000000.00,0.000000
1600.0,1675.0,2313.0,0,1000000000.00,0.000000
1625.0,1675.0,2330.3,0,1000000000.00,0.000000
1650.0,1675.0,2347.8,0,1000000000.00,0.000000
1675.0,1675.0,2365.3,0,1000000000.00,0.000000
1700.0,1675.0,2383.1,0,1000000000.00,0.000000
1725.0,1675.0,2400.9,0,1000000000.00,0.000000
1750.0,1675.0,2418.9,0,1000000000.00,0.000000
1775.0,1675.0,2437.0,0,1000000000.00,0.000000
1800.0,1675.0,2455.2,0,1000000000.00,0.000000
-1800.0,1700.0,3724.0,0,1000000000.00,0.000000
-1775.0,1700.0,3701.9,0,1000000000.00,0.000000
-1750.0,1700.0,3679.8,0,1000000000.00,0.000000
-1725.0,1700.0,3657.7,0,1000000000.00,0.000000
-1700.0,1700.0,3635.7,0,1000000000.00,0.000000
-1675.0,1700.0,3613.7,0,1000000000.00,0.000000
-1650.0,1700.0,3591.8,0,1000000000.00,0.000000
-1625.0,1700.0,3569.9,0,1000000000.00,0.000000
-1600.0,1700.0,3548.0,0,1000000000.00,0.000000
-1575.0,1700.0,3526.2,0,1000000000.00,0.000000
-1550.0,1700.0,3504.4,0,1000000000.00,0.000000
-1525.0,1700.0,3482.7,0,1000000000.00,0.000000
-1500.0,1700.0,3461.0,0,1000000000.00,0.000000
-1475.0,1700.0,3439.3,0,1000000000.00,0.000000
-1450.0,1700.0,3417.7,0,1000000000.00,0.000000
-1425.0,1700.0,3396.2,0,1000000000.00,0.000000
-1400.0,1700.0,3374.7,0,1000000000.00,0.000000
-1375.0,1700.0,3353.2,0,1000000000.00,0.000000
-1350.0,1700.0,3331.8,0,1000000000.00,0.000000
-1325.0,1700.0,3310.4,0,1000000000.00,0.000000
-1300.0,1700.0,3289.1,0,1000000000.00,0.000000
-1275.0,1700.0,3267.9,0,1000000000.00,0.000000
-1250.0,1700.0,3246.7,0,1000000000.00,0.000000
-1225.0,1700.0,3225.5,0,1000000000.00,0.000000
-1200.0,1700.0,3204.4,0,1000000000.00,0.000000
-1175.0,1700.0,3183.4,0,1000000000.00,0.000000
-1150.0,1700.0,3162.4,0,1000000000.00,0.000000
-1125.0,1700.0,3141.5,0,1000000000.00,0.000000
-1100.0,1700.0,3120.7,0,1000000000.00,0.000000
-1075.0,1700.0,3099.9,0,1000000000.00,0.000000
-1050.0,1700.0,3079.1,0,1000000000.00,0.000000
-1025.0,1700.0,3058.5,0,1000000000.00,0.000000
-1000.0,1700.0,3037.9,0,1000000000.00,0.000000
-975.0,1700.0,3017.3,0,1000000000.00,0.000000
-950.0,1700.0,2996.8,0,1000000000.00,0.000000
-925.0,1700.0,2976.4,0,1000000000.00,0.000000
-900.0,1700.0,2956.1,0,1000000000.00,0.000000
-875.0,1700.0,2935.9,0,1000000000.00,0.000000
-850.0,1700.0,2915.7,0,1000000000.00,0.000000
-825.0,1700.0,2895.6,0,1000000000.00,0.000000
-800.0,1700.0,2875.5,0,1000000000.00,0.000000
-775.0,1700.0,2855.6,0,1000000000.00,0.000000
-750.0,1700.0,2835.7,0,1000000000.00,0.000000
-725.0,1700.0,2815.9,0,1000000000.00,0.000000
-700.0,1700.0,2796.2,0,1000000000.00,0.000000
-675.0,1700.0,2776.6,0,1000000000.00,0.000000
-650.0,1700.0,2757.0,0,1000000000.00,0.000000
-625.0,1700.0,2737.6,0,1000000000.00,0.000000
-600.0,1700.0,2718.2,0,1000000000.00,0.000000
-575.0,1700.0,2699.0,0,1000000000.00,0.000000
-550.0,1700.0,2679.8,0,1000000000.00,0.000000
-525.0,1700.0,2660.7,0,1000000000.00,0.000000
-500.0,1700.0,2641.7,0,1000000000.00,0.000000
-475.0,1700.0,2622.9,0,1000000000.00,0.000000
-450.0,1700.0,2604.1,0,1000000000.00,0.000000
-425.0,1700.0,2585.4,0,1000000000.00,0.000000
-400.0,1700.0,2566.9,0,1000000000.00,0.000000
-375.0,1700.0,2548.4,0,1000000000.00,0.000000
-350.0,1700.0,2530.1,0,1000000000.00,0.000000
-325.0,1700.0,2511.9,0,1000000000.00,0.000000
-300.0,1700.0,2493.8,0,1000000000.00,0.000000
-275.0,1700.0,2475.8,0,1000000000.00,0.000000
-250.0,1700.0,2457.9,0,1000000000.00,0.000000
-225.0,1700.0,2440.2,0,1000000000.00,0.000000
-200.0,1700.0,2422.6,0,1000000000.00,0.000000
-175.0,1700.0,2405.1,0,1000000000.00,0.000000
-150.0,1700.0,2387.8,0,1000000000.00,0.000000
-125.0,1700.0,2370.6,0,1000000000.00,0.000000
-100.0,1700.0,2353.5,0,1000000000.00,0.000000
-75.0,1700.0,2336.6,0,1000000000.00,0.000000
-50.0,1700.0,2319.8,0,1000000000.00,0.000000
-25.0,1700.0,2303.2,0,1000000000.00,0.000000
0.0,1700.0,2286.7,0,1000000000.00,0.000000
25.0,1700.0,2270.4,0,1000000000.00,0.000000
50.0,1700.0,2254.2,0,1000000000.00,0.000000
75.0,1700.0,2238.2,0,1000000000.00,0.000000
100.0,1700.0,2222.4,0,1000000000.00,0.000000
125.0,1700.0,2206.7,0,1000000000.00,0.000000
150.0,1700.0,2191.2,0,1000000000.00,0.000000
175.0,1700.0,2175.9,0,1000000000.00,0.000000
200.0,1700.0,2160.8,0,1000000000.00,0.000000
225.0,1700.0,2145.9,0,1000000000.00,0.000000
250.0,1700.0,2131.1,0,1000000000.00,0.000000
275.0,1700.0,2116.5,0,1000000000.00,0.000000
300.0,1700.0,2102.2,0,1000000000.00,0.000000
325.0,1700.0,2088.0,0,1000000000.00,0.000000
350.0,1700.0,2074.0,0,1000000000.00,0.000000
375.0,1700.0,2060.3,0,1000000000.00,0.000000
400.0,1700.0,2046.8,0,1000000000.00,0.000000
425.0,1700.0,2033.4,0,1000000000.00,0.000000
450.0,1700.0,2020.3,0,1000000000.00,0.000000
475.0,1700.0,2007.4,0,1000000000.00,0.000000
500.0,1700.0,1994.8,0,1000000000.00,0.000000
525.0,1700.0,1982.4,0,1000000000.00,0.000000
550.0,1700.0,1970.2,0,1000000000.00,0.000000
575.0,1700.0,1958.3,0,1000000000.00,0.000000
600.0,1700.0,1946.6,0,1000000000.00,0.000000
625.0,1700.0,1935.2,0,1000000000.00,0.000000
650.0,1700.0,1924.0,0,1000000000.00,0.000000
675.0,1700.0,1913.1,0,1000000000.00,0.000000
700.0,1700.0,1902.5,0,1000000000.00,0.000000
725.0,1700.0,1892.1,0,1000000000.00,0.000000
750.0,1700.0,1882.0,0,1000000000.00,0.000000
775.0,1700.0,1872.2,0,1000000000.00,0.000000
800.0,1700.0,1876.8,0,1000000000.00,0.000000
825.0,1700.0,1887.5,0,1000000000.00,0.000000
850.0,1700.0,1898.5,0,1000000000.00,0.000000
875.0,1700.0,1909.8,0,1000000000.00,0.000000
900.0,1700.0,1921.3,0,1000000000.00,0.000000
925.0,1700.0,1933.1,0,1000000000.00,0.000000
950.0,1700.0,1945.1,0,1000000000.00,0.000000
975.0,1700.0,1957.3,0,1000000000.00,0.000000
1000.0,1700.0,1969.9,0,1000000000.00,0.000000
1025.0,1700.0,1982.6,0,1000000000.00,0.000000
1050.0,1700.0,1995.6,0,1000000000.00,0.000000
1075.0,1700.0,2008.8,0,1000000000.00,0.000000
1100.0,1700.0,2022.2,0,1000000000.00,0.000000
1125.0,1700.0,2035.9,0,1000000000.00,0.000000
1150.0,1700.0,2049.7,0,1000000000.00,0.000000
1175.0,1700.0,2063.8,0,1000000000.00,0.000000
1200.0,1700.0,2078.1,0,1000000000.00,0.000000
1225.0,1700.0,2092.5,0,1000000000.00,0.000000
1250.0,1700.0,2107.2,0,1000000000.00,0.000000
1275.0,1700.0,2122.1,0,1000000000.00,0.000000
1300.0,1700.0,2137.1,0,1000000000.00,0.000000
1325.0,1700.0,2152.4,0,1000000000.00,0.000000
1350.0,1700.0,2167.8,0,1000000000.00,0.000000
1375.0,1700.0,2183.4,0,1000000000.00,0.000000
1400.0,1700.0,2199.2,0,1000000000.00,0.000000
1425.0,1700.0,2215.1,0,1000000000.00,0.000000
1450.0,1700.0,2231.2,0,1000000000.00,0.000000
1475.0,1700.0,2247.5,0,1000000000.00,0.000000
1500.0,1700.0,2263.9,0,1000000000.00,0.000000
1525.0,1700.0,2280.5,0,1000000000.00,0.000000
1550.0,1700.0,2297.2,0,1000000000.00,0.000000
1575.0,1700.0,2314.1,0,1000000000.00,0.000000
1600.0,1700.0,2331.2,0,1000000000.00,0.000000
1625.0,1700.0,2348.3,0,1000000000.00,0.000000
1650.0,1700.0,2365.7,0,1000000000.00,0.000000
1675.0,1700.0,2383.1,0,1000000000.00,0.000000
1700.0,1700.0,2400.7,0,1000000000.00,0.000000
1725.0,1700.0,2418.4,0,1000000000.00,0.000000
1750.0,1700.0,2436.3,0,1000000000.00,0.000000
1775.0,1700.0,2454.2,0,1000000000.00,0.000000
1800.0,1700.0,2472.3,0,1000000000.00,0.000000
-1800.0,1725.0,3735.7,0,1000000000.00,0.000000
-1775.0,1725.0,3713.6,0,1000000000.00,0.000000
-1750.0,1725.0,3691.6,0,1000000000.00,0.000000
-1725.0,1725.0,3669.6,0,1000000000.00,0.000000
-1700.0,1725.0,3647.6,0,1000000000.00,0.000000
-1675.0,1725.0,3625.7,0,1000000000.00,0.000000
-1650.0,1725.0,3603.8,0,1000000000.00,0.000000
-1625.0,1725.0,3582.0,0,1000000000.00,0.000000
-1600.0,1725.0,3560.2,0,1000000000.00,0.000000
-1575.0,1725.0,3538.5,0,1000000000.00,0.000000
-1550.0,1725.0,3516.8,0,1000000000.00,0.000000
-1525.0,1725.0,3495.1,0,1000000000.00,0.000000
-1500.0,1725.0,3473.5,0,1000000000.00,0.000000
-1475.0,1725.0,3451.9,0,1000000000.00,0.000000
-1450.0,1725.0,3430.4,0,1000000000.00,0.000000
-1425.0,1725.0,3408.9,0,1000000000.00,0.000000
-1400.0,1725.0,3387.5,0,1000000000.00,0.000000
-1375.0,1725.0,3366.1,0,1000000000.00,0.000000
-1350.0,1725.0,3344.8,0,1000000000.00,0.000000
-1325.0,1725.0,3323.5,0,1000000000.00,0.000000
-1300.0,1725.0,3302.3,0,1000000000.00,0.000000
-1275.0,1725.0,3281.2,0,1000000000.00,0.000000
-1250.0,1725.0,3260.0,0,1000000000.00,0.000000
-1225.0,1725.0,3239.0,0,1000000000.00,0.000000
-1200.0,1725.0,3218.0,0,1000000000.00,0.000000
-1175.0,1725.0,3197.0,0,1000000000.00,0.000000
-1150.0,1725.0,3176.1,0,1000000000.00,0.000000
-1125.0,1725.0,3155.3,0,1000000000.00,0.000000
-1100.0,1725.0,3134.6,0,1000000000.00,0.000000
-1075.0,1725.0,3113.9,0,1000000000.00,0.000000
-1050.0,1725.0,3093.2,0,1000000000.00,0.000000
-1025.0,1725.0,3072.6,0,1000000000.00,0.000000
-1000.0,1725.0,3052.1,0,1000000000.00,0.000000
-975.0,1725.0,3031.7,0,1000000000.00,0.000000
-950.0,1725.0,3011.3,0,1000000000.00,0.000000
-925.0,1725.0,2991.0,0,1000000000.00,0.000000
-900.0,1725.0,2970.8,0,1000000000.00,0.000000
-875.0,1725.0,2950.6,0,1000000000.00,0.000000
-850.0,1725.0,2930.5,0,1000000000.00,0.000000
-825.0,1725.0,2910.5,0,1000000000.00,0.000000
-800.0,1725.0,2890.6,0,1000000000.00,0.000000
-775.0,1725.0,2870.8,0,1000000000.00,0.000000
-750.0,1725.0,2851.0,0,1000000000.00,0.000000
-725.0,1725.0,2831.3,0,1000000000.00,0.000000
-700.0,1725.0,2811.7,0,1000000000.00,0.000000
-675.0,1725.0,2792.2,0,1000000000.00,0.000000
-650.0,1725.0,2772.8,0,1000000000.00,0.000000
-625.0,1725.0,2753.4,0,1000000000.00,0.000000
-600.0,1725.0,2734.2,0,1000000000.00,0.000000
-575.0,1725.0,2715.0,0,1000000000.00,0.000000
-550.0,1725.0,2696.0,0,1000000000.00,0.000000
-525.0,1725.0,2677.0,0,1000000000.00,0.000000
-500.0,1725.0,2658.1,0,1000000000.00,0.000000
-475.0,1725.0,2639.4,0,1000000000.00,0.000000
-450.0,1725.0,2620.7,0,1000000000.00,0.000000
-425.0,1725.0,2602.2,0,1000000000.00,0.000000
-400.0,1725.0,2583.7,0,1000000000.00,0.000000
-375.0,1725.0,2565.4,0,1000000000.00,0.000000
-350.0,1725.0,2547.2,0,1000000000.00,0.000000
-325.0,1725.0,2529.1,0,1000000000.00,0.000000
-300.0,1725.0,2511.1,0,1000000000.00,0.000000
-275.0,1725.0,2493.3,0,1000000000.00,0.000000
-250.0,1725.0,2475.5,0,1000000000.00,0.000000
-225.0,1725.0,2457.9,0,1000000000.00,0.000000
-200.0,1725.0,2440.5,0,1000000000.00,0.000000
-175.0,1725.0,2423.1,0,1000000000.00,0.000000
-150.0,1725.0,2405.9,0,1000000000.00,0.000000
-125.0,1725.0,2388.8,0,1000000000.00,0.000000
-100.0,1725.0,2371.9,0,1000000000.00,0.000000
-75.0,1725.0,2355.1,0,1000000000.00,0.000000
-50.0,1725.0,2338.5,0,1000000000.00,0.000000
-25.0,1725.0,2322.0,0,1000000000.00,0.000000
0.0,1725.0,2305.6,0,1000000000.00,0.000000
25.0,1725.0,2289.4,0,1000000000.00,0.000000
50.0,1725.0,2273.4,0,1000000000.00,0.000000
75.0,1725.0,2257.6,0,1000000000.00,0.000000
100.0,1725.0,2241.9,0,1000000000.00,0.000000
125.0,1725.0,2226.3,0,1000000000.00,0.000000
150.0,1725.0,2211.0,0,1000000000.00,0.000000
175.0,1725.0,2195.8,0,1000000000.00,0.000000
200.0,1725.0,2180.8,0,1000000000.00,0.000000
225.0,1725.0,2166.0,0,1000000000.00,0.000000
250.0,1725.0,2151.4,0,1000000000.00,0.000000
275.0,1725.0,2137.0,0,1000000000.00,0.000000
300.0,1725.0,2122.8,0,1000000000.00,0.000000
325.0,1725.0,2108.7,0,1000000000.00,0.000000
350.0,1725.0,2094.9,0,1000000000.00,0.000000
375.0,1725.0,2081.3,0,1000000000.00,0.000000
400.0,1725.0,2067.9,0,1000000000.00,0.000000
425.0,1725.0,2054.7,0,1000000000.00,0.000000
450.0,1725.0,2041.7,0,1000000000.00,0.000000
475.0,1725.0,2029.0,0,1000000000.00,0.000000
500.0,1725.0,2016.5,0,1000000000.00,0.000000
525.0,1725.0,2004.2,0,1000000000.00,0.000000
550.0,1725.0,1992.2,0,1000000000.00,0.000000
575.0,1725.0,1980.4,0,1000000000.00,0.000000
600.0,1725.0,1968.8,0,1000000000.00,0.000000
625.0,1725.0,1957.5,0,1000000000.00,0.000000
650.0,1725.0,1946.5,0,1000000000.00,0.000000
675.0,1725.0,1935.7,0,1000000000.00,0.000000
700.0,1725.0,1925.2,0,1000000000.00,0.000000
725.0,1725.0,1914.9,0,1000000000.00,0.000000
750.0,1725.0,1904.9,0,1000000000.00,0.000000
775.0,1725.0,1895.2,0,1000000000.00,0.000000
800.0,1725.0,1899.5,0,1000000000.00,0.000000
825.0,1725.0,1910.1,0,1000000000.00,0.000000
850.0,1725.0,1920.9,0,1000000000.00,0.000000
875.0,1725.0,1932.1,0,1000000000.00,0.000000
900.0,1725.0,1943.4,0,1000000000.00,0.000000
925.0,1725.0,1955.1,0,1000000000.00,0.000000
950.0,1725.0,1967.0,0,1000000000.00,0.000000
975.0,1725.0,1979.1,0,1000000000.00,0.000000
1000.0,1725.0,1991.5,0,1000000000.00,0.000000
1025.0,1725.0,2004.1,0,1000000000.00,0.000000
1050.0,1725.0,2016.9,0,1000000000.00,0.000000
1075.0,1725.0,2030.0,0,1000000000.00,0.000000
1100.0,1725.0,2043.3,0,1000000000.00,0.000000
1125.0,1725.0,2056.8,0,1000000000.00,0.000000
1150.0,1725.0,2070.5,0,1000000000.00,0.000000
1175.0,1725.0,2084.4,0,1000000000.00,0.000000
1200.0,1725.0,2098.6,0,1000000000.00,0.000000
1225.0,1725.0,2112.9,0,1000000000.00,0.000000
1250.0,1725.0,2127.4,0,1000000000.00,0.000000
1275.0,1725.0,2142.2,0,1000000000.00,0.000000
1300.0,1725.0,2157.1,0,1000000000.00,0.000000
1325.0,1725.0,2172.2,0,1000000000.00,0.000000
1350.0,1725.0,2187.5,0,1000000000.00,0.000000
1375.0,1725.0,2202.9,0,1000000000.00,0.000000
1400.0,1725.0,2218.5,0,1000000000.00,0.000000
1425.0,1725.0,2234.4,0,1000000000.00,0.000000
1450.0,1725.0,2250.3,0,1000000000.00,0.000000
1475.0,1725.0,2266.5,0,1000000000.00,0.000000
1500.0,1725.0,2282.8,0,1000000000.00,0.000000
1525.0,1725.0,2299.2,0,1000000000.00,0.000000
1550.0,1725.0,2315.8,0,1000000000.00,0.000000
1575.0,1725.0,2332.6,0,1000000000.00,0.000000
1600.0,1725.0,2349.5,0,1000000000.00,0.000000
1625.0,1725.0,2366.5,0,1000000000.00,0.000000
1650.0,1725.0,2383.7,0,1000000000.00,0.000000
1675.0,1725.0,2401.0,0,1000000000.00,0.000000
1700.0,1725.0,2418.5,0,1000000000.00,0.000000
1725.0,1725.0,2436.0,0,1000000000.00,0.000000
1750.0,1725.0,2453.8,0,1000000000.00,0.000000
1775.0,1725.0,2471.6,0,1000000000.00,0.000000
1800.0,1725.0,2489.6,0,1000000000.00,0.000000
-1800.0,1750.0,3747.4,0,1000000000.00,0.000000
-1775.0,1750.0,3725.4,0,1000000000.00,0.000000
-1750.0,1750.0,3703.5,0,1000000000.00,0.000000
-1725.0,1750.0,3681.6,0,1000000000.00,0.000000
-1700.0,1750.0,3659.7,0,1000000000.00,0.000000
-1675.0,1750.0,3637.9,0,1000000000.00,0.000000
-1650.0,1750.0,3616.1,0,1000000000.00,0.000000
-1625.0,1750.0,3594.3,0,1000000000.00,0.000000
-1600.0,1750.0,3572.6,0,1000000000.00,0.000000
-1575.0,1750.0,3550.9,0,1000000000.00,0.000000
-1550.0,1750.0,3529.3,0,1000000000.00,0.000000
-1525.0,1750.0,3507.7,0,1000000000.00,0.000000
-1500.0,1750.0,3486.2,0,1000000000.00,0.000000
-1475.0,1750.0,3464.7,0,1000000000.00,0.000000
-1450.0,1750.0,3443.2,0,1000000000.00,0.000000
-1425.0,1750.0,3421.9,0,1000000000.00,0.000000
-1400.0,1750.0,3400.5,0,1000000000.00,0.000000
-1375.0,1750.0,3379.2,0,1000000000.00,0.000000
-1350.0,1750.0,3358.0,0,1000000000.00,0.000000
-1325.0,1750.0,3336.8,0,1000000000.00,0.000000
-1300.0,1750.0,3315.6,0,1000000000.00,0.000000
-1275.0,1750.0,3294.6,0,1000000000.00,0.000000
-1250.0,1750.0,3273.5,0,1000000000.00,0.000000
-1225.0,1750.0,3252.6,0,1000000000.00,0.000000
-1200.0,1750.0,3231.7,0,1000000000.00,0.000000
-1175.0,1750.0,3210.8,0,1000000000.00,0.000000
-1150.0,1750.0,3190.0,0,1000000000.00,0.000000
-1125.0,1750.0,3169.3,0,1000000000.00,0.000000
-1100.0,1750.0,3148.6,0,1000000000.00,0.000000
-1075.0,1750.0,3128.0,0,1000000000.00,0.000000
-1050.0,1750.0,3107.4,0,1000000000.00,0.000000
-1025.0,1750.0,3087.0,0,1000000000.00,0.000000
-1000.0,1750.0,3066.5,0,1000000000.00,0.000000
-975.0,1750.0,3046.2,0,1000000000.00,0.000000
-950.0,1750.0,3025.9,0,1000000000.00,0.000000
-925.0,1750.0,3005.7,0,1000000000.00,0.000000
-900.0,1750.0,2985.6,0,1000000000.00,0.000000
-875.0,1750.0,2965.5,0,1000000000.00,0.000000
-850.0,1750.0,2945.5,0,1000000000.00,0.000000
-825.0,1750.0,2925.6,0,1000000000.00,0.000000
-800.0,1750.0,2905.8,0,1000000000.00,0.000000
-775.0,1750.0,2886.1,0,1000000000.00,0.000000
-750.0,1750.0,2866.4,0,1000000000.00,0.000000
-725.0,1750.0,2846.8,0,1000000000.00,0.000000
-700.0,1750.0,2827.3,0,1000000000.00,0.000000
-675.0,1750.0,2807.9,0,1000000000.00,0.000000
-650.0,1750.0,2788.6,0,1000000000.00,0.000000
-625.0,1750.0,2769.4,0,1000000000.00,0.000000
-600.0,1750.0,2750.2,0,1000000000.00,0.000000
-575.0,1750.0,2731.2,0,1000000000.00,0.000000
-550.0,1750.0,2712.3,0,1000000000.00,0.000000
-525.0,1750.0,2693.4,0,1000000000.00,0.000000
-500.0,1750.0,2674.7,0,1000000000.00,0.000000
-475.0,1750.0,2656.0,0,1000000000.00,0.000000
-450.0,1750.0,2637.5,0,1000000000.00,0.000000
-425.0,1750.0,2619.1,0,1000000000.00,0.000000
-400.0,1750.0,2600.8,0,1000000000.00,0.000000
-375.0,1750.0,2582.6,0,1000000000.00,0.000000
-350.0,1750.0,2564.5,0,1000000000.00,0.000000
-325.0,1750.0,2546.5,0,1000000000.00,0.000000
-300.0,1750.0,2528.6,0,1000000000.00,0.000000
-275.0,1750.0,2510.9,0,1000000000.00,0.000000
-250.0,1750.0,2493.3,0,1000000000.00,0.000000
-225.0,1750.0,2475.8,0,1000000000.00,0.000000
-200.0,1750.0,2458.5,0,1000000000.00,0.000000
-175.0,1750.0,2441.2,0,1000000000.00,0.000000
-150.0,1750.0,2424.2,0,1000000000.00,0.000000
-125.0,1750.0,2407.2,0,1000000000.00,0.000000
-100.0,1750.0,2390.4,0,1000000000.00,0.000000
-75.0,1750.0,2373.8,0,1000000000.00,0.000000
-50.0,1750.0,2357.2,0,1000000000.00,0.000000
-25.0,1750.0,2340.9,0,1000000000.00,0.000000
0.0,1750.0,2324.7,0,1000000000.00,0.000000
25.0,1750.0,2308.6,0,1000000000.00,0.000000
50.0,1750.0,2292.7,0,1000000000.00,0.000000
75.0,1750.0,2277.0,0,1000000000.00,0.000000
100.0,1750.0,2261.5,0,1000000000.00,0.000000
125.0,1750.0,2246.1,0,1000000000.00,0.000000
150.0,1750.0,2230.9,0,1000000000.00,0.000000
175.0,1750.0,2215.8,0,1000000000.00,0.000000
200.0,1750.0,2201.0,0,1000000000.00,0.000000
225.0,1750.0,2186.3,0,1000000000.00,0.000000
250.0,1750.0,2171.8,0,1000000000.00,0.000000
275.0,1750.0,2157.5,0,1000000000.00,0.000000
300.0,1750.0,2143.4,0,1000000000.00,0.000000
325.0,1750.0,2129.5,0,1000000000.00,0.000000
350.0,1750.0,2115.8,0,1000000000.00,0.000000
375.0,1750.0,2102.4,0,1000000000.00,0.000000
400.0,1750.0,2089.1,0,1000000000.00,0.000000
425.0,1750.0,2076.0,0,1000000000.00,0.000000
450.0,1750.0,2063.2,0,1000000000.00,0.000000
475.0,1750.0,2050.6,0,1000000000.00,0.000000
500.0,1750.0,2038.2,0,1000000000.00,0.000000
525.0,1750.0,2026.1,0,1000000000.00,0.000000
550.0,1750.0,2014.2,0,1000000000.00,0.000000
575.0,1750.0,2002.5,0,1000000000.00,0.000000
600.0,1750.0,1991.1,0,1000000000.00,0.000000
625.0,1750.0,1979.9,0,1000000000.00,0.000000
650.0,1750.0,1969.0,0,1000000000.00,0.000000
675.0,1750.0,1958.3,0,1000000000.00,0.000000
700.0,1750.0,1947.9,0,1000000000.00,0.000000
725.0,1750.0,1937.8,0,1000000000.00,0.000000
750.0,1750.0,1927.9,0,1000000000.00,0.000000
775.0,1750.0,1918.4,0,1000000000.00,0.000000
800.0,1750.0,1922.2,0,1000000000.00,0.000000
825.0,1750.0,1932.7,0,1000000000.00,0.000000
850.0,1750.0,1943.4,0,1000000000.00,0.000000
875.0,1750.0,1954.4,0,1000000000.00,0.000000
900.0,1750.0,1965.7,0,1000000000.00,0.000000
925.0,1750.0,1977.2,0,1000000000.00,0.000000
950.0,1750.0,1988.9,0,1000000000.00,0.000000
975.0,1750.0,2000.9,0,1000000000.00,0.000000
1000.0,1750.0,2013.2,0,1000000000.00,0.000000
1025.0,1750.0,2025.6,0,1000000000.00,0.000000
1050.0,1750.0,2038.3,0,1000000000.00,0.000000
1075.0,1750.0,2051.3,0,1000000000.00,0.000000
1100.0,1750.0,2064.4,0,1000000000.00,0.000000
1125.0,1750.0,2077.8,0,1000000000.00,0.000000
1150.0,1750.0,2091.4,0,1000000000.00,0.000000
1175.0,1750.0,2105.2,0,1000000000.00,0.000000
1200.0,1750.0,2119.2,0,1000000000.00,0.000000
1225.0,1750.0,2133.4,0,1000000000.00,0.000000
1250.0,1750.0,2147.8,0,1000000000.00,0.000000
1275.0,1750.0,2162.3,0,1000000000.00,0.000000
1300.0,1750.0,2177.1,0,1000000000.00,0.000000
1325.0,1750.0,2192.1,0,1000000000.00,0.000000
1350.0,1750.0,2207.2,0,1000000000.00,0.000000
1375.0,1750.0,2222.5,0,1000000000.00,0.000000
1400.0,1750.0,2238.0,0,1000000000.00,0.000000
1425.0,1750.0,2253.7,0,1000000000.00,0.000000
1450.0,1750.0,2269.5,0,1000000000.00,0.000000
1475.0,1750.0,2285.5,0,1000000000.00,0.000000
1500.0,1750.0,2301.7,0,1000000000.00,0.000000
1525.0,1750.0,2318.0,0,1000000000.00,0.000000
1550.0,1750.0,2334.5,0,1000000000.00,0.000000
1575.0,1750.0,2351.1,0,1000000000.00,0.000000
1600.0,1750.0,2367.9,0,1000000000.00,0.000000
1625.0,1750.0,2384.8,0,1000000000.00,0.000000
1650.0,1750.0,2401.8,0,1000000000.00,0.000000
1675.0,1750.0,2419.0,0,1000000000.00,0.000000
1700.0,1750.0,2436.4,0,1000000000.00,0.000000
1725.0,1750.0,2453.8,0,1000000000.00,0.000000
1750.0,1750.0,2471.4,0,1000000000.00,0.000000
1775.0,1750.0,2489.1,0,1000000000.00,0.000000
1800.0,1750.0,2507.0,0,1000000000.00,0.000000
-1800.0,1775.0,3759.4,0,1000000000.00,0.000000
-1775.0,1775.0,3737.4,0,1000000000.00,0.000000
-1750.0,1775.0,3715.5,0,1000000000.00,0.000000
-1725.0,1775.0,3693.7,0,1000000000.00,0.000000
-1700.0,1775.0,3671.9,0,1000000000.00,0.000000
-1675.0,1775.0,3650.1,0,1000000000.00,0.000000
-1650.0,1775.0,3628.4,0,1000000000.00,0.000000
-1625.0,1775.0,3606.7,0,1000000000.00,0.000000
-1600.0,1775.0,3585.1,0,1000000000.00,0.000000
-1575.0,1775.0,3563.5,0,1000000000.00,0.000000
-1550.0,1775.0,3541.9,0,1000000000.00,0.000000
-1525.0,1775.0,3520.4,0,1000000000.00,0.000000
-1500.0,1775.0,3499.0,0,1000000000.00,0.000000
-1475.0,1775.0,3477.6,0,1000000000.00,0.000000
-1450.0,1775.0,3456.2,0,1000000000.00,0.000000
-1425.0,1775.0,3434.9,0,1000000000.00,0.000000
-1400.0,1775.0,3413.6,0,1000000000.00,0.000000
-1375.0,1775.0,3392.4,0,1000000000.00,0.000000
-1350.0,1775.0,3371.3,0,1000000000.00,0.000000
-1325.0,1775.0,3350.2,0,1000000000.00,0.000000
-1300.0,1775.0,3329.1,0,1000000000.00,0.000000
-1275.0,1775.0,3308.1,0,1000000000.00,0.000000
-1250.0,1775.0,3287.2,0,1000000000.00,0.000000
-1225.0,1775.0,3266.3,0,1000000000.00,0.000000
-1200.0,1775.0,3245.5,0,1000000000.00,0.000000
-1175.0,1775.0,3224.7,0,1000000000.00,0.000000
-1150.0,1775.0,3204.0,0,1000000000.00,0.000000
-1125.0,1775.0,3183.3,0,1000000000.00,0.000000
-1100.0,1775.0,3162.8,0,1000000000.00,0.000000
-1075.0,1775.0,3142.2,0,1000000000.00,0.000000
-1050.0,1775.0,3121.8,0,1000000000.00,0.000000
-1025.0,1775.0,3101.4,0,1000000000.00,0.000000
-1000.0,1775.0,3081.1,0,1000000000.00,0.000000
-975.0,1775.0,3060.8,0,1000000000.00,0.000000
-950.0,1775.0,3040.7,0,1000000000.00,0.000000
-925.0,1775.0,3020.6,0,1000000000.00,0.000000
-900.0,1775.0,3000.5,0,1000000000.00,0.000000
-875.0,1775.0,2980.6,0,1000000000.00,0.000000
-850.0,1775.0,2960.7,0,1000000000.00,0.000000
-825.0,1775.0,2940.9,0,1000000000.00,0.000000
-800.0,1775.0,2921.2,0,1000000000.00,0.000000
-775.0,1775.0,2901.5,0,1000000000.00,0.000000
-750.0,1775.0,2882.0,0,1000000000.00,0.000000
-725.0,1775.0,2862.5,0,1000000000.00,0.000000
-700.0,1775.0,2843.1,0,1000000000.00,0.000000
-675.0,1775.0,2823.8,0,1000000000.00,0.000000
-650.0,1775.0,2804.6,0,1000000000.00,0.000000
-625.0,1775.0,2785.5,0,1000000000.00,0.000000
-600.0,1775.0,2766.5,0,1000000000.00,0.000000
-575.0,1775.0,2747.5,0,1000000000.00,0.000000
-550.0,1775.0,2728.7,0,1000000000.00,0.000000
-525.0,1775.0,2710.0,0,1000000000.00,0.000000
-500.0,1775.0,2691.3,0,1000000000.00,0.000000
-475.0,1775.0,2672.8,0,1000000000.00,0.000000
-450.0,1775.0,2654.4,0,1000000000.00,0.000000
-425.0,1775.0,2636.1,0,1000000000.00,0.000000
-400.0,1775.0,2617.9,0,1000000000.00,0.000000
-375.0,1775.0,2599.8,0,1000000000.00,0.000000
-350.0,1775.0,2581.8,0,1000000000.00,0.000000
-325.0,1775.0,2564.0,0,1000000000.00,0.000000
-300.0,1775.0,2546.3,0,1000000000.00,0.000000
-275.0,1775.0,2528.6,0,1000000000.00,0.000000
-250.0,1775.0,2511.2,0,1000000000.00,0.000000
-225.0,1775.0,2493.8,0,1000000000.00,0.000000
-200.0,1775.0,2476.6,0,1000000000.00,0.000000
-175.0,1775.0,2459.5,0,1000000000.00,0.000000
-150.0,1775.0,2442.5,0,1000000000.00,0.000000
-125.0,1775.0,2425.7,0,1000000000.00,0.000000
-100.0,1775.0,2409.0,0,1000000000.00,0.000000
-75.0,1775.0,2392.5,0,1000000000.00,0.000000
-50.0,1775.0,2376.1,0,1000000000.00,0.000000
-25.0,1775.0,2359.9,0,1000000000.00,0.000000
0.0,1775.0,2343.8,0,1000000000.00,0.000000
25.0,1775.0,2327.9,0,1000000000.00,0.000000
50.0,1775.0,2312.2,0,1000000000.00,0.000000
75.0,1775.0,2296.6,0,1000000000.00,0.000000
100.0,1775.0,2281.1,0,1000000000.00,0.000000
125.0,1775.0,2265.9,0,1000000000.00,0.000000
150.0,1775.0,2250.8,0,1000000000.00,0.000000
175.0,1775.0,2235.9,0,1000000000.00,0.000000
200.0,1775.0,2221.2,0,1000000000.00,0.000000
225.0,1775.0,2206.6,0,1000000000.00,0.000000
250.0,1775.0,2192.3,0,1000000000.00,0.000000
275.0,1775.0,2178.1,0,1000000000.00,0.000000
300.0,1775.0,2164.2,0,1000000000.00,0.000000
325.0,1775.0,2150.4,0,1000000000.00,0.000000
350.0,1775.0,2136.9,0,1000000000.00,0.000000
375.0,1775.0,2123.5,0,1000000000.00,0.000000
400.0,1775.0,2110.4,0,1000000000.00,0.000000
425.0,1775.0,2097.5,0,1000000000.00,0.000000
450.0,1775.0,2084.8,0,1000000000.00,0.000000
475.0,1775.0,2072.3,0,1000000000.00,0.000000
500.0,1775.0,2060.0,0,1000000000.00,0.000000
525.0,1775.0,2048.0,0,1000000000.00,0.000000
550.0,1775.0,2036.2,0,1000000000.00,0.000000
575.0,1775.0,2024.7,0,1000000000.00,0.000000
600.0,1775.0,2013.4,0,1000000000.00,0.000000
625.0,1775.0,2002.4,0,1000000000.00,0.000000
650.0,1775.0,1991.6,0,1000000000.00,0.000000
675.0,1775.0,1981.0,0,1000000000.00,0.000000
700.0,1775.0,1970.8,0,1000000000.00,0.000000
725.0,1775.0,1960.7,0,1000000000.00,0.000000
750.0,1775.0,1951.0,0,1000000000.00,0.000000
775.0,1775.0,1941.5,0,1000000000.00,0.000000
800.0,1775.0,1945.0,0,1000000000.00,0.000000
825.0,1775.0,1955.3,0,1000000000.00,0.000000
850.0,1775.0,1966.0,0,1000000000.00,0.000000
875.0,1775.0,1976.8,0,1000000000.00,0.000000
900.0,1775.0,1988.0,0,1000000000.00,0.000000
925.0,1775.0,1999.3,0,1000000000.00,0.000000
950.0,1775.0,2011.0,0,1000000000.00,0.000000
975.0,1775.0,2022.8,0,1000000000.00,0.000000
1000.0,1775.0,2034.9,0,1000000000.00,0.000000
1025.0,1775.0,2047.3,0,1000000000.00,0.000000
1050.0,1775.0,2059.8,0,1000000000.00,0.000000
1075.0,1775.0,2072.6,0,1000000000.00,0.000000
1100.0,1775.0,2085.7,0,1000000000.00,0.000000
1125.0,1775.0,2098.9,0,1000000000.00,0.000000
1150.0,1775.0,2112.3,0,1000000000.00,0.000000
1175.0,1775.0,2126.0,0,1000000000.00,0.000000
1200.0,1775.0,2139.9,0,1000000000.00,0.000000
1225.0,1775.0,2153.9,0,1000000000.00,0.000000
1250.0,1775.0,2168.2,0,1000000000.00,0.000000
1275.0,1775.0,2182.6,0,1000000000.00,0.000000
1300.0,1775.0,2197.3,0,1000000000.00,0.000000
1325.0,1775.0,2212.1,0,1000000000.00,0.000000
1350.0,1775.0,2227.1,0,1000000000.00,0.000000
1375.0,1775.0,2242.3,0,1000000000.00,0.000000
1400.0,1775.0,2257.6,0,1000000000.00,0.000000
1425.0,1775.0,2273.2,0,1000000000.00,0.000000
1450.0,1775.0,2288.9,0,1000000000.00,0.000000
1475.0,1775.0,2304.7,0,1000000000.00,0.000000
1500.0,1775.0,2320.8,0,1000000000.00,0.000000
1525.0,1775.0,2337.0,0,1000000000.00,0.000000
1550.0,1775.0,2353.3,0,1000000000.00,0.000000
1575.0,1775.0,2369.8,0,1000000000.00,0.000000
1600.0,1775.0,2386.4,0,1000000000.00,0.000000
1625.0,1775.0,2403.2,0,1000000000.00,0.000000
1650.0,1775.0,2420.1,0,1000000000.00,0.000000
1675.0,1775.0,2437.2,0,1000000000.00,0.000000
1700.0,1775.0,2454.4,0,1000000000.00,0.000000
1725.0,1775.0,2471.7,0,1000000000.00,0.000000
1750.0,1775.0,2489.2,0,1000000000.00,0.000000
1775.0,1775.0,2506.8,0,1000000000.00,0.000000
1800.0,1775.0,2524.5,0,1000000000.00,0.000000
-1800.0,1800.0,3771.4,0,1000000000.00,0.000000
-1775.0,1800.0,3749.5,0,1000000000.00,0.000000
-1750.0,1800.0,3727.7,0,1000000000.00,0.000000
-1725.0,1800.0,3706.0,0,1000000000.00,0.000000
-1700.0,1800.0,3684.2,0,1000000000.00,0.000000
-1675.0,1800.0,3662.5,0,1000000000.00,0.000000
-1650.0,1800.0,3640.9,0,1000000000.00,0.000000
-1625.0,1800.0,3619.3,0,1000000000.00,0.000000
-1600.0,1800.0,3597.7,0,1000000000.00,0.000000
-1575.0,1800.0,3576.2,0,1000000000.00,0.000000
-1550.0,1800.0,3554.7,0,1000000000.00,0.000000
-1525.0,1800.0,3533.3,0,1000000000.00,0.000000
-1500.0,1800.0,3511.9,0,1000000000.00,0.000000
-1475.0,1800.0,3490.6,0,1000000000.00,0.000000
-1450.0,1800.0,3469.3,0,1000000000.00,0.000000
-1425.0,1800.0,3448.1,0,1000000000.00,0.000000
-1400.0,1800.0,3426.9,0,1000000000.00,0.000000
-1375.0,1800.0,3405.8,0,1000000000.00,0.000000
-1350.0,1800.0,3384.7,0,1000000000.00,0.000000
-1325.0,1800.0,3363.7,0,1000000000.00,0.000000
-1300.0,1800.0,3342.7,0,1000000000.00,0.000000
-1275.0,1800.0,3321.8,0,1000000000.00,0.000000
-1250.0,1800.0,3300.9,0,1000000000.00,0.000000
-1225.0,1800.0,3280.1,0,1000000000.00,0.000000
-1200.0,1800.0,3259.4,0,1000000000.00,0.000000
-1175.0,1800.0,3238.7,0,1000000000.00,0.000000
-1150.0,1800.0,3218.1,0,1000000000.00,0.000000
-1125.0,1800.0,3197.6,0,1000000000.00,0.000000
-1100.0,1800.0,3177.1,0,1000000000.00,0.000000
-1075.0,1800.0,3156.6,0,1000000000.00,0.000000
-1050.0,1800.0,3136.3,0,1000000000.00,0.000000
-1025.0,1800.0,3116.0,0,1000000000.00,0.000000
-1000.0,1800.0,3095.8,0,1000000000.00,0.000000
-975.0,1800.0,3075.6,0,1000000000.00,0.000000
-950.0,1800.0,3055.5,0,1000000000.00,0.000000
-925.0,1800.0,3035.5,0,1000000000.00,0.000000
-900.0,1800.0,3015.6,0,1000000000.00,0.000000
-875.0,1800.0,2995.7,0,1000000000.00,0.000000
-850.0,1800.0,2976.0,0,1000000000.00,0.000000
-825.0,1800.0,2956.3,0,1000000000.00,0.000000
-800.0,1800.0,2936.6,0,1000000000.00,0.000000
-775.0,1800.0,2917.1,0,1000000000.00,0.000000
-750.0,1800.0,2897.7,0,1000000000.00,0.000000
-725.0,1800.0,2878.3,0,1000000000.00,0.000000
-700.0,1800.0,2859.0,0,1000000000.00,0.000000
-675.0,1800.0,2839.8,0,1000000000.00,0.000000
-650.0,1800.0,2820.7,0,1000000000.00,0.000000
-625.0,1800.0,2801.7,0,1000000000.00,0.000000
-600.0,1800.0,2782.8,0,1000000000.00,0.000000
-575.0,1800.0,2764.0,0,1000000000.00,0.000000
-550.0,1800.0,2745.3,0,1000000000.00,0.000000
-525.0,1800.0,2726.7,0,1000000000.00,0.000000
-500.0,1800.0,2708.1,0,1000000000.00,0.000000
-475.0,1800.0,2689.7,0,1000000000.00,0.000000
-450.0,1800.0,2671.4,0,1000000000.00,0.000000
-425.0,1800.0,2653.2,0,1000000000.00,0.000000
-400.0,1800.0,2635.2,0,1000000000.00,0.000000
-375.0,1800.0,2617.2,0,1000000000.00,0.000000
-350.0,1800.0,2599.3,0,1000000000.00,0.000000
-325.0,1800.0,2581.6,0,1000000000.00,0.000000
-300.0,1800.0,2564.0,0,1000000000.00,0.000000
-275.0,1800.0,2546.5,0,1000000000.00,0.000000
-250.0,1800.0,2529.2,0,1000000000.00,0.000000
-225.0,1800.0,2511.9,0,1000000000.00,0.000000
-200.0,1800.0,2494.8,0,1000000000.00,0.000000
-175.0,1800.0,2477.9,0,1000000000.00,0.000000
-150.0,1800.0,2461.0,0,1000000000.00,0.000000
-125.0,1800.0,2444.3,0,1000000000.00,0.000000
-100.0,1800.0,2427.8,0,1000000000.00,0.000000
-75.0,1800.0,2411.4,0,1000000000.00,0.000000
-50.0,1800.0,2395.1,0,1000000000.00,0.000000
-25.0,1800.0,2379.0,0,1000000000.00,0.000000
0.0,1800.0,2363.1,0,1000000000.00,0.000000
25.0,1800.0,2347.3,0,1000000000.00,0.000000
50.0,1800.0,2331.7,0,1000000000.00,0.000000
75.0,1800.0,2316.2,0,1000000000.00,0.000000
100.0,1800.0,2300.9,0,1000000000.00,0.000000
125.0,1800.0,2285.8,0,1000000000.00,0.000000
150.0,1800.0,2270.9,0,1000000000.00,0.000000
175.0,1800.0,2256.1,0,1000000000.00,0.000000
200.0,1800.0,2241.5,0,1000000000.00,0.000000
225.0,1800.0,2227.1,0,1000000000.00,0.000000
250.0,1800.0,2212.9,0,1000000000.00,0.000000
275.0,1800.0,2198.9,0,1000000000.00,0.000000
300.0,1800.0,2185.0,0,1000000000.00,0.000000
325.0,1800.0,2171.4,0,1000000000.00,0.000000
350.0,1800.0,2158.0,0,1000000000.00,0.000000
375.0,1800.0,2144.8,0,1000000000.00,0.000000
400.0,1800.0,2131.8,0,1000000000.00,0.000000
425.0,1800.0,2119.0,0,1000000000.00,0.000000
450.0,1800.0,2106.4,0,1000000000.00,0.000000
475.0,1800.0,2094.1,0,1000000000.00,0.000000
500.0,1800.0,2081.9,0,1000000000.00,0.000000
525.0,1800.0,2070.1,0,1000000000.00,0.000000
550.0,1800.0,2058.4,0,1000000000.00,0.000000
575.0,1800.0,2047.0,0,1000000000.00,0.000000
600.0,1800.0,2035.8,0,1000000000.00,0.000000
625.0,1800.0,2024.9,0,1000000000.00,0.000000
650.0,1800.0,2014.2,0,1000000000.00,0.000000
675.0,1800.0,2003.8,0,1000000000.00,0.000000
700.0,1800.0,1993.6,0,1000000000.00,0.000000
725.0,1800.0,1983.7,0,1000000000.00,0.000000
750.0,1800.0,1974.1,0,1000000000.00,0.000000
775.0,1800.0,1964.7,0,1000000000.00,0.000000
800.0,1800.0,1967.8,0,1000000000.00,0.000000
825.0,1800.0,1978.1,0,1000000000.00,0.000000
850.0,1800.0,1988.6,0,1000000000.00,0.000000
875.0,1800.0,1999.3,0,1000000000.00,0.000000
900.0,1800.0,2010.3,0,1000000000.00,0.000000
925.0,1800.0,2021.6,0,1000000000.00,0.000000
950.0,1800.0,2033.1,0,1000000000.00,0.000000
975.0,1800.0,2044.8,0,1000000000.00,0.000000
1000.0,1800.0,2056.8,0,1000000000.00,0.000000
1025.0,1800.0,2069.0,0,1000000000.00,0.000000
1050.0,1800.0,2081.4,0,1000000000.00,0.000000
1075.0,1800.0,2094.1,0,1000000000.00,0.000000
1100.0,1800.0,2107.0,0,1000000000.00,0.000000
1125.0,1800.0,2120.1,0,1000000000.00,0.000000
1150.0,1800.0,2133.4,0,1000000000.00,0.000000
1175.0,1800.0,2146.9,0,1000000000.00,0.000000
1200.0,1800.0,2160.6,0,1000000000.00,0.000000
1225.0,1800.0,2174.6,0,1000000000.00,0.000000
1250.0,1800.0,2188.7,0,1000000000.00,0.000000
1275.0,1800.0,2203.0,0,1000000000.00,0.000000
1300.0,1800.0,2217.5,0,1000000000.00,0.000000
1325.0,1800.0,2232.2,0,1000000000.00,0.000000
1350.0,1800.0,2247.1,0,1000000000.00,0.000000
1375.0,1800.0,2262.1,0,1000000000.00,0.000000
1400.0,1800.0,2277.4,0,1000000000.00,0.000000
1425.0,1800.0,2292.8,0,1000000000.00,0.000000
1450.0,1800.0,2308.3,0,1000000000.00,0.000000
1475.0,1800.0,2324.1,0,1000000000.00,0.000000
1500.0,1800.0,2339.9,0,1000000000.00,0.000000
1525.0,1800.0,2356.0,0,1000000000.00,0.000000
1550.0,1800.0,2372.2,0,1000000000.00,0.000000
1575.0,1800.0,2388.6,0,1000000000.00,0.000000
1600.0,1800.0,2405.1,0,1000000000.00,0.000000
1625.0,1800.0,2421.7,0,1000000000.00,0.000000
1650.0,1800.0,2438.5,0,1000000000.00,0.000000
1675.0,1800.0,2455.4,0,1000000000.00,0.000000
1700.0,1800.0,2472.5,0,1000000000.00,0.000000
1725.0,1800.0,2489.7,0,1000000000.00,0.000000
1750.0,1800.0,2507.1,0,1000000000.00,0.000000
1775.0,1800.0,2524.5,0,1000000000.00,0.000000
1800.0,1800.0,2542.1,0,1000000000.00,0.000000
