episode,channel,x_m,y_m,outcome,theta_deg,stage
1,1,0.0,0.0,no_signal,,sweep
1,1,-700.0,-700.0,direction,130.20,sweep
1,1,-1400.0,-700.0,direction,67.19,sweep
1,1,-2100.0,-700.0,no_signal,,sweep
1,1,-2100.0,0.0,no_signal,,sweep
1,1,-1400.0,0.0,no_signal,,sweep
1,1,-700.0,0.0,direction,199.53,sweep
1,2,0.0,0.0,no_signal,,sweep
1,2,-700.0,-700.0,no_signal,,sweep
1,2,0.0,-700.0,no_signal,,sweep
1,2,0.0,-1400.0,no_signal,,sweep
1,2,0.0,-2100.0,no_signal,,sweep
1,2,-700.0,-2100.0,no_signal,,sweep
1,2,-700.0,-1400.0,no_signal,,sweep
1,2,-1400.0,-1400.0,no_signal,,sweep
1,2,-1400.0,-700.0,no_signal,,sweep
1,2,-2100.0,-700.0,no_signal,,sweep
1,2,-2100.0,0.0,no_signal,,sweep
1,2,-1400.0,0.0,no_signal,,sweep
1,2,-700.0,0.0,no_signal,,sweep
1,2,-700.0,700.0,no_signal,,sweep
1,2,-1400.0,700.0,no_signal,,sweep
1,2,-2100.0,700.0,no_signal,,sweep
1,2,-1400.0,1400.0,no_signal,,sweep
1,2,-700.0,1400.0,no_signal,,sweep
1,2,-700.0,2100.0,no_signal,,sweep
1,2,0.0,2100.0,no_signal,,sweep
1,2,0.0,1400.0,no_signal,,sweep
1,2,0.0,700.0,no_signal,,sweep
1,2,700.0,700.0,direction,18.40,sweep
1,2,700.0,0.0,direction,52.31,sweep
1,2,1400.0,0.0,direction,89.98,sweep
1,2,1400.0,700.0,direction,87.27,sweep
1,3,0.0,0.0,no_signal,,sweep
1,3,-700.0,-700.0,direction,324.10,sweep
1,3,0.0,-700.0,direction,293.67,sweep
1,3,0.0,-1400.0,direction,350.48,sweep
1,3,0.0,-2100.0,direction,63.20,sweep
1,4,0.0,0.0,no_signal,,sweep
1,4,-700.0,-700.0,no_signal,,sweep
1,4,0.0,-700.0,no_signal,,sweep
1,4,0.0,-1400.0,direction,15.89,sweep
1,4,0.0,-2100.0,direction,54.09,sweep
1,4,700.0,-700.0,no_signal,,sweep
1,4,700.0,-1400.0,direction,105.15,sweep
1,5,0.0,0.0,no_signal,,sweep
1,5,-700.0,-700.0,no_signal,,sweep
1,5,0.0,-700.0,no_signal,,sweep
1,5,0.0,-1400.0,no_signal,,sweep
1,5,0.0,-2100.0,no_signal,,sweep
1,5,-700.0,-2100.0,no_signal,,sweep
1,5,-700.0,-1400.0,no_signal,,sweep
1,5,-1400.0,-1400.0,no_signal,,sweep
1,5,-1400.0,-700.0,no_signal,,sweep
1,5,-2100.0,-700.0,no_signal,,sweep
1,5,-2100.0,0.0,no_signal,,sweep
1,5,-1400.0,0.0,no_signal,,sweep
1,5,-700.0,0.0,no_signal,,sweep
1,5,-700.0,700.0,no_signal,,sweep
1,5,-1400.0,700.0,no_signal,,sweep
1,5,-2100.0,700.0,no_signal,,sweep
1,5,-1400.0,1400.0,no_signal,,sweep
1,5,-700.0,1400.0,no_signal,,sweep
1,5,-700.0,2100.0,no_signal,,sweep
1,5,0.0,2100.0,no_signal,,sweep
1,5,0.0,1400.0,no_signal,,sweep
1,5,0.0,700.0,no_signal,,sweep
1,5,700.0,700.0,direction,349.43,sweep
1,5,700.0,0.0,no_signal,,sweep
1,5,1400.0,0.0,no_signal,,sweep
1,5,1400.0,700.0,direction,256.36,sweep
1,6,0.0,0.0,no_signal,,sweep
1,6,-700.0,-700.0,no_signal,,sweep
1,6,0.0,-700.0,no_signal,,sweep
1,6,0.0,-1400.0,no_signal,,sweep
1,6,0.0,-2100.0,no_signal,,sweep
1,6,-700.0,-2100.0,no_signal,,sweep
1,6,-700.0,-1400.0,no_signal,,sweep
1,6,-1400.0,-1400.0,no_signal,,sweep
1,6,-1400.0,-700.0,no_signal,,sweep
1,6,-2100.0,-700.0,no_signal,,sweep
1,6,-2100.0,0.0,no_signal,,sweep
1,6,-1400.0,0.0,no_signal,,sweep
1,6,-700.0,0.0,no_signal,,sweep
1,6,-700.0,700.0,no_signal,,sweep
1,6,-1400.0,700.0,no_signal,,sweep
1,6,-2100.0,700.0,no_signal,,sweep
1,6,-1400.0,1400.0,no_signal,,sweep
1,6,-700.0,1400.0,no_signal,,sweep
1,6,-700.0,2100.0,no_signal,,sweep
1,6,0.0,2100.0,no_signal,,sweep
1,6,0.0,1400.0,no_signal,,sweep
1,6,0.0,700.0,no_signal,,sweep
1,6,700.0,700.0,no_signal,,sweep
1,6,700.0,0.0,no_signal,,sweep
1,6,700.0,-700.0,no_signal,,sweep
1,6,700.0,-1400.0,no_signal,,sweep
1,6,700.0,-2100.0,no_signal,,sweep
1,6,1400.0,-1400.0,no_signal,,sweep
1,6,1400.0,-700.0,no_signal,,sweep
1,6,1400.0,0.0,no_signal,,sweep
1,6,1400.0,700.0,direction,127.14,sweep
1,6,700.0,1400.0,no_signal,,sweep
1,6,700.0,2100.0,direction,289.30,sweep
1,6,1400.0,1400.0,direction,201.65,sweep
1,7,0.0,0.0,no_signal,,sweep
1,7,-700.0,-700.0,no_signal,,sweep
1,7,0.0,-700.0,direction,335.51,sweep
1,7,0.0,-1400.0,direction,7.19,sweep
1,7,700.0,-700.0,direction,314.89,sweep
1,7,700.0,-1400.0,direction,15.95,sweep
1,8,0.0,0.0,direction,104.33,sweep
1,8,-700.0,0.0,direction,63.94,sweep
1,8,-700.0,700.0,direction,28.66,sweep
1,8,-1400.0,700.0,no_signal,,sweep
1,8,-700.0,1400.0,direction,314.61,sweep
1,9,0.0,0.0,no_signal,,sweep
1,9,-700.0,-700.0,no_signal,,sweep
1,9,0.0,-700.0,no_signal,,sweep
1,9,0.0,-1400.0,no_signal,,sweep
1,9,0.0,-2100.0,no_signal,,sweep
1,9,-700.0,-2100.0,no_signal,,sweep
1,9,-700.0,-1400.0,no_signal,,sweep
1,9,-1400.0,-1400.0,no_signal,,sweep
1,9,-1400.0,-700.0,no_signal,,sweep
1,9,-2100.0,-700.0,no_signal,,sweep
1,9,-2100.0,0.0,no_signal,,sweep
1,9,-1400.0,0.0,no_signal,,sweep
1,9,-700.0,0.0,no_signal,,sweep
1,9,-700.0,700.0,no_signal,,sweep
1,9,-1400.0,700.0,no_signal,,sweep
1,9,-2100.0,700.0,no_signal,,sweep
1,9,-1400.0,1400.0,no_signal,,sweep
1,9,-700.0,1400.0,no_signal,,sweep
1,9,-700.0,2100.0,no_signal,,sweep
1,9,0.0,2100.0,no_signal,,sweep
1,9,0.0,1400.0,no_signal,,sweep
1,9,0.0,700.0,no_signal,,sweep
1,9,700.0,700.0,no_signal,,sweep
1,9,700.0,0.0,no_signal,,sweep
1,9,700.0,-700.0,direction,47.49,sweep
1,9,1400.0,-700.0,direction,156.06,sweep
1,10,0.0,0.0,no_signal,,sweep
1,10,-700.0,-700.0,no_signal,,sweep
1,10,0.0,-700.0,no_signal,,sweep
1,10,0.0,-1400.0,no_signal,,sweep
1,10,0.0,-2100.0,no_signal,,sweep
1,10,-700.0,-2100.0,no_signal,,sweep
1,10,-700.0,-1400.0,no_signal,,sweep
1,10,-1400.0,-1400.0,no_signal,,sweep
1,10,-1400.0,-700.0,no_signal,,sweep
1,10,-2100.0,-700.0,no_signal,,sweep
1,10,-2100.0,0.0,no_signal,,sweep
1,10,-1400.0,0.0,no_signal,,sweep
1,10,-700.0,0.0,no_signal,,sweep
1,10,-700.0,700.0,direction,55.23,sweep
1,10,-1400.0,1400.0,no_signal,,sweep
1,10,-700.0,1400.0,no_signal,,sweep
1,10,-700.0,2100.0,no_signal,,sweep
1,10,0.0,2100.0,no_signal,,sweep
1,10,0.0,1400.0,no_signal,,sweep
1,10,0.0,700.0,direction,118.31,sweep
1,10,700.0,700.0,no_signal,,sweep
1,10,700.0,1400.0,direction,187.33,sweep
1,11,0.0,0.0,no_signal,,sweep
1,11,-700.0,-700.0,no_signal,,sweep
1,11,0.0,-700.0,no_signal,,sweep
1,11,0.0,-1400.0,no_signal,,sweep
1,11,0.0,-2100.0,no_signal,,sweep
1,11,-700.0,-2100.0,no_signal,,sweep
1,11,-700.0,-1400.0,no_signal,,sweep
1,11,-1400.0,-1400.0,no_signal,,sweep
1,11,-1400.0,-700.0,no_signal,,sweep
1,11,-2100.0,-700.0,no_signal,,sweep
1,11,-2100.0,0.0,no_signal,,sweep
1,11,-1400.0,0.0,no_signal,,sweep
1,11,-700.0,0.0,no_signal,,sweep
1,11,-700.0,700.0,no_signal,,sweep
1,11,-1400.0,700.0,no_signal,,sweep
1,11,-2100.0,700.0,no_signal,,sweep
1,11,-1400.0,1400.0,no_signal,,sweep
1,11,-700.0,1400.0,no_signal,,sweep
1,11,-700.0,2100.0,no_signal,,sweep
1,11,0.0,2100.0,no_signal,,sweep
1,11,0.0,1400.0,no_signal,,sweep
1,11,0.0,700.0,no_signal,,sweep
1,11,700.0,700.0,no_signal,,sweep
1,11,700.0,0.0,no_signal,,sweep
1,11,700.0,-700.0,no_signal,,sweep
1,11,700.0,-1400.0,no_signal,,sweep
1,11,700.0,-2100.0,no_signal,,sweep
1,11,1400.0,-1400.0,no_signal,,sweep
1,11,1400.0,-700.0,no_signal,,sweep
1,11,1400.0,0.0,no_signal,,sweep
1,11,1400.0,700.0,no_signal,,sweep
1,11,700.0,1400.0,no_signal,,sweep
1,11,700.0,2100.0,no_signal,,sweep
1,11,1400.0,1400.0,no_signal,,sweep
1,11,2100.0,700.0,no_signal,,sweep
1,11,2100.0,0.0,no_signal,,sweep
1,11,2100.0,-700.0,no_signal,,sweep
1,12,0.0,0.0,direction,87.18,sweep
1,12,-700.0,0.0,no_signal,,sweep
1,12,-700.0,700.0,direction,21.86,sweep
1,12,-700.0,1400.0,direction,331.77,sweep
1,13,0.0,0.0,no_signal,,sweep
1,13,-700.0,-700.0,no_signal,,sweep
1,13,0.0,-700.0,no_signal,,sweep
1,13,0.0,-1400.0,no_signal,,sweep
1,13,0.0,-2100.0,no_signal,,sweep
1,13,-700.0,-2100.0,no_signal,,sweep
1,13,-700.0,-1400.0,no_signal,,sweep
1,13,-1400.0,-1400.0,no_signal,,sweep
1,13,-1400.0,-700.0,no_signal,,sweep
1,13,-2100.0,-700.0,no_signal,,sweep
1,13,-2100.0,0.0,no_signal,,sweep
1,13,-1400.0,0.0,no_signal,,sweep
1,13,-700.0,0.0,no_signal,,sweep
1,13,-700.0,700.0,no_signal,,sweep
1,13,-1400.0,700.0,no_signal,,sweep
1,13,-2100.0,700.0,no_signal,,sweep
1,13,-1400.0,1400.0,no_signal,,sweep
1,13,-700.0,1400.0,no_signal,,sweep
1,13,-700.0,2100.0,no_signal,,sweep
1,13,0.0,2100.0,no_signal,,sweep
1,13,0.0,1400.0,no_signal,,sweep
1,13,0.0,700.0,no_signal,,sweep
1,13,700.0,700.0,direction,337.62,sweep
1,13,700.0,0.0,direction,20.10,sweep
1,13,1400.0,-700.0,direction,80.84,sweep
1,14,0.0,0.0,direction,24.24,sweep
1,14,0.0,700.0,direction,337.82,sweep
1,14,700.0,700.0,direction,290.12,sweep
1,15,0.0,0.0,no_signal,,sweep
1,15,-700.0,-700.0,no_signal,,sweep
1,15,0.0,-700.0,no_signal,,sweep
1,15,0.0,-1400.0,no_signal,,sweep
1,15,0.0,-2100.0,no_signal,,sweep
1,15,-700.0,-2100.0,no_signal,,sweep
1,15,-700.0,-1400.0,no_signal,,sweep
1,15,-1400.0,-1400.0,no_signal,,sweep
1,15,-1400.0,-700.0,no_signal,,sweep
1,15,-2100.0,-700.0,no_signal,,sweep
1,15,-2100.0,0.0,no_signal,,sweep
1,15,-1400.0,0.0,no_signal,,sweep
1,15,-700.0,0.0,no_signal,,sweep
1,15,-700.0,700.0,no_signal,,sweep
1,15,-1400.0,700.0,no_signal,,sweep
1,15,-2100.0,700.0,no_signal,,sweep
1,15,-1400.0,1400.0,no_signal,,sweep
1,15,-700.0,1400.0,no_signal,,sweep
1,15,-700.0,2100.0,no_signal,,sweep
1,15,0.0,2100.0,no_signal,,sweep
1,15,0.0,1400.0,no_signal,,sweep
1,15,0.0,700.0,no_signal,,sweep
1,15,700.0,700.0,no_signal,,sweep
1,15,700.0,0.0,no_signal,,sweep
1,15,700.0,-700.0,no_signal,,sweep
1,15,700.0,-1400.0,no_signal,,sweep
1,15,700.0,-2100.0,no_signal,,sweep
1,15,1400.0,-1400.0,no_signal,,sweep
1,15,1400.0,-700.0,no_signal,,sweep
1,15,1400.0,0.0,no_signal,,sweep
1,15,1400.0,700.0,no_signal,,sweep
1,15,700.0,1400.0,no_signal,,sweep
1,15,700.0,2100.0,no_signal,,sweep
1,15,1400.0,1400.0,no_signal,,sweep
1,15,2100.0,700.0,no_signal,,sweep
1,15,2100.0,0.0,no_signal,,sweep
1,15,2100.0,-700.0,no_signal,,sweep
1,16,0.0,0.0,no_signal,,sweep
1,16,-700.0,-700.0,no_signal,,sweep
1,16,0.0,-700.0,no_signal,,sweep
1,16,0.0,-1400.0,no_signal,,sweep
1,16,0.0,-2100.0,no_signal,,sweep
1,16,-700.0,-2100.0,no_signal,,sweep
1,16,-700.0,-1400.0,no_signal,,sweep
1,16,-1400.0,-1400.0,no_signal,,sweep
1,16,-1400.0,-700.0,no_signal,,sweep
1,16,-2100.0,-700.0,no_signal,,sweep
1,16,-2100.0,0.0,no_signal,,sweep
1,16,-1400.0,0.0,no_signal,,sweep
1,16,-700.0,0.0,no_signal,,sweep
1,16,-700.0,700.0,no_signal,,sweep
1,16,-1400.0,700.0,no_signal,,sweep
1,16,-2100.0,700.0,no_signal,,sweep
1,16,-1400.0,1400.0,no_signal,,sweep
1,16,-700.0,1400.0,no_signal,,sweep
1,16,-700.0,2100.0,no_signal,,sweep
1,16,0.0,2100.0,no_signal,,sweep
1,16,0.0,1400.0,direction,293.53,sweep
1,16,0.0,700.0,no_signal,,sweep
1,16,700.0,700.0,direction,209.39,sweep
1,17,0.0,0.0,no_signal,,sweep
1,17,-700.0,-700.0,no_signal,,sweep
1,17,0.0,-700.0,no_signal,,sweep
1,17,0.0,-1400.0,no_signal,,sweep
1,17,0.0,-2100.0,no_signal,,sweep
1,17,-700.0,-2100.0,no_signal,,sweep
1,17,-700.0,-1400.0,no_signal,,sweep
1,17,-1400.0,-1400.0,no_signal,,sweep
1,17,-1400.0,-700.0,no_signal,,sweep
1,17,-2100.0,-700.0,no_signal,,sweep
1,17,-2100.0,0.0,no_signal,,sweep
1,17,-1400.0,0.0,no_signal,,sweep
1,17,-700.0,0.0,no_signal,,sweep
1,17,-700.0,700.0,no_signal,,sweep
1,17,-1400.0,700.0,no_signal,,sweep
1,17,-2100.0,700.0,no_signal,,sweep
1,17,-1400.0,1400.0,no_signal,,sweep
1,17,-700.0,1400.0,no_signal,,sweep
1,17,-700.0,2100.0,no_signal,,sweep
1,17,0.0,2100.0,no_signal,,sweep
1,17,0.0,1400.0,no_signal,,sweep
1,17,0.0,700.0,no_signal,,sweep
1,17,700.0,700.0,no_signal,,sweep
1,17,700.0,0.0,no_signal,,sweep
1,17,700.0,-700.0,no_signal,,sweep
1,17,700.0,-1400.0,no_signal,,sweep
1,17,700.0,-2100.0,no_signal,,sweep
1,17,1400.0,-1400.0,no_signal,,sweep
1,17,1400.0,-700.0,no_signal,,sweep
1,17,1400.0,0.0,no_signal,,sweep
1,17,1400.0,700.0,no_signal,,sweep
1,17,700.0,1400.0,no_signal,,sweep
1,17,700.0,2100.0,no_signal,,sweep
1,17,1400.0,1400.0,no_signal,,sweep
1,17,2100.0,700.0,no_signal,,sweep
1,17,2100.0,0.0,no_signal,,sweep
1,17,2100.0,-700.0,no_signal,,sweep
1,18,0.0,0.0,no_signal,,sweep
1,18,-700.0,-700.0,no_signal,,sweep
1,18,0.0,-700.0,direction,320.38,sweep
1,18,0.0,-1400.0,direction,8.75,sweep
1,18,0.0,-2100.0,direction,49.02,sweep
1,18,700.0,-700.0,direction,270.73,sweep
1,19,0.0,0.0,no_signal,,sweep
1,19,-700.0,-700.0,no_signal,,sweep
1,19,0.0,-700.0,no_signal,,sweep
1,19,0.0,-1400.0,no_signal,,sweep
1,19,0.0,-2100.0,no_signal,,sweep
1,19,-700.0,-2100.0,no_signal,,sweep
1,19,-700.0,-1400.0,no_signal,,sweep
1,19,-1400.0,-1400.0,no_signal,,sweep
1,19,-1400.0,-700.0,no_signal,,sweep
1,19,-2100.0,-700.0,no_signal,,sweep
1,19,-2100.0,0.0,no_signal,,sweep
1,19,-1400.0,0.0,no_signal,,sweep
1,19,-700.0,0.0,no_signal,,sweep
1,19,-700.0,700.0,no_signal,,sweep
1,19,-1400.0,700.0,no_signal,,sweep
1,19,-2100.0,700.0,no_signal,,sweep
1,19,-1400.0,1400.0,no_signal,,sweep
1,19,-700.0,1400.0,no_signal,,sweep
1,19,-700.0,2100.0,no_signal,,sweep
1,19,0.0,2100.0,no_signal,,sweep
1,19,0.0,1400.0,no_signal,,sweep
1,19,0.0,700.0,no_signal,,sweep
1,19,700.0,700.0,no_signal,,sweep
1,19,700.0,0.0,no_signal,,sweep
1,19,700.0,-700.0,no_signal,,sweep
1,19,700.0,-1400.0,no_signal,,sweep
1,19,700.0,-2100.0,no_signal,,sweep
1,19,1400.0,-1400.0,no_signal,,sweep
1,19,1400.0,-700.0,no_signal,,sweep
1,19,1400.0,0.0,no_signal,,sweep
1,19,1400.0,700.0,no_signal,,sweep
1,19,700.0,1400.0,no_signal,,sweep
1,19,700.0,2100.0,no_signal,,sweep
1,19,1400.0,1400.0,no_signal,,sweep
1,19,2100.0,700.0,no_signal,,sweep
1,19,2100.0,0.0,no_signal,,sweep
1,19,2100.0,-700.0,no_signal,,sweep
1,20,0.0,0.0,no_signal,,sweep
1,20,-700.0,-700.0,no_signal,,sweep
1,20,0.0,-700.0,no_signal,,sweep
1,20,0.0,-1400.0,no_signal,,sweep
1,20,0.0,-2100.0,no_signal,,sweep
1,20,-700.0,-2100.0,no_signal,,sweep
1,20,-700.0,-1400.0,no_signal,,sweep
1,20,-1400.0,-1400.0,no_signal,,sweep
1,20,-1400.0,-700.0,no_signal,,sweep
1,20,-2100.0,-700.0,no_signal,,sweep
1,20,-2100.0,0.0,direction,333.99,sweep
1,20,-1400.0,0.0,direction,231.72,sweep
2,1,0.0,0.0,no_signal,,sweep
2,1,-700.0,-700.0,no_signal,,sweep
2,1,0.0,-700.0,no_signal,,sweep
2,1,0.0,-1400.0,no_signal,,sweep
2,1,0.0,-2100.0,no_signal,,sweep
2,1,-700.0,-2100.0,no_signal,,sweep
2,1,-700.0,-1400.0,no_signal,,sweep
2,1,-1400.0,-1400.0,no_signal,,sweep
2,1,-1400.0,-700.0,no_signal,,sweep
2,1,-2100.0,-700.0,no_signal,,sweep
2,1,-2100.0,0.0,no_signal,,sweep
2,1,-1400.0,0.0,no_signal,,sweep
2,1,-700.0,0.0,no_signal,,sweep
2,1,-700.0,700.0,no_signal,,sweep
2,1,-1400.0,700.0,no_signal,,sweep
2,1,-2100.0,700.0,no_signal,,sweep
2,1,-1400.0,1400.0,no_signal,,sweep
2,1,-700.0,1400.0,no_signal,,sweep
2,1,-700.0,2100.0,no_signal,,sweep
2,1,0.0,2100.0,no_signal,,sweep
2,1,0.0,1400.0,no_signal,,sweep
2,1,0.0,700.0,no_signal,,sweep
2,1,700.0,700.0,no_signal,,sweep
2,1,700.0,0.0,no_signal,,sweep
2,1,700.0,-700.0,no_signal,,sweep
2,1,700.0,-1400.0,no_signal,,sweep
2,1,700.0,-2100.0,no_signal,,sweep
2,1,1400.0,-1400.0,no_signal,,sweep
2,1,1400.0,-700.0,no_signal,,sweep
2,1,1400.0,0.0,no_signal,,sweep
2,1,1400.0,700.0,no_signal,,sweep
2,1,700.0,1400.0,no_signal,,sweep
2,1,700.0,2100.0,no_signal,,sweep
2,1,1400.0,1400.0,no_signal,,sweep
2,1,2100.0,700.0,no_signal,,sweep
2,1,2100.0,0.0,no_signal,,sweep
2,1,2100.0,-700.0,no_signal,,sweep
2,2,0.0,0.0,no_signal,,sweep
2,2,-700.0,-700.0,no_signal,,sweep
2,2,0.0,-700.0,no_signal,,sweep
2,2,0.0,-1400.0,no_signal,,sweep
2,2,0.0,-2100.0,no_signal,,sweep
2,2,-700.0,-2100.0,no_signal,,sweep
2,2,-700.0,-1400.0,no_signal,,sweep
2,2,-1400.0,-1400.0,no_signal,,sweep
2,2,-1400.0,-700.0,no_signal,,sweep
2,2,-2100.0,-700.0,no_signal,,sweep
2,2,-2100.0,0.0,no_signal,,sweep
2,2,-1400.0,0.0,no_signal,,sweep
2,2,-700.0,0.0,no_signal,,sweep
2,2,-700.0,700.0,no_signal,,sweep
2,2,-1400.0,700.0,no_signal,,sweep
2,2,-2100.0,700.0,no_signal,,sweep
2,2,-1400.0,1400.0,no_signal,,sweep
2,2,-700.0,1400.0,no_signal,,sweep
2,2,-700.0,2100.0,no_signal,,sweep
2,2,0.0,2100.0,no_signal,,sweep
2,2,0.0,1400.0,no_signal,,sweep
2,2,0.0,700.0,no_signal,,sweep
2,2,700.0,700.0,no_signal,,sweep
2,2,700.0,0.0,no_signal,,sweep
2,2,700.0,-700.0,no_signal,,sweep
2,2,700.0,-1400.0,no_signal,,sweep
2,2,700.0,-2100.0,no_signal,,sweep
2,2,1400.0,-1400.0,no_signal,,sweep
2,2,1400.0,-700.0,no_signal,,sweep
2,2,1400.0,0.0,no_signal,,sweep
2,2,1400.0,700.0,no_signal,,sweep
2,2,700.0,1400.0,no_signal,,sweep
2,2,700.0,2100.0,no_signal,,sweep
2,2,1400.0,1400.0,no_signal,,sweep
2,2,2100.0,700.0,no_signal,,sweep
2,2,2100.0,0.0,no_signal,,sweep
2,2,2100.0,-700.0,no_signal,,sweep
2,3,0.0,0.0,no_signal,,sweep
2,3,-700.0,-700.0,no_signal,,sweep
2,3,0.0,-700.0,no_signal,,sweep
2,3,0.0,-1400.0,no_signal,,sweep
2,3,0.0,-2100.0,no_signal,,sweep
2,3,-700.0,-2100.0,no_signal,,sweep
2,3,-700.0,-1400.0,no_signal,,sweep
2,3,-1400.0,-1400.0,no_signal,,sweep
2,3,-1400.0,-700.0,no_signal,,sweep
2,3,-2100.0,-700.0,no_signal,,sweep
2,3,-2100.0,0.0,no_signal,,sweep
2,3,-1400.0,0.0,no_signal,,sweep
2,3,-700.0,0.0,no_signal,,sweep
2,3,-700.0,700.0,no_signal,,sweep
2,3,-1400.0,700.0,no_signal,,sweep
2,3,-2100.0,700.0,no_signal,,sweep
2,3,-1400.0,1400.0,no_signal,,sweep
2,3,-700.0,1400.0,no_signal,,sweep
2,3,-700.0,2100.0,no_signal,,sweep
2,3,0.0,2100.0,no_signal,,sweep
2,3,0.0,1400.0,no_signal,,sweep
2,3,0.0,700.0,no_signal,,sweep
2,3,700.0,700.0,no_signal,,sweep
2,3,700.0,0.0,no_signal,,sweep
2,3,700.0,-700.0,no_signal,,sweep
2,3,700.0,-1400.0,no_signal,,sweep
2,3,700.0,-2100.0,no_signal,,sweep
2,3,1400.0,-1400.0,no_signal,,sweep
2,3,1400.0,-700.0,no_signal,,sweep
2,3,1400.0,0.0,direction,111.58,sweep
2,3,1400.0,700.0,direction,159.25,sweep
2,3,700.0,1400.0,no_signal,,sweep
2,3,1400.0,1400.0,direction,241.91,sweep
2,4,0.0,0.0,direction,2.94,sweep
2,4,0.0,-700.0,no_signal,,sweep
2,4,0.0,700.0,no_signal,,sweep
2,4,700.0,700.0,direction,319.39,sweep
2,4,700.0,0.0,direction,6.72,sweep
2,4,700.0,-700.0,direction,47.29,sweep
2,5,0.0,0.0,no_signal,,sweep
2,5,-700.0,-700.0,no_signal,,sweep
2,5,0.0,-700.0,no_signal,,sweep
2,5,0.0,-1400.0,no_signal,,sweep
2,5,0.0,-2100.0,no_signal,,sweep
2,5,-700.0,-2100.0,no_signal,,sweep
2,5,-700.0,-1400.0,no_signal,,sweep
2,5,-1400.0,-1400.0,no_signal,,sweep
2,5,-1400.0,-700.0,no_signal,,sweep
2,5,-2100.0,-700.0,no_signal,,sweep
2,5,-2100.0,0.0,no_signal,,sweep
2,5,-1400.0,0.0,no_signal,,sweep
2,5,-700.0,0.0,no_signal,,sweep
2,5,-700.0,700.0,no_signal,,sweep
2,5,-1400.0,700.0,no_signal,,sweep
2,5,-2100.0,700.0,no_signal,,sweep
2,5,-1400.0,1400.0,no_signal,,sweep
2,5,-700.0,1400.0,no_signal,,sweep
2,5,-700.0,2100.0,no_signal,,sweep
2,5,0.0,2100.0,no_signal,,sweep
2,5,0.0,1400.0,no_signal,,sweep
2,5,0.0,700.0,no_signal,,sweep
2,5,700.0,700.0,no_signal,,sweep
2,5,700.0,0.0,no_signal,,sweep
2,5,700.0,-700.0,no_signal,,sweep
2,5,700.0,-1400.0,no_signal,,sweep
2,5,700.0,-2100.0,no_signal,,sweep
2,5,1400.0,-1400.0,no_signal,,sweep
2,5,1400.0,-700.0,no_signal,,sweep
2,5,1400.0,0.0,no_signal,,sweep
2,5,1400.0,700.0,no_signal,,sweep
2,5,700.0,1400.0,no_signal,,sweep
2,5,700.0,2100.0,no_signal,,sweep
2,5,1400.0,1400.0,no_signal,,sweep
2,5,2100.0,700.0,no_signal,,sweep
2,5,2100.0,0.0,no_signal,,sweep
2,5,2100.0,-700.0,no_signal,,sweep
2,6,0.0,0.0,no_signal,,sweep
2,6,-700.0,-700.0,no_signal,,sweep
2,6,0.0,-700.0,no_signal,,sweep
2,6,0.0,-1400.0,no_signal,,sweep
2,6,0.0,-2100.0,no_signal,,sweep
2,6,-700.0,-2100.0,no_signal,,sweep
2,6,-700.0,-1400.0,no_signal,,sweep
2,6,-1400.0,-1400.0,no_signal,,sweep
2,6,-1400.0,-700.0,no_signal,,sweep
2,6,-2100.0,-700.0,no_signal,,sweep
2,6,-2100.0,0.0,no_signal,,sweep
2,6,-1400.0,0.0,no_signal,,sweep
2,6,-700.0,0.0,no_signal,,sweep
2,6,-700.0,700.0,no_signal,,sweep
2,6,-1400.0,700.0,no_signal,,sweep
2,6,-2100.0,700.0,no_signal,,sweep
2,6,-1400.0,1400.0,no_signal,,sweep
2,6,-700.0,1400.0,no_signal,,sweep
2,6,-700.0,2100.0,no_signal,,sweep
2,6,0.0,2100.0,no_signal,,sweep
2,6,0.0,1400.0,no_signal,,sweep
2,6,0.0,700.0,no_signal,,sweep
2,6,700.0,700.0,no_signal,,sweep
2,6,700.0,0.0,no_signal,,sweep
2,6,700.0,-700.0,no_signal,,sweep
2,6,700.0,-1400.0,no_signal,,sweep
2,6,700.0,-2100.0,no_signal,,sweep
2,6,1400.0,-1400.0,no_signal,,sweep
2,6,1400.0,-700.0,no_signal,,sweep
2,6,1400.0,0.0,no_signal,,sweep
2,6,1400.0,700.0,no_signal,,sweep
2,6,700.0,1400.0,no_signal,,sweep
2,6,700.0,2100.0,no_signal,,sweep
2,6,1400.0,1400.0,no_signal,,sweep
2,6,2100.0,700.0,no_signal,,sweep
2,6,2100.0,0.0,no_signal,,sweep
2,6,2100.0,-700.0,no_signal,,sweep
2,7,0.0,0.0,no_signal,,sweep
2,7,-700.0,-700.0,no_signal,,sweep
2,7,0.0,-700.0,no_signal,,sweep
2,7,0.0,-1400.0,no_signal,,sweep
2,7,0.0,-2100.0,no_signal,,sweep
2,7,-700.0,-2100.0,no_signal,,sweep
2,7,-700.0,-1400.0,no_signal,,sweep
2,7,-1400.0,-1400.0,no_signal,,sweep
2,7,-1400.0,-700.0,no_signal,,sweep
2,7,-2100.0,-700.0,no_signal,,sweep
2,7,-2100.0,0.0,no_signal,,sweep
2,7,-1400.0,0.0,no_signal,,sweep
2,7,-700.0,0.0,no_signal,,sweep
2,7,-700.0,700.0,no_signal,,sweep
2,7,-1400.0,700.0,no_signal,,sweep
2,7,-2100.0,700.0,no_signal,,sweep
2,7,-1400.0,1400.0,no_signal,,sweep
2,7,-700.0,1400.0,no_signal,,sweep
2,7,-700.0,2100.0,no_signal,,sweep
2,7,0.0,2100.0,no_signal,,sweep
2,7,0.0,1400.0,no_signal,,sweep
2,7,0.0,700.0,no_signal,,sweep
2,7,700.0,700.0,direction,306.72,sweep
2,7,700.0,0.0,direction,339.22,sweep
2,7,700.0,-700.0,direction,29.39,sweep
2,7,1400.0,-1400.0,direction,88.05,sweep
2,8,0.0,0.0,direction,274.56,sweep
2,8,-700.0,-700.0,direction,323.94,sweep
2,8,0.0,-700.0,direction,280.65,sweep
2,8,0.0,-1400.0,direction,46.96,sweep
2,9,0.0,0.0,direction,125.31,sweep
2,9,-1400.0,0.0,direction,58.64,sweep
2,9,-700.0,0.0,direction,91.83,sweep
2,9,-700.0,700.0,direction,96.08,sweep
2,10,0.0,0.0,no_signal,,sweep
2,10,-700.0,-700.0,no_signal,,sweep
2,10,0.0,-700.0,no_signal,,sweep
2,10,0.0,-1400.0,no_signal,,sweep
2,10,0.0,-2100.0,no_signal,,sweep
2,10,-700.0,-2100.0,no_signal,,sweep
2,10,-700.0,-1400.0,no_signal,,sweep
2,10,-1400.0,-1400.0,no_signal,,sweep
2,10,-1400.0,-700.0,no_signal,,sweep
2,10,-2100.0,-700.0,no_signal,,sweep
2,10,-2100.0,0.0,no_signal,,sweep
2,10,-1400.0,0.0,no_signal,,sweep
2,10,-700.0,0.0,no_signal,,sweep
2,10,-700.0,700.0,no_signal,,sweep
2,10,-1400.0,700.0,no_signal,,sweep
2,10,-2100.0,700.0,no_signal,,sweep
2,10,-1400.0,1400.0,no_signal,,sweep
2,10,-700.0,1400.0,no_signal,,sweep
2,10,-700.0,2100.0,no_signal,,sweep
2,10,0.0,2100.0,no_signal,,sweep
2,10,0.0,1400.0,no_signal,,sweep
2,10,0.0,700.0,no_signal,,sweep
2,10,700.0,700.0,no_signal,,sweep
2,10,700.0,0.0,no_signal,,sweep
2,10,700.0,-700.0,no_signal,,sweep
2,10,700.0,-1400.0,no_signal,,sweep
2,10,700.0,-2100.0,no_signal,,sweep
2,10,1400.0,-1400.0,no_signal,,sweep
2,10,1400.0,-700.0,no_signal,,sweep
2,10,1400.0,0.0,no_signal,,sweep
2,10,1400.0,700.0,no_signal,,sweep
2,10,700.0,1400.0,no_signal,,sweep
2,10,700.0,2100.0,no_signal,,sweep
2,10,1400.0,1400.0,no_signal,,sweep
2,10,2100.0,700.0,no_signal,,sweep
2,10,2100.0,0.0,no_signal,,sweep
2,10,2100.0,-700.0,no_signal,,sweep
2,11,0.0,0.0,no_signal,,sweep
2,11,-700.0,-700.0,no_signal,,sweep
2,11,0.0,-700.0,no_signal,,sweep
2,11,0.0,-1400.0,no_signal,,sweep
2,11,0.0,-2100.0,no_signal,,sweep
2,11,-700.0,-2100.0,no_signal,,sweep
2,11,-700.0,-1400.0,no_signal,,sweep
2,11,-1400.0,-1400.0,no_signal,,sweep
2,11,-1400.0,-700.0,no_signal,,sweep
2,11,-2100.0,-700.0,no_signal,,sweep
2,11,-2100.0,0.0,no_signal,,sweep
2,11,-1400.0,0.0,no_signal,,sweep
2,11,-700.0,0.0,no_signal,,sweep
2,11,-700.0,700.0,no_signal,,sweep
2,11,-1400.0,700.0,no_signal,,sweep
2,11,-2100.0,700.0,no_signal,,sweep
2,11,-1400.0,1400.0,no_signal,,sweep
2,11,-700.0,1400.0,no_signal,,sweep
2,11,-700.0,2100.0,no_signal,,sweep
2,11,0.0,2100.0,no_signal,,sweep
2,11,0.0,1400.0,no_signal,,sweep
2,11,0.0,700.0,no_signal,,sweep
2,11,700.0,700.0,direction,303.29,sweep
2,11,700.0,0.0,direction,329.31,sweep
2,11,700.0,-700.0,direction,17.35,sweep
2,11,1400.0,-1400.0,direction,85.72,sweep
2,12,0.0,0.0,no_signal,,sweep
2,12,-700.0,-700.0,no_signal,,sweep
2,12,0.0,-700.0,no_signal,,sweep
2,12,0.0,-1400.0,no_signal,,sweep
2,12,0.0,-2100.0,no_signal,,sweep
2,12,-700.0,-2100.0,no_signal,,sweep
2,12,-700.0,-1400.0,no_signal,,sweep
2,12,-1400.0,-1400.0,no_signal,,sweep
2,12,-1400.0,-700.0,no_signal,,sweep
2,12,-2100.0,-700.0,no_signal,,sweep
2,12,-2100.0,0.0,no_signal,,sweep
2,12,-1400.0,0.0,no_signal,,sweep
2,12,-700.0,0.0,no_signal,,sweep
2,12,-700.0,700.0,no_signal,,sweep
2,12,-1400.0,700.0,no_signal,,sweep
2,12,-2100.0,700.0,no_signal,,sweep
2,12,-1400.0,1400.0,no_signal,,sweep
2,12,-700.0,1400.0,no_signal,,sweep
2,12,-700.0,2100.0,no_signal,,sweep
2,12,0.0,2100.0,no_signal,,sweep
2,12,0.0,1400.0,no_signal,,sweep
2,12,0.0,700.0,no_signal,,sweep
2,12,700.0,700.0,no_signal,,sweep
2,12,700.0,0.0,no_signal,,sweep
2,12,700.0,-700.0,no_signal,,sweep
2,12,700.0,-1400.0,no_signal,,sweep
2,12,700.0,-2100.0,no_signal,,sweep
2,12,1400.0,-1400.0,no_signal,,sweep
2,12,1400.0,-700.0,no_signal,,sweep
2,12,1400.0,0.0,no_signal,,sweep
2,12,1400.0,700.0,no_signal,,sweep
2,12,700.0,1400.0,no_signal,,sweep
2,12,700.0,2100.0,no_signal,,sweep
2,12,1400.0,1400.0,no_signal,,sweep
2,12,2100.0,700.0,no_signal,,sweep
2,12,2100.0,0.0,no_signal,,sweep
2,12,2100.0,-700.0,no_signal,,sweep
2,13,0.0,0.0,direction,330.10,sweep
2,13,0.0,-700.0,direction,8.01,sweep
2,13,700.0,0.0,direction,297.05,sweep
2,13,700.0,-700.0,direction,24.18,sweep
2,14,0.0,0.0,direction,226.66,sweep
2,14,-700.0,-700.0,direction,43.62,sweep
2,14,0.0,-700.0,direction,142.29,sweep
2,15,0.0,0.0,no_signal,,sweep
2,15,-700.0,-700.0,no_signal,,sweep
2,15,0.0,-700.0,no_signal,,sweep
2,15,0.0,-1400.0,no_signal,,sweep
2,15,0.0,-2100.0,no_signal,,sweep
2,15,-700.0,-2100.0,no_signal,,sweep
2,15,-700.0,-1400.0,no_signal,,sweep
2,15,-1400.0,-1400.0,no_signal,,sweep
2,15,-1400.0,-700.0,no_signal,,sweep
2,15,-2100.0,-700.0,no_signal,,sweep
2,15,-2100.0,0.0,no_signal,,sweep
2,15,-1400.0,0.0,no_signal,,sweep
2,15,-700.0,0.0,no_signal,,sweep
2,15,-700.0,700.0,no_signal,,sweep
2,15,-1400.0,700.0,no_signal,,sweep
2,15,-2100.0,700.0,no_signal,,sweep
2,15,-1400.0,1400.0,no_signal,,sweep
2,15,-700.0,1400.0,no_signal,,sweep
2,15,-700.0,2100.0,no_signal,,sweep
2,15,0.0,2100.0,no_signal,,sweep
2,15,0.0,1400.0,no_signal,,sweep
2,15,0.0,700.0,no_signal,,sweep
2,15,700.0,700.0,no_signal,,sweep
2,15,700.0,0.0,no_signal,,sweep
2,15,700.0,-700.0,no_signal,,sweep
2,15,700.0,-1400.0,no_signal,,sweep
2,15,700.0,-2100.0,no_signal,,sweep
2,15,1400.0,-1400.0,no_signal,,sweep
2,15,1400.0,-700.0,no_signal,,sweep
2,15,1400.0,0.0,no_signal,,sweep
2,15,1400.0,700.0,no_signal,,sweep
2,15,700.0,1400.0,no_signal,,sweep
2,15,700.0,2100.0,no_signal,,sweep
2,15,1400.0,1400.0,no_signal,,sweep
2,15,2100.0,700.0,no_signal,,sweep
2,15,2100.0,0.0,no_signal,,sweep
2,15,2100.0,-700.0,no_signal,,sweep
2,16,0.0,0.0,direction,267.08,sweep
2,16,-700.0,-700.0,direction,337.91,sweep
2,16,0.0,-700.0,direction,261.55,sweep
2,17,0.0,0.0,no_signal,,sweep
2,17,-700.0,-700.0,no_signal,,sweep
2,17,0.0,-700.0,no_signal,,sweep
2,17,0.0,-1400.0,no_signal,,sweep
2,17,0.0,-2100.0,no_signal,,sweep
2,17,-700.0,-2100.0,no_signal,,sweep
2,17,-700.0,-1400.0,no_signal,,sweep
2,17,-1400.0,-1400.0,no_signal,,sweep
2,17,-1400.0,-700.0,no_signal,,sweep
2,17,-2100.0,-700.0,direction,63.09,sweep
2,17,-2100.0,0.0,direction,358.92,sweep
2,18,0.0,0.0,no_signal,,sweep
2,18,-700.0,-700.0,no_signal,,sweep
2,18,0.0,-700.0,no_signal,,sweep
2,18,0.0,-1400.0,no_signal,,sweep
2,18,0.0,-2100.0,no_signal,,sweep
2,18,-700.0,-2100.0,no_signal,,sweep
2,18,-700.0,-1400.0,no_signal,,sweep
2,18,-1400.0,-1400.0,no_signal,,sweep
2,18,-1400.0,-700.0,no_signal,,sweep
2,18,-2100.0,-700.0,no_signal,,sweep
2,18,-2100.0,0.0,no_signal,,sweep
2,18,-1400.0,0.0,no_signal,,sweep
2,18,-700.0,0.0,no_signal,,sweep
2,18,-700.0,700.0,no_signal,,sweep
2,18,-1400.0,700.0,no_signal,,sweep
2,18,-2100.0,700.0,no_signal,,sweep
2,18,-1400.0,1400.0,no_signal,,sweep
2,18,-700.0,1400.0,no_signal,,sweep
2,18,-700.0,2100.0,no_signal,,sweep
2,18,0.0,2100.0,no_signal,,sweep
2,18,0.0,1400.0,no_signal,,sweep
2,18,0.0,700.0,no_signal,,sweep
2,18,700.0,700.0,no_signal,,sweep
2,18,700.0,0.0,no_signal,,sweep
2,18,700.0,-700.0,no_signal,,sweep
2,18,700.0,-1400.0,no_signal,,sweep
2,18,700.0,-2100.0,no_signal,,sweep
2,18,1400.0,-1400.0,no_signal,,sweep
2,18,1400.0,-700.0,no_signal,,sweep
2,18,1400.0,0.0,no_signal,,sweep
2,18,1400.0,700.0,no_signal,,sweep
2,18,700.0,1400.0,no_signal,,sweep
2,18,700.0,2100.0,no_signal,,sweep
2,18,1400.0,1400.0,no_signal,,sweep
2,18,2100.0,700.0,no_signal,,sweep
2,18,2100.0,0.0,no_signal,,sweep
2,18,2100.0,-700.0,no_signal,,sweep
2,19,0.0,0.0,no_signal,,sweep
2,19,-700.0,-700.0,no_signal,,sweep
2,19,0.0,-700.0,no_signal,,sweep
2,19,0.0,-1400.0,no_signal,,sweep
2,19,0.0,-2100.0,no_signal,,sweep
2,19,-700.0,-2100.0,no_signal,,sweep
2,19,-700.0,-1400.0,no_signal,,sweep
2,19,-1400.0,-1400.0,no_signal,,sweep
2,19,-1400.0,-700.0,no_signal,,sweep
2,19,-2100.0,-700.0,no_signal,,sweep
2,19,-2100.0,0.0,no_signal,,sweep
2,19,-1400.0,0.0,no_signal,,sweep
2,19,-700.0,0.0,no_signal,,sweep
2,19,-700.0,700.0,no_signal,,sweep
2,19,-1400.0,700.0,no_signal,,sweep
2,19,-2100.0,700.0,no_signal,,sweep
2,19,-1400.0,1400.0,no_signal,,sweep
2,19,-700.0,1400.0,no_signal,,sweep
2,19,-700.0,2100.0,no_signal,,sweep
2,19,0.0,2100.0,direction,319.75,sweep
2,19,0.0,1400.0,direction,15.81,sweep
2,19,0.0,700.0,direction,54.13,sweep
2,19,700.0,700.0,direction,94.95,sweep
2,20,0.0,0.0,no_signal,,sweep
2,20,-700.0,-700.0,no_signal,,sweep
2,20,0.0,-700.0,no_signal,,sweep
2,20,0.0,-1400.0,no_signal,,sweep
2,20,0.0,-2100.0,no_signal,,sweep
2,20,-700.0,-2100.0,no_signal,,sweep
2,20,-700.0,-1400.0,no_signal,,sweep
2,20,-1400.0,-1400.0,no_signal,,sweep
2,20,-1400.0,-700.0,no_signal,,sweep
2,20,-2100.0,-700.0,no_signal,,sweep
2,20,-2100.0,0.0,no_signal,,sweep
2,20,-1400.0,0.0,no_signal,,sweep
2,20,-700.0,0.0,no_signal,,sweep
2,20,-700.0,700.0,no_signal,,sweep
2,20,-1400.0,700.0,no_signal,,sweep
2,20,-2100.0,700.0,no_signal,,sweep
2,20,-1400.0,1400.0,no_signal,,sweep
2,20,-700.0,1400.0,no_signal,,sweep
2,20,-700.0,2100.0,no_signal,,sweep
2,20,0.0,2100.0,no_signal,,sweep
2,20,0.0,1400.0,no_signal,,sweep
2,20,0.0,700.0,no_signal,,sweep
2,20,700.0,700.0,no_signal,,sweep
2,20,700.0,0.0,no_signal,,sweep
2,20,700.0,-700.0,no_signal,,sweep
2,20,700.0,-1400.0,no_signal,,sweep
2,20,700.0,-2100.0,no_signal,,sweep
2,20,1400.0,-1400.0,no_signal,,sweep
2,20,1400.0,-700.0,no_signal,,sweep
2,20,1400.0,0.0,no_signal,,sweep
2,20,1400.0,700.0,no_signal,,sweep
2,20,700.0,1400.0,no_signal,,sweep
2,20,700.0,2100.0,no_signal,,sweep
2,20,1400.0,1400.0,no_signal,,sweep
2,20,2100.0,700.0,no_signal,,sweep
2,20,2100.0,0.0,no_signal,,sweep
2,20,2100.0,-700.0,no_signal,,sweep
3,1,0.0,0.0,no_signal,,sweep
3,1,-700.0,-700.0,no_signal,,sweep
3,1,0.0,-700.0,no_signal,,sweep
3,1,0.0,-1400.0,no_signal,,sweep
3,1,0.0,-2100.0,no_signal,,sweep
3,1,-700.0,-2100.0,no_signal,,sweep
3,1,-700.0,-1400.0,no_signal,,sweep
3,1,-1400.0,-1400.0,no_signal,,sweep
3,1,-1400.0,-700.0,no_signal,,sweep
3,1,-2100.0,-700.0,no_signal,,sweep
3,1,-2100.0,0.0,no_signal,,sweep
3,1,-1400.0,0.0,no_signal,,sweep
3,1,-700.0,0.0,no_signal,,sweep
3,1,-700.0,700.0,no_signal,,sweep
3,1,-1400.0,700.0,no_signal,,sweep
3,1,-2100.0,700.0,no_signal,,sweep
3,1,-1400.0,1400.0,no_signal,,sweep
3,1,-700.0,1400.0,no_signal,,sweep
3,1,-700.0,2100.0,no_signal,,sweep
3,1,0.0,2100.0,no_signal,,sweep
3,1,0.0,1400.0,no_signal,,sweep
3,1,0.0,700.0,no_signal,,sweep
3,1,700.0,700.0,no_signal,,sweep
3,1,700.0,0.0,direction,281.79,sweep
3,1,700.0,-700.0,no_signal,,sweep
3,1,700.0,-1400.0,no_signal,,sweep
3,1,1400.0,-1400.0,no_signal,,sweep
3,1,1400.0,-700.0,direction,187.01,sweep
3,2,0.0,0.0,direction,64.23,sweep
3,2,-700.0,700.0,direction,2.87,sweep
3,2,0.0,1400.0,direction,300.65,sweep
3,3,0.0,0.0,direction,185.73,sweep
3,3,-700.0,-700.0,direction,120.32,sweep
3,3,-1400.0,-700.0,no_signal,,sweep
3,3,-2100.0,0.0,no_signal,,sweep
3,3,-1400.0,0.0,no_signal,,sweep
3,3,-700.0,0.0,direction,194.34,sweep
3,4,0.0,0.0,direction,149.98,sweep
3,4,-700.0,-700.0,no_signal,,sweep
3,4,-1400.0,0.0,direction,57.75,sweep
3,4,-700.0,0.0,direction,116.89,sweep
3,5,0.0,0.0,direction,213.78,sweep
3,5,-700.0,-700.0,direction,150.86,sweep
3,5,0.0,-700.0,direction,172.78,sweep
3,5,0.0,-1400.0,no_signal,,sweep
3,5,-700.0,-1400.0,direction,102.80,sweep
3,6,0.0,0.0,no_signal,,sweep
3,6,-700.0,-700.0,no_signal,,sweep
3,6,0.0,-700.0,direction,18.30,sweep
3,6,0.0,-1400.0,no_signal,,sweep
3,6,700.0,700.0,no_signal,,sweep
3,6,700.0,0.0,no_signal,,sweep
3,6,700.0,-700.0,direction,40.34,sweep
3,6,700.0,-1400.0,direction,68.62,sweep
3,6,1400.0,-1400.0,direction,103.76,sweep
3,7,0.0,0.0,no_signal,,sweep
3,7,-700.0,-700.0,no_signal,,sweep
3,7,0.0,-700.0,no_signal,,sweep
3,7,0.0,-1400.0,no_signal,,sweep
3,7,0.0,-2100.0,no_signal,,sweep
3,7,-700.0,-2100.0,no_signal,,sweep
3,7,-700.0,-1400.0,no_signal,,sweep
3,7,-1400.0,-1400.0,no_signal,,sweep
3,7,-1400.0,-700.0,no_signal,,sweep
3,7,-2100.0,-700.0,no_signal,,sweep
3,7,-2100.0,0.0,no_signal,,sweep
3,7,-1400.0,0.0,no_signal,,sweep
3,7,-700.0,0.0,no_signal,,sweep
3,7,-700.0,700.0,no_signal,,sweep
3,7,-1400.0,700.0,no_signal,,sweep
3,7,-2100.0,700.0,no_signal,,sweep
3,7,-1400.0,1400.0,no_signal,,sweep
3,7,-700.0,1400.0,no_signal,,sweep
3,7,-700.0,2100.0,no_signal,,sweep
3,7,0.0,2100.0,no_signal,,sweep
3,7,0.0,1400.0,no_signal,,sweep
3,7,0.0,700.0,no_signal,,sweep
3,7,700.0,700.0,no_signal,,sweep
3,7,700.0,0.0,no_signal,,sweep
3,7,700.0,-700.0,no_signal,,sweep
3,7,700.0,-1400.0,no_signal,,sweep
3,7,700.0,-2100.0,no_signal,,sweep
3,7,1400.0,-1400.0,no_signal,,sweep
3,7,1400.0,-700.0,no_signal,,sweep
3,7,1400.0,0.0,no_signal,,sweep
3,7,1400.0,700.0,no_signal,,sweep
3,7,700.0,1400.0,no_signal,,sweep
3,7,700.0,2100.0,no_signal,,sweep
3,7,1400.0,1400.0,no_signal,,sweep
3,7,2100.0,700.0,no_signal,,sweep
3,7,2100.0,0.0,no_signal,,sweep
3,7,2100.0,-700.0,no_signal,,sweep
3,8,0.0,0.0,no_signal,,sweep
3,8,-700.0,-700.0,no_signal,,sweep
3,8,0.0,-700.0,no_signal,,sweep
3,8,0.0,-1400.0,no_signal,,sweep
3,8,0.0,-2100.0,no_signal,,sweep
3,8,-700.0,-2100.0,no_signal,,sweep
3,8,-700.0,-1400.0,no_signal,,sweep
3,8,-1400.0,-1400.0,no_signal,,sweep
3,8,-1400.0,-700.0,no_signal,,sweep
3,8,-2100.0,-700.0,no_signal,,sweep
3,8,-2100.0,0.0,no_signal,,sweep
3,8,-1400.0,0.0,no_signal,,sweep
3,8,-700.0,0.0,no_signal,,sweep
3,8,-700.0,700.0,no_signal,,sweep
3,8,-1400.0,700.0,no_signal,,sweep
3,8,-2100.0,700.0,no_signal,,sweep
3,8,-1400.0,1400.0,no_signal,,sweep
3,8,-700.0,1400.0,no_signal,,sweep
3,8,-700.0,2100.0,no_signal,,sweep
3,8,0.0,2100.0,no_signal,,sweep
3,8,0.0,1400.0,no_signal,,sweep
3,8,0.0,700.0,no_signal,,sweep
3,8,700.0,700.0,no_signal,,sweep
3,8,700.0,0.0,no_signal,,sweep
3,8,700.0,-700.0,no_signal,,sweep
3,8,700.0,-1400.0,no_signal,,sweep
3,8,700.0,-2100.0,no_signal,,sweep
3,8,1400.0,-1400.0,no_signal,,sweep
3,8,1400.0,-700.0,no_signal,,sweep
3,8,1400.0,0.0,no_signal,,sweep
3,8,1400.0,700.0,no_signal,,sweep
3,8,700.0,1400.0,no_signal,,sweep
3,8,700.0,2100.0,no_signal,,sweep
3,8,1400.0,1400.0,no_signal,,sweep
3,8,2100.0,700.0,no_signal,,sweep
3,8,2100.0,0.0,no_signal,,sweep
3,8,2100.0,-700.0,no_signal,,sweep
3,9,0.0,0.0,no_signal,,sweep
3,9,-700.0,-700.0,no_signal,,sweep
3,9,0.0,-700.0,no_signal,,sweep
3,9,0.0,-1400.0,no_signal,,sweep
3,9,0.0,-2100.0,no_signal,,sweep
3,9,-700.0,-2100.0,no_signal,,sweep
3,9,-700.0,-1400.0,no_signal,,sweep
3,9,-1400.0,-1400.0,no_signal,,sweep
3,9,-1400.0,-700.0,no_signal,,sweep
3,9,-2100.0,-700.0,no_signal,,sweep
3,9,-2100.0,0.0,no_signal,,sweep
3,9,-1400.0,0.0,no_signal,,sweep
3,9,-700.0,0.0,no_signal,,sweep
3,9,-700.0,700.0,no_signal,,sweep
3,9,-1400.0,700.0,no_signal,,sweep
3,9,-2100.0,700.0,no_signal,,sweep
3,9,-1400.0,1400.0,no_signal,,sweep
3,9,-700.0,1400.0,no_signal,,sweep
3,9,-700.0,2100.0,no_signal,,sweep
3,9,0.0,2100.0,no_signal,,sweep
3,9,0.0,1400.0,no_signal,,sweep
3,9,0.0,700.0,no_signal,,sweep
3,9,700.0,700.0,no_signal,,sweep
3,9,700.0,0.0,no_signal,,sweep
3,9,700.0,-700.0,no_signal,,sweep
3,9,700.0,-1400.0,no_signal,,sweep
3,9,700.0,-2100.0,no_signal,,sweep
3,9,1400.0,-1400.0,no_signal,,sweep
3,9,1400.0,-700.0,no_signal,,sweep
3,9,1400.0,0.0,no_signal,,sweep
3,9,1400.0,700.0,no_signal,,sweep
3,9,700.0,1400.0,no_signal,,sweep
3,9,700.0,2100.0,no_signal,,sweep
3,9,1400.0,1400.0,no_signal,,sweep
3,9,2100.0,700.0,no_signal,,sweep
3,9,2100.0,0.0,no_signal,,sweep
3,9,2100.0,-700.0,no_signal,,sweep
3,10,0.0,0.0,no_signal,,sweep
3,10,-700.0,-700.0,no_signal,,sweep
3,10,0.0,-700.0,no_signal,,sweep
3,10,0.0,-1400.0,no_signal,,sweep
3,10,0.0,-2100.0,no_signal,,sweep
3,10,-700.0,-2100.0,no_signal,,sweep
3,10,-700.0,-1400.0,no_signal,,sweep
3,10,-1400.0,-1400.0,no_signal,,sweep
3,10,-1400.0,-700.0,no_signal,,sweep
3,10,-2100.0,-700.0,no_signal,,sweep
3,10,-2100.0,0.0,no_signal,,sweep
3,10,-1400.0,0.0,no_signal,,sweep
3,10,-700.0,0.0,no_signal,,sweep
3,10,-700.0,700.0,direction,46.86,sweep
3,10,-700.0,1400.0,direction,2.07,sweep
3,10,-700.0,2100.0,direction,315.82,sweep
3,10,0.0,2100.0,direction,269.67,sweep
3,11,0.0,0.0,direction,286.06,sweep
3,11,-700.0,-700.0,direction,333.37,sweep
3,11,0.0,-700.0,direction,305.35,sweep
3,11,0.0,-1400.0,direction,26.75,sweep
3,12,0.0,0.0,no_signal,,sweep
3,12,-700.0,-700.0,no_signal,,sweep
3,12,0.0,-700.0,no_signal,,sweep
3,12,0.0,-1400.0,no_signal,,sweep
3,12,0.0,-2100.0,no_signal,,sweep
3,12,-700.0,-2100.0,no_signal,,sweep
3,12,-700.0,-1400.0,no_signal,,sweep
3,12,-1400.0,-1400.0,no_signal,,sweep
3,12,-1400.0,-700.0,no_signal,,sweep
3,12,-2100.0,-700.0,no_signal,,sweep
3,12,-2100.0,0.0,no_signal,,sweep
3,12,-1400.0,0.0,no_signal,,sweep
3,12,-700.0,0.0,no_signal,,sweep
3,12,-700.0,700.0,no_signal,,sweep
3,12,-1400.0,700.0,direction,59.02,sweep
3,12,-2100.0,700.0,direction,30.70,sweep
3,12,-1400.0,1400.0,direction,353.68,sweep
3,13,0.0,0.0,no_signal,,sweep
3,13,-700.0,-700.0,no_signal,,sweep
3,13,0.0,-700.0,no_signal,,sweep
3,13,0.0,-1400.0,direction,149.53,sweep
3,13,-700.0,-2100.0,direction,87.09,sweep
3,13,-700.0,-1400.0,direction,82.22,sweep
3,14,0.0,0.0,no_signal,,sweep
3,14,-700.0,-700.0,no_signal,,sweep
3,14,0.0,-700.0,direction,339.20,sweep
3,14,0.0,-1400.0,direction,12.49,sweep
3,14,700.0,-700.0,direction,316.96,sweep
3,14,700.0,-1400.0,direction,30.14,sweep
3,15,0.0,0.0,no_signal,,sweep
3,15,-700.0,-700.0,no_signal,,sweep
3,15,0.0,-700.0,no_signal,,sweep
3,15,0.0,-1400.0,no_signal,,sweep
3,15,0.0,-2100.0,no_signal,,sweep
3,15,-700.0,-2100.0,no_signal,,sweep
3,15,-700.0,-1400.0,no_signal,,sweep
3,15,-1400.0,-1400.0,no_signal,,sweep
3,15,-1400.0,-700.0,direction,99.17,sweep
3,15,-2100.0,-700.0,direction,57.86,sweep
3,15,-2100.0,0.0,direction,19.25,sweep
3,15,-1400.0,0.0,direction,126.41,sweep
3,16,0.0,0.0,no_signal,,sweep
3,16,-700.0,-700.0,no_signal,,sweep
3,16,0.0,-700.0,no_signal,,sweep
3,16,0.0,-1400.0,no_signal,,sweep
3,16,0.0,-2100.0,no_signal,,sweep
3,16,-700.0,-2100.0,no_signal,,sweep
3,16,-700.0,-1400.0,no_signal,,sweep
3,16,-1400.0,-1400.0,direction,97.06,sweep
3,16,-1400.0,-700.0,no_signal,,sweep
3,16,-2100.0,-700.0,direction,8.81,sweep
3,17,0.0,0.0,direction,263.24,sweep
3,17,-700.0,-700.0,direction,323.30,sweep
3,17,0.0,-700.0,direction,251.36,sweep
3,18,0.0,0.0,no_signal,,sweep
3,18,-700.0,-700.0,no_signal,,sweep
3,18,0.0,-700.0,no_signal,,sweep
3,18,0.0,-1400.0,no_signal,,sweep
3,18,0.0,-2100.0,no_signal,,sweep
3,18,-700.0,-2100.0,no_signal,,sweep
3,18,-700.0,-1400.0,no_signal,,sweep
3,18,-1400.0,-1400.0,no_signal,,sweep
3,18,-1400.0,-700.0,no_signal,,sweep
3,18,-2100.0,-700.0,no_signal,,sweep
3,18,-2100.0,0.0,no_signal,,sweep
3,18,-1400.0,0.0,no_signal,,sweep
3,18,-700.0,0.0,no_signal,,sweep
3,18,-700.0,700.0,no_signal,,sweep
3,18,-1400.0,700.0,no_signal,,sweep
3,18,-2100.0,700.0,no_signal,,sweep
3,18,-1400.0,1400.0,no_signal,,sweep
3,18,-700.0,1400.0,no_signal,,sweep
3,18,-700.0,2100.0,no_signal,,sweep
3,18,0.0,2100.0,no_signal,,sweep
3,18,0.0,1400.0,no_signal,,sweep
3,18,0.0,700.0,no_signal,,sweep
3,18,700.0,700.0,no_signal,,sweep
3,18,700.0,0.0,no_signal,,sweep
3,18,700.0,-700.0,no_signal,,sweep
3,18,700.0,-1400.0,no_signal,,sweep
3,18,700.0,-2100.0,no_signal,,sweep
3,18,1400.0,-1400.0,no_signal,,sweep
3,18,1400.0,-700.0,no_signal,,sweep
3,18,1400.0,0.0,no_signal,,sweep
3,18,1400.0,700.0,no_signal,,sweep
3,18,700.0,1400.0,no_signal,,sweep
3,18,700.0,2100.0,no_signal,,sweep
3,18,1400.0,1400.0,no_signal,,sweep
3,18,2100.0,700.0,no_signal,,sweep
3,18,2100.0,0.0,no_signal,,sweep
3,18,2100.0,-700.0,no_signal,,sweep
3,19,0.0,0.0,no_signal,,sweep
3,19,-700.0,-700.0,no_signal,,sweep
3,19,0.0,-700.0,direction,345.38,sweep
3,19,0.0,-1400.0,direction,20.16,sweep
3,19,700.0,0.0,direction,291.58,sweep
3,19,700.0,-700.0,direction,322.19,sweep
3,20,0.0,0.0,no_signal,,sweep
3,20,-700.0,-700.0,no_signal,,sweep
3,20,0.0,-700.0,no_signal,,sweep
3,20,0.0,-1400.0,no_signal,,sweep
3,20,0.0,-2100.0,no_signal,,sweep
3,20,-700.0,-2100.0,no_signal,,sweep
3,20,-700.0,-1400.0,no_signal,,sweep
3,20,-1400.0,-1400.0,no_signal,,sweep
3,20,-1400.0,-700.0,no_signal,,sweep
3,20,-2100.0,-700.0,no_signal,,sweep
3,20,-2100.0,0.0,no_signal,,sweep
3,20,-1400.0,0.0,no_signal,,sweep
3,20,-700.0,0.0,no_signal,,sweep
3,20,-700.0,700.0,no_signal,,sweep
3,20,-1400.0,700.0,no_signal,,sweep
3,20,-2100.0,700.0,no_signal,,sweep
3,20,-1400.0,1400.0,no_signal,,sweep
3,20,-700.0,1400.0,no_signal,,sweep
3,20,-700.0,2100.0,no_signal,,sweep
3,20,0.0,2100.0,no_signal,,sweep
3,20,0.0,1400.0,no_signal,,sweep
3,20,0.0,700.0,no_signal,,sweep
3,20,700.0,700.0,no_signal,,sweep
3,20,700.0,0.0,no_signal,,sweep
3,20,700.0,-700.0,no_signal,,sweep
3,20,700.0,-1400.0,no_signal,,sweep
3,20,700.0,-2100.0,no_signal,,sweep
3,20,1400.0,-1400.0,no_signal,,sweep
3,20,1400.0,-700.0,direction,115.31,sweep
3,20,1400.0,0.0,direction,171.57,sweep
3,20,1400.0,700.0,direction,240.05,sweep
4,1,0.0,0.0,no_signal,,sweep
4,1,-700.0,-700.0,no_signal,,sweep
4,1,0.0,-700.0,no_signal,,sweep
4,1,0.0,-1400.0,no_signal,,sweep
4,1,0.0,-2100.0,no_signal,,sweep
4,1,-700.0,-2100.0,no_signal,,sweep
4,1,-700.0,-1400.0,no_signal,,sweep
4,1,-1400.0,-1400.0,no_signal,,sweep
4,1,-1400.0,-700.0,no_signal,,sweep
4,1,-2100.0,-700.0,no_signal,,sweep
4,1,-2100.0,0.0,no_signal,,sweep
4,1,-1400.0,0.0,no_signal,,sweep
4,1,-700.0,0.0,direction,29.72,sweep
4,1,-700.0,700.0,direction,0.06,sweep
4,1,0.0,1400.0,direction,304.26,sweep
4,1,0.0,700.0,direction,359.17,sweep
4,2,0.0,0.0,no_signal,,sweep
4,2,-700.0,-700.0,no_signal,,sweep
4,2,0.0,-700.0,direction,85.69,sweep
4,2,-700.0,0.0,no_signal,,sweep
4,2,-700.0,700.0,no_signal,,sweep
4,2,0.0,700.0,no_signal,,sweep
4,2,700.0,700.0,no_signal,,sweep
4,2,700.0,0.0,direction,198.39,sweep
4,3,0.0,0.0,no_signal,,sweep
4,3,-700.0,-700.0,no_signal,,sweep
4,3,0.0,-700.0,no_signal,,sweep
4,3,0.0,-1400.0,no_signal,,sweep
4,3,0.0,-2100.0,no_signal,,sweep
4,3,-700.0,-2100.0,no_signal,,sweep
4,3,-700.0,-1400.0,no_signal,,sweep
4,3,-1400.0,-1400.0,no_signal,,sweep
4,3,-1400.0,-700.0,no_signal,,sweep
4,3,-2100.0,-700.0,no_signal,,sweep
4,3,-2100.0,0.0,no_signal,,sweep
4,3,-1400.0,0.0,no_signal,,sweep
4,3,-700.0,0.0,no_signal,,sweep
4,3,-700.0,700.0,no_signal,,sweep
4,3,-1400.0,700.0,no_signal,,sweep
4,3,-2100.0,700.0,no_signal,,sweep
4,3,-1400.0,1400.0,no_signal,,sweep
4,3,-700.0,1400.0,no_signal,,sweep
4,3,-700.0,2100.0,no_signal,,sweep
4,3,0.0,2100.0,no_signal,,sweep
4,3,0.0,1400.0,no_signal,,sweep
4,3,0.0,700.0,no_signal,,sweep
4,3,700.0,700.0,no_signal,,sweep
4,3,700.0,0.0,no_signal,,sweep
4,3,700.0,-700.0,no_signal,,sweep
4,3,700.0,-1400.0,no_signal,,sweep
4,3,700.0,-2100.0,no_signal,,sweep
4,3,1400.0,-1400.0,no_signal,,sweep
4,3,1400.0,-700.0,no_signal,,sweep
4,3,1400.0,0.0,no_signal,,sweep
4,3,1400.0,700.0,no_signal,,sweep
4,3,700.0,1400.0,no_signal,,sweep
4,3,700.0,2100.0,no_signal,,sweep
4,3,1400.0,1400.0,no_signal,,sweep
4,3,2100.0,700.0,no_signal,,sweep
4,3,2100.0,0.0,no_signal,,sweep
4,3,2100.0,-700.0,no_signal,,sweep
4,4,0.0,0.0,no_signal,,sweep
4,4,-700.0,-700.0,no_signal,,sweep
4,4,0.0,-700.0,no_signal,,sweep
4,4,0.0,-1400.0,no_signal,,sweep
4,4,0.0,-2100.0,no_signal,,sweep
4,4,-700.0,-2100.0,no_signal,,sweep
4,4,-700.0,-1400.0,no_signal,,sweep
4,4,-1400.0,-1400.0,no_signal,,sweep
4,4,-1400.0,-700.0,no_signal,,sweep
4,4,-2100.0,-700.0,no_signal,,sweep
4,4,-2100.0,0.0,no_signal,,sweep
4,4,-1400.0,0.0,no_signal,,sweep
4,4,-700.0,0.0,no_signal,,sweep
4,4,-700.0,700.0,no_signal,,sweep
4,4,-1400.0,700.0,no_signal,,sweep
4,4,-2100.0,700.0,no_signal,,sweep
4,4,-1400.0,1400.0,no_signal,,sweep
4,4,-700.0,1400.0,no_signal,,sweep
4,4,-700.0,2100.0,no_signal,,sweep
4,4,0.0,2100.0,no_signal,,sweep
4,4,0.0,1400.0,no_signal,,sweep
4,4,0.0,700.0,no_signal,,sweep
4,4,700.0,700.0,no_signal,,sweep
4,4,700.0,0.0,no_signal,,sweep
4,4,700.0,-700.0,no_signal,,sweep
4,4,700.0,-1400.0,no_signal,,sweep
4,4,700.0,-2100.0,no_signal,,sweep
4,4,1400.0,-1400.0,no_signal,,sweep
4,4,1400.0,-700.0,no_signal,,sweep
4,4,1400.0,0.0,no_signal,,sweep
4,4,1400.0,700.0,no_signal,,sweep
4,4,700.0,1400.0,no_signal,,sweep
4,4,700.0,2100.0,no_signal,,sweep
4,4,1400.0,1400.0,no_signal,,sweep
4,4,2100.0,700.0,no_signal,,sweep
4,4,2100.0,0.0,no_signal,,sweep
4,4,2100.0,-700.0,no_signal,,sweep
4,5,0.0,0.0,direction,279.85,sweep
4,5,-700.0,-700.0,no_signal,,sweep
4,5,0.0,-700.0,no_signal,,sweep
4,5,0.0,-1400.0,no_signal,,sweep
4,5,-700.0,-1400.0,no_signal,,sweep
4,5,-700.0,0.0,direction,334.87,sweep
4,5,0.0,700.0,direction,273.91,sweep
4,5,700.0,0.0,direction,209.01,sweep
4,6,0.0,0.0,no_signal,,sweep
4,6,-700.0,-700.0,no_signal,,sweep
4,6,0.0,-700.0,no_signal,,sweep
4,6,0.0,-1400.0,no_signal,,sweep
4,6,0.0,-2100.0,no_signal,,sweep
4,6,-700.0,-2100.0,no_signal,,sweep
4,6,-700.0,-1400.0,no_signal,,sweep
4,6,-1400.0,-1400.0,no_signal,,sweep
4,6,-1400.0,-700.0,no_signal,,sweep
4,6,-2100.0,-700.0,no_signal,,sweep
4,6,-2100.0,0.0,no_signal,,sweep
4,6,-1400.0,0.0,no_signal,,sweep
4,6,-700.0,0.0,no_signal,,sweep
4,6,-700.0,700.0,no_signal,,sweep
4,6,-1400.0,700.0,no_signal,,sweep
4,6,-2100.0,700.0,no_signal,,sweep
4,6,-1400.0,1400.0,no_signal,,sweep
4,6,-700.0,1400.0,no_signal,,sweep
4,6,-700.0,2100.0,no_signal,,sweep
4,6,0.0,2100.0,no_signal,,sweep
4,6,0.0,1400.0,no_signal,,sweep
4,6,0.0,700.0,no_signal,,sweep
4,6,700.0,700.0,no_signal,,sweep
4,6,700.0,0.0,no_signal,,sweep
4,6,700.0,-700.0,no_signal,,sweep
4,6,700.0,-1400.0,no_signal,,sweep
4,6,700.0,-2100.0,no_signal,,sweep
4,6,1400.0,-1400.0,no_signal,,sweep
4,6,1400.0,-700.0,no_signal,,sweep
4,6,1400.0,0.0,no_signal,,sweep
4,6,1400.0,700.0,no_signal,,sweep
4,6,700.0,1400.0,no_signal,,sweep
4,6,700.0,2100.0,no_signal,,sweep
4,6,1400.0,1400.0,no_signal,,sweep
4,6,2100.0,700.0,no_signal,,sweep
4,6,2100.0,0.0,no_signal,,sweep
4,6,2100.0,-700.0,no_signal,,sweep
4,7,0.0,0.0,no_signal,,sweep
4,7,-700.0,-700.0,no_signal,,sweep
4,7,0.0,-700.0,no_signal,,sweep
4,7,0.0,-1400.0,no_signal,,sweep
4,7,0.0,-2100.0,no_signal,,sweep
4,7,-700.0,-2100.0,no_signal,,sweep
4,7,-700.0,-1400.0,no_signal,,sweep
4,7,-1400.0,-1400.0,no_signal,,sweep
4,7,-1400.0,-700.0,no_signal,,sweep
4,7,-2100.0,-700.0,no_signal,,sweep
4,7,-2100.0,0.0,no_signal,,sweep
4,7,-1400.0,0.0,no_signal,,sweep
4,7,-700.0,0.0,no_signal,,sweep
4,7,-700.0,700.0,no_signal,,sweep
4,7,-1400.0,700.0,no_signal,,sweep
4,7,-2100.0,700.0,no_signal,,sweep
4,7,-1400.0,1400.0,no_signal,,sweep
4,7,-700.0,1400.0,no_signal,,sweep
4,7,-700.0,2100.0,no_signal,,sweep
4,7,0.0,2100.0,no_signal,,sweep
4,7,0.0,1400.0,no_signal,,sweep
4,7,0.0,700.0,no_signal,,sweep
4,7,700.0,700.0,no_signal,,sweep
4,7,700.0,0.0,no_signal,,sweep
4,7,700.0,-700.0,no_signal,,sweep
4,7,700.0,-1400.0,no_signal,,sweep
4,7,700.0,-2100.0,no_signal,,sweep
4,7,1400.0,-1400.0,no_signal,,sweep
4,7,1400.0,-700.0,no_signal,,sweep
4,7,1400.0,0.0,no_signal,,sweep
4,7,1400.0,700.0,no_signal,,sweep
4,7,700.0,1400.0,no_signal,,sweep
4,7,700.0,2100.0,no_signal,,sweep
4,7,1400.0,1400.0,no_signal,,sweep
4,7,2100.0,700.0,no_signal,,sweep
4,7,2100.0,0.0,no_signal,,sweep
4,7,2100.0,-700.0,no_signal,,sweep
4,8,0.0,0.0,no_signal,,sweep
4,8,-700.0,-700.0,no_signal,,sweep
4,8,0.0,-700.0,no_signal,,sweep
4,8,0.0,-1400.0,no_signal,,sweep
4,8,0.0,-2100.0,no_signal,,sweep
4,8,-700.0,-2100.0,no_signal,,sweep
4,8,-700.0,-1400.0,no_signal,,sweep
4,8,-1400.0,-1400.0,no_signal,,sweep
4,8,-1400.0,-700.0,no_signal,,sweep
4,8,-2100.0,-700.0,no_signal,,sweep
4,8,-2100.0,0.0,no_signal,,sweep
4,8,-1400.0,0.0,no_signal,,sweep
4,8,-700.0,0.0,no_signal,,sweep
4,8,-700.0,700.0,no_signal,,sweep
4,8,-1400.0,700.0,no_signal,,sweep
4,8,-2100.0,700.0,no_signal,,sweep
4,8,-1400.0,1400.0,no_signal,,sweep
4,8,-700.0,1400.0,no_signal,,sweep
4,8,-700.0,2100.0,no_signal,,sweep
4,8,0.0,2100.0,no_signal,,sweep
4,8,0.0,1400.0,no_signal,,sweep
4,8,0.0,700.0,no_signal,,sweep
4,8,700.0,700.0,no_signal,,sweep
4,8,700.0,0.0,direction,307.69,sweep
4,8,700.0,-700.0,direction,5.06,sweep
4,8,700.0,-1400.0,direction,55.95,sweep
4,9,0.0,0.0,no_signal,,sweep
4,9,-700.0,-700.0,no_signal,,sweep
4,9,0.0,-700.0,no_signal,,sweep
4,9,0.0,-1400.0,no_signal,,sweep
4,9,0.0,-2100.0,no_signal,,sweep
4,9,-700.0,-2100.0,no_signal,,sweep
4,9,-700.0,-1400.0,no_signal,,sweep
4,9,-1400.0,-1400.0,no_signal,,sweep
4,9,-1400.0,-700.0,no_signal,,sweep
4,9,-2100.0,-700.0,no_signal,,sweep
4,9,-2100.0,0.0,no_signal,,sweep
4,9,-1400.0,0.0,no_signal,,sweep
4,9,-700.0,0.0,no_signal,,sweep
4,9,-700.0,700.0,no_signal,,sweep
4,9,-1400.0,700.0,no_signal,,sweep
4,9,-2100.0,700.0,no_signal,,sweep
4,9,-1400.0,1400.0,no_signal,,sweep
4,9,-700.0,1400.0,no_signal,,sweep
4,9,-700.0,2100.0,no_signal,,sweep
4,9,0.0,2100.0,no_signal,,sweep
4,9,0.0,1400.0,no_signal,,sweep
4,9,0.0,700.0,no_signal,,sweep
4,9,700.0,700.0,no_signal,,sweep
4,9,700.0,0.0,no_signal,,sweep
4,9,700.0,-700.0,no_signal,,sweep
4,9,700.0,-1400.0,no_signal,,sweep
4,9,700.0,-2100.0,no_signal,,sweep
4,9,1400.0,-1400.0,no_signal,,sweep
4,9,1400.0,-700.0,no_signal,,sweep
4,9,1400.0,0.0,no_signal,,sweep
4,9,1400.0,700.0,no_signal,,sweep
4,9,700.0,1400.0,no_signal,,sweep
4,9,700.0,2100.0,no_signal,,sweep
4,9,1400.0,1400.0,no_signal,,sweep
4,9,2100.0,700.0,no_signal,,sweep
4,9,2100.0,0.0,no_signal,,sweep
4,9,2100.0,-700.0,no_signal,,sweep
4,10,0.0,0.0,no_signal,,sweep
4,10,-700.0,-700.0,no_signal,,sweep
4,10,0.0,-700.0,no_signal,,sweep
4,10,0.0,-1400.0,no_signal,,sweep
4,10,0.0,-2100.0,no_signal,,sweep
4,10,-700.0,-2100.0,no_signal,,sweep
4,10,-700.0,-1400.0,no_signal,,sweep
4,10,-1400.0,-1400.0,no_signal,,sweep
4,10,-1400.0,-700.0,no_signal,,sweep
4,10,-2100.0,-700.0,no_signal,,sweep
4,10,-2100.0,0.0,direction,46.09,sweep
4,10,-1400.0,0.0,direction,90.70,sweep
4,10,-700.0,0.0,direction,135.60,sweep
4,10,-700.0,700.0,direction,180.49,sweep
4,11,0.0,0.0,no_signal,,sweep
4,11,-700.0,-700.0,no_signal,,sweep
4,11,0.0,-700.0,no_signal,,sweep
4,11,0.0,-1400.0,no_signal,,sweep
4,11,0.0,-2100.0,no_signal,,sweep
4,11,-700.0,-2100.0,no_signal,,sweep
4,11,-700.0,-1400.0,no_signal,,sweep
4,11,-1400.0,-1400.0,no_signal,,sweep
4,11,-1400.0,-700.0,no_signal,,sweep
4,11,-2100.0,-700.0,no_signal,,sweep
4,11,-2100.0,0.0,no_signal,,sweep
4,11,-1400.0,0.0,no_signal,,sweep
4,11,-700.0,0.0,no_signal,,sweep
4,11,-700.0,700.0,no_signal,,sweep
4,11,-1400.0,700.0,no_signal,,sweep
4,11,-2100.0,700.0,no_signal,,sweep
4,11,-1400.0,1400.0,no_signal,,sweep
4,11,-700.0,1400.0,no_signal,,sweep
4,11,-700.0,2100.0,no_signal,,sweep
4,11,0.0,2100.0,no_signal,,sweep
4,11,0.0,1400.0,no_signal,,sweep
4,11,0.0,700.0,no_signal,,sweep
4,11,700.0,700.0,no_signal,,sweep
4,11,700.0,0.0,direction,333.93,sweep
4,11,700.0,-700.0,direction,32.69,sweep
4,11,1400.0,-1400.0,no_signal,,sweep
4,11,1400.0,-700.0,direction,102.35,sweep
4,12,0.0,0.0,no_signal,,sweep
4,12,-700.0,-700.0,no_signal,,sweep
4,12,0.0,-700.0,no_signal,,sweep
4,12,0.0,-1400.0,no_signal,,sweep
4,12,0.0,-2100.0,no_signal,,sweep
4,12,-700.0,-2100.0,no_signal,,sweep
4,12,-700.0,-1400.0,no_signal,,sweep
4,12,-1400.0,-1400.0,no_signal,,sweep
4,12,-1400.0,-700.0,no_signal,,sweep
4,12,-2100.0,-700.0,no_signal,,sweep
4,12,-2100.0,0.0,no_signal,,sweep
4,12,-1400.0,0.0,no_signal,,sweep
4,12,-700.0,0.0,no_signal,,sweep
4,12,-700.0,700.0,no_signal,,sweep
4,12,-1400.0,700.0,no_signal,,sweep
4,12,-2100.0,700.0,no_signal,,sweep
4,12,-1400.0,1400.0,no_signal,,sweep
4,12,-700.0,1400.0,no_signal,,sweep
4,12,-700.0,2100.0,no_signal,,sweep
4,12,0.0,2100.0,no_signal,,sweep
4,12,0.0,1400.0,no_signal,,sweep
4,12,0.0,700.0,direction,336.70,sweep
4,12,700.0,700.0,direction,306.87,sweep
4,12,700.0,0.0,no_signal,,sweep
4,12,700.0,-700.0,no_signal,,sweep
4,12,1400.0,-700.0,no_signal,,sweep
4,12,1400.0,0.0,no_signal,,sweep
4,12,1400.0,700.0,direction,231.87,sweep
4,13,0.0,0.0,no_signal,,sweep
4,13,-700.0,-700.0,no_signal,,sweep
4,13,0.0,-700.0,no_signal,,sweep
4,13,0.0,-1400.0,no_signal,,sweep
4,13,0.0,-2100.0,no_signal,,sweep
4,13,-700.0,-2100.0,no_signal,,sweep
4,13,-700.0,-1400.0,no_signal,,sweep
4,13,-1400.0,-1400.0,no_signal,,sweep
4,13,-1400.0,-700.0,no_signal,,sweep
4,13,-2100.0,-700.0,no_signal,,sweep
4,13,-2100.0,0.0,no_signal,,sweep
4,13,-1400.0,0.0,no_signal,,sweep
4,13,-700.0,0.0,no_signal,,sweep
4,13,-700.0,700.0,no_signal,,sweep
4,13,-1400.0,700.0,no_signal,,sweep
4,13,-2100.0,700.0,no_signal,,sweep
4,13,-1400.0,1400.0,no_signal,,sweep
4,13,-700.0,1400.0,no_signal,,sweep
4,13,-700.0,2100.0,no_signal,,sweep
4,13,0.0,2100.0,no_signal,,sweep
4,13,0.0,1400.0,no_signal,,sweep
4,13,0.0,700.0,no_signal,,sweep
4,13,700.0,700.0,no_signal,,sweep
4,13,700.0,0.0,no_signal,,sweep
4,13,700.0,-700.0,no_signal,,sweep
4,13,700.0,-1400.0,no_signal,,sweep
4,13,700.0,-2100.0,no_signal,,sweep
4,13,1400.0,-1400.0,no_signal,,sweep
4,13,1400.0,-700.0,no_signal,,sweep
4,13,1400.0,0.0,no_signal,,sweep
4,13,1400.0,700.0,no_signal,,sweep
4,13,700.0,1400.0,no_signal,,sweep
4,13,700.0,2100.0,no_signal,,sweep
4,13,1400.0,1400.0,no_signal,,sweep
4,13,2100.0,700.0,no_signal,,sweep
4,13,2100.0,0.0,no_signal,,sweep
4,13,2100.0,-700.0,no_signal,,sweep
4,14,0.0,0.0,no_signal,,sweep
4,14,-700.0,-700.0,direction,323.07,sweep
4,14,0.0,-700.0,direction,289.47,sweep
4,14,0.0,-1400.0,direction,353.49,sweep
4,15,0.0,0.0,no_signal,,sweep
4,15,-700.0,-700.0,no_signal,,sweep
4,15,0.0,-700.0,no_signal,,sweep
4,15,0.0,-1400.0,no_signal,,sweep
4,15,0.0,-2100.0,no_signal,,sweep
4,15,-700.0,-2100.0,no_signal,,sweep
4,15,-700.0,-1400.0,no_signal,,sweep
4,15,-1400.0,-1400.0,no_signal,,sweep
4,15,-1400.0,-700.0,no_signal,,sweep
4,15,-2100.0,-700.0,no_signal,,sweep
4,15,-2100.0,0.0,no_signal,,sweep
4,15,-1400.0,0.0,no_signal,,sweep
4,15,-700.0,0.0,no_signal,,sweep
4,15,-700.0,700.0,no_signal,,sweep
4,15,-1400.0,700.0,no_signal,,sweep
4,15,-2100.0,700.0,no_signal,,sweep
4,15,-1400.0,1400.0,no_signal,,sweep
4,15,-700.0,1400.0,no_signal,,sweep
4,15,-700.0,2100.0,no_signal,,sweep
4,15,0.0,2100.0,no_signal,,sweep
4,15,0.0,1400.0,no_signal,,sweep
4,15,0.0,700.0,no_signal,,sweep
4,15,700.0,700.0,no_signal,,sweep
4,15,700.0,0.0,no_signal,,sweep
4,15,700.0,-700.0,no_signal,,sweep
4,15,700.0,-1400.0,no_signal,,sweep
4,15,700.0,-2100.0,no_signal,,sweep
4,15,1400.0,-1400.0,no_signal,,sweep
4,15,1400.0,-700.0,no_signal,,sweep
4,15,1400.0,0.0,no_signal,,sweep
4,15,1400.0,700.0,no_signal,,sweep
4,15,700.0,1400.0,no_signal,,sweep
4,15,700.0,2100.0,no_signal,,sweep
4,15,1400.0,1400.0,no_signal,,sweep
4,15,2100.0,700.0,no_signal,,sweep
4,15,2100.0,0.0,no_signal,,sweep
4,15,2100.0,-700.0,no_signal,,sweep
4,16,0.0,0.0,direction,299.34,sweep
4,16,-700.0,-700.0,no_signal,,sweep
4,16,0.0,-700.0,direction,332.13,sweep
4,16,0.0,-1400.0,direction,35.11,sweep
4,16,700.0,0.0,direction,263.41,sweep
4,17,0.0,0.0,no_signal,,sweep
4,17,-700.0,-700.0,no_signal,,sweep
4,17,0.0,-700.0,no_signal,,sweep
4,17,0.0,-1400.0,no_signal,,sweep
4,17,0.0,-2100.0,no_signal,,sweep
4,17,-700.0,-2100.0,no_signal,,sweep
4,17,-700.0,-1400.0,no_signal,,sweep
4,17,-1400.0,-1400.0,no_signal,,sweep
4,17,-1400.0,-700.0,no_signal,,sweep
4,17,-2100.0,-700.0,no_signal,,sweep
4,17,-2100.0,0.0,no_signal,,sweep
4,17,-1400.0,0.0,no_signal,,sweep
4,17,-700.0,0.0,no_signal,,sweep
4,17,-700.0,700.0,no_signal,,sweep
4,17,-1400.0,700.0,no_signal,,sweep
4,17,-2100.0,700.0,no_signal,,sweep
4,17,-1400.0,1400.0,no_signal,,sweep
4,17,-700.0,1400.0,no_signal,,sweep
4,17,-700.0,2100.0,no_signal,,sweep
4,17,0.0,2100.0,no_signal,,sweep
4,17,0.0,1400.0,no_signal,,sweep
4,17,0.0,700.0,no_signal,,sweep
4,17,700.0,700.0,no_signal,,sweep
4,17,700.0,0.0,no_signal,,sweep
4,17,700.0,-700.0,no_signal,,sweep
4,17,700.0,-1400.0,no_signal,,sweep
4,17,700.0,-2100.0,no_signal,,sweep
4,17,1400.0,-1400.0,no_signal,,sweep
4,17,1400.0,-700.0,no_signal,,sweep
4,17,1400.0,0.0,no_signal,,sweep
4,17,1400.0,700.0,no_signal,,sweep
4,17,700.0,1400.0,no_signal,,sweep
4,17,700.0,2100.0,no_signal,,sweep
4,17,1400.0,1400.0,no_signal,,sweep
4,17,2100.0,700.0,no_signal,,sweep
4,17,2100.0,0.0,no_signal,,sweep
4,17,2100.0,-700.0,no_signal,,sweep
4,18,0.0,0.0,no_signal,,sweep
4,18,-700.0,-700.0,no_signal,,sweep
4,18,0.0,-700.0,no_signal,,sweep
4,18,0.0,-1400.0,no_signal,,sweep
4,18,0.0,-2100.0,no_signal,,sweep
4,18,-700.0,-2100.0,no_signal,,sweep
4,18,-700.0,-1400.0,no_signal,,sweep
4,18,-1400.0,-1400.0,no_signal,,sweep
4,18,-1400.0,-700.0,no_signal,,sweep
4,18,-2100.0,-700.0,no_signal,,sweep
4,18,-2100.0,0.0,no_signal,,sweep
4,18,-1400.0,0.0,no_signal,,sweep
4,18,-700.0,0.0,no_signal,,sweep
4,18,-700.0,700.0,no_signal,,sweep
4,18,-1400.0,700.0,direction,1.36,sweep
4,18,-1400.0,1400.0,direction,294.59,sweep
4,19,0.0,0.0,no_signal,,sweep
4,19,-700.0,-700.0,no_signal,,sweep
4,19,0.0,-700.0,no_signal,,sweep
4,19,0.0,-1400.0,no_signal,,sweep
4,19,0.0,-2100.0,no_signal,,sweep
4,19,-700.0,-2100.0,no_signal,,sweep
4,19,-700.0,-1400.0,no_signal,,sweep
4,19,-1400.0,-1400.0,no_signal,,sweep
4,19,-1400.0,-700.0,no_signal,,sweep
4,19,-2100.0,-700.0,no_signal,,sweep
4,19,-2100.0,0.0,no_signal,,sweep
4,19,-1400.0,0.0,no_signal,,sweep
4,19,-700.0,0.0,no_signal,,sweep
4,19,-700.0,700.0,no_signal,,sweep
4,19,-1400.0,700.0,no_signal,,sweep
4,19,-2100.0,700.0,no_signal,,sweep
4,19,-1400.0,1400.0,no_signal,,sweep
4,19,-700.0,1400.0,no_signal,,sweep
4,19,-700.0,2100.0,no_signal,,sweep
4,19,0.0,2100.0,no_signal,,sweep
4,19,0.0,1400.0,no_signal,,sweep
4,19,0.0,700.0,no_signal,,sweep
4,19,700.0,700.0,direction,337.61,sweep
4,19,700.0,0.0,direction,17.24,sweep
4,19,1400.0,-700.0,direction,75.12,sweep
4,19,1400.0,0.0,direction,48.40,sweep
4,20,0.0,0.0,no_signal,,sweep
4,20,-700.0,-700.0,no_signal,,sweep
4,20,0.0,-700.0,no_signal,,sweep
4,20,0.0,-1400.0,no_signal,,sweep
4,20,0.0,-2100.0,no_signal,,sweep
4,20,-700.0,-2100.0,no_signal,,sweep
4,20,-700.0,-1400.0,no_signal,,sweep
4,20,-1400.0,-1400.0,no_signal,,sweep
4,20,-1400.0,-700.0,no_signal,,sweep
4,20,-2100.0,-700.0,no_signal,,sweep
4,20,-2100.0,0.0,no_signal,,sweep
4,20,-1400.0,0.0,no_signal,,sweep
4,20,-700.0,0.0,no_signal,,sweep
4,20,-700.0,700.0,no_signal,,sweep
4,20,-1400.0,700.0,no_signal,,sweep
4,20,-2100.0,700.0,no_signal,,sweep
4,20,-1400.0,1400.0,no_signal,,sweep
4,20,-700.0,1400.0,no_signal,,sweep
4,20,-700.0,2100.0,no_signal,,sweep
4,20,0.0,2100.0,no_signal,,sweep
4,20,0.0,1400.0,no_signal,,sweep
4,20,0.0,700.0,no_signal,,sweep
4,20,700.0,700.0,no_signal,,sweep
4,20,700.0,0.0,no_signal,,sweep
4,20,700.0,-700.0,no_signal,,sweep
4,20,700.0,-1400.0,no_signal,,sweep
4,20,700.0,-2100.0,no_signal,,sweep
4,20,1400.0,-1400.0,no_signal,,sweep
4,20,1400.0,-700.0,no_signal,,sweep
4,20,1400.0,0.0,no_signal,,sweep
4,20,1400.0,700.0,no_signal,,sweep
4,20,700.0,1400.0,no_signal,,sweep
4,20,700.0,2100.0,no_signal,,sweep
4,20,1400.0,1400.0,no_signal,,sweep
4,20,2100.0,700.0,no_signal,,sweep
4,20,2100.0,0.0,no_signal,,sweep
4,20,2100.0,-700.0,no_signal,,sweep
5,1,0.0,0.0,no_signal,,sweep
5,1,-700.0,-700.0,no_signal,,sweep
5,1,0.0,-700.0,direction,304.47,sweep
5,1,0.0,-1400.0,direction,348.45,sweep
5,1,0.0,-2100.0,direction,46.13,sweep
5,1,700.0,-700.0,direction,260.00,sweep
5,2,0.0,0.0,direction,112.33,sweep
5,2,-700.0,0.0,direction,60.35,sweep
5,2,-700.0,700.0,direction,2.53,sweep
5,3,0.0,0.0,no_signal,,sweep
5,3,-700.0,-700.0,no_signal,,sweep
5,3,0.0,-700.0,no_signal,,sweep
5,3,0.0,-1400.0,no_signal,,sweep
5,3,0.0,-2100.0,no_signal,,sweep
5,3,-700.0,-2100.0,no_signal,,sweep
5,3,-700.0,-1400.0,no_signal,,sweep
5,3,-1400.0,-1400.0,no_signal,,sweep
5,3,-1400.0,-700.0,no_signal,,sweep
5,3,-2100.0,-700.0,no_signal,,sweep
5,3,-2100.0,0.0,no_signal,,sweep
5,3,-1400.0,0.0,no_signal,,sweep
5,3,-700.0,0.0,no_signal,,sweep
5,3,-700.0,700.0,no_signal,,sweep
5,3,-1400.0,700.0,no_signal,,sweep
5,3,-2100.0,700.0,no_signal,,sweep
5,3,-1400.0,1400.0,no_signal,,sweep
5,3,-700.0,1400.0,no_signal,,sweep
5,3,-700.0,2100.0,no_signal,,sweep
5,3,0.0,2100.0,no_signal,,sweep
5,3,0.0,1400.0,no_signal,,sweep
5,3,0.0,700.0,no_signal,,sweep
5,3,700.0,700.0,no_signal,,sweep
5,3,700.0,0.0,no_signal,,sweep
5,3,700.0,-700.0,no_signal,,sweep
5,3,700.0,-1400.0,no_signal,,sweep
5,3,700.0,-2100.0,no_signal,,sweep
5,3,1400.0,-1400.0,no_signal,,sweep
5,3,1400.0,-700.0,no_signal,,sweep
5,3,1400.0,0.0,no_signal,,sweep
5,3,1400.0,700.0,no_signal,,sweep
5,3,700.0,1400.0,no_signal,,sweep
5,3,700.0,2100.0,no_signal,,sweep
5,3,1400.0,1400.0,no_signal,,sweep
5,3,2100.0,700.0,no_signal,,sweep
5,3,2100.0,0.0,no_signal,,sweep
5,3,2100.0,-700.0,no_signal,,sweep
5,4,0.0,0.0,no_signal,,sweep
5,4,-700.0,-700.0,no_signal,,sweep
5,4,0.0,-700.0,direction,331.84,sweep
5,4,0.0,-1400.0,direction,12.12,sweep
5,4,700.0,-700.0,direction,294.11,sweep
5,4,700.0,-1400.0,direction,41.60,sweep
5,5,0.0,0.0,direction,218.72,sweep
5,5,-700.0,-700.0,direction,52.65,sweep
5,5,0.0,-700.0,direction,136.96,sweep
5,6,0.0,0.0,no_signal,,sweep
5,6,-700.0,-700.0,no_signal,,sweep
5,6,0.0,-700.0,no_signal,,sweep
5,6,0.0,-1400.0,no_signal,,sweep
5,6,0.0,-2100.0,no_signal,,sweep
5,6,-700.0,-2100.0,no_signal,,sweep
5,6,-700.0,-1400.0,no_signal,,sweep
5,6,-1400.0,-1400.0,no_signal,,sweep
5,6,-1400.0,-700.0,no_signal,,sweep
5,6,-2100.0,-700.0,no_signal,,sweep
5,6,-2100.0,0.0,no_signal,,sweep
5,6,-1400.0,0.0,no_signal,,sweep
5,6,-700.0,0.0,no_signal,,sweep
5,6,-700.0,700.0,no_signal,,sweep
5,6,-1400.0,700.0,no_signal,,sweep
5,6,-2100.0,700.0,no_signal,,sweep
5,6,-1400.0,1400.0,no_signal,,sweep
5,6,-700.0,1400.0,no_signal,,sweep
5,6,-700.0,2100.0,no_signal,,sweep
5,6,0.0,2100.0,no_signal,,sweep
5,6,0.0,1400.0,no_signal,,sweep
5,6,0.0,700.0,no_signal,,sweep
5,6,700.0,700.0,no_signal,,sweep
5,6,700.0,0.0,no_signal,,sweep
5,6,700.0,-700.0,no_signal,,sweep
5,6,700.0,-1400.0,no_signal,,sweep
5,6,700.0,-2100.0,no_signal,,sweep
5,6,1400.0,-1400.0,no_signal,,sweep
5,6,1400.0,-700.0,no_signal,,sweep
5,6,1400.0,0.0,no_signal,,sweep
5,6,1400.0,700.0,no_signal,,sweep
5,6,700.0,1400.0,no_signal,,sweep
5,6,700.0,2100.0,no_signal,,sweep
5,6,1400.0,1400.0,no_signal,,sweep
5,6,2100.0,700.0,no_signal,,sweep
5,6,2100.0,0.0,no_signal,,sweep
5,6,2100.0,-700.0,no_signal,,sweep
5,7,0.0,0.0,no_signal,,sweep
5,7,-700.0,-700.0,no_signal,,sweep
5,7,0.0,-700.0,no_signal,,sweep
5,7,0.0,-1400.0,no_signal,,sweep
5,7,0.0,-2100.0,no_signal,,sweep
5,7,-700.0,-2100.0,no_signal,,sweep
5,7,-700.0,-1400.0,no_signal,,sweep
5,7,-1400.0,-1400.0,no_signal,,sweep
5,7,-1400.0,-700.0,no_signal,,sweep
5,7,-2100.0,-700.0,no_signal,,sweep
5,7,-2100.0,0.0,no_signal,,sweep
5,7,-1400.0,0.0,no_signal,,sweep
5,7,-700.0,0.0,no_signal,,sweep
5,7,-700.0,700.0,no_signal,,sweep
5,7,-1400.0,700.0,no_signal,,sweep
5,7,-2100.0,700.0,no_signal,,sweep
5,7,-1400.0,1400.0,no_signal,,sweep
5,7,-700.0,1400.0,no_signal,,sweep
5,7,-700.0,2100.0,no_signal,,sweep
5,7,0.0,2100.0,direction,299.74,sweep
5,7,0.0,1400.0,no_signal,,sweep
5,7,0.0,700.0,no_signal,,sweep
5,7,700.0,700.0,no_signal,,sweep
5,7,1400.0,700.0,direction,152.68,sweep
5,7,700.0,1400.0,direction,241.43,sweep
5,8,0.0,0.0,no_signal,,sweep
5,8,-700.0,-700.0,no_signal,,sweep
5,8,0.0,-700.0,no_signal,,sweep
5,8,0.0,-1400.0,no_signal,,sweep
5,8,0.0,-2100.0,no_signal,,sweep
5,8,-700.0,-2100.0,no_signal,,sweep
5,8,-700.0,-1400.0,no_signal,,sweep
5,8,-1400.0,-1400.0,no_signal,,sweep
5,8,-1400.0,-700.0,no_signal,,sweep
5,8,-2100.0,-700.0,no_signal,,sweep
5,8,-2100.0,0.0,no_signal,,sweep
5,8,-1400.0,0.0,no_signal,,sweep
5,8,-700.0,0.0,no_signal,,sweep
5,8,-700.0,700.0,no_signal,,sweep
5,8,-1400.0,700.0,no_signal,,sweep
5,8,-2100.0,700.0,no_signal,,sweep
5,8,-1400.0,1400.0,no_signal,,sweep
5,8,-700.0,1400.0,no_signal,,sweep
5,8,-700.0,2100.0,no_signal,,sweep
5,8,0.0,2100.0,no_signal,,sweep
5,8,0.0,1400.0,no_signal,,sweep
5,8,0.0,700.0,no_signal,,sweep
5,8,700.0,700.0,no_signal,,sweep
5,8,700.0,0.0,no_signal,,sweep
5,8,700.0,-700.0,no_signal,,sweep
5,8,700.0,-1400.0,no_signal,,sweep
5,8,700.0,-2100.0,no_signal,,sweep
5,8,1400.0,-1400.0,no_signal,,sweep
5,8,1400.0,-700.0,no_signal,,sweep
5,8,1400.0,0.0,no_signal,,sweep
5,8,1400.0,700.0,no_signal,,sweep
5,8,700.0,1400.0,no_signal,,sweep
5,8,700.0,2100.0,no_signal,,sweep
5,8,1400.0,1400.0,no_signal,,sweep
5,8,2100.0,700.0,no_signal,,sweep
5,8,2100.0,0.0,no_signal,,sweep
5,8,2100.0,-700.0,no_signal,,sweep
5,9,0.0,0.0,no_signal,,sweep
5,9,-700.0,-700.0,no_signal,,sweep
5,9,0.0,-700.0,no_signal,,sweep
5,9,0.0,-1400.0,direction,5.63,sweep
5,9,0.0,-2100.0,no_signal,,sweep
5,9,700.0,-700.0,direction,306.71,sweep
5,9,700.0,-1400.0,direction,15.04,sweep
5,10,0.0,0.0,direction,327.78,sweep
5,10,0.0,-700.0,direction,12.73,sweep
5,10,700.0,0.0,direction,281.49,sweep
5,11,0.0,0.0,no_signal,,sweep
5,11,-700.0,-700.0,no_signal,,sweep
5,11,0.0,-700.0,no_signal,,sweep
5,11,0.0,-1400.0,no_signal,,sweep
5,11,0.0,-2100.0,no_signal,,sweep
5,11,-700.0,-2100.0,no_signal,,sweep
5,11,-700.0,-1400.0,no_signal,,sweep
5,11,-1400.0,-1400.0,no_signal,,sweep
5,11,-1400.0,-700.0,no_signal,,sweep
5,11,-2100.0,-700.0,no_signal,,sweep
5,11,-2100.0,0.0,no_signal,,sweep
5,11,-1400.0,0.0,no_signal,,sweep
5,11,-700.0,0.0,no_signal,,sweep
5,11,-700.0,700.0,no_signal,,sweep
5,11,-1400.0,700.0,no_signal,,sweep
5,11,-2100.0,700.0,no_signal,,sweep
5,11,-1400.0,1400.0,no_signal,,sweep
5,11,-700.0,1400.0,no_signal,,sweep
5,11,-700.0,2100.0,no_signal,,sweep
5,11,0.0,2100.0,no_signal,,sweep
5,11,0.0,1400.0,no_signal,,sweep
5,11,0.0,700.0,no_signal,,sweep
5,11,700.0,700.0,no_signal,,sweep
5,11,700.0,0.0,no_signal,,sweep
5,11,700.0,-700.0,no_signal,,sweep
5,11,700.0,-1400.0,no_signal,,sweep
5,11,700.0,-2100.0,no_signal,,sweep
5,11,1400.0,-1400.0,no_signal,,sweep
5,11,1400.0,-700.0,no_signal,,sweep
5,11,1400.0,0.0,no_signal,,sweep
5,11,1400.0,700.0,no_signal,,sweep
5,11,700.0,1400.0,no_signal,,sweep
5,11,700.0,2100.0,no_signal,,sweep
5,11,1400.0,1400.0,no_signal,,sweep
5,11,2100.0,700.0,no_signal,,sweep
5,11,2100.0,0.0,no_signal,,sweep
5,11,2100.0,-700.0,no_signal,,sweep
5,12,0.0,0.0,no_signal,,sweep
5,12,-700.0,-700.0,no_signal,,sweep
5,12,0.0,-700.0,no_signal,,sweep
5,12,0.0,-1400.0,no_signal,,sweep
5,12,0.0,-2100.0,no_signal,,sweep
5,12,-700.0,-2100.0,no_signal,,sweep
5,12,-700.0,-1400.0,no_signal,,sweep
5,12,-1400.0,-1400.0,no_signal,,sweep
5,12,-1400.0,-700.0,no_signal,,sweep
5,12,-2100.0,-700.0,no_signal,,sweep
5,12,-2100.0,0.0,no_signal,,sweep
5,12,-1400.0,0.0,no_signal,,sweep
5,12,-700.0,0.0,no_signal,,sweep
5,12,-700.0,700.0,no_signal,,sweep
5,12,-1400.0,700.0,no_signal,,sweep
5,12,-2100.0,700.0,no_signal,,sweep
5,12,-1400.0,1400.0,no_signal,,sweep
5,12,-700.0,1400.0,no_signal,,sweep
5,12,-700.0,2100.0,no_signal,,sweep
5,12,0.0,2100.0,no_signal,,sweep
5,12,0.0,1400.0,no_signal,,sweep
5,12,0.0,700.0,no_signal,,sweep
5,12,700.0,700.0,no_signal,,sweep
5,12,700.0,0.0,no_signal,,sweep
5,12,700.0,-700.0,no_signal,,sweep
5,12,700.0,-1400.0,no_signal,,sweep
5,12,700.0,-2100.0,no_signal,,sweep
5,12,1400.0,-1400.0,no_signal,,sweep
5,12,1400.0,-700.0,no_signal,,sweep
5,12,1400.0,0.0,no_signal,,sweep
5,12,1400.0,700.0,no_signal,,sweep
5,12,700.0,1400.0,no_signal,,sweep
5,12,700.0,2100.0,no_signal,,sweep
5,12,1400.0,1400.0,no_signal,,sweep
5,12,2100.0,700.0,no_signal,,sweep
5,12,2100.0,0.0,no_signal,,sweep
5,12,2100.0,-700.0,no_signal,,sweep
5,13,0.0,0.0,no_signal,,sweep
5,13,-700.0,-700.0,no_signal,,sweep
5,13,0.0,-700.0,direction,325.53,sweep
5,13,0.0,-1400.0,direction,2.70,sweep
5,13,700.0,-700.0,direction,291.73,sweep
5,13,700.0,-1400.0,direction,9.29,sweep
5,14,0.0,0.0,no_signal,,sweep
5,14,-700.0,-700.0,no_signal,,sweep
5,14,0.0,-700.0,no_signal,,sweep
5,14,0.0,-1400.0,no_signal,,sweep
5,14,0.0,-2100.0,no_signal,,sweep
5,14,-700.0,-2100.0,no_signal,,sweep
5,14,-700.0,-1400.0,no_signal,,sweep
5,14,-1400.0,-1400.0,no_signal,,sweep
5,14,-1400.0,-700.0,no_signal,,sweep
5,14,-2100.0,-700.0,no_signal,,sweep
5,14,-2100.0,0.0,no_signal,,sweep
5,14,-1400.0,0.0,no_signal,,sweep
5,14,-700.0,0.0,no_signal,,sweep
5,14,-700.0,700.0,no_signal,,sweep
5,14,-1400.0,700.0,no_signal,,sweep
5,14,-2100.0,700.0,no_signal,,sweep
5,14,-1400.0,1400.0,no_signal,,sweep
5,14,-700.0,1400.0,no_signal,,sweep
5,14,-700.0,2100.0,no_signal,,sweep
5,14,0.0,2100.0,no_signal,,sweep
5,14,0.0,1400.0,no_signal,,sweep
5,14,0.0,700.0,no_signal,,sweep
5,14,700.0,700.0,no_signal,,sweep
5,14,700.0,0.0,no_signal,,sweep
5,14,700.0,-700.0,no_signal,,sweep
5,14,700.0,-1400.0,no_signal,,sweep
5,14,700.0,-2100.0,no_signal,,sweep
5,14,1400.0,-1400.0,no_signal,,sweep
5,14,1400.0,-700.0,no_signal,,sweep
5,14,1400.0,0.0,no_signal,,sweep
5,14,1400.0,700.0,no_signal,,sweep
5,14,700.0,1400.0,no_signal,,sweep
5,14,700.0,2100.0,no_signal,,sweep
5,14,1400.0,1400.0,no_signal,,sweep
5,14,2100.0,700.0,no_signal,,sweep
5,14,2100.0,0.0,no_signal,,sweep
5,14,2100.0,-700.0,no_signal,,sweep
5,15,0.0,0.0,direction,215.69,sweep
5,15,-700.0,-700.0,direction,171.27,sweep
5,15,0.0,-700.0,direction,178.39,sweep
5,15,0.0,-1400.0,direction,141.50,sweep
5,16,0.0,0.0,direction,110.24,sweep
5,16,-700.0,0.0,direction,54.78,sweep
5,16,-700.0,700.0,direction,355.72,sweep
5,17,0.0,0.0,direction,17.55,sweep
5,17,0.0,-700.0,direction,66.30,sweep
5,17,-700.0,0.0,direction,5.53,sweep
5,17,0.0,700.0,direction,301.14,sweep
5,18,0.0,0.0,no_signal,,sweep
5,18,-700.0,-700.0,no_signal,,sweep
5,18,0.0,-700.0,no_signal,,sweep
5,18,0.0,-1400.0,no_signal,,sweep
5,18,0.0,-2100.0,no_signal,,sweep
5,18,-700.0,-2100.0,no_signal,,sweep
5,18,-700.0,-1400.0,no_signal,,sweep
5,18,-1400.0,-1400.0,no_signal,,sweep
5,18,-1400.0,-700.0,no_signal,,sweep
5,18,-2100.0,-700.0,no_signal,,sweep
5,18,-2100.0,0.0,no_signal,,sweep
5,18,-1400.0,0.0,no_signal,,sweep
5,18,-700.0,0.0,no_signal,,sweep
5,18,-700.0,700.0,no_signal,,sweep
5,18,-1400.0,700.0,no_signal,,sweep
5,18,-2100.0,700.0,no_signal,,sweep
5,18,-1400.0,1400.0,no_signal,,sweep
5,18,-700.0,1400.0,no_signal,,sweep
5,18,-700.0,2100.0,no_signal,,sweep
5,18,0.0,2100.0,no_signal,,sweep
5,18,0.0,1400.0,no_signal,,sweep
5,18,0.0,700.0,no_signal,,sweep
5,18,700.0,700.0,no_signal,,sweep
5,18,700.0,0.0,no_signal,,sweep
5,18,700.0,-700.0,no_signal,,sweep
5,18,700.0,-1400.0,no_signal,,sweep
5,18,700.0,-2100.0,no_signal,,sweep
5,18,1400.0,-1400.0,no_signal,,sweep
5,18,1400.0,-700.0,no_signal,,sweep
5,18,1400.0,0.0,no_signal,,sweep
5,18,1400.0,700.0,no_signal,,sweep
5,18,700.0,1400.0,no_signal,,sweep
5,18,700.0,2100.0,no_signal,,sweep
5,18,1400.0,1400.0,no_signal,,sweep
5,18,2100.0,700.0,no_signal,,sweep
5,18,2100.0,0.0,no_signal,,sweep
5,18,2100.0,-700.0,no_signal,,sweep
5,19,0.0,0.0,no_signal,,sweep
5,19,-700.0,-700.0,no_signal,,sweep
5,19,0.0,-700.0,no_signal,,sweep
5,19,0.0,-1400.0,no_signal,,sweep
5,19,0.0,-2100.0,no_signal,,sweep
5,19,-700.0,-2100.0,no_signal,,sweep
5,19,-700.0,-1400.0,no_signal,,sweep
5,19,-1400.0,-1400.0,no_signal,,sweep
5,19,-1400.0,-700.0,no_signal,,sweep
5,19,-2100.0,-700.0,no_signal,,sweep
5,19,-2100.0,0.0,no_signal,,sweep
5,19,-1400.0,0.0,no_signal,,sweep
5,19,-700.0,0.0,no_signal,,sweep
5,19,-700.0,700.0,no_signal,,sweep
5,19,-1400.0,700.0,no_signal,,sweep
5,19,-2100.0,700.0,no_signal,,sweep
5,19,-1400.0,1400.0,no_signal,,sweep
5,19,-700.0,1400.0,no_signal,,sweep
5,19,-700.0,2100.0,no_signal,,sweep
5,19,0.0,2100.0,no_signal,,sweep
5,19,0.0,1400.0,no_signal,,sweep
5,19,0.0,700.0,no_signal,,sweep
5,19,700.0,700.0,no_signal,,sweep
5,19,700.0,0.0,no_signal,,sweep
5,19,700.0,-700.0,no_signal,,sweep
5,19,700.0,-1400.0,no_signal,,sweep
5,19,700.0,-2100.0,no_signal,,sweep
5,19,1400.0,-1400.0,no_signal,,sweep
5,19,1400.0,-700.0,no_signal,,sweep
5,19,1400.0,0.0,no_signal,,sweep
5,19,1400.0,700.0,no_signal,,sweep
5,19,700.0,1400.0,no_signal,,sweep
5,19,700.0,2100.0,no_signal,,sweep
5,19,1400.0,1400.0,no_signal,,sweep
5,19,2100.0,700.0,no_signal,,sweep
5,19,2100.0,0.0,no_signal,,sweep
5,19,2100.0,-700.0,no_signal,,sweep
5,20,0.0,0.0,no_signal,,sweep
5,20,-700.0,-700.0,no_signal,,sweep
5,20,0.0,-700.0,no_signal,,sweep
5,20,0.0,-1400.0,no_signal,,sweep
5,20,0.0,-2100.0,no_signal,,sweep
5,20,-700.0,-2100.0,no_signal,,sweep
5,20,-700.0,-1400.0,no_signal,,sweep
5,20,-1400.0,-1400.0,no_signal,,sweep
5,20,-1400.0,-700.0,no_signal,,sweep
5,20,-2100.0,-700.0,no_signal,,sweep
5,20,-2100.0,0.0,no_signal,,sweep
5,20,-1400.0,0.0,no_signal,,sweep
5,20,-700.0,0.0,no_signal,,sweep
5,20,-700.0,700.0,no_signal,,sweep
5,20,-1400.0,700.0,no_signal,,sweep
5,20,-2100.0,700.0,no_signal,,sweep
5,20,-1400.0,1400.0,no_signal,,sweep
5,20,-700.0,1400.0,no_signal,,sweep
5,20,-700.0,2100.0,no_signal,,sweep
5,20,0.0,2100.0,no_signal,,sweep
5,20,0.0,1400.0,no_signal,,sweep
5,20,0.0,700.0,no_signal,,sweep
5,20,700.0,700.0,no_signal,,sweep
5,20,700.0,0.0,no_signal,,sweep
5,20,700.0,-700.0,no_signal,,sweep
5,20,700.0,-1400.0,no_signal,,sweep
5,20,700.0,-2100.0,no_signal,,sweep
5,20,1400.0,-1400.0,no_signal,,sweep
5,20,1400.0,-700.0,no_signal,,sweep
5,20,1400.0,0.0,no_signal,,sweep
5,20,1400.0,700.0,no_signal,,sweep
5,20,700.0,1400.0,no_signal,,sweep
5,20,700.0,2100.0,no_signal,,sweep
5,20,1400.0,1400.0,no_signal,,sweep
5,20,2100.0,700.0,no_signal,,sweep
5,20,2100.0,0.0,no_signal,,sweep
5,20,2100.0,-700.0,no_signal,,sweep
6,1,0.0,0.0,direction,221.52,sweep
6,1,-700.0,-700.0,direction,49.77,sweep
6,1,0.0,-700.0,direction,152.10,sweep
6,2,0.0,0.0,direction,313.70,sweep
6,2,0.0,-700.0,direction,85.08,sweep
6,3,0.0,0.0,direction,353.02,sweep
6,3,0.0,-700.0,direction,36.00,sweep
6,3,0.0,700.0,direction,316.33,sweep
6,3,700.0,700.0,direction,278.84,sweep
6,4,0.0,0.0,direction,345.21,sweep
6,4,0.0,-700.0,direction,27.41,sweep
6,4,700.0,700.0,direction,284.05,sweep
6,5,0.0,0.0,no_signal,,sweep
6,5,-700.0,-700.0,no_signal,,sweep
6,5,0.0,-700.0,no_signal,,sweep
6,5,0.0,-1400.0,no_signal,,sweep
6,5,0.0,-2100.0,no_signal,,sweep
6,5,-700.0,-2100.0,no_signal,,sweep
6,5,-700.0,-1400.0,no_signal,,sweep
6,5,-1400.0,-1400.0,no_signal,,sweep
6,5,-1400.0,-700.0,no_signal,,sweep
6,5,-2100.0,-700.0,no_signal,,sweep
6,5,-2100.0,0.0,no_signal,,sweep
6,5,-1400.0,0.0,no_signal,,sweep
6,5,-700.0,0.0,no_signal,,sweep
6,5,-700.0,700.0,no_signal,,sweep
6,5,-1400.0,700.0,no_signal,,sweep
6,5,-2100.0,700.0,no_signal,,sweep
6,5,-1400.0,1400.0,no_signal,,sweep
6,5,-700.0,1400.0,no_signal,,sweep
6,5,-700.0,2100.0,no_signal,,sweep
6,5,0.0,2100.0,no_signal,,sweep
6,5,0.0,1400.0,no_signal,,sweep
6,5,0.0,700.0,no_signal,,sweep
6,5,700.0,700.0,no_signal,,sweep
6,5,700.0,0.0,no_signal,,sweep
6,5,700.0,-700.0,no_signal,,sweep
6,5,700.0,-1400.0,no_signal,,sweep
6,5,700.0,-2100.0,no_signal,,sweep
6,5,1400.0,-1400.0,no_signal,,sweep
6,5,1400.0,-700.0,no_signal,,sweep
6,5,1400.0,0.0,no_signal,,sweep
6,5,1400.0,700.0,no_signal,,sweep
6,5,700.0,1400.0,no_signal,,sweep
6,5,700.0,2100.0,no_signal,,sweep
6,5,1400.0,1400.0,no_signal,,sweep
6,5,2100.0,700.0,no_signal,,sweep
6,5,2100.0,0.0,no_signal,,sweep
6,5,2100.0,-700.0,no_signal,,sweep
6,6,0.0,0.0,direction,73.19,sweep
6,6,-700.0,0.0,no_signal,,sweep
6,6,-700.0,700.0,direction,32.30,sweep
6,6,-700.0,1400.0,direction,0.46,sweep
6,6,0.0,2100.0,direction,299.63,sweep
6,7,0.0,0.0,no_signal,,sweep
6,7,-700.0,-700.0,no_signal,,sweep
6,7,0.0,-700.0,no_signal,,sweep
6,7,0.0,-1400.0,no_signal,,sweep
6,7,0.0,-2100.0,no_signal,,sweep
6,7,-700.0,-2100.0,no_signal,,sweep
6,7,-700.0,-1400.0,no_signal,,sweep
6,7,-1400.0,-1400.0,no_signal,,sweep
6,7,-1400.0,-700.0,no_signal,,sweep
6,7,-2100.0,-700.0,no_signal,,sweep
6,7,-2100.0,0.0,no_signal,,sweep
6,7,-1400.0,0.0,no_signal,,sweep
6,7,-700.0,0.0,no_signal,,sweep
6,7,-700.0,700.0,no_signal,,sweep
6,7,-1400.0,700.0,no_signal,,sweep
6,7,-2100.0,700.0,no_signal,,sweep
6,7,-1400.0,1400.0,no_signal,,sweep
6,7,-700.0,1400.0,no_signal,,sweep
6,7,-700.0,2100.0,no_signal,,sweep
6,7,0.0,2100.0,no_signal,,sweep
6,7,0.0,1400.0,no_signal,,sweep
6,7,0.0,700.0,no_signal,,sweep
6,7,700.0,700.0,direction,305.74,sweep
6,7,700.0,0.0,direction,336.88,sweep
6,7,700.0,-700.0,no_signal,,sweep
6,7,1400.0,-1400.0,no_signal,,sweep
6,7,1400.0,-700.0,no_signal,,sweep
6,7,1400.0,0.0,direction,277.14,sweep
6,7,1400.0,700.0,direction,272.54,sweep
6,8,0.0,0.0,direction,59.90,sweep
6,8,-700.0,700.0,no_signal,,sweep
6,8,0.0,1400.0,direction,318.25,sweep
6,8,0.0,700.0,direction,22.07,sweep
6,9,0.0,0.0,direction,109.37,sweep
6,9,-700.0,0.0,direction,37.05,sweep
6,10,0.0,0.0,no_signal,,sweep
6,10,-700.0,-700.0,no_signal,,sweep
6,10,0.0,-700.0,no_signal,,sweep
6,10,0.0,-1400.0,no_signal,,sweep
6,10,0.0,-2100.0,no_signal,,sweep
6,10,-700.0,-2100.0,no_signal,,sweep
6,10,-700.0,-1400.0,no_signal,,sweep
6,10,-1400.0,-1400.0,no_signal,,sweep
6,10,-1400.0,-700.0,no_signal,,sweep
6,10,-2100.0,-700.0,no_signal,,sweep
6,10,-2100.0,0.0,no_signal,,sweep
6,10,-1400.0,0.0,no_signal,,sweep
6,10,-700.0,0.0,no_signal,,sweep
6,10,-700.0,700.0,no_signal,,sweep
6,10,-1400.0,700.0,no_signal,,sweep
6,10,-2100.0,700.0,no_signal,,sweep
6,10,-1400.0,1400.0,no_signal,,sweep
6,10,-700.0,1400.0,no_signal,,sweep
6,10,-700.0,2100.0,no_signal,,sweep
6,10,0.0,2100.0,no_signal,,sweep
6,10,0.0,1400.0,no_signal,,sweep
6,10,0.0,700.0,no_signal,,sweep
6,10,700.0,700.0,no_signal,,sweep
6,10,700.0,0.0,no_signal,,sweep
6,10,700.0,-700.0,no_signal,,sweep
6,10,700.0,-1400.0,no_signal,,sweep
6,10,700.0,-2100.0,no_signal,,sweep
6,10,1400.0,-1400.0,no_signal,,sweep
6,10,1400.0,-700.0,no_signal,,sweep
6,10,1400.0,0.0,no_signal,,sweep
6,10,1400.0,700.0,no_signal,,sweep
6,10,700.0,1400.0,no_signal,,sweep
6,10,700.0,2100.0,no_signal,,sweep
6,10,1400.0,1400.0,no_signal,,sweep
6,10,2100.0,700.0,no_signal,,sweep
6,10,2100.0,0.0,no_signal,,sweep
6,10,2100.0,-700.0,no_signal,,sweep
6,11,0.0,0.0,direction,244.74,sweep
6,11,-700.0,-700.0,no_signal,,sweep
6,11,0.0,-700.0,no_signal,,sweep
6,11,0.0,-1400.0,no_signal,,sweep
6,11,-700.0,-1400.0,no_signal,,sweep
6,11,-1400.0,-700.0,no_signal,,sweep
6,11,-700.0,0.0,direction,351.89,sweep
6,12,0.0,0.0,no_signal,,sweep
6,12,-700.0,-700.0,no_signal,,sweep
6,12,0.0,-700.0,no_signal,,sweep
6,12,0.0,-1400.0,no_signal,,sweep
6,12,0.0,-2100.0,no_signal,,sweep
6,12,-700.0,-2100.0,no_signal,,sweep
6,12,-700.0,-1400.0,no_signal,,sweep
6,12,-1400.0,-1400.0,no_signal,,sweep
6,12,-1400.0,-700.0,no_signal,,sweep
6,12,-2100.0,-700.0,direction,59.94,sweep
6,12,-2100.0,0.0,direction,21.24,sweep
6,12,-1400.0,0.0,no_signal,,sweep
6,12,-700.0,0.0,no_signal,,sweep
6,12,-700.0,700.0,no_signal,,sweep
6,12,-1400.0,700.0,no_signal,,sweep
6,12,-2100.0,700.0,direction,315.17,sweep
6,13,0.0,0.0,direction,21.08,sweep
6,13,0.0,700.0,direction,352.42,sweep
6,13,700.0,700.0,direction,345.85,sweep
6,13,700.0,0.0,direction,36.43,sweep
6,14,0.0,0.0,no_signal,,sweep
6,14,-700.0,-700.0,no_signal,,sweep
6,14,0.0,-700.0,no_signal,,sweep
6,14,0.0,-1400.0,no_signal,,sweep
6,14,0.0,-2100.0,no_signal,,sweep
6,14,-700.0,-2100.0,no_signal,,sweep
6,14,-700.0,-1400.0,no_signal,,sweep
6,14,-1400.0,-1400.0,no_signal,,sweep
6,14,-1400.0,-700.0,no_signal,,sweep
6,14,-2100.0,-700.0,no_signal,,sweep
6,14,-2100.0,0.0,no_signal,,sweep
6,14,-1400.0,0.0,no_signal,,sweep
6,14,-700.0,0.0,no_signal,,sweep
6,14,-700.0,700.0,no_signal,,sweep
6,14,-1400.0,700.0,no_signal,,sweep
6,14,-2100.0,700.0,no_signal,,sweep
6,14,-1400.0,1400.0,no_signal,,sweep
6,14,-700.0,1400.0,no_signal,,sweep
6,14,-700.0,2100.0,no_signal,,sweep
6,14,0.0,2100.0,no_signal,,sweep
6,14,0.0,1400.0,no_signal,,sweep
6,14,0.0,700.0,no_signal,,sweep
6,14,700.0,700.0,no_signal,,sweep
6,14,700.0,0.0,no_signal,,sweep
6,14,700.0,-700.0,no_signal,,sweep
6,14,700.0,-1400.0,no_signal,,sweep
6,14,700.0,-2100.0,no_signal,,sweep
6,14,1400.0,-1400.0,no_signal,,sweep
6,14,1400.0,-700.0,no_signal,,sweep
6,14,1400.0,0.0,no_signal,,sweep
6,14,1400.0,700.0,no_signal,,sweep
6,14,700.0,1400.0,no_signal,,sweep
6,14,700.0,2100.0,no_signal,,sweep
6,14,1400.0,1400.0,no_signal,,sweep
6,14,2100.0,700.0,no_signal,,sweep
6,14,2100.0,0.0,no_signal,,sweep
6,14,2100.0,-700.0,no_signal,,sweep
6,15,0.0,0.0,direction,270.77,sweep
6,15,-700.0,-700.0,no_signal,,sweep
6,15,0.0,-700.0,no_signal,,sweep
6,15,0.0,-1400.0,no_signal,,sweep
6,15,-700.0,-1400.0,no_signal,,sweep
6,15,-700.0,0.0,no_signal,,sweep
6,15,700.0,0.0,direction,200.50,sweep
6,16,0.0,0.0,no_signal,,sweep
6,16,-700.0,-700.0,no_signal,,sweep
6,16,0.0,-700.0,no_signal,,sweep
6,16,0.0,-1400.0,no_signal,,sweep
6,16,0.0,-2100.0,no_signal,,sweep
6,16,-700.0,-2100.0,no_signal,,sweep
6,16,-700.0,-1400.0,no_signal,,sweep
6,16,-1400.0,-1400.0,no_signal,,sweep
6,16,-1400.0,-700.0,no_signal,,sweep
6,16,-2100.0,-700.0,no_signal,,sweep
6,16,-2100.0,0.0,no_signal,,sweep
6,16,-1400.0,0.0,no_signal,,sweep
6,16,-700.0,0.0,no_signal,,sweep
6,16,-700.0,700.0,no_signal,,sweep
6,16,-1400.0,700.0,no_signal,,sweep
6,16,-2100.0,700.0,no_signal,,sweep
6,16,-1400.0,1400.0,no_signal,,sweep
6,16,-700.0,1400.0,no_signal,,sweep
6,16,-700.0,2100.0,no_signal,,sweep
6,16,0.0,2100.0,no_signal,,sweep
6,16,0.0,1400.0,no_signal,,sweep
6,16,0.0,700.0,no_signal,,sweep
6,16,700.0,700.0,no_signal,,sweep
6,16,700.0,0.0,no_signal,,sweep
6,16,700.0,-700.0,no_signal,,sweep
6,16,700.0,-1400.0,no_signal,,sweep
6,16,700.0,-2100.0,no_signal,,sweep
6,16,1400.0,-1400.0,no_signal,,sweep
6,16,1400.0,-700.0,no_signal,,sweep
6,16,1400.0,0.0,no_signal,,sweep
6,16,1400.0,700.0,no_signal,,sweep
6,16,700.0,1400.0,no_signal,,sweep
6,16,700.0,2100.0,no_signal,,sweep
6,16,1400.0,1400.0,no_signal,,sweep
6,16,2100.0,700.0,no_signal,,sweep
6,16,2100.0,0.0,no_signal,,sweep
6,16,2100.0,-700.0,no_signal,,sweep
6,17,0.0,0.0,no_signal,,sweep
6,17,-700.0,-700.0,no_signal,,sweep
6,17,0.0,-700.0,no_signal,,sweep
6,17,0.0,-1400.0,no_signal,,sweep
6,17,0.0,-2100.0,no_signal,,sweep
6,17,-700.0,-2100.0,no_signal,,sweep
6,17,-700.0,-1400.0,no_signal,,sweep
6,17,-1400.0,-1400.0,no_signal,,sweep
6,17,-1400.0,-700.0,no_signal,,sweep
6,17,-2100.0,-700.0,no_signal,,sweep
6,17,-2100.0,0.0,no_signal,,sweep
6,17,-1400.0,0.0,direction,72.76,sweep
6,17,-700.0,0.0,direction,107.30,sweep
6,17,-700.0,700.0,direction,126.69,sweep
6,17,-1400.0,700.0,direction,53.19,sweep
6,18,0.0,0.0,direction,17.57,sweep
6,18,0.0,-700.0,direction,77.99,sweep
6,19,0.0,0.0,no_signal,,sweep
6,19,-700.0,-700.0,no_signal,,sweep
6,19,0.0,-700.0,no_signal,,sweep
6,19,0.0,-1400.0,no_signal,,sweep
6,19,0.0,-2100.0,no_signal,,sweep
6,19,-700.0,-2100.0,no_signal,,sweep
6,19,-700.0,-1400.0,no_signal,,sweep
6,19,-1400.0,-1400.0,no_signal,,sweep
6,19,-1400.0,-700.0,no_signal,,sweep
6,19,-2100.0,-700.0,no_signal,,sweep
6,19,-2100.0,0.0,no_signal,,sweep
6,19,-1400.0,0.0,no_signal,,sweep
6,19,-700.0,0.0,no_signal,,sweep
6,19,-700.0,700.0,no_signal,,sweep
6,19,-1400.0,700.0,no_signal,,sweep
6,19,-2100.0,700.0,no_signal,,sweep
6,19,-1400.0,1400.0,no_signal,,sweep
6,19,-700.0,1400.0,no_signal,,sweep
6,19,-700.0,2100.0,no_signal,,sweep
6,19,0.0,2100.0,no_signal,,sweep
6,19,0.0,1400.0,no_signal,,sweep
6,19,0.0,700.0,no_signal,,sweep
6,19,700.0,700.0,no_signal,,sweep
6,19,700.0,0.0,no_signal,,sweep
6,19,700.0,-700.0,no_signal,,sweep
6,19,700.0,-1400.0,no_signal,,sweep
6,19,700.0,-2100.0,no_signal,,sweep
6,19,1400.0,-1400.0,no_signal,,sweep
6,19,1400.0,-700.0,no_signal,,sweep
6,19,1400.0,0.0,no_signal,,sweep
6,19,1400.0,700.0,no_signal,,sweep
6,19,700.0,1400.0,no_signal,,sweep
6,19,700.0,2100.0,no_signal,,sweep
6,19,1400.0,1400.0,no_signal,,sweep
6,19,2100.0,700.0,no_signal,,sweep
6,19,2100.0,0.0,no_signal,,sweep
6,19,2100.0,-700.0,no_signal,,sweep
6,20,0.0,0.0,no_signal,,sweep
6,20,-700.0,-700.0,no_signal,,sweep
6,20,0.0,-700.0,no_signal,,sweep
6,20,0.0,-1400.0,no_signal,,sweep
6,20,0.0,-2100.0,no_signal,,sweep
6,20,-700.0,-2100.0,no_signal,,sweep
6,20,-700.0,-1400.0,no_signal,,sweep
6,20,-1400.0,-1400.0,no_signal,,sweep
6,20,-1400.0,-700.0,no_signal,,sweep
6,20,-2100.0,-700.0,no_signal,,sweep
6,20,-2100.0,0.0,no_signal,,sweep
6,20,-1400.0,0.0,no_signal,,sweep
6,20,-700.0,0.0,no_signal,,sweep
6,20,-700.0,700.0,no_signal,,sweep
6,20,-1400.0,700.0,no_signal,,sweep
6,20,-2100.0,700.0,no_signal,,sweep
6,20,-1400.0,1400.0,no_signal,,sweep
6,20,-700.0,1400.0,no_signal,,sweep
6,20,-700.0,2100.0,no_signal,,sweep
6,20,0.0,2100.0,no_signal,,sweep
6,20,0.0,1400.0,no_signal,,sweep
6,20,0.0,700.0,no_signal,,sweep
6,20,700.0,700.0,no_signal,,sweep
6,20,700.0,0.0,no_signal,,sweep
6,20,700.0,-700.0,no_signal,,sweep
6,20,700.0,-1400.0,no_signal,,sweep
6,20,700.0,-2100.0,no_signal,,sweep
6,20,1400.0,-1400.0,no_signal,,sweep
6,20,1400.0,-700.0,no_signal,,sweep
6,20,1400.0,0.0,no_signal,,sweep
6,20,1400.0,700.0,no_signal,,sweep
6,20,700.0,1400.0,no_signal,,sweep
6,20,700.0,2100.0,no_signal,,sweep
6,20,1400.0,1400.0,no_signal,,sweep
6,20,2100.0,700.0,no_signal,,sweep
6,20,2100.0,0.0,no_signal,,sweep
6,20,2100.0,-700.0,no_signal,,sweep
7,1,0.0,0.0,no_signal,,sweep
7,1,-700.0,-700.0,no_signal,,sweep
7,1,0.0,-700.0,no_signal,,sweep
7,1,0.0,-1400.0,no_signal,,sweep
7,1,0.0,-2100.0,direction,85.95,sweep
7,1,-700.0,-2100.0,direction,39.37,sweep
7,1,-700.0,-1400.0,no_signal,,sweep
7,1,700.0,-700.0,no_signal,,sweep
7,1,700.0,-1400.0,direction,186.55,sweep
7,2,0.0,0.0,no_signal,,sweep
7,2,-700.0,-700.0,no_signal,,sweep
7,2,0.0,-700.0,direction,58.64,sweep
7,2,-700.0,0.0,no_signal,,sweep
7,2,0.0,700.0,no_signal,,sweep
7,2,700.0,700.0,no_signal,,sweep
7,2,700.0,0.0,direction,137.38,sweep
7,3,0.0,0.0,no_signal,,sweep
7,3,-700.0,-700.0,no_signal,,sweep
7,3,0.0,-700.0,no_signal,,sweep
7,3,0.0,-1400.0,no_signal,,sweep
7,3,0.0,-2100.0,no_signal,,sweep
7,3,-700.0,-2100.0,no_signal,,sweep
7,3,-700.0,-1400.0,no_signal,,sweep
7,3,-1400.0,-1400.0,no_signal,,sweep
7,3,-1400.0,-700.0,no_signal,,sweep
7,3,-2100.0,-700.0,no_signal,,sweep
7,3,-2100.0,0.0,no_signal,,sweep
7,3,-1400.0,0.0,no_signal,,sweep
7,3,-700.0,0.0,direction,171.54,sweep
7,3,-700.0,700.0,direction,209.95,sweep
7,3,-1400.0,700.0,direction,242.92,sweep
7,3,-2100.0,700.0,direction,307.24,sweep
7,4,0.0,0.0,direction,348.76,sweep
7,4,0.0,-700.0,direction,19.44,sweep
7,4,700.0,700.0,direction,302.30,sweep
7,4,700.0,0.0,direction,338.48,sweep
7,4,1296.64,-242.84,direction,338.97,refine
7,5,0.0,0.0,no_signal,,sweep
7,5,-700.0,-700.0,no_signal,,sweep
7,5,0.0,-700.0,no_signal,,sweep
7,5,0.0,-1400.0,no_signal,,sweep
7,5,0.0,-2100.0,no_signal,,sweep
7,5,-700.0,-2100.0,no_signal,,sweep
7,5,-700.0,-1400.0,no_signal,,sweep
7,5,-1400.0,-1400.0,no_signal,,sweep
7,5,-1400.0,-700.0,no_signal,,sweep
7,5,-2100.0,-700.0,no_signal,,sweep
7,5,-2100.0,0.0,no_signal,,sweep
7,5,-1400.0,0.0,no_signal,,sweep
7,5,-700.0,0.0,no_signal,,sweep
7,5,-700.0,700.0,no_signal,,sweep
7,5,-1400.0,700.0,no_signal,,sweep
7,5,-2100.0,700.0,no_signal,,sweep
7,5,-1400.0,1400.0,no_signal,,sweep
7,5,-700.0,1400.0,no_signal,,sweep
7,5,-700.0,2100.0,no_signal,,sweep
7,5,0.0,2100.0,no_signal,,sweep
7,5,0.0,1400.0,no_signal,,sweep
7,5,0.0,700.0,no_signal,,sweep
7,5,700.0,700.0,no_signal,,sweep
7,5,700.0,0.0,no_signal,,sweep
7,5,700.0,-700.0,no_signal,,sweep
7,5,700.0,-1400.0,no_signal,,sweep
7,5,700.0,-2100.0,no_signal,,sweep
7,5,1400.0,-1400.0,no_signal,,sweep
7,5,1400.0,-700.0,no_signal,,sweep
7,5,1400.0,0.0,no_signal,,sweep
7,5,1400.0,700.0,no_signal,,sweep
7,5,700.0,1400.0,no_signal,,sweep
7,5,700.0,2100.0,no_signal,,sweep
7,5,1400.0,1400.0,no_signal,,sweep
7,5,2100.0,700.0,no_signal,,sweep
7,5,2100.0,0.0,no_signal,,sweep
7,5,2100.0,-700.0,no_signal,,sweep
7,6,0.0,0.0,direction,329.38,sweep
7,6,0.0,-700.0,no_signal,,sweep
7,6,700.0,700.0,no_signal,,sweep
7,6,700.0,0.0,direction,300.75,sweep
7,6,700.0,-700.0,no_signal,,sweep
7,6,700.0,-1400.0,no_signal,,sweep
7,6,1400.0,-1400.0,no_signal,,sweep
7,6,1400.0,-700.0,no_signal,,sweep
7,6,1400.0,0.0,direction,244.38,sweep
7,6,2100.0,-700.0,no_signal,,sweep
7,7,0.0,0.0,no_signal,,sweep
7,7,-700.0,-700.0,no_signal,,sweep
7,7,0.0,-700.0,no_signal,,sweep
7,7,0.0,-1400.0,no_signal,,sweep
7,7,0.0,-2100.0,no_signal,,sweep
7,7,-700.0,-2100.0,no_signal,,sweep
7,7,-700.0,-1400.0,no_signal,,sweep
7,7,-1400.0,-1400.0,no_signal,,sweep
7,7,-1400.0,-700.0,no_signal,,sweep
7,7,-2100.0,-700.0,no_signal,,sweep
7,7,-2100.0,0.0,no_signal,,sweep
7,7,-1400.0,0.0,no_signal,,sweep
7,7,-700.0,0.0,no_signal,,sweep
7,7,-700.0,700.0,no_signal,,sweep
7,7,-1400.0,700.0,no_signal,,sweep
7,7,-2100.0,700.0,no_signal,,sweep
7,7,-1400.0,1400.0,no_signal,,sweep
7,7,-700.0,1400.0,no_signal,,sweep
7,7,-700.0,2100.0,no_signal,,sweep
7,7,0.0,2100.0,no_signal,,sweep
7,7,0.0,1400.0,no_signal,,sweep
7,7,0.0,700.0,no_signal,,sweep
7,7,700.0,700.0,no_signal,,sweep
7,7,700.0,0.0,no_signal,,sweep
7,7,700.0,-700.0,no_signal,,sweep
7,7,700.0,-1400.0,no_signal,,sweep
7,7,700.0,-2100.0,no_signal,,sweep
7,7,1400.0,-1400.0,no_signal,,sweep
7,7,1400.0,-700.0,no_signal,,sweep
7,7,1400.0,0.0,no_signal,,sweep
7,7,1400.0,700.0,no_signal,,sweep
7,7,700.0,1400.0,no_signal,,sweep
7,7,700.0,2100.0,no_signal,,sweep
7,7,1400.0,1400.0,no_signal,,sweep
7,7,2100.0,700.0,no_signal,,sweep
7,7,2100.0,0.0,no_signal,,sweep
7,7,2100.0,-700.0,no_signal,,sweep
7,8,0.0,0.0,no_signal,,sweep
7,8,-700.0,-700.0,no_signal,,sweep
7,8,0.0,-700.0,no_signal,,sweep
7,8,0.0,-1400.0,no_signal,,sweep
7,8,0.0,-2100.0,no_signal,,sweep
7,8,-700.0,-2100.0,no_signal,,sweep
7,8,-700.0,-1400.0,no_signal,,sweep
7,8,-1400.0,-1400.0,no_signal,,sweep
7,8,-1400.0,-700.0,no_signal,,sweep
7,8,-2100.0,-700.0,no_signal,,sweep
7,8,-2100.0,0.0,no_signal,,sweep
7,8,-1400.0,0.0,no_signal,,sweep
7,8,-700.0,0.0,no_signal,,sweep
7,8,-700.0,700.0,no_signal,,sweep
7,8,-1400.0,700.0,direction,16.36,sweep
7,8,-1400.0,1400.0,direction,323.29,sweep
7,8,-700.0,1400.0,no_signal,,sweep
7,8,0.0,1400.0,no_signal,,sweep
7,8,0.0,700.0,no_signal,,sweep
7,9,0.0,0.0,no_signal,,sweep
7,9,-700.0,-700.0,no_signal,,sweep
7,9,0.0,-700.0,no_signal,,sweep
7,9,0.0,-1400.0,no_signal,,sweep
7,9,0.0,-2100.0,no_signal,,sweep
7,9,-700.0,-2100.0,no_signal,,sweep
7,9,-700.0,-1400.0,no_signal,,sweep
7,9,-1400.0,-1400.0,no_signal,,sweep
7,9,-1400.0,-700.0,no_signal,,sweep
7,9,-2100.0,-700.0,no_signal,,sweep
7,9,-2100.0,0.0,no_signal,,sweep
7,9,-1400.0,0.0,no_signal,,sweep
7,9,-700.0,0.0,no_signal,,sweep
7,9,-700.0,700.0,no_signal,,sweep
7,9,-1400.0,700.0,no_signal,,sweep
7,9,-2100.0,700.0,no_signal,,sweep
7,9,-1400.0,1400.0,no_signal,,sweep
7,9,-700.0,1400.0,direction,359.45,sweep
7,9,-700.0,2100.0,no_signal,,sweep
7,9,0.0,2100.0,direction,302.54,sweep
7,9,0.0,1400.0,direction,357.79,sweep
7,9,0.0,700.0,no_signal,,sweep
7,9,700.0,700.0,no_signal,,sweep
7,9,1400.0,700.0,no_signal,,sweep
7,9,700.0,1400.0,no_signal,,sweep
7,9,700.0,2100.0,direction,251.47,sweep
7,10,0.0,0.0,no_signal,,sweep
7,10,-700.0,-700.0,no_signal,,sweep
7,10,0.0,-700.0,no_signal,,sweep
7,10,0.0,-1400.0,no_signal,,sweep
7,10,0.0,-2100.0,no_signal,,sweep
7,10,-700.0,-2100.0,no_signal,,sweep
7,10,-700.0,-1400.0,no_signal,,sweep
7,10,-1400.0,-1400.0,no_signal,,sweep
7,10,-1400.0,-700.0,no_signal,,sweep
7,10,-2100.0,-700.0,no_signal,,sweep
7,10,-2100.0,0.0,no_signal,,sweep
7,10,-1400.0,0.0,direction,72.82,sweep
7,10,-700.0,0.0,direction,110.80,sweep
7,10,-700.0,700.0,no_signal,,sweep
7,10,-1400.0,700.0,direction,46.47,sweep
7,10,-2100.0,700.0,direction,18.44,sweep
7,11,0.0,0.0,no_signal,,sweep
7,11,-700.0,-700.0,no_signal,,sweep
7,11,0.0,-700.0,no_signal,,sweep
7,11,0.0,-1400.0,no_signal,,sweep
7,11,0.0,-2100.0,no_signal,,sweep
7,11,-700.0,-2100.0,no_signal,,sweep
7,11,-700.0,-1400.0,no_signal,,sweep
7,11,-1400.0,-1400.0,no_signal,,sweep
7,11,-1400.0,-700.0,no_signal,,sweep
7,11,-2100.0,-700.0,no_signal,,sweep
7,11,-2100.0,0.0,no_signal,,sweep
7,11,-1400.0,0.0,no_signal,,sweep
7,11,-700.0,0.0,no_signal,,sweep
7,11,-700.0,700.0,no_signal,,sweep
7,11,-1400.0,700.0,no_signal,,sweep
7,11,-2100.0,700.0,no_signal,,sweep
7,11,-1400.0,1400.0,no_signal,,sweep
7,11,-700.0,1400.0,no_signal,,sweep
7,11,-700.0,2100.0,no_signal,,sweep
7,11,0.0,2100.0,no_signal,,sweep
7,11,0.0,1400.0,no_signal,,sweep
7,11,0.0,700.0,no_signal,,sweep
7,11,700.0,700.0,no_signal,,sweep
7,11,700.0,0.0,direction,292.08,sweep
7,11,700.0,-700.0,direction,316.09,sweep
7,11,700.0,-1400.0,no_signal,,sweep
7,11,700.0,-2100.0,no_signal,,sweep
7,11,1400.0,-1400.0,no_signal,,sweep
7,11,1400.0,-700.0,direction,240.39,sweep
7,12,0.0,0.0,no_signal,,sweep
7,12,-700.0,-700.0,direction,24.61,sweep
7,12,0.0,-700.0,no_signal,,sweep
7,12,0.0,-1400.0,direction,117.98,sweep
7,13,0.0,0.0,no_signal,,sweep
7,13,-700.0,-700.0,no_signal,,sweep
7,13,0.0,-700.0,no_signal,,sweep
7,13,0.0,-1400.0,no_signal,,sweep
7,13,0.0,-2100.0,no_signal,,sweep
7,13,-700.0,-2100.0,no_signal,,sweep
7,13,-700.0,-1400.0,no_signal,,sweep
7,13,-1400.0,-1400.0,no_signal,,sweep
7,13,-1400.0,-700.0,no_signal,,sweep
7,13,-2100.0,-700.0,no_signal,,sweep
7,13,-2100.0,0.0,no_signal,,sweep
7,13,-1400.0,0.0,no_signal,,sweep
7,13,-700.0,0.0,no_signal,,sweep
7,13,-700.0,700.0,no_signal,,sweep
7,13,-1400.0,700.0,no_signal,,sweep
7,13,-2100.0,700.0,no_signal,,sweep
7,13,-1400.0,1400.0,no_signal,,sweep
7,13,-700.0,1400.0,no_signal,,sweep
7,13,-700.0,2100.0,no_signal,,sweep
7,13,0.0,2100.0,no_signal,,sweep
7,13,0.0,1400.0,no_signal,,sweep
7,13,0.0,700.0,no_signal,,sweep
7,13,700.0,700.0,no_signal,,sweep
7,13,700.0,0.0,no_signal,,sweep
7,13,700.0,-700.0,no_signal,,sweep
7,13,700.0,-1400.0,no_signal,,sweep
7,13,700.0,-2100.0,no_signal,,sweep
7,13,1400.0,-1400.0,no_signal,,sweep
7,13,1400.0,-700.0,no_signal,,sweep
7,13,1400.0,0.0,no_signal,,sweep
7,13,1400.0,700.0,no_signal,,sweep
7,13,700.0,1400.0,no_signal,,sweep
7,13,700.0,2100.0,no_signal,,sweep
7,13,1400.0,1400.0,no_signal,,sweep
7,13,2100.0,700.0,no_signal,,sweep
7,13,2100.0,0.0,no_signal,,sweep
7,13,2100.0,-700.0,no_signal,,sweep
7,14,0.0,0.0,no_signal,,sweep
7,14,-700.0,-700.0,no_signal,,sweep
7,14,0.0,-700.0,no_signal,,sweep
7,14,0.0,-1400.0,no_signal,,sweep
7,14,0.0,-2100.0,no_signal,,sweep
7,14,-700.0,-2100.0,no_signal,,sweep
7,14,-700.0,-1400.0,no_signal,,sweep
7,14,-1400.0,-1400.0,no_signal,,sweep
7,14,-1400.0,-700.0,no_signal,,sweep
7,14,-2100.0,-700.0,no_signal,,sweep
7,14,-2100.0,0.0,no_signal,,sweep
7,14,-1400.0,0.0,no_signal,,sweep
7,14,-700.0,0.0,no_signal,,sweep
7,14,-700.0,700.0,no_signal,,sweep
7,14,-1400.0,700.0,no_signal,,sweep
7,14,-2100.0,700.0,no_signal,,sweep
7,14,-1400.0,1400.0,direction,315.21,sweep
7,14,-700.0,1400.0,direction,235.56,sweep
7,15,0.0,0.0,no_signal,,sweep
7,15,-700.0,-700.0,no_signal,,sweep
7,15,0.0,-700.0,no_signal,,sweep
7,15,0.0,-1400.0,no_signal,,sweep
7,15,0.0,-2100.0,no_signal,,sweep
7,15,-700.0,-2100.0,no_signal,,sweep
7,15,-700.0,-1400.0,no_signal,,sweep
7,15,-1400.0,-1400.0,no_signal,,sweep
7,15,-1400.0,-700.0,direction,94.06,sweep
7,15,-2100.0,-700.0,direction,50.66,sweep
7,15,-2100.0,0.0,direction,9.08,sweep
7,16,0.0,0.0,no_signal,,sweep
7,16,-700.0,-700.0,no_signal,,sweep
7,16,0.0,-700.0,no_signal,,sweep
7,16,0.0,-1400.0,no_signal,,sweep
7,16,0.0,-2100.0,no_signal,,sweep
7,16,-700.0,-2100.0,no_signal,,sweep
7,16,-700.0,-1400.0,no_signal,,sweep
7,16,-1400.0,-1400.0,no_signal,,sweep
7,16,-1400.0,-700.0,no_signal,,sweep
7,16,-2100.0,-700.0,no_signal,,sweep
7,16,-2100.0,0.0,no_signal,,sweep
7,16,-1400.0,0.0,no_signal,,sweep
7,16,-700.0,0.0,no_signal,,sweep
7,16,-700.0,700.0,no_signal,,sweep
7,16,-1400.0,700.0,no_signal,,sweep
7,16,-2100.0,700.0,no_signal,,sweep
7,16,-1400.0,1400.0,no_signal,,sweep
7,16,-700.0,1400.0,no_signal,,sweep
7,16,-700.0,2100.0,no_signal,,sweep
7,16,0.0,2100.0,no_signal,,sweep
7,16,0.0,1400.0,no_signal,,sweep
7,16,0.0,700.0,no_signal,,sweep
7,16,700.0,700.0,direction,22.58,sweep
7,16,700.0,0.0,no_signal,,sweep
7,16,1400.0,0.0,direction,86.57,sweep
7,16,1400.0,700.0,direction,78.68,sweep
7,16,700.0,1400.0,no_signal,,sweep
7,16,1400.0,1400.0,no_signal,,sweep
7,16,2100.0,700.0,direction,153.99,sweep
7,17,0.0,0.0,no_signal,,sweep
7,17,-700.0,-700.0,no_signal,,sweep
7,17,0.0,-700.0,no_signal,,sweep
7,17,0.0,-1400.0,no_signal,,sweep
7,17,0.0,-2100.0,no_signal,,sweep
7,17,-700.0,-2100.0,no_signal,,sweep
7,17,-700.0,-1400.0,no_signal,,sweep
7,17,-1400.0,-1400.0,no_signal,,sweep
7,17,-1400.0,-700.0,no_signal,,sweep
7,17,-2100.0,-700.0,no_signal,,sweep
7,17,-2100.0,0.0,no_signal,,sweep
7,17,-1400.0,0.0,no_signal,,sweep
7,17,-700.0,0.0,no_signal,,sweep
7,17,-700.0,700.0,no_signal,,sweep
7,17,-1400.0,700.0,no_signal,,sweep
7,17,-2100.0,700.0,no_signal,,sweep
7,17,-1400.0,1400.0,no_signal,,sweep
7,17,-700.0,1400.0,no_signal,,sweep
7,17,-700.0,2100.0,no_signal,,sweep
7,17,0.0,2100.0,no_signal,,sweep
7,17,0.0,1400.0,no_signal,,sweep
7,17,0.0,700.0,no_signal,,sweep
7,17,700.0,700.0,no_signal,,sweep
7,17,700.0,0.0,no_signal,,sweep
7,17,700.0,-700.0,no_signal,,sweep
7,17,700.0,-1400.0,no_signal,,sweep
7,17,700.0,-2100.0,no_signal,,sweep
7,17,1400.0,-1400.0,no_signal,,sweep
7,17,1400.0,-700.0,no_signal,,sweep
7,17,1400.0,0.0,no_signal,,sweep
7,17,1400.0,700.0,no_signal,,sweep
7,17,700.0,1400.0,no_signal,,sweep
7,17,700.0,2100.0,no_signal,,sweep
7,17,1400.0,1400.0,no_signal,,sweep
7,17,2100.0,700.0,no_signal,,sweep
7,17,2100.0,0.0,no_signal,,sweep
7,17,2100.0,-700.0,no_signal,,sweep
7,18,0.0,0.0,no_signal,,sweep
7,18,-700.0,-700.0,direction,54.24,sweep
7,18,0.0,-700.0,no_signal,,sweep
7,18,-1400.0,0.0,direction,341.97,sweep
7,18,-700.0,0.0,direction,311.15,sweep
7,19,0.0,0.0,no_signal,,sweep
7,19,-700.0,-700.0,no_signal,,sweep
7,19,0.0,-700.0,no_signal,,sweep
7,19,0.0,-1400.0,no_signal,,sweep
7,19,0.0,-2100.0,no_signal,,sweep
7,19,-700.0,-2100.0,no_signal,,sweep
7,19,-700.0,-1400.0,no_signal,,sweep
7,19,-1400.0,-1400.0,no_signal,,sweep
7,19,-1400.0,-700.0,no_signal,,sweep
7,19,-2100.0,-700.0,no_signal,,sweep
7,19,-2100.0,0.0,no_signal,,sweep
7,19,-1400.0,0.0,no_signal,,sweep
7,19,-700.0,0.0,no_signal,,sweep
7,19,-700.0,700.0,direction,139.47,sweep
7,19,-1400.0,700.0,direction,55.48,sweep
7,20,0.0,0.0,direction,109.82,sweep
7,20,-700.0,0.0,direction,73.91,sweep
7,20,-700.0,700.0,no_signal,,sweep
7,20,-1400.0,700.0,no_signal,,sweep
7,20,-1400.0,1400.0,no_signal,,sweep
7,20,-700.0,1400.0,no_signal,,sweep
7,20,-700.0,2100.0,no_signal,,sweep
7,20,0.0,2100.0,no_signal,,sweep
7,20,0.0,1400.0,direction,219.24,sweep
7,20,0.0,700.0,direction,134.52,sweep
8,1,0.0,0.0,direction,142.44,sweep
8,1,-700.0,-700.0,no_signal,,sweep
8,1,-1400.0,0.0,direction,68.44,sweep
8,1,-700.0,0.0,direction,113.91,sweep
8,1,-700.0,700.0,direction,163.02,sweep
8,2,0.0,0.0,direction,309.21,sweep
8,2,-700.0,-700.0,no_signal,,sweep
8,2,0.0,-700.0,no_signal,,sweep
8,2,0.0,-1400.0,no_signal,,sweep
8,2,700.0,0.0,direction,213.59,sweep
8,3,0.0,0.0,no_signal,,sweep
8,3,-700.0,-700.0,no_signal,,sweep
8,3,0.0,-700.0,no_signal,,sweep
8,3,0.0,-1400.0,no_signal,,sweep
8,3,0.0,-2100.0,no_signal,,sweep
8,3,-700.0,-2100.0,no_signal,,sweep
8,3,-700.0,-1400.0,no_signal,,sweep
8,3,-1400.0,-1400.0,no_signal,,sweep
8,3,-1400.0,-700.0,no_signal,,sweep
8,3,-2100.0,-700.0,no_signal,,sweep
8,3,-2100.0,0.0,no_signal,,sweep
8,3,-1400.0,0.0,no_signal,,sweep
8,3,-700.0,0.0,no_signal,,sweep
8,3,-700.0,700.0,no_signal,,sweep
8,3,-1400.0,700.0,no_signal,,sweep
8,3,-2100.0,700.0,no_signal,,sweep
8,3,-1400.0,1400.0,no_signal,,sweep
8,3,-700.0,1400.0,direction,299.98,sweep
8,3,0.0,1400.0,direction,254.95,sweep
8,3,0.0,700.0,direction,210.64,sweep
8,4,0.0,0.0,no_signal,,sweep
8,4,-700.0,-700.0,direction,242.82,sweep
8,4,0.0,-700.0,direction,200.99,sweep
8,4,0.0,-1400.0,direction,156.90,sweep
8,5,0.0,0.0,no_signal,,sweep
8,5,-700.0,-700.0,no_signal,,sweep
8,5,0.0,-700.0,no_signal,,sweep
8,5,0.0,-1400.0,no_signal,,sweep
8,5,0.0,-2100.0,no_signal,,sweep
8,5,-700.0,-2100.0,no_signal,,sweep
8,5,-700.0,-1400.0,no_signal,,sweep
8,5,-1400.0,-1400.0,no_signal,,sweep
8,5,-1400.0,-700.0,no_signal,,sweep
8,5,-2100.0,-700.0,no_signal,,sweep
8,5,-2100.0,0.0,no_signal,,sweep
8,5,-1400.0,0.0,no_signal,,sweep
8,5,-700.0,0.0,no_signal,,sweep
8,5,-700.0,700.0,no_signal,,sweep
8,5,-1400.0,700.0,no_signal,,sweep
8,5,-2100.0,700.0,no_signal,,sweep
8,5,-1400.0,1400.0,no_signal,,sweep
8,5,-700.0,1400.0,no_signal,,sweep
8,5,-700.0,2100.0,no_signal,,sweep
8,5,0.0,2100.0,no_signal,,sweep
8,5,0.0,1400.0,no_signal,,sweep
8,5,0.0,700.0,no_signal,,sweep
8,5,700.0,700.0,direction,338.43,sweep
8,5,700.0,0.0,direction,44.32,sweep
8,5,1400.0,0.0,direction,110.26,sweep
8,6,0.0,0.0,direction,245.88,sweep
8,6,-700.0,-700.0,direction,356.00,sweep
8,7,0.0,0.0,no_signal,,sweep
8,7,-700.0,-700.0,no_signal,,sweep
8,7,0.0,-700.0,no_signal,,sweep
8,7,0.0,-1400.0,no_signal,,sweep
8,7,0.0,-2100.0,no_signal,,sweep
8,7,-700.0,-2100.0,no_signal,,sweep
8,7,-700.0,-1400.0,no_signal,,sweep
8,7,-1400.0,-1400.0,no_signal,,sweep
8,7,-1400.0,-700.0,no_signal,,sweep
8,7,-2100.0,-700.0,no_signal,,sweep
8,7,-2100.0,0.0,no_signal,,sweep
8,7,-1400.0,0.0,no_signal,,sweep
8,7,-700.0,0.0,no_signal,,sweep
8,7,-700.0,700.0,no_signal,,sweep
8,7,-1400.0,700.0,no_signal,,sweep
8,7,-2100.0,700.0,no_signal,,sweep
8,7,-1400.0,1400.0,no_signal,,sweep
8,7,-700.0,1400.0,no_signal,,sweep
8,7,-700.0,2100.0,no_signal,,sweep
8,7,0.0,2100.0,no_signal,,sweep
8,7,0.0,1400.0,no_signal,,sweep
8,7,0.0,700.0,no_signal,,sweep
8,7,700.0,700.0,no_signal,,sweep
8,7,700.0,0.0,no_signal,,sweep
8,7,700.0,-700.0,no_signal,,sweep
8,7,700.0,-1400.0,no_signal,,sweep
8,7,700.0,-2100.0,no_signal,,sweep
8,7,1400.0,-1400.0,no_signal,,sweep
8,7,1400.0,-700.0,no_signal,,sweep
8,7,1400.0,0.0,no_signal,,sweep
8,7,1400.0,700.0,no_signal,,sweep
8,7,700.0,1400.0,no_signal,,sweep
8,7,700.0,2100.0,no_signal,,sweep
8,7,1400.0,1400.0,no_signal,,sweep
8,7,2100.0,700.0,no_signal,,sweep
8,7,2100.0,0.0,no_signal,,sweep
8,7,2100.0,-700.0,no_signal,,sweep
8,8,0.0,0.0,no_signal,,sweep
8,8,-700.0,-700.0,no_signal,,sweep
8,8,0.0,-700.0,no_signal,,sweep
8,8,0.0,-1400.0,no_signal,,sweep
8,8,0.0,-2100.0,no_signal,,sweep
8,8,-700.0,-2100.0,no_signal,,sweep
8,8,-700.0,-1400.0,no_signal,,sweep
8,8,-1400.0,-1400.0,no_signal,,sweep
8,8,-1400.0,-700.0,no_signal,,sweep
8,8,-2100.0,-700.0,no_signal,,sweep
8,8,-2100.0,0.0,no_signal,,sweep
8,8,-1400.0,0.0,no_signal,,sweep
8,8,-700.0,0.0,no_signal,,sweep
8,8,-700.0,700.0,no_signal,,sweep
8,8,-1400.0,700.0,no_signal,,sweep
8,8,-2100.0,700.0,no_signal,,sweep
8,8,-1400.0,1400.0,no_signal,,sweep
8,8,-700.0,1400.0,no_signal,,sweep
8,8,-700.0,2100.0,no_signal,,sweep
8,8,0.0,2100.0,no_signal,,sweep
8,8,0.0,1400.0,no_signal,,sweep
8,8,0.0,700.0,no_signal,,sweep
8,8,700.0,700.0,no_signal,,sweep
8,8,700.0,0.0,no_signal,,sweep
8,8,700.0,-700.0,no_signal,,sweep
8,8,700.0,-1400.0,no_signal,,sweep
8,8,700.0,-2100.0,no_signal,,sweep
8,8,1400.0,-1400.0,no_signal,,sweep
8,8,1400.0,-700.0,no_signal,,sweep
8,8,1400.0,0.0,no_signal,,sweep
8,8,1400.0,700.0,no_signal,,sweep
8,8,700.0,1400.0,no_signal,,sweep
8,8,700.0,2100.0,no_signal,,sweep
8,8,1400.0,1400.0,no_signal,,sweep
8,8,2100.0,700.0,no_signal,,sweep
8,8,2100.0,0.0,no_signal,,sweep
8,8,2100.0,-700.0,no_signal,,sweep
8,9,0.0,0.0,no_signal,,sweep
8,9,-700.0,-700.0,no_signal,,sweep
8,9,0.0,-700.0,no_signal,,sweep
8,9,0.0,-1400.0,no_signal,,sweep
8,9,0.0,-2100.0,no_signal,,sweep
8,9,-700.0,-2100.0,no_signal,,sweep
8,9,-700.0,-1400.0,no_signal,,sweep
8,9,-1400.0,-1400.0,no_signal,,sweep
8,9,-1400.0,-700.0,direction,84.22,sweep
8,9,-2100.0,-700.0,no_signal,,sweep
8,9,-2100.0,0.0,direction,26.50,sweep
8,9,-1400.0,0.0,direction,75.31,sweep
8,9,-700.0,0.0,direction,146.23,sweep
8,10,0.0,0.0,no_signal,,sweep
8,10,-700.0,-700.0,no_signal,,sweep
8,10,0.0,-700.0,no_signal,,sweep
8,10,0.0,-1400.0,no_signal,,sweep
8,10,0.0,-2100.0,no_signal,,sweep
8,10,-700.0,-2100.0,no_signal,,sweep
8,10,-700.0,-1400.0,no_signal,,sweep
8,10,-1400.0,-1400.0,no_signal,,sweep
8,10,-1400.0,-700.0,no_signal,,sweep
8,10,-2100.0,-700.0,no_signal,,sweep
8,10,-2100.0,0.0,no_signal,,sweep
8,10,-1400.0,0.0,no_signal,,sweep
8,10,-700.0,0.0,no_signal,,sweep
8,10,-700.0,700.0,direction,45.43,sweep
8,10,-700.0,1400.0,direction,5.46,sweep
8,10,-700.0,2100.0,direction,320.92,sweep
8,10,0.0,2100.0,direction,274.29,sweep
8,11,0.0,0.0,no_signal,,sweep
8,11,-700.0,-700.0,no_signal,,sweep
8,11,0.0,-700.0,no_signal,,sweep
8,11,0.0,-1400.0,no_signal,,sweep
8,11,0.0,-2100.0,no_signal,,sweep
8,11,-700.0,-2100.0,no_signal,,sweep
8,11,-700.0,-1400.0,no_signal,,sweep
8,11,-1400.0,-1400.0,no_signal,,sweep
8,11,-1400.0,-700.0,no_signal,,sweep
8,11,-2100.0,-700.0,no_signal,,sweep
8,11,-2100.0,0.0,no_signal,,sweep
8,11,-1400.0,0.0,no_signal,,sweep
8,11,-700.0,0.0,no_signal,,sweep
8,11,-700.0,700.0,no_signal,,sweep
8,11,-1400.0,700.0,no_signal,,sweep
8,11,-2100.0,700.0,no_signal,,sweep
8,11,-1400.0,1400.0,no_signal,,sweep
8,11,-700.0,1400.0,no_signal,,sweep
8,11,-700.0,2100.0,no_signal,,sweep
8,11,0.0,2100.0,no_signal,,sweep
8,11,0.0,1400.0,no_signal,,sweep
8,11,0.0,700.0,no_signal,,sweep
8,11,700.0,700.0,no_signal,,sweep
8,11,700.0,0.0,no_signal,,sweep
8,11,700.0,-700.0,no_signal,,sweep
8,11,700.0,-1400.0,no_signal,,sweep
8,11,700.0,-2100.0,no_signal,,sweep
8,11,1400.0,-1400.0,no_signal,,sweep
8,11,1400.0,-700.0,no_signal,,sweep
8,11,1400.0,0.0,no_signal,,sweep
8,11,1400.0,700.0,no_signal,,sweep
8,11,700.0,1400.0,no_signal,,sweep
8,11,700.0,2100.0,no_signal,,sweep
8,11,1400.0,1400.0,no_signal,,sweep
8,11,2100.0,700.0,no_signal,,sweep
8,11,2100.0,0.0,no_signal,,sweep
8,11,2100.0,-700.0,no_signal,,sweep
8,12,0.0,0.0,no_signal,,sweep
8,12,-700.0,-700.0,no_signal,,sweep
8,12,0.0,-700.0,no_signal,,sweep
8,12,0.0,-1400.0,no_signal,,sweep
8,12,0.0,-2100.0,no_signal,,sweep
8,12,-700.0,-2100.0,no_signal,,sweep
8,12,-700.0,-1400.0,no_signal,,sweep
8,12,-1400.0,-1400.0,no_signal,,sweep
8,12,-1400.0,-700.0,no_signal,,sweep
8,12,-2100.0,-700.0,no_signal,,sweep
8,12,-2100.0,0.0,no_signal,,sweep
8,12,-1400.0,0.0,no_signal,,sweep
8,12,-700.0,0.0,no_signal,,sweep
8,12,-700.0,700.0,no_signal,,sweep
8,12,-1400.0,700.0,no_signal,,sweep
8,12,-2100.0,700.0,no_signal,,sweep
8,12,-1400.0,1400.0,no_signal,,sweep
8,12,-700.0,1400.0,no_signal,,sweep
8,12,-700.0,2100.0,no_signal,,sweep
8,12,0.0,2100.0,no_signal,,sweep
8,12,0.0,1400.0,no_signal,,sweep
8,12,0.0,700.0,no_signal,,sweep
8,12,700.0,700.0,no_signal,,sweep
8,12,700.0,0.0,no_signal,,sweep
8,12,700.0,-700.0,no_signal,,sweep
8,12,700.0,-1400.0,no_signal,,sweep
8,12,700.0,-2100.0,no_signal,,sweep
8,12,1400.0,-1400.0,no_signal,,sweep
8,12,1400.0,-700.0,no_signal,,sweep
8,12,1400.0,0.0,no_signal,,sweep
8,12,1400.0,700.0,no_signal,,sweep
8,12,700.0,1400.0,no_signal,,sweep
8,12,700.0,2100.0,no_signal,,sweep
8,12,1400.0,1400.0,no_signal,,sweep
8,12,2100.0,700.0,no_signal,,sweep
8,12,2100.0,0.0,no_signal,,sweep
8,12,2100.0,-700.0,no_signal,,sweep
8,13,0.0,0.0,direction,315.93,sweep
8,13,0.0,-700.0,direction,346.94,sweep
8,13,0.0,-1400.0,direction,29.11,sweep
8,13,700.0,0.0,direction,283.17,sweep
8,14,0.0,0.0,no_signal,,sweep
8,14,-700.0,-700.0,no_signal,,sweep
8,14,0.0,-700.0,no_signal,,sweep
8,14,0.0,-1400.0,no_signal,,sweep
8,14,0.0,-2100.0,no_signal,,sweep
8,14,-700.0,-2100.0,no_signal,,sweep
8,14,-700.0,-1400.0,no_signal,,sweep
8,14,-1400.0,-1400.0,no_signal,,sweep
8,14,-1400.0,-700.0,no_signal,,sweep
8,14,-2100.0,-700.0,no_signal,,sweep
8,14,-2100.0,0.0,no_signal,,sweep
8,14,-1400.0,0.0,no_signal,,sweep
8,14,-700.0,0.0,no_signal,,sweep
8,14,-700.0,700.0,no_signal,,sweep
8,14,-1400.0,700.0,no_signal,,sweep
8,14,-2100.0,700.0,no_signal,,sweep
8,14,-1400.0,1400.0,no_signal,,sweep
8,14,-700.0,1400.0,no_signal,,sweep
8,14,-700.0,2100.0,no_signal,,sweep
8,14,0.0,2100.0,no_signal,,sweep
8,14,0.0,1400.0,no_signal,,sweep
8,14,0.0,700.0,no_signal,,sweep
8,14,700.0,700.0,no_signal,,sweep
8,14,700.0,0.0,no_signal,,sweep
8,14,700.0,-700.0,no_signal,,sweep
8,14,700.0,-1400.0,no_signal,,sweep
8,14,700.0,-2100.0,no_signal,,sweep
8,14,1400.0,-1400.0,no_signal,,sweep
8,14,1400.0,-700.0,no_signal,,sweep
8,14,1400.0,0.0,no_signal,,sweep
8,14,1400.0,700.0,no_signal,,sweep
8,14,700.0,1400.0,no_signal,,sweep
8,14,700.0,2100.0,no_signal,,sweep
8,14,1400.0,1400.0,no_signal,,sweep
8,14,2100.0,700.0,no_signal,,sweep
8,14,2100.0,0.0,no_signal,,sweep
8,14,2100.0,-700.0,no_signal,,sweep
8,15,0.0,0.0,no_signal,,sweep
8,15,-700.0,-700.0,no_signal,,sweep
8,15,0.0,-700.0,no_signal,,sweep
8,15,0.0,-1400.0,no_signal,,sweep
8,15,0.0,-2100.0,no_signal,,sweep
8,15,-700.0,-2100.0,no_signal,,sweep
8,15,-700.0,-1400.0,no_signal,,sweep
8,15,-1400.0,-1400.0,no_signal,,sweep
8,15,-1400.0,-700.0,no_signal,,sweep
8,15,-2100.0,-700.0,no_signal,,sweep
8,15,-2100.0,0.0,no_signal,,sweep
8,15,-1400.0,0.0,no_signal,,sweep
8,15,-700.0,0.0,no_signal,,sweep
8,15,-700.0,700.0,no_signal,,sweep
8,15,-1400.0,700.0,no_signal,,sweep
8,15,-2100.0,700.0,no_signal,,sweep
8,15,-1400.0,1400.0,no_signal,,sweep
8,15,-700.0,1400.0,no_signal,,sweep
8,15,-700.0,2100.0,no_signal,,sweep
8,15,0.0,2100.0,no_signal,,sweep
8,15,0.0,1400.0,no_signal,,sweep
8,15,0.0,700.0,no_signal,,sweep
8,15,700.0,700.0,no_signal,,sweep
8,15,700.0,0.0,no_signal,,sweep
8,15,700.0,-700.0,no_signal,,sweep
8,15,700.0,-1400.0,no_signal,,sweep
8,15,700.0,-2100.0,no_signal,,sweep
8,15,1400.0,-1400.0,no_signal,,sweep
8,15,1400.0,-700.0,no_signal,,sweep
8,15,1400.0,0.0,no_signal,,sweep
8,15,1400.0,700.0,no_signal,,sweep
8,15,700.0,1400.0,no_signal,,sweep
8,15,700.0,2100.0,no_signal,,sweep
8,15,1400.0,1400.0,no_signal,,sweep
8,15,2100.0,700.0,no_signal,,sweep
8,15,2100.0,0.0,no_signal,,sweep
8,15,2100.0,-700.0,no_signal,,sweep
8,16,0.0,0.0,direction,352.41,sweep
8,16,0.0,-700.0,no_signal,,sweep
8,16,0.0,700.0,no_signal,,sweep
8,16,700.0,700.0,direction,285.98,sweep
8,16,700.0,0.0,direction,333.84,sweep
8,16,700.0,-700.0,no_signal,,sweep
8,16,1400.0,-700.0,no_signal,,sweep
8,16,1400.0,0.0,no_signal,,sweep
8,16,1400.0,700.0,direction,240.26,sweep
8,17,0.0,0.0,no_signal,,sweep
8,17,-700.0,-700.0,no_signal,,sweep
8,17,0.0,-700.0,no_signal,,sweep
8,17,0.0,-1400.0,no_signal,,sweep
8,17,0.0,-2100.0,no_signal,,sweep
8,17,-700.0,-2100.0,no_signal,,sweep
8,17,-700.0,-1400.0,no_signal,,sweep
8,17,-1400.0,-1400.0,no_signal,,sweep
8,17,-1400.0,-700.0,no_signal,,sweep
8,17,-2100.0,-700.0,no_signal,,sweep
8,17,-2100.0,0.0,no_signal,,sweep
8,17,-1400.0,0.0,no_signal,,sweep
8,17,-700.0,0.0,no_signal,,sweep
8,17,-700.0,700.0,no_signal,,sweep
8,17,-1400.0,700.0,no_signal,,sweep
8,17,-2100.0,700.0,no_signal,,sweep
8,17,-1400.0,1400.0,no_signal,,sweep
8,17,-700.0,1400.0,no_signal,,sweep
8,17,-700.0,2100.0,no_signal,,sweep
8,17,0.0,2100.0,no_signal,,sweep
8,17,0.0,1400.0,no_signal,,sweep
8,17,0.0,700.0,no_signal,,sweep
8,17,700.0,700.0,no_signal,,sweep
8,17,700.0,0.0,no_signal,,sweep
8,17,700.0,-700.0,no_signal,,sweep
8,17,700.0,-1400.0,no_signal,,sweep
8,17,700.0,-2100.0,no_signal,,sweep
8,17,1400.0,-1400.0,no_signal,,sweep
8,17,1400.0,-700.0,no_signal,,sweep
8,17,1400.0,0.0,no_signal,,sweep
8,17,1400.0,700.0,no_signal,,sweep
8,17,700.0,1400.0,no_signal,,sweep
8,17,700.0,2100.0,no_signal,,sweep
8,17,1400.0,1400.0,no_signal,,sweep
8,17,2100.0,700.0,no_signal,,sweep
8,17,2100.0,0.0,no_signal,,sweep
8,17,2100.0,-700.0,no_signal,,sweep
8,18,0.0,0.0,no_signal,,sweep
8,18,-700.0,-700.0,no_signal,,sweep
8,18,0.0,-700.0,no_signal,,sweep
8,18,0.0,-1400.0,no_signal,,sweep
8,18,0.0,-2100.0,no_signal,,sweep
8,18,-700.0,-2100.0,no_signal,,sweep
8,18,-700.0,-1400.0,no_signal,,sweep
8,18,-1400.0,-1400.0,no_signal,,sweep
8,18,-1400.0,-700.0,no_signal,,sweep
8,18,-2100.0,-700.0,no_signal,,sweep
8,18,-2100.0,0.0,no_signal,,sweep
8,18,-1400.0,0.0,no_signal,,sweep
8,18,-700.0,0.0,no_signal,,sweep
8,18,-700.0,700.0,no_signal,,sweep
8,18,-1400.0,700.0,no_signal,,sweep
8,18,-2100.0,700.0,no_signal,,sweep
8,18,-1400.0,1400.0,no_signal,,sweep
8,18,-700.0,1400.0,no_signal,,sweep
8,18,-700.0,2100.0,no_signal,,sweep
8,18,0.0,2100.0,no_signal,,sweep
8,18,0.0,1400.0,no_signal,,sweep
8,18,0.0,700.0,no_signal,,sweep
8,18,700.0,700.0,no_signal,,sweep
8,18,700.0,0.0,no_signal,,sweep
8,18,700.0,-700.0,no_signal,,sweep
8,18,700.0,-1400.0,no_signal,,sweep
8,18,700.0,-2100.0,no_signal,,sweep
8,18,1400.0,-1400.0,no_signal,,sweep
8,18,1400.0,-700.0,no_signal,,sweep
8,18,1400.0,0.0,no_signal,,sweep
8,18,1400.0,700.0,direction,132.17,sweep
8,18,700.0,1400.0,no_signal,,sweep
8,18,700.0,2100.0,direction,283.05,sweep
8,18,1400.0,1400.0,direction,195.45,sweep
8,19,0.0,0.0,no_signal,,sweep
8,19,-700.0,-700.0,no_signal,,sweep
8,19,0.0,-700.0,no_signal,,sweep
8,19,0.0,-1400.0,no_signal,,sweep
8,19,0.0,-2100.0,direction,79.31,sweep
8,19,-700.0,-1400.0,no_signal,,sweep
8,19,700.0,-700.0,no_signal,,sweep
8,19,700.0,-1400.0,direction,184.30,sweep
8,20,0.0,0.0,no_signal,,sweep
8,20,-700.0,-700.0,no_signal,,sweep
8,20,0.0,-700.0,no_signal,,sweep
8,20,0.0,-1400.0,no_signal,,sweep
8,20,0.0,-2100.0,no_signal,,sweep
8,20,-700.0,-2100.0,no_signal,,sweep
8,20,-700.0,-1400.0,no_signal,,sweep
8,20,-1400.0,-1400.0,no_signal,,sweep
8,20,-1400.0,-700.0,no_signal,,sweep
8,20,-2100.0,-700.0,no_signal,,sweep
8,20,-2100.0,0.0,no_signal,,sweep
8,20,-1400.0,0.0,no_signal,,sweep
8,20,-700.0,0.0,no_signal,,sweep
8,20,-700.0,700.0,no_signal,,sweep
8,20,-1400.0,700.0,no_signal,,sweep
8,20,-2100.0,700.0,no_signal,,sweep
8,20,-1400.0,1400.0,no_signal,,sweep
8,20,-700.0,1400.0,no_signal,,sweep
8,20,-700.0,2100.0,no_signal,,sweep
8,20,0.0,2100.0,no_signal,,sweep
8,20,0.0,1400.0,no_signal,,sweep
8,20,0.0,700.0,no_signal,,sweep
8,20,700.0,700.0,no_signal,,sweep
8,20,700.0,0.0,no_signal,,sweep
8,20,700.0,-700.0,no_signal,,sweep
8,20,700.0,-1400.0,no_signal,,sweep
8,20,700.0,-2100.0,no_signal,,sweep
8,20,1400.0,-1400.0,no_signal,,sweep
8,20,1400.0,-700.0,no_signal,,sweep
8,20,1400.0,0.0,no_signal,,sweep
8,20,1400.0,700.0,no_signal,,sweep
8,20,700.0,1400.0,no_signal,,sweep
8,20,700.0,2100.0,no_signal,,sweep
8,20,1400.0,1400.0,no_signal,,sweep
8,20,2100.0,700.0,no_signal,,sweep
8,20,2100.0,0.0,no_signal,,sweep
8,20,2100.0,-700.0,no_signal,,sweep
9,1,0.0,0.0,no_signal,,sweep
9,1,-700.0,-700.0,no_signal,,sweep
9,1,0.0,-700.0,no_signal,,sweep
9,1,0.0,-1400.0,no_signal,,sweep
9,1,0.0,-2100.0,no_signal,,sweep
9,1,-700.0,-2100.0,no_signal,,sweep
9,1,-700.0,-1400.0,no_signal,,sweep
9,1,-1400.0,-1400.0,no_signal,,sweep
9,1,-1400.0,-700.0,no_signal,,sweep
9,1,-2100.0,-700.0,no_signal,,sweep
9,1,-2100.0,0.0,no_signal,,sweep
9,1,-1400.0,0.0,no_signal,,sweep
9,1,-700.0,0.0,no_signal,,sweep
9,1,-700.0,700.0,no_signal,,sweep
9,1,-1400.0,700.0,no_signal,,sweep
9,1,-2100.0,700.0,no_signal,,sweep
9,1,-1400.0,1400.0,no_signal,,sweep
9,1,-700.0,1400.0,no_signal,,sweep
9,1,-700.0,2100.0,no_signal,,sweep
9,1,0.0,2100.0,no_signal,,sweep
9,1,0.0,1400.0,no_signal,,sweep
9,1,0.0,700.0,no_signal,,sweep
9,1,700.0,700.0,no_signal,,sweep
9,1,700.0,0.0,no_signal,,sweep
9,1,700.0,-700.0,no_signal,,sweep
9,1,700.0,-1400.0,no_signal,,sweep
9,1,700.0,-2100.0,no_signal,,sweep
9,1,1400.0,-1400.0,no_signal,,sweep
9,1,1400.0,-700.0,no_signal,,sweep
9,1,1400.0,0.0,no_signal,,sweep
9,1,1400.0,700.0,no_signal,,sweep
9,1,700.0,1400.0,no_signal,,sweep
9,1,700.0,2100.0,no_signal,,sweep
9,1,1400.0,1400.0,no_signal,,sweep
9,1,2100.0,700.0,no_signal,,sweep
9,1,2100.0,0.0,no_signal,,sweep
9,1,2100.0,-700.0,no_signal,,sweep
9,2,0.0,0.0,no_signal,,sweep
9,2,-700.0,-700.0,direction,325.13,sweep
9,2,0.0,-700.0,direction,276.96,sweep
9,2,0.0,-1400.0,direction,68.29,sweep
9,3,0.0,0.0,no_signal,,sweep
9,3,-700.0,-700.0,no_signal,,sweep
9,3,0.0,-700.0,direction,2.90,sweep
9,3,0.0,-1400.0,direction,35.66,sweep
9,3,700.0,0.0,no_signal,,sweep
9,3,700.0,-700.0,direction,9.01,sweep
9,3,700.0,-1400.0,direction,65.87,sweep
9,4,0.0,0.0,no_signal,,sweep
9,4,-700.0,-700.0,no_signal,,sweep
9,4,0.0,-700.0,direction,41.42,sweep
9,4,0.0,700.0,no_signal,,sweep
9,4,700.0,700.0,no_signal,,sweep
9,4,700.0,0.0,no_signal,,sweep
9,4,700.0,-700.0,direction,158.68,sweep
9,5,0.0,0.0,no_signal,,sweep
9,5,-700.0,-700.0,no_signal,,sweep
9,5,0.0,-700.0,no_signal,,sweep
9,5,0.0,-1400.0,no_signal,,sweep
9,5,0.0,-2100.0,no_signal,,sweep
9,5,-700.0,-2100.0,no_signal,,sweep
9,5,-700.0,-1400.0,no_signal,,sweep
9,5,-1400.0,-1400.0,no_signal,,sweep
9,5,-1400.0,-700.0,no_signal,,sweep
9,5,-2100.0,-700.0,no_signal,,sweep
9,5,-2100.0,0.0,no_signal,,sweep
9,5,-1400.0,0.0,no_signal,,sweep
9,5,-700.0,0.0,no_signal,,sweep
9,5,-700.0,700.0,no_signal,,sweep
9,5,-1400.0,700.0,no_signal,,sweep
9,5,-2100.0,700.0,no_signal,,sweep
9,5,-1400.0,1400.0,no_signal,,sweep
9,5,-700.0,1400.0,no_signal,,sweep
9,5,-700.0,2100.0,no_signal,,sweep
9,5,0.0,2100.0,no_signal,,sweep
9,5,0.0,1400.0,no_signal,,sweep
9,5,0.0,700.0,no_signal,,sweep
9,5,700.0,700.0,direction,251.68,sweep
9,5,700.0,0.0,direction,126.66,sweep
9,6,0.0,0.0,no_signal,,sweep
9,6,-700.0,-700.0,no_signal,,sweep
9,6,0.0,-700.0,no_signal,,sweep
9,6,0.0,-1400.0,no_signal,,sweep
9,6,0.0,-2100.0,no_signal,,sweep
9,6,-700.0,-2100.0,no_signal,,sweep
9,6,-700.0,-1400.0,no_signal,,sweep
9,6,-1400.0,-1400.0,no_signal,,sweep
9,6,-1400.0,-700.0,no_signal,,sweep
9,6,-2100.0,-700.0,no_signal,,sweep
9,6,-2100.0,0.0,no_signal,,sweep
9,6,-1400.0,0.0,no_signal,,sweep
9,6,-700.0,0.0,no_signal,,sweep
9,6,-700.0,700.0,no_signal,,sweep
9,6,-1400.0,700.0,no_signal,,sweep
9,6,-2100.0,700.0,no_signal,,sweep
9,6,-1400.0,1400.0,no_signal,,sweep
9,6,-700.0,1400.0,no_signal,,sweep
9,6,-700.0,2100.0,no_signal,,sweep
9,6,0.0,2100.0,no_signal,,sweep
9,6,0.0,1400.0,no_signal,,sweep
9,6,0.0,700.0,no_signal,,sweep
9,6,700.0,700.0,no_signal,,sweep
9,6,700.0,0.0,no_signal,,sweep
9,6,700.0,-700.0,no_signal,,sweep
9,6,700.0,-1400.0,no_signal,,sweep
9,6,700.0,-2100.0,no_signal,,sweep
9,6,1400.0,-1400.0,no_signal,,sweep
9,6,1400.0,-700.0,no_signal,,sweep
9,6,1400.0,0.0,no_signal,,sweep
9,6,1400.0,700.0,no_signal,,sweep
9,6,700.0,1400.0,no_signal,,sweep
9,6,700.0,2100.0,no_signal,,sweep
9,6,1400.0,1400.0,no_signal,,sweep
9,6,2100.0,700.0,no_signal,,sweep
9,6,2100.0,0.0,no_signal,,sweep
9,6,2100.0,-700.0,no_signal,,sweep
9,7,0.0,0.0,no_signal,,sweep
9,7,-700.0,-700.0,no_signal,,sweep
9,7,0.0,-700.0,no_signal,,sweep
9,7,0.0,-1400.0,no_signal,,sweep
9,7,0.0,-2100.0,no_signal,,sweep
9,7,-700.0,-2100.0,no_signal,,sweep
9,7,-700.0,-1400.0,no_signal,,sweep
9,7,-1400.0,-1400.0,no_signal,,sweep
9,7,-1400.0,-700.0,direction,118.21,sweep
9,7,-2100.0,-700.0,direction,50.83,sweep
9,8,0.0,0.0,no_signal,,sweep
9,8,-700.0,-700.0,no_signal,,sweep
9,8,0.0,-700.0,no_signal,,sweep
9,8,0.0,-1400.0,no_signal,,sweep
9,8,0.0,-2100.0,no_signal,,sweep
9,8,-700.0,-2100.0,no_signal,,sweep
9,8,-700.0,-1400.0,no_signal,,sweep
9,8,-1400.0,-1400.0,no_signal,,sweep
9,8,-1400.0,-700.0,no_signal,,sweep
9,8,-2100.0,-700.0,no_signal,,sweep
9,8,-2100.0,0.0,no_signal,,sweep
9,8,-1400.0,0.0,no_signal,,sweep
9,8,-700.0,0.0,no_signal,,sweep
9,8,-700.0,700.0,no_signal,,sweep
9,8,-1400.0,700.0,no_signal,,sweep
9,8,-2100.0,700.0,no_signal,,sweep
9,8,-1400.0,1400.0,no_signal,,sweep
9,8,-700.0,1400.0,no_signal,,sweep
9,8,-700.0,2100.0,no_signal,,sweep
9,8,0.0,2100.0,no_signal,,sweep
9,8,0.0,1400.0,no_signal,,sweep
9,8,0.0,700.0,no_signal,,sweep
9,8,700.0,700.0,no_signal,,sweep
9,8,700.0,0.0,no_signal,,sweep
9,8,700.0,-700.0,no_signal,,sweep
9,8,700.0,-1400.0,no_signal,,sweep
9,8,700.0,-2100.0,no_signal,,sweep
9,8,1400.0,-1400.0,no_signal,,sweep
9,8,1400.0,-700.0,no_signal,,sweep
9,8,1400.0,0.0,no_signal,,sweep
9,8,1400.0,700.0,no_signal,,sweep
9,8,700.0,1400.0,no_signal,,sweep
9,8,700.0,2100.0,no_signal,,sweep
9,8,1400.0,1400.0,no_signal,,sweep
9,8,2100.0,700.0,no_signal,,sweep
9,8,2100.0,0.0,no_signal,,sweep
9,8,2100.0,-700.0,no_signal,,sweep
9,9,0.0,0.0,no_signal,,sweep
9,9,-700.0,-700.0,direction,150.31,sweep
9,9,-700.0,-1400.0,no_signal,,sweep
9,9,-1400.0,-1400.0,no_signal,,sweep
9,9,-1400.0,-700.0,direction,79.98,sweep
9,10,0.0,0.0,no_signal,,sweep
9,10,-700.0,-700.0,no_signal,,sweep
9,10,0.0,-700.0,no_signal,,sweep
9,10,0.0,-1400.0,no_signal,,sweep
9,10,0.0,-2100.0,no_signal,,sweep
9,10,-700.0,-2100.0,no_signal,,sweep
9,10,-700.0,-1400.0,no_signal,,sweep
9,10,-1400.0,-1400.0,no_signal,,sweep
9,10,-1400.0,-700.0,no_signal,,sweep
9,10,-2100.0,-700.0,no_signal,,sweep
9,10,-2100.0,0.0,no_signal,,sweep
9,10,-1400.0,0.0,no_signal,,sweep
9,10,-700.0,0.0,no_signal,,sweep
9,10,-700.0,700.0,no_signal,,sweep
9,10,-1400.0,700.0,no_signal,,sweep
9,10,-2100.0,700.0,no_signal,,sweep
9,10,-1400.0,1400.0,no_signal,,sweep
9,10,-700.0,1400.0,no_signal,,sweep
9,10,-700.0,2100.0,no_signal,,sweep
9,10,0.0,2100.0,no_signal,,sweep
9,10,0.0,1400.0,no_signal,,sweep
9,10,0.0,700.0,no_signal,,sweep
9,10,700.0,700.0,no_signal,,sweep
9,10,700.0,0.0,no_signal,,sweep
9,10,700.0,-700.0,no_signal,,sweep
9,10,700.0,-1400.0,no_signal,,sweep
9,10,700.0,-2100.0,no_signal,,sweep
9,10,1400.0,-1400.0,no_signal,,sweep
9,10,1400.0,-700.0,no_signal,,sweep
9,10,1400.0,0.0,no_signal,,sweep
9,10,1400.0,700.0,no_signal,,sweep
9,10,700.0,1400.0,no_signal,,sweep
9,10,700.0,2100.0,no_signal,,sweep
9,10,1400.0,1400.0,no_signal,,sweep
9,10,2100.0,700.0,no_signal,,sweep
9,10,2100.0,0.0,no_signal,,sweep
9,10,2100.0,-700.0,no_signal,,sweep
9,11,0.0,0.0,no_signal,,sweep
9,11,-700.0,-700.0,no_signal,,sweep
9,11,0.0,-700.0,no_signal,,sweep
9,11,0.0,-1400.0,no_signal,,sweep
9,11,0.0,-2100.0,no_signal,,sweep
9,11,-700.0,-2100.0,no_signal,,sweep
9,11,-700.0,-1400.0,no_signal,,sweep
9,11,-1400.0,-1400.0,no_signal,,sweep
9,11,-1400.0,-700.0,no_signal,,sweep
9,11,-2100.0,-700.0,no_signal,,sweep
9,11,-2100.0,0.0,no_signal,,sweep
9,11,-1400.0,0.0,no_signal,,sweep
9,11,-700.0,0.0,no_signal,,sweep
9,11,-700.0,700.0,no_signal,,sweep
9,11,-1400.0,700.0,no_signal,,sweep
9,11,-2100.0,700.0,no_signal,,sweep
9,11,-1400.0,1400.0,no_signal,,sweep
9,11,-700.0,1400.0,no_signal,,sweep
9,11,-700.0,2100.0,no_signal,,sweep
9,11,0.0,2100.0,no_signal,,sweep
9,11,0.0,1400.0,no_signal,,sweep
9,11,0.0,700.0,no_signal,,sweep
9,11,700.0,700.0,no_signal,,sweep
9,11,700.0,0.0,no_signal,,sweep
9,11,700.0,-700.0,no_signal,,sweep
9,11,700.0,-1400.0,no_signal,,sweep
9,11,700.0,-2100.0,no_signal,,sweep
9,11,1400.0,-1400.0,no_signal,,sweep
9,11,1400.0,-700.0,no_signal,,sweep
9,11,1400.0,0.0,no_signal,,sweep
9,11,1400.0,700.0,no_signal,,sweep
9,11,700.0,1400.0,no_signal,,sweep
9,11,700.0,2100.0,no_signal,,sweep
9,11,1400.0,1400.0,no_signal,,sweep
9,11,2100.0,700.0,no_signal,,sweep
9,11,2100.0,0.0,no_signal,,sweep
9,11,2100.0,-700.0,no_signal,,sweep
9,12,0.0,0.0,direction,310.59,sweep
9,12,-700.0,-700.0,direction,9.17,sweep
9,12,0.0,-700.0,direction,21.65,sweep
9,13,0.0,0.0,no_signal,,sweep
9,13,-700.0,-700.0,no_signal,,sweep
9,13,0.0,-700.0,no_signal,,sweep
9,13,0.0,-1400.0,no_signal,,sweep
9,13,0.0,-2100.0,no_signal,,sweep
9,13,-700.0,-2100.0,no_signal,,sweep
9,13,-700.0,-1400.0,no_signal,,sweep
9,13,-1400.0,-1400.0,no_signal,,sweep
9,13,-1400.0,-700.0,direction,43.83,sweep
9,13,-1400.0,0.0,direction,304.67,sweep
9,14,0.0,0.0,no_signal,,sweep
9,14,-700.0,-700.0,no_signal,,sweep
9,14,0.0,-700.0,no_signal,,sweep
9,14,0.0,-1400.0,no_signal,,sweep
9,14,0.0,-2100.0,no_signal,,sweep
9,14,-700.0,-2100.0,no_signal,,sweep
9,14,-700.0,-1400.0,no_signal,,sweep
9,14,-1400.0,-1400.0,no_signal,,sweep
9,14,-1400.0,-700.0,no_signal,,sweep
9,14,-2100.0,-700.0,no_signal,,sweep
9,14,-2100.0,0.0,no_signal,,sweep
9,14,-1400.0,0.0,no_signal,,sweep
9,14,-700.0,0.0,no_signal,,sweep
9,14,-700.0,700.0,no_signal,,sweep
9,14,-1400.0,700.0,no_signal,,sweep
9,14,-2100.0,700.0,no_signal,,sweep
9,14,-1400.0,1400.0,no_signal,,sweep
9,14,-700.0,1400.0,no_signal,,sweep
9,14,-700.0,2100.0,no_signal,,sweep
9,14,0.0,2100.0,no_signal,,sweep
9,14,0.0,1400.0,no_signal,,sweep
9,14,0.0,700.0,no_signal,,sweep
9,14,700.0,700.0,no_signal,,sweep
9,14,700.0,0.0,no_signal,,sweep
9,14,700.0,-700.0,no_signal,,sweep
9,14,700.0,-1400.0,no_signal,,sweep
9,14,700.0,-2100.0,no_signal,,sweep
9,14,1400.0,-1400.0,no_signal,,sweep
9,14,1400.0,-700.0,no_signal,,sweep
9,14,1400.0,0.0,no_signal,,sweep
9,14,1400.0,700.0,no_signal,,sweep
9,14,700.0,1400.0,no_signal,,sweep
9,14,700.0,2100.0,no_signal,,sweep
9,14,1400.0,1400.0,no_signal,,sweep
9,14,2100.0,700.0,no_signal,,sweep
9,14,2100.0,0.0,no_signal,,sweep
9,14,2100.0,-700.0,no_signal,,sweep
9,15,0.0,0.0,no_signal,,sweep
9,15,-700.0,-700.0,no_signal,,sweep
9,15,0.0,-700.0,no_signal,,sweep
9,15,0.0,-1400.0,no_signal,,sweep
9,15,0.0,-2100.0,no_signal,,sweep
9,15,-700.0,-2100.0,no_signal,,sweep
9,15,-700.0,-1400.0,no_signal,,sweep
9,15,-1400.0,-1400.0,no_signal,,sweep
9,15,-1400.0,-700.0,no_signal,,sweep
9,15,-2100.0,-700.0,no_signal,,sweep
9,15,-2100.0,0.0,no_signal,,sweep
9,15,-1400.0,0.0,no_signal,,sweep
9,15,-700.0,0.0,no_signal,,sweep
9,15,-700.0,700.0,no_signal,,sweep
9,15,-1400.0,700.0,no_signal,,sweep
9,15,-2100.0,700.0,no_signal,,sweep
9,15,-1400.0,1400.0,no_signal,,sweep
9,15,-700.0,1400.0,no_signal,,sweep
9,15,-700.0,2100.0,no_signal,,sweep
9,15,0.0,2100.0,no_signal,,sweep
9,15,0.0,1400.0,no_signal,,sweep
9,15,0.0,700.0,no_signal,,sweep
9,15,700.0,700.0,no_signal,,sweep
9,15,700.0,0.0,no_signal,,sweep
9,15,700.0,-700.0,no_signal,,sweep
9,15,700.0,-1400.0,no_signal,,sweep
9,15,700.0,-2100.0,no_signal,,sweep
9,15,1400.0,-1400.0,no_signal,,sweep
9,15,1400.0,-700.0,no_signal,,sweep
9,15,1400.0,0.0,no_signal,,sweep
9,15,1400.0,700.0,no_signal,,sweep
9,15,700.0,1400.0,no_signal,,sweep
9,15,700.0,2100.0,no_signal,,sweep
9,15,1400.0,1400.0,no_signal,,sweep
9,15,2100.0,700.0,no_signal,,sweep
9,15,2100.0,0.0,no_signal,,sweep
9,15,2100.0,-700.0,no_signal,,sweep
9,16,0.0,0.0,direction,217.45,sweep
9,16,-700.0,-700.0,no_signal,,sweep
9,16,0.0,-700.0,no_signal,,sweep
9,16,0.0,-1400.0,no_signal,,sweep
9,16,-700.0,-1400.0,no_signal,,sweep
9,16,-1400.0,-700.0,direction,18.61,sweep
9,16,-1400.0,0.0,direction,333.05,sweep
9,16,-700.0,0.0,direction,287.52,sweep
9,17,0.0,0.0,no_signal,,sweep
9,17,-700.0,-700.0,no_signal,,sweep
9,17,0.0,-700.0,no_signal,,sweep
9,17,0.0,-1400.0,no_signal,,sweep
9,17,0.0,-2100.0,no_signal,,sweep
9,17,-700.0,-2100.0,no_signal,,sweep
9,17,-700.0,-1400.0,direction,85.65,sweep
9,17,-1400.0,-1400.0,direction,38.01,sweep
9,17,-1400.0,-700.0,direction,349.62,sweep
9,18,0.0,0.0,no_signal,,sweep
9,18,-700.0,-700.0,no_signal,,sweep
9,18,0.0,-700.0,no_signal,,sweep
9,18,0.0,-1400.0,no_signal,,sweep
9,18,0.0,-2100.0,no_signal,,sweep
9,18,-700.0,-2100.0,no_signal,,sweep
9,18,-700.0,-1400.0,no_signal,,sweep
9,18,-1400.0,-1400.0,no_signal,,sweep
9,18,-1400.0,-700.0,no_signal,,sweep
9,18,-2100.0,-700.0,no_signal,,sweep
9,18,-2100.0,0.0,no_signal,,sweep
9,18,-1400.0,0.0,no_signal,,sweep
9,18,-700.0,0.0,no_signal,,sweep
9,18,-700.0,700.0,no_signal,,sweep
9,18,-1400.0,700.0,no_signal,,sweep
9,18,-2100.0,700.0,no_signal,,sweep
9,18,-1400.0,1400.0,no_signal,,sweep
9,18,-700.0,1400.0,no_signal,,sweep
9,18,-700.0,2100.0,no_signal,,sweep
9,18,0.0,2100.0,no_signal,,sweep
9,18,0.0,1400.0,no_signal,,sweep
9,18,0.0,700.0,no_signal,,sweep
9,18,700.0,700.0,no_signal,,sweep
9,18,700.0,0.0,no_signal,,sweep
9,18,700.0,-700.0,no_signal,,sweep
9,18,700.0,-1400.0,no_signal,,sweep
9,18,700.0,-2100.0,no_signal,,sweep
9,18,1400.0,-1400.0,no_signal,,sweep
9,18,1400.0,-700.0,no_signal,,sweep
9,18,1400.0,0.0,no_signal,,sweep
9,18,1400.0,700.0,no_signal,,sweep
9,18,700.0,1400.0,no_signal,,sweep
9,18,700.0,2100.0,no_signal,,sweep
9,18,1400.0,1400.0,no_signal,,sweep
9,18,2100.0,700.0,no_signal,,sweep
9,18,2100.0,0.0,no_signal,,sweep
9,18,2100.0,-700.0,no_signal,,sweep
9,19,0.0,0.0,direction,128.02,sweep
9,19,-1400.0,0.0,direction,43.78,sweep
9,19,-700.0,0.0,direction,83.81,sweep
9,19,-700.0,700.0,direction,38.81,sweep
9,20,0.0,0.0,no_signal,,sweep
9,20,-700.0,-700.0,no_signal,,sweep
9,20,0.0,-700.0,no_signal,,sweep
9,20,0.0,-1400.0,no_signal,,sweep
9,20,0.0,-2100.0,no_signal,,sweep
9,20,-700.0,-2100.0,no_signal,,sweep
9,20,-700.0,-1400.0,no_signal,,sweep
9,20,-1400.0,-1400.0,no_signal,,sweep
9,20,-1400.0,-700.0,no_signal,,sweep
9,20,-2100.0,-700.0,no_signal,,sweep
9,20,-2100.0,0.0,no_signal,,sweep
9,20,-1400.0,0.0,no_signal,,sweep
9,20,-700.0,0.0,no_signal,,sweep
9,20,-700.0,700.0,no_signal,,sweep
9,20,-1400.0,700.0,no_signal,,sweep
9,20,-2100.0,700.0,no_signal,,sweep
9,20,-1400.0,1400.0,no_signal,,sweep
9,20,-700.0,1400.0,no_signal,,sweep
9,20,-700.0,2100.0,no_signal,,sweep
9,20,0.0,2100.0,no_signal,,sweep
9,20,0.0,1400.0,no_signal,,sweep
9,20,0.0,700.0,no_signal,,sweep
9,20,700.0,700.0,no_signal,,sweep
9,20,700.0,0.0,no_signal,,sweep
9,20,700.0,-700.0,no_signal,,sweep
9,20,700.0,-1400.0,no_signal,,sweep
9,20,700.0,-2100.0,no_signal,,sweep
9,20,1400.0,-1400.0,no_signal,,sweep
9,20,1400.0,-700.0,no_signal,,sweep
9,20,1400.0,0.0,no_signal,,sweep
9,20,1400.0,700.0,no_signal,,sweep
9,20,700.0,1400.0,no_signal,,sweep
9,20,700.0,2100.0,no_signal,,sweep
9,20,1400.0,1400.0,no_signal,,sweep
9,20,2100.0,700.0,no_signal,,sweep
9,20,2100.0,0.0,no_signal,,sweep
9,20,2100.0,-700.0,no_signal,,sweep
10,1,0.0,0.0,direction,181.29,sweep
10,1,-700.0,-700.0,direction,80.43,sweep
10,2,0.0,0.0,no_signal,,sweep
10,2,-700.0,-700.0,no_signal,,sweep
10,2,0.0,-700.0,no_signal,,sweep
10,2,0.0,-1400.0,direction,14.22,sweep
10,2,0.0,-2100.0,direction,75.42,sweep
10,3,0.0,0.0,no_signal,,sweep
10,3,-700.0,-700.0,no_signal,,sweep
10,3,0.0,-700.0,no_signal,,sweep
10,3,0.0,-1400.0,no_signal,,sweep
10,3,0.0,-2100.0,no_signal,,sweep
10,3,-700.0,-2100.0,no_signal,,sweep
10,3,-700.0,-1400.0,no_signal,,sweep
10,3,-1400.0,-1400.0,no_signal,,sweep
10,3,-1400.0,-700.0,no_signal,,sweep
10,3,-2100.0,-700.0,no_signal,,sweep
10,3,-2100.0,0.0,no_signal,,sweep
10,3,-1400.0,0.0,no_signal,,sweep
10,3,-700.0,0.0,no_signal,,sweep
10,3,-700.0,700.0,no_signal,,sweep
10,3,-1400.0,700.0,no_signal,,sweep
10,3,-2100.0,700.0,no_signal,,sweep
10,3,-1400.0,1400.0,no_signal,,sweep
10,3,-700.0,1400.0,no_signal,,sweep
10,3,-700.0,2100.0,no_signal,,sweep
10,3,0.0,2100.0,no_signal,,sweep
10,3,0.0,1400.0,no_signal,,sweep
10,3,0.0,700.0,no_signal,,sweep
10,3,700.0,700.0,no_signal,,sweep
10,3,700.0,0.0,no_signal,,sweep
10,3,700.0,-700.0,no_signal,,sweep
10,3,700.0,-1400.0,no_signal,,sweep
10,3,700.0,-2100.0,no_signal,,sweep
10,3,1400.0,-1400.0,no_signal,,sweep
10,3,1400.0,-700.0,no_signal,,sweep
10,3,1400.0,0.0,no_signal,,sweep
10,3,1400.0,700.0,no_signal,,sweep
10,3,700.0,1400.0,no_signal,,sweep
10,3,700.0,2100.0,no_signal,,sweep
10,3,1400.0,1400.0,no_signal,,sweep
10,3,2100.0,700.0,no_signal,,sweep
10,3,2100.0,0.0,no_signal,,sweep
10,3,2100.0,-700.0,no_signal,,sweep
10,4,0.0,0.0,no_signal,,sweep
10,4,-700.0,-700.0,no_signal,,sweep
10,4,0.0,-700.0,no_signal,,sweep
10,4,0.0,-1400.0,no_signal,,sweep
10,4,0.0,-2100.0,no_signal,,sweep
10,4,-700.0,-2100.0,no_signal,,sweep
10,4,-700.0,-1400.0,no_signal,,sweep
10,4,-1400.0,-1400.0,no_signal,,sweep
10,4,-1400.0,-700.0,no_signal,,sweep
10,4,-2100.0,-700.0,no_signal,,sweep
10,4,-2100.0,0.0,no_signal,,sweep
10,4,-1400.0,0.0,no_signal,,sweep
10,4,-700.0,0.0,no_signal,,sweep
10,4,-700.0,700.0,no_signal,,sweep
10,4,-1400.0,700.0,no_signal,,sweep
10,4,-2100.0,700.0,no_signal,,sweep
10,4,-1400.0,1400.0,no_signal,,sweep
10,4,-700.0,1400.0,no_signal,,sweep
10,4,-700.0,2100.0,no_signal,,sweep
10,4,0.0,2100.0,no_signal,,sweep
10,4,0.0,1400.0,no_signal,,sweep
10,4,0.0,700.0,no_signal,,sweep
10,4,700.0,700.0,no_signal,,sweep
10,4,700.0,0.0,no_signal,,sweep
10,4,700.0,-700.0,no_signal,,sweep
10,4,700.0,-1400.0,no_signal,,sweep
10,4,700.0,-2100.0,no_signal,,sweep
10,4,1400.0,-1400.0,no_signal,,sweep
10,4,1400.0,-700.0,no_signal,,sweep
10,4,1400.0,0.0,no_signal,,sweep
10,4,1400.0,700.0,no_signal,,sweep
10,4,700.0,1400.0,no_signal,,sweep
10,4,700.0,2100.0,no_signal,,sweep
10,4,1400.0,1400.0,no_signal,,sweep
10,4,2100.0,700.0,no_signal,,sweep
10,4,2100.0,0.0,no_signal,,sweep
10,4,2100.0,-700.0,no_signal,,sweep
10,5,0.0,0.0,direction,105.54,sweep
10,5,-700.0,0.0,direction,43.57,sweep
10,5,-700.0,700.0,direction,344.22,sweep
10,6,0.0,0.0,no_signal,,sweep
10,6,-700.0,-700.0,no_signal,,sweep
10,6,0.0,-700.0,no_signal,,sweep
10,6,0.0,-1400.0,no_signal,,sweep
10,6,0.0,-2100.0,no_signal,,sweep
10,6,-700.0,-2100.0,no_signal,,sweep
10,6,-700.0,-1400.0,no_signal,,sweep
10,6,-1400.0,-1400.0,no_signal,,sweep
10,6,-1400.0,-700.0,no_signal,,sweep
10,6,-2100.0,-700.0,no_signal,,sweep
10,6,-2100.0,0.0,no_signal,,sweep
10,6,-1400.0,0.0,no_signal,,sweep
10,6,-700.0,0.0,no_signal,,sweep
10,6,-700.0,700.0,no_signal,,sweep
10,6,-1400.0,700.0,no_signal,,sweep
10,6,-2100.0,700.0,direction,1.74,sweep
10,6,-1400.0,1400.0,direction,275.40,sweep
10,7,0.0,0.0,no_signal,,sweep
10,7,-700.0,-700.0,no_signal,,sweep
10,7,0.0,-700.0,no_signal,,sweep
10,7,0.0,-1400.0,no_signal,,sweep
10,7,0.0,-2100.0,no_signal,,sweep
10,7,-700.0,-2100.0,no_signal,,sweep
10,7,-700.0,-1400.0,no_signal,,sweep
10,7,-1400.0,-1400.0,no_signal,,sweep
10,7,-1400.0,-700.0,no_signal,,sweep
10,7,-2100.0,-700.0,no_signal,,sweep
10,7,-2100.0,0.0,no_signal,,sweep
10,7,-1400.0,0.0,no_signal,,sweep
10,7,-700.0,0.0,no_signal,,sweep
10,7,-700.0,700.0,no_signal,,sweep
10,7,-1400.0,700.0,no_signal,,sweep
10,7,-2100.0,700.0,no_signal,,sweep
10,7,-1400.0,1400.0,no_signal,,sweep
10,7,-700.0,1400.0,no_signal,,sweep
10,7,-700.0,2100.0,no_signal,,sweep
10,7,0.0,2100.0,no_signal,,sweep
10,7,0.0,1400.0,no_signal,,sweep
10,7,0.0,700.0,no_signal,,sweep
10,7,700.0,700.0,no_signal,,sweep
10,7,700.0,0.0,no_signal,,sweep
10,7,700.0,-700.0,no_signal,,sweep
10,7,700.0,-1400.0,no_signal,,sweep
10,7,700.0,-2100.0,no_signal,,sweep
10,7,1400.0,-1400.0,no_signal,,sweep
10,7,1400.0,-700.0,no_signal,,sweep
10,7,1400.0,0.0,no_signal,,sweep
10,7,1400.0,700.0,no_signal,,sweep
10,7,700.0,1400.0,no_signal,,sweep
10,7,700.0,2100.0,no_signal,,sweep
10,7,1400.0,1400.0,no_signal,,sweep
10,7,2100.0,700.0,no_signal,,sweep
10,7,2100.0,0.0,no_signal,,sweep
10,7,2100.0,-700.0,no_signal,,sweep
10,8,0.0,0.0,no_signal,,sweep
10,8,-700.0,-700.0,no_signal,,sweep
10,8,0.0,-700.0,no_signal,,sweep
10,8,0.0,-1400.0,no_signal,,sweep
10,8,0.0,-2100.0,no_signal,,sweep
10,8,-700.0,-2100.0,no_signal,,sweep
10,8,-700.0,-1400.0,no_signal,,sweep
10,8,-1400.0,-1400.0,no_signal,,sweep
10,8,-1400.0,-700.0,no_signal,,sweep
10,8,-2100.0,-700.0,no_signal,,sweep
10,8,-2100.0,0.0,no_signal,,sweep
10,8,-1400.0,0.0,no_signal,,sweep
10,8,-700.0,0.0,no_signal,,sweep
10,8,-700.0,700.0,no_signal,,sweep
10,8,-1400.0,700.0,no_signal,,sweep
10,8,-2100.0,700.0,no_signal,,sweep
10,8,-1400.0,1400.0,direction,334.32,sweep
10,8,-700.0,1400.0,direction,312.52,sweep
10,8,0.0,1400.0,direction,254.74,sweep
10,8,0.0,700.0,no_signal,,sweep
10,8,700.0,700.0,direction,173.39,sweep
10,9,0.0,0.0,no_signal,,sweep
10,9,-700.0,-700.0,no_signal,,sweep
10,9,0.0,-700.0,no_signal,,sweep
10,9,0.0,-1400.0,no_signal,,sweep
10,9,0.0,-2100.0,no_signal,,sweep
10,9,-700.0,-2100.0,no_signal,,sweep
10,9,-700.0,-1400.0,no_signal,,sweep
10,9,-1400.0,-1400.0,no_signal,,sweep
10,9,-1400.0,-700.0,no_signal,,sweep
10,9,-2100.0,-700.0,no_signal,,sweep
10,9,-2100.0,0.0,no_signal,,sweep
10,9,-1400.0,0.0,no_signal,,sweep
10,9,-700.0,0.0,no_signal,,sweep
10,9,-700.0,700.0,no_signal,,sweep
10,9,-1400.0,700.0,no_signal,,sweep
10,9,-2100.0,700.0,no_signal,,sweep
10,9,-1400.0,1400.0,no_signal,,sweep
10,9,-700.0,1400.0,no_signal,,sweep
10,9,-700.0,2100.0,no_signal,,sweep
10,9,0.0,2100.0,no_signal,,sweep
10,9,0.0,1400.0,no_signal,,sweep
10,9,0.0,700.0,no_signal,,sweep
10,9,700.0,700.0,no_signal,,sweep
10,9,700.0,0.0,no_signal,,sweep
10,9,700.0,-700.0,direction,318.97,sweep
10,9,700.0,-1400.0,direction,26.97,sweep
10,10,0.0,0.0,no_signal,,sweep
10,10,-700.0,-700.0,no_signal,,sweep
10,10,0.0,-700.0,no_signal,,sweep
10,10,0.0,-1400.0,no_signal,,sweep
10,10,0.0,-2100.0,no_signal,,sweep
10,10,-700.0,-2100.0,no_signal,,sweep
10,10,-700.0,-1400.0,no_signal,,sweep
10,10,-1400.0,-1400.0,no_signal,,sweep
10,10,-1400.0,-700.0,no_signal,,sweep
10,10,-2100.0,-700.0,no_signal,,sweep
10,10,-2100.0,0.0,no_signal,,sweep
10,10,-1400.0,0.0,no_signal,,sweep
10,10,-700.0,0.0,no_signal,,sweep
10,10,-700.0,700.0,no_signal,,sweep
10,10,-1400.0,700.0,no_signal,,sweep
10,10,-2100.0,700.0,no_signal,,sweep
10,10,-1400.0,1400.0,no_signal,,sweep
10,10,-700.0,1400.0,no_signal,,sweep
10,10,-700.0,2100.0,no_signal,,sweep
10,10,0.0,2100.0,no_signal,,sweep
10,10,0.0,1400.0,no_signal,,sweep
10,10,0.0,700.0,no_signal,,sweep
10,10,700.0,700.0,no_signal,,sweep
10,10,700.0,0.0,no_signal,,sweep
10,10,700.0,-700.0,no_signal,,sweep
10,10,700.0,-1400.0,no_signal,,sweep
10,10,700.0,-2100.0,no_signal,,sweep
10,10,1400.0,-1400.0,no_signal,,sweep
10,10,1400.0,-700.0,no_signal,,sweep
10,10,1400.0,0.0,no_signal,,sweep
10,10,1400.0,700.0,no_signal,,sweep
10,10,700.0,1400.0,no_signal,,sweep
10,10,700.0,2100.0,no_signal,,sweep
10,10,1400.0,1400.0,no_signal,,sweep
10,10,2100.0,700.0,no_signal,,sweep
10,10,2100.0,0.0,no_signal,,sweep
10,10,2100.0,-700.0,no_signal,,sweep
10,11,0.0,0.0,no_signal,,sweep
10,11,-700.0,-700.0,no_signal,,sweep
10,11,0.0,-700.0,no_signal,,sweep
10,11,0.0,-1400.0,no_signal,,sweep
10,11,0.0,-2100.0,no_signal,,sweep
10,11,-700.0,-2100.0,no_signal,,sweep
10,11,-700.0,-1400.0,no_signal,,sweep
10,11,-1400.0,-1400.0,no_signal,,sweep
10,11,-1400.0,-700.0,no_signal,,sweep
10,11,-2100.0,-700.0,no_signal,,sweep
10,11,-2100.0,0.0,no_signal,,sweep
10,11,-1400.0,0.0,no_signal,,sweep
10,11,-700.0,0.0,no_signal,,sweep
10,11,-700.0,700.0,no_signal,,sweep
10,11,-1400.0,700.0,no_signal,,sweep
10,11,-2100.0,700.0,no_signal,,sweep
10,11,-1400.0,1400.0,no_signal,,sweep
10,11,-700.0,1400.0,no_signal,,sweep
10,11,-700.0,2100.0,no_signal,,sweep
10,11,0.0,2100.0,no_signal,,sweep
10,11,0.0,1400.0,no_signal,,sweep
10,11,0.0,700.0,no_signal,,sweep
10,11,700.0,700.0,no_signal,,sweep
10,11,700.0,0.0,no_signal,,sweep
10,11,700.0,-700.0,direction,59.45,sweep
10,11,1400.0,-700.0,direction,101.20,sweep
10,11,1400.0,0.0,direction,132.83,sweep
10,11,1400.0,700.0,no_signal,,sweep
10,11,2100.0,700.0,direction,211.29,sweep
10,12,0.0,0.0,no_signal,,sweep
10,12,-700.0,-700.0,direction,59.14,sweep
10,12,0.0,-700.0,no_signal,,sweep
10,12,-1400.0,0.0,direction,339.59,sweep
10,12,-700.0,0.0,direction,302.13,sweep
10,13,0.0,0.0,no_signal,,sweep
10,13,-700.0,-700.0,no_signal,,sweep
10,13,0.0,-700.0,no_signal,,sweep
10,13,0.0,-1400.0,no_signal,,sweep
10,13,0.0,-2100.0,no_signal,,sweep
10,13,-700.0,-2100.0,no_signal,,sweep
10,13,-700.0,-1400.0,no_signal,,sweep
10,13,-1400.0,-1400.0,no_signal,,sweep
10,13,-1400.0,-700.0,no_signal,,sweep
10,13,-2100.0,-700.0,no_signal,,sweep
10,13,-2100.0,0.0,no_signal,,sweep
10,13,-1400.0,0.0,no_signal,,sweep
10,13,-700.0,0.0,no_signal,,sweep
10,13,-700.0,700.0,no_signal,,sweep
10,13,-1400.0,700.0,no_signal,,sweep
10,13,-2100.0,700.0,no_signal,,sweep
10,13,-1400.0,1400.0,no_signal,,sweep
10,13,-700.0,1400.0,no_signal,,sweep
10,13,-700.0,2100.0,no_signal,,sweep
10,13,0.0,2100.0,no_signal,,sweep
10,13,0.0,1400.0,no_signal,,sweep
10,13,0.0,700.0,no_signal,,sweep
10,13,700.0,700.0,no_signal,,sweep
10,13,700.0,0.0,no_signal,,sweep
10,13,700.0,-700.0,no_signal,,sweep
10,13,700.0,-1400.0,no_signal,,sweep
10,13,700.0,-2100.0,no_signal,,sweep
10,13,1400.0,-1400.0,no_signal,,sweep
10,13,1400.0,-700.0,no_signal,,sweep
10,13,1400.0,0.0,no_signal,,sweep
10,13,1400.0,700.0,no_signal,,sweep
10,13,700.0,1400.0,no_signal,,sweep
10,13,700.0,2100.0,no_signal,,sweep
10,13,1400.0,1400.0,no_signal,,sweep
10,13,2100.0,700.0,no_signal,,sweep
10,13,2100.0,0.0,no_signal,,sweep
10,13,2100.0,-700.0,no_signal,,sweep
10,14,0.0,0.0,no_signal,,sweep
10,14,-700.0,-700.0,no_signal,,sweep
10,14,0.0,-700.0,no_signal,,sweep
10,14,0.0,-1400.0,no_signal,,sweep
10,14,0.0,-2100.0,no_signal,,sweep
10,14,-700.0,-2100.0,no_signal,,sweep
10,14,-700.0,-1400.0,no_signal,,sweep
10,14,-1400.0,-1400.0,no_signal,,sweep
10,14,-1400.0,-700.0,no_signal,,sweep
10,14,-2100.0,-700.0,no_signal,,sweep
10,14,-2100.0,0.0,no_signal,,sweep
10,14,-1400.0,0.0,no_signal,,sweep
10,14,-700.0,0.0,no_signal,,sweep
10,14,-700.0,700.0,no_signal,,sweep
10,14,-1400.0,700.0,no_signal,,sweep
10,14,-2100.0,700.0,no_signal,,sweep
10,14,-1400.0,1400.0,no_signal,,sweep
10,14,-700.0,1400.0,no_signal,,sweep
10,14,-700.0,2100.0,no_signal,,sweep
10,14,0.0,2100.0,no_signal,,sweep
10,14,0.0,1400.0,no_signal,,sweep
10,14,0.0,700.0,no_signal,,sweep
10,14,700.0,700.0,no_signal,,sweep
10,14,700.0,0.0,no_signal,,sweep
10,14,700.0,-700.0,no_signal,,sweep
10,14,700.0,-1400.0,no_signal,,sweep
10,14,700.0,-2100.0,no_signal,,sweep
10,14,1400.0,-1400.0,no_signal,,sweep
10,14,1400.0,-700.0,no_signal,,sweep
10,14,1400.0,0.0,no_signal,,sweep
10,14,1400.0,700.0,no_signal,,sweep
10,14,700.0,1400.0,direction,136.27,sweep
10,14,700.0,2100.0,direction,247.41,sweep
10,15,0.0,0.0,no_signal,,sweep
10,15,-700.0,-700.0,no_signal,,sweep
10,15,0.0,-700.0,no_signal,,sweep
10,15,0.0,-1400.0,no_signal,,sweep
10,15,0.0,-2100.0,no_signal,,sweep
10,15,-700.0,-2100.0,no_signal,,sweep
10,15,-700.0,-1400.0,no_signal,,sweep
10,15,-1400.0,-1400.0,no_signal,,sweep
10,15,-1400.0,-700.0,no_signal,,sweep
10,15,-2100.0,-700.0,no_signal,,sweep
10,15,-2100.0,0.0,no_signal,,sweep
10,15,-1400.0,0.0,no_signal,,sweep
10,15,-700.0,0.0,no_signal,,sweep
10,15,-700.0,700.0,no_signal,,sweep
10,15,-1400.0,700.0,no_signal,,sweep
10,15,-2100.0,700.0,no_signal,,sweep
10,15,-1400.0,1400.0,no_signal,,sweep
10,15,-700.0,1400.0,no_signal,,sweep
10,15,-700.0,2100.0,no_signal,,sweep
10,15,0.0,2100.0,no_signal,,sweep
10,15,0.0,1400.0,no_signal,,sweep
10,15,0.0,700.0,no_signal,,sweep
10,15,700.0,700.0,no_signal,,sweep
10,15,700.0,0.0,no_signal,,sweep
10,15,700.0,-700.0,no_signal,,sweep
10,15,700.0,-1400.0,no_signal,,sweep
10,15,700.0,-2100.0,no_signal,,sweep
10,15,1400.0,-1400.0,no_signal,,sweep
10,15,1400.0,-700.0,no_signal,,sweep
10,15,1400.0,0.0,no_signal,,sweep
10,15,1400.0,700.0,no_signal,,sweep
10,15,700.0,1400.0,no_signal,,sweep
10,15,700.0,2100.0,no_signal,,sweep
10,15,1400.0,1400.0,no_signal,,sweep
10,15,2100.0,700.0,no_signal,,sweep
10,15,2100.0,0.0,no_signal,,sweep
10,15,2100.0,-700.0,no_signal,,sweep
10,16,0.0,0.0,no_signal,,sweep
10,16,-700.0,-700.0,no_signal,,sweep
10,16,0.0,-700.0,no_signal,,sweep
10,16,0.0,-1400.0,no_signal,,sweep
10,16,0.0,-2100.0,no_signal,,sweep
10,16,-700.0,-2100.0,no_signal,,sweep
10,16,-700.0,-1400.0,no_signal,,sweep
10,16,-1400.0,-1400.0,no_signal,,sweep
10,16,-1400.0,-700.0,no_signal,,sweep
10,16,-2100.0,-700.0,no_signal,,sweep
10,16,-2100.0,0.0,no_signal,,sweep
10,16,-1400.0,0.0,no_signal,,sweep
10,16,-700.0,0.0,no_signal,,sweep
10,16,-700.0,700.0,no_signal,,sweep
10,16,-1400.0,700.0,no_signal,,sweep
10,16,-2100.0,700.0,no_signal,,sweep
10,16,-1400.0,1400.0,no_signal,,sweep
10,16,-700.0,1400.0,no_signal,,sweep
10,16,-700.0,2100.0,no_signal,,sweep
10,16,0.0,2100.0,no_signal,,sweep
10,16,0.0,1400.0,no_signal,,sweep
10,16,0.0,700.0,no_signal,,sweep
10,16,700.0,700.0,direction,316.88,sweep
10,16,700.0,0.0,direction,13.64,sweep
10,16,700.0,-700.0,direction,55.24,sweep
10,16,1400.0,-700.0,no_signal,,sweep
10,16,1400.0,0.0,no_signal,,sweep
10,16,1400.0,700.0,no_signal,,sweep
10,16,2100.0,700.0,no_signal,,sweep
10,16,2100.0,0.0,no_signal,,sweep
10,16,2100.0,-700.0,no_signal,,sweep
10,17,0.0,0.0,no_signal,,sweep
10,17,-700.0,-700.0,no_signal,,sweep
10,17,0.0,-700.0,no_signal,,sweep
10,17,0.0,-1400.0,no_signal,,sweep
10,17,0.0,-2100.0,no_signal,,sweep
10,17,-700.0,-2100.0,no_signal,,sweep
10,17,-700.0,-1400.0,no_signal,,sweep
10,17,-1400.0,-1400.0,no_signal,,sweep
10,17,-1400.0,-700.0,no_signal,,sweep
10,17,-2100.0,-700.0,no_signal,,sweep
10,17,-2100.0,0.0,no_signal,,sweep
10,17,-1400.0,0.0,no_signal,,sweep
10,17,-700.0,0.0,no_signal,,sweep
10,17,-700.0,700.0,no_signal,,sweep
10,17,-1400.0,700.0,no_signal,,sweep
10,17,-2100.0,700.0,no_signal,,sweep
10,17,-1400.0,1400.0,no_signal,,sweep
10,17,-700.0,1400.0,no_signal,,sweep
10,17,-700.0,2100.0,no_signal,,sweep
10,17,0.0,2100.0,no_signal,,sweep
10,17,0.0,1400.0,no_signal,,sweep
10,17,0.0,700.0,no_signal,,sweep
10,17,700.0,700.0,no_signal,,sweep
10,17,700.0,0.0,no_signal,,sweep
10,17,700.0,-700.0,no_signal,,sweep
10,17,700.0,-1400.0,no_signal,,sweep
10,17,700.0,-2100.0,no_signal,,sweep
10,17,1400.0,-1400.0,no_signal,,sweep
10,17,1400.0,-700.0,no_signal,,sweep
10,17,1400.0,0.0,no_signal,,sweep
10,17,1400.0,700.0,no_signal,,sweep
10,17,700.0,1400.0,no_signal,,sweep
10,17,700.0,2100.0,no_signal,,sweep
10,17,1400.0,1400.0,no_signal,,sweep
10,17,2100.0,700.0,no_signal,,sweep
10,17,2100.0,0.0,no_signal,,sweep
10,17,2100.0,-700.0,no_signal,,sweep
10,18,0.0,0.0,no_signal,,sweep
10,18,-700.0,-700.0,no_signal,,sweep
10,18,0.0,-700.0,no_signal,,sweep
10,18,0.0,-1400.0,no_signal,,sweep
10,18,0.0,-2100.0,no_signal,,sweep
10,18,-700.0,-2100.0,no_signal,,sweep
10,18,-700.0,-1400.0,no_signal,,sweep
10,18,-1400.0,-1400.0,no_signal,,sweep
10,18,-1400.0,-700.0,no_signal,,sweep
10,18,-2100.0,-700.0,no_signal,,sweep
10,18,-2100.0,0.0,direction,53.49,sweep
10,18,-1400.0,0.0,direction,95.42,sweep
10,18,-700.0,0.0,direction,134.10,sweep
10,18,-700.0,700.0,no_signal,,sweep
10,18,-1400.0,700.0,direction,128.04,sweep
10,19,0.0,0.0,direction,208.81,sweep
10,19,-700.0,-700.0,direction,62.55,sweep
10,19,0.0,-700.0,direction,136.33,sweep
10,20,0.0,0.0,no_signal,,sweep
10,20,-700.0,-700.0,no_signal,,sweep
10,20,0.0,-700.0,no_signal,,sweep
10,20,0.0,-1400.0,no_signal,,sweep
10,20,0.0,-2100.0,no_signal,,sweep
10,20,-700.0,-2100.0,no_signal,,sweep
10,20,-700.0,-1400.0,no_signal,,sweep
10,20,-1400.0,-1400.0,no_signal,,sweep
10,20,-1400.0,-700.0,no_signal,,sweep
10,20,-2100.0,-700.0,no_signal,,sweep
10,20,-2100.0,0.0,no_signal,,sweep
10,20,-1400.0,0.0,no_signal,,sweep
10,20,-700.0,0.0,no_signal,,sweep
10,20,-700.0,700.0,no_signal,,sweep
10,20,-1400.0,700.0,no_signal,,sweep
10,20,-2100.0,700.0,no_signal,,sweep
10,20,-1400.0,1400.0,no_signal,,sweep
10,20,-700.0,1400.0,no_signal,,sweep
10,20,-700.0,2100.0,no_signal,,sweep
10,20,0.0,2100.0,no_signal,,sweep
10,20,0.0,1400.0,no_signal,,sweep
10,20,0.0,700.0,no_signal,,sweep
10,20,700.0,700.0,no_signal,,sweep
10,20,700.0,0.0,direction,331.05,sweep
10,20,700.0,-700.0,direction,28.35,sweep
10,20,1400.0,-1400.0,no_signal,,sweep
10,20,1400.0,-700.0,direction,101.11,sweep
11,1,0.0,0.0,no_signal,,sweep
11,1,-700.0,-700.0,direction,262.06,sweep
11,1,0.0,-700.0,direction,216.02,sweep
11,1,0.0,-1400.0,direction,168.26,sweep
11,2,0.0,0.0,no_signal,,sweep
11,2,-700.0,-700.0,no_signal,,sweep
11,2,0.0,-700.0,no_signal,,sweep
11,2,0.0,-1400.0,no_signal,,sweep
11,2,0.0,-2100.0,no_signal,,sweep
11,2,-700.0,-2100.0,no_signal,,sweep
11,2,-700.0,-1400.0,no_signal,,sweep
11,2,-1400.0,-1400.0,no_signal,,sweep
11,2,-1400.0,-700.0,no_signal,,sweep
11,2,-2100.0,-700.0,no_signal,,sweep
11,2,-2100.0,0.0,no_signal,,sweep
11,2,-1400.0,0.0,no_signal,,sweep
11,2,-700.0,0.0,no_signal,,sweep
11,2,-700.0,700.0,no_signal,,sweep
11,2,-1400.0,700.0,no_signal,,sweep
11,2,-2100.0,700.0,no_signal,,sweep
11,2,-1400.0,1400.0,no_signal,,sweep
11,2,-700.0,1400.0,no_signal,,sweep
11,2,-700.0,2100.0,no_signal,,sweep
11,2,0.0,2100.0,no_signal,,sweep
11,2,0.0,1400.0,no_signal,,sweep
11,2,0.0,700.0,no_signal,,sweep
11,2,700.0,700.0,direction,314.47,sweep
11,2,700.0,0.0,direction,348.26,sweep
11,2,700.0,-700.0,direction,31.96,sweep
11,2,1400.0,-700.0,direction,74.73,sweep
11,3,0.0,0.0,no_signal,,sweep
11,3,-700.0,-700.0,no_signal,,sweep
11,3,0.0,-700.0,no_signal,,sweep
11,3,0.0,-1400.0,no_signal,,sweep
11,3,0.0,-2100.0,no_signal,,sweep
11,3,-700.0,-2100.0,no_signal,,sweep
11,3,-700.0,-1400.0,no_signal,,sweep
11,3,-1400.0,-1400.0,no_signal,,sweep
11,3,-1400.0,-700.0,no_signal,,sweep
11,3,-2100.0,-700.0,no_signal,,sweep
11,3,-2100.0,0.0,no_signal,,sweep
11,3,-1400.0,0.0,no_signal,,sweep
11,3,-700.0,0.0,no_signal,,sweep
11,3,-700.0,700.0,no_signal,,sweep
11,3,-1400.0,700.0,no_signal,,sweep
11,3,-2100.0,700.0,no_signal,,sweep
11,3,-1400.0,1400.0,no_signal,,sweep
11,3,-700.0,1400.0,no_signal,,sweep
11,3,-700.0,2100.0,no_signal,,sweep
11,3,0.0,2100.0,no_signal,,sweep
11,3,0.0,1400.0,no_signal,,sweep
11,3,0.0,700.0,no_signal,,sweep
11,3,700.0,700.0,no_signal,,sweep
11,3,700.0,0.0,no_signal,,sweep
11,3,700.0,-700.0,no_signal,,sweep
11,3,700.0,-1400.0,no_signal,,sweep
11,3,700.0,-2100.0,no_signal,,sweep
11,3,1400.0,-1400.0,no_signal,,sweep
11,3,1400.0,-700.0,no_signal,,sweep
11,3,1400.0,0.0,no_signal,,sweep
11,3,1400.0,700.0,direction,258.03,sweep
11,3,2100.0,700.0,direction,203.40,sweep
11,3,2100.0,0.0,direction,152.87,sweep
11,4,0.0,0.0,no_signal,,sweep
11,4,-700.0,-700.0,no_signal,,sweep
11,4,0.0,-700.0,no_signal,,sweep
11,4,0.0,-1400.0,no_signal,,sweep
11,4,0.0,-2100.0,no_signal,,sweep
11,4,-700.0,-2100.0,no_signal,,sweep
11,4,-700.0,-1400.0,no_signal,,sweep
11,4,-1400.0,-1400.0,no_signal,,sweep
11,4,-1400.0,-700.0,no_signal,,sweep
11,4,-2100.0,-700.0,no_signal,,sweep
11,4,-2100.0,0.0,no_signal,,sweep
11,4,-1400.0,0.0,no_signal,,sweep
11,4,-700.0,0.0,no_signal,,sweep
11,4,-700.0,700.0,no_signal,,sweep
11,4,-1400.0,700.0,no_signal,,sweep
11,4,-2100.0,700.0,no_signal,,sweep
11,4,-1400.0,1400.0,no_signal,,sweep
11,4,-700.0,1400.0,no_signal,,sweep
11,4,-700.0,2100.0,no_signal,,sweep
11,4,0.0,2100.0,no_signal,,sweep
11,4,0.0,1400.0,no_signal,,sweep
11,4,0.0,700.0,no_signal,,sweep
11,4,700.0,700.0,no_signal,,sweep
11,4,700.0,0.0,no_signal,,sweep
11,4,700.0,-700.0,no_signal,,sweep
11,4,700.0,-1400.0,no_signal,,sweep
11,4,700.0,-2100.0,no_signal,,sweep
11,4,1400.0,-1400.0,no_signal,,sweep
11,4,1400.0,-700.0,no_signal,,sweep
11,4,1400.0,0.0,no_signal,,sweep
11,4,1400.0,700.0,no_signal,,sweep
11,4,700.0,1400.0,no_signal,,sweep
11,4,700.0,2100.0,no_signal,,sweep
11,4,1400.0,1400.0,no_signal,,sweep
11,4,2100.0,700.0,no_signal,,sweep
11,4,2100.0,0.0,no_signal,,sweep
11,4,2100.0,-700.0,no_signal,,sweep
11,5,0.0,0.0,no_signal,,sweep
11,5,-700.0,-700.0,no_signal,,sweep
11,5,0.0,-700.0,no_signal,,sweep
11,5,0.0,-1400.0,no_signal,,sweep
11,5,0.0,-2100.0,no_signal,,sweep
11,5,-700.0,-2100.0,no_signal,,sweep
11,5,-700.0,-1400.0,no_signal,,sweep
11,5,-1400.0,-1400.0,no_signal,,sweep
11,5,-1400.0,-700.0,no_signal,,sweep
11,5,-2100.0,-700.0,no_signal,,sweep
11,5,-2100.0,0.0,no_signal,,sweep
11,5,-1400.0,0.0,no_signal,,sweep
11,5,-700.0,0.0,no_signal,,sweep
11,5,-700.0,700.0,direction,81.08,sweep
11,5,-1400.0,700.0,no_signal,,sweep
11,5,-1400.0,1400.0,direction,14.96,sweep
11,5,-700.0,1400.0,direction,57.37,sweep
11,5,-700.0,2100.0,direction,286.16,sweep
11,6,0.0,0.0,no_signal,,sweep
11,6,-700.0,-700.0,no_signal,,sweep
11,6,0.0,-700.0,no_signal,,sweep
11,6,0.0,-1400.0,no_signal,,sweep
11,6,0.0,-2100.0,no_signal,,sweep
11,6,-700.0,-2100.0,no_signal,,sweep
11,6,-700.0,-1400.0,no_signal,,sweep
11,6,-1400.0,-1400.0,no_signal,,sweep
11,6,-1400.0,-700.0,no_signal,,sweep
11,6,-2100.0,-700.0,no_signal,,sweep
11,6,-2100.0,0.0,no_signal,,sweep
11,6,-1400.0,0.0,no_signal,,sweep
11,6,-700.0,0.0,no_signal,,sweep
11,6,-700.0,700.0,no_signal,,sweep
11,6,-1400.0,700.0,no_signal,,sweep
11,6,-2100.0,700.0,no_signal,,sweep
11,6,-1400.0,1400.0,no_signal,,sweep
11,6,-700.0,1400.0,no_signal,,sweep
11,6,-700.0,2100.0,no_signal,,sweep
11,6,0.0,2100.0,no_signal,,sweep
11,6,0.0,1400.0,no_signal,,sweep
11,6,0.0,700.0,no_signal,,sweep
11,6,700.0,700.0,no_signal,,sweep
11,6,700.0,0.0,no_signal,,sweep
11,6,700.0,-700.0,no_signal,,sweep
11,6,700.0,-1400.0,no_signal,,sweep
11,6,700.0,-2100.0,no_signal,,sweep
11,6,1400.0,-1400.0,no_signal,,sweep
11,6,1400.0,-700.0,no_signal,,sweep
11,6,1400.0,0.0,no_signal,,sweep
11,6,1400.0,700.0,no_signal,,sweep
11,6,700.0,1400.0,no_signal,,sweep
11,6,700.0,2100.0,no_signal,,sweep
11,6,1400.0,1400.0,no_signal,,sweep
11,6,2100.0,700.0,no_signal,,sweep
11,6,2100.0,0.0,no_signal,,sweep
11,6,2100.0,-700.0,no_signal,,sweep
11,7,0.0,0.0,no_signal,,sweep
11,7,-700.0,-700.0,no_signal,,sweep
11,7,0.0,-700.0,no_signal,,sweep
11,7,0.0,-1400.0,no_signal,,sweep
11,7,0.0,-2100.0,no_signal,,sweep
11,7,-700.0,-2100.0,no_signal,,sweep
11,7,-700.0,-1400.0,no_signal,,sweep
11,7,-1400.0,-1400.0,no_signal,,sweep
11,7,-1400.0,-700.0,no_signal,,sweep
11,7,-2100.0,-700.0,no_signal,,sweep
11,7,-2100.0,0.0,no_signal,,sweep
11,7,-1400.0,0.0,no_signal,,sweep
11,7,-700.0,0.0,no_signal,,sweep
11,7,-700.0,700.0,direction,86.52,sweep
11,7,-1400.0,700.0,direction,49.21,sweep
11,7,-1400.0,1400.0,direction,10.72,sweep
11,7,-700.0,1400.0,direction,73.83,sweep
11,8,0.0,0.0,direction,23.12,sweep
11,8,0.0,700.0,direction,347.29,sweep
11,8,700.0,700.0,direction,327.47,sweep
11,8,700.0,0.0,direction,51.34,sweep
11,9,0.0,0.0,no_signal,,sweep
11,9,-700.0,-700.0,no_signal,,sweep
11,9,0.0,-700.0,no_signal,,sweep
11,9,0.0,-1400.0,no_signal,,sweep
11,9,0.0,-2100.0,no_signal,,sweep
11,9,-700.0,-2100.0,no_signal,,sweep
11,9,-700.0,-1400.0,no_signal,,sweep
11,9,-1400.0,-1400.0,no_signal,,sweep
11,9,-1400.0,-700.0,no_signal,,sweep
11,9,-2100.0,-700.0,no_signal,,sweep
11,9,-2100.0,0.0,no_signal,,sweep
11,9,-1400.0,0.0,no_signal,,sweep
11,9,-700.0,0.0,no_signal,,sweep
11,9,-700.0,700.0,no_signal,,sweep
11,9,-1400.0,700.0,no_signal,,sweep
11,9,-2100.0,700.0,no_signal,,sweep
11,9,-1400.0,1400.0,no_signal,,sweep
11,9,-700.0,1400.0,no_signal,,sweep
11,9,-700.0,2100.0,no_signal,,sweep
11,9,0.0,2100.0,no_signal,,sweep
11,9,0.0,1400.0,no_signal,,sweep
11,9,0.0,700.0,no_signal,,sweep
11,9,700.0,700.0,no_signal,,sweep
11,9,700.0,0.0,no_signal,,sweep
11,9,700.0,-700.0,no_signal,,sweep
11,9,700.0,-1400.0,no_signal,,sweep
11,9,700.0,-2100.0,no_signal,,sweep
11,9,1400.0,-1400.0,no_signal,,sweep
11,9,1400.0,-700.0,no_signal,,sweep
11,9,1400.0,0.0,no_signal,,sweep
11,9,1400.0,700.0,no_signal,,sweep
11,9,700.0,1400.0,no_signal,,sweep
11,9,700.0,2100.0,no_signal,,sweep
11,9,1400.0,1400.0,no_signal,,sweep
11,9,2100.0,700.0,no_signal,,sweep
11,9,2100.0,0.0,no_signal,,sweep
11,9,2100.0,-700.0,no_signal,,sweep
11,10,0.0,0.0,no_signal,,sweep
11,10,-700.0,-700.0,no_signal,,sweep
11,10,0.0,-700.0,no_signal,,sweep
11,10,0.0,-1400.0,no_signal,,sweep
11,10,0.0,-2100.0,no_signal,,sweep
11,10,-700.0,-2100.0,no_signal,,sweep
11,10,-700.0,-1400.0,no_signal,,sweep
11,10,-1400.0,-1400.0,no_signal,,sweep
11,10,-1400.0,-700.0,no_signal,,sweep
11,10,-2100.0,-700.0,no_signal,,sweep
11,10,-2100.0,0.0,no_signal,,sweep
11,10,-1400.0,0.0,no_signal,,sweep
11,10,-700.0,0.0,no_signal,,sweep
11,10,-700.0,700.0,no_signal,,sweep
11,10,-1400.0,700.0,no_signal,,sweep
11,10,-2100.0,700.0,no_signal,,sweep
11,10,-1400.0,1400.0,no_signal,,sweep
11,10,-700.0,1400.0,no_signal,,sweep
11,10,-700.0,2100.0,no_signal,,sweep
11,10,0.0,2100.0,no_signal,,sweep
11,10,0.0,1400.0,direction,356.76,sweep
11,10,0.0,700.0,no_signal,,sweep
11,10,700.0,700.0,direction,73.36,sweep
11,10,1400.0,700.0,direction,127.49,sweep
11,11,0.0,0.0,direction,12.80,sweep
11,11,0.0,-700.0,no_signal,,sweep
11,11,0.0,700.0,direction,337.90,sweep
11,11,700.0,700.0,direction,312.36,sweep
11,11,700.0,0.0,direction,32.79,sweep
11,12,0.0,0.0,no_signal,,sweep
11,12,-700.0,-700.0,no_signal,,sweep
11,12,0.0,-700.0,no_signal,,sweep
11,12,0.0,-1400.0,no_signal,,sweep
11,12,0.0,-2100.0,no_signal,,sweep
11,12,-700.0,-2100.0,no_signal,,sweep
11,12,-700.0,-1400.0,no_signal,,sweep
11,12,-1400.0,-1400.0,no_signal,,sweep
11,12,-1400.0,-700.0,no_signal,,sweep
11,12,-2100.0,-700.0,no_signal,,sweep
11,12,-2100.0,0.0,no_signal,,sweep
11,12,-1400.0,0.0,no_signal,,sweep
11,12,-700.0,0.0,no_signal,,sweep
11,12,-700.0,700.0,no_signal,,sweep
11,12,-1400.0,700.0,no_signal,,sweep
11,12,-2100.0,700.0,no_signal,,sweep
11,12,-1400.0,1400.0,no_signal,,sweep
11,12,-700.0,1400.0,no_signal,,sweep
11,12,-700.0,2100.0,no_signal,,sweep
11,12,0.0,2100.0,no_signal,,sweep
11,12,0.0,1400.0,no_signal,,sweep
11,12,0.0,700.0,no_signal,,sweep
11,12,700.0,700.0,no_signal,,sweep
11,12,700.0,0.0,no_signal,,sweep
11,12,700.0,-700.0,no_signal,,sweep
11,12,700.0,-1400.0,no_signal,,sweep
11,12,700.0,-2100.0,no_signal,,sweep
11,12,1400.0,-1400.0,no_signal,,sweep
11,12,1400.0,-700.0,no_signal,,sweep
11,12,1400.0,0.0,no_signal,,sweep
11,12,1400.0,700.0,no_signal,,sweep
11,12,700.0,1400.0,no_signal,,sweep
11,12,700.0,2100.0,no_signal,,sweep
11,12,1400.0,1400.0,no_signal,,sweep
11,12,2100.0,700.0,no_signal,,sweep
11,12,2100.0,0.0,no_signal,,sweep
11,12,2100.0,-700.0,no_signal,,sweep
11,13,0.0,0.0,no_signal,,sweep
11,13,-700.0,-700.0,direction,255.02,sweep
11,13,0.0,-700.0,direction,216.13,sweep
11,13,0.0,-1400.0,direction,176.17,sweep
11,13,0.0,-2100.0,direction,139.22,sweep
11,14,0.0,0.0,no_signal,,sweep
11,14,-700.0,-700.0,no_signal,,sweep
11,14,0.0,-700.0,no_signal,,sweep
11,14,0.0,-1400.0,no_signal,,sweep
11,14,0.0,-2100.0,no_signal,,sweep
11,14,-700.0,-2100.0,no_signal,,sweep
11,14,-700.0,-1400.0,no_signal,,sweep
11,14,-1400.0,-1400.0,no_signal,,sweep
11,14,-1400.0,-700.0,no_signal,,sweep
11,14,-2100.0,-700.0,no_signal,,sweep
11,14,-2100.0,0.0,no_signal,,sweep
11,14,-1400.0,0.0,no_signal,,sweep
11,14,-700.0,0.0,no_signal,,sweep
11,14,-700.0,700.0,no_signal,,sweep
11,14,-1400.0,700.0,no_signal,,sweep
11,14,-2100.0,700.0,no_signal,,sweep
11,14,-1400.0,1400.0,no_signal,,sweep
11,14,-700.0,1400.0,no_signal,,sweep
11,14,-700.0,2100.0,no_signal,,sweep
11,14,0.0,2100.0,direction,320.18,sweep
11,14,0.0,1400.0,direction,355.01,sweep
11,14,0.0,700.0,direction,32.68,sweep
11,14,700.0,700.0,direction,66.64,sweep
11,15,0.0,0.0,no_signal,,sweep
11,15,-700.0,-700.0,direction,161.97,sweep
11,15,-700.0,-1400.0,direction,102.74,sweep
11,16,0.0,0.0,direction,60.50,sweep
11,16,-700.0,700.0,direction,347.03,sweep
11,16,0.0,1400.0,direction,286.77,sweep
11,17,0.0,0.0,no_signal,,sweep
11,17,-700.0,-700.0,no_signal,,sweep
11,17,0.0,-700.0,no_signal,,sweep
11,17,0.0,-1400.0,no_signal,,sweep
11,17,0.0,-2100.0,no_signal,,sweep
11,17,-700.0,-2100.0,no_signal,,sweep
11,17,-700.0,-1400.0,no_signal,,sweep
11,17,-1400.0,-1400.0,no_signal,,sweep
11,17,-1400.0,-700.0,no_signal,,sweep
11,17,-2100.0,-700.0,no_signal,,sweep
11,17,-2100.0,0.0,direction,53.77,sweep
11,17,-1400.0,0.0,direction,104.31,sweep
11,17,-700.0,0.0,direction,141.10,sweep
11,17,-700.0,700.0,direction,179.68,sweep
11,18,0.0,0.0,no_signal,,sweep
11,18,-700.0,-700.0,no_signal,,sweep
11,18,0.0,-700.0,no_signal,,sweep
11,18,0.0,-1400.0,no_signal,,sweep
11,18,0.0,-2100.0,no_signal,,sweep
11,18,-700.0,-2100.0,no_signal,,sweep
11,18,-700.0,-1400.0,no_signal,,sweep
11,18,-1400.0,-1400.0,no_signal,,sweep
11,18,-1400.0,-700.0,no_signal,,sweep
11,18,-2100.0,-700.0,no_signal,,sweep
11,18,-2100.0,0.0,no_signal,,sweep
11,18,-1400.0,0.0,no_signal,,sweep
11,18,-700.0,0.0,no_signal,,sweep
11,18,-700.0,700.0,no_signal,,sweep
11,18,-1400.0,700.0,no_signal,,sweep
11,18,-2100.0,700.0,no_signal,,sweep
11,18,-1400.0,1400.0,no_signal,,sweep
11,18,-700.0,1400.0,no_signal,,sweep
11,18,-700.0,2100.0,no_signal,,sweep
11,18,0.0,2100.0,no_signal,,sweep
11,18,0.0,1400.0,no_signal,,sweep
11,18,0.0,700.0,no_signal,,sweep
11,18,700.0,700.0,no_signal,,sweep
11,18,700.0,0.0,no_signal,,sweep
11,18,700.0,-700.0,no_signal,,sweep
11,18,700.0,-1400.0,no_signal,,sweep
11,18,700.0,-2100.0,no_signal,,sweep
11,18,1400.0,-1400.0,no_signal,,sweep
11,18,1400.0,-700.0,no_signal,,sweep
11,18,1400.0,0.0,no_signal,,sweep
11,18,1400.0,700.0,no_signal,,sweep
11,18,700.0,1400.0,no_signal,,sweep
11,18,700.0,2100.0,no_signal,,sweep
11,18,1400.0,1400.0,no_signal,,sweep
11,18,2100.0,700.0,no_signal,,sweep
11,18,2100.0,0.0,no_signal,,sweep
11,18,2100.0,-700.0,no_signal,,sweep
11,19,0.0,0.0,direction,98.10,sweep
11,19,-700.0,0.0,direction,56.39,sweep
11,19,-700.0,700.0,direction,16.99,sweep
11,19,-700.0,1400.0,direction,316.17,sweep
11,20,0.0,0.0,no_signal,,sweep
11,20,-700.0,-700.0,no_signal,,sweep
11,20,0.0,-700.0,no_signal,,sweep
11,20,0.0,-1400.0,no_signal,,sweep
11,20,0.0,-2100.0,no_signal,,sweep
11,20,-700.0,-2100.0,no_signal,,sweep
11,20,-700.0,-1400.0,no_signal,,sweep
11,20,-1400.0,-1400.0,no_signal,,sweep
11,20,-1400.0,-700.0,no_signal,,sweep
11,20,-2100.0,-700.0,no_signal,,sweep
11,20,-2100.0,0.0,no_signal,,sweep
11,20,-1400.0,0.0,no_signal,,sweep
11,20,-700.0,0.0,no_signal,,sweep
11,20,-700.0,700.0,no_signal,,sweep
11,20,-1400.0,700.0,no_signal,,sweep
11,20,-2100.0,700.0,no_signal,,sweep
11,20,-1400.0,1400.0,no_signal,,sweep
11,20,-700.0,1400.0,no_signal,,sweep
11,20,-700.0,2100.0,no_signal,,sweep
11,20,0.0,2100.0,no_signal,,sweep
11,20,0.0,1400.0,no_signal,,sweep
11,20,0.0,700.0,no_signal,,sweep
11,20,700.0,700.0,no_signal,,sweep
11,20,700.0,0.0,no_signal,,sweep
11,20,700.0,-700.0,no_signal,,sweep
11,20,700.0,-1400.0,no_signal,,sweep
11,20,700.0,-2100.0,no_signal,,sweep
11,20,1400.0,-1400.0,no_signal,,sweep
11,20,1400.0,-700.0,no_signal,,sweep
11,20,1400.0,0.0,no_signal,,sweep
11,20,1400.0,700.0,no_signal,,sweep
11,20,700.0,1400.0,no_signal,,sweep
11,20,700.0,2100.0,no_signal,,sweep
11,20,1400.0,1400.0,no_signal,,sweep
11,20,2100.0,700.0,no_signal,,sweep
11,20,2100.0,0.0,no_signal,,sweep
11,20,2100.0,-700.0,no_signal,,sweep
12,1,0.0,0.0,no_signal,,sweep
12,1,-700.0,-700.0,no_signal,,sweep
12,1,0.0,-700.0,no_signal,,sweep
12,1,0.0,-1400.0,no_signal,,sweep
12,1,0.0,-2100.0,no_signal,,sweep
12,1,-700.0,-2100.0,no_signal,,sweep
12,1,-700.0,-1400.0,no_signal,,sweep
12,1,-1400.0,-1400.0,no_signal,,sweep
12,1,-1400.0,-700.0,no_signal,,sweep
12,1,-2100.0,-700.0,no_signal,,sweep
12,1,-2100.0,0.0,no_signal,,sweep
12,1,-1400.0,0.0,no_signal,,sweep
12,1,-700.0,0.0,no_signal,,sweep
12,1,-700.0,700.0,no_signal,,sweep
12,1,-1400.0,700.0,no_signal,,sweep
12,1,-2100.0,700.0,no_signal,,sweep
12,1,-1400.0,1400.0,no_signal,,sweep
12,1,-700.0,1400.0,no_signal,,sweep
12,1,-700.0,2100.0,no_signal,,sweep
12,1,0.0,2100.0,no_signal,,sweep
12,1,0.0,1400.0,no_signal,,sweep
12,1,0.0,700.0,no_signal,,sweep
12,1,700.0,700.0,no_signal,,sweep
12,1,700.0,0.0,no_signal,,sweep
12,1,700.0,-700.0,no_signal,,sweep
12,1,700.0,-1400.0,no_signal,,sweep
12,1,700.0,-2100.0,no_signal,,sweep
12,1,1400.0,-1400.0,no_signal,,sweep
12,1,1400.0,-700.0,no_signal,,sweep
12,1,1400.0,0.0,no_signal,,sweep
12,1,1400.0,700.0,no_signal,,sweep
12,1,700.0,1400.0,no_signal,,sweep
12,1,700.0,2100.0,no_signal,,sweep
12,1,1400.0,1400.0,no_signal,,sweep
12,1,2100.0,700.0,no_signal,,sweep
12,1,2100.0,0.0,no_signal,,sweep
12,1,2100.0,-700.0,no_signal,,sweep
12,2,0.0,0.0,no_signal,,sweep
12,2,-700.0,-700.0,no_signal,,sweep
12,2,0.0,-700.0,no_signal,,sweep
12,2,0.0,-1400.0,no_signal,,sweep
12,2,0.0,-2100.0,no_signal,,sweep
12,2,-700.0,-2100.0,no_signal,,sweep
12,2,-700.0,-1400.0,no_signal,,sweep
12,2,-1400.0,-1400.0,no_signal,,sweep
12,2,-1400.0,-700.0,no_signal,,sweep
12,2,-2100.0,-700.0,no_signal,,sweep
12,2,-2100.0,0.0,no_signal,,sweep
12,2,-1400.0,0.0,no_signal,,sweep
12,2,-700.0,0.0,no_signal,,sweep
12,2,-700.0,700.0,no_signal,,sweep
12,2,-1400.0,700.0,no_signal,,sweep
12,2,-2100.0,700.0,no_signal,,sweep
12,2,-1400.0,1400.0,no_signal,,sweep
12,2,-700.0,1400.0,no_signal,,sweep
12,2,-700.0,2100.0,no_signal,,sweep
12,2,0.0,2100.0,no_signal,,sweep
12,2,0.0,1400.0,no_signal,,sweep
12,2,0.0,700.0,no_signal,,sweep
12,2,700.0,700.0,no_signal,,sweep
12,2,700.0,0.0,no_signal,,sweep
12,2,700.0,-700.0,no_signal,,sweep
12,2,700.0,-1400.0,no_signal,,sweep
12,2,700.0,-2100.0,no_signal,,sweep
12,2,1400.0,-1400.0,no_signal,,sweep
12,2,1400.0,-700.0,no_signal,,sweep
12,2,1400.0,0.0,direction,82.07,sweep
12,2,1400.0,700.0,no_signal,,sweep
12,2,700.0,1400.0,no_signal,,sweep
12,2,1400.0,1400.0,no_signal,,sweep
12,2,2100.0,700.0,direction,186.97,sweep
12,3,0.0,0.0,no_signal,,sweep
12,3,-700.0,-700.0,direction,325.75,sweep
12,3,0.0,-700.0,direction,290.42,sweep
12,3,0.0,-1400.0,direction,12.21,sweep
12,4,0.0,0.0,no_signal,,sweep
12,4,-700.0,-700.0,no_signal,,sweep
12,4,0.0,-700.0,no_signal,,sweep
12,4,0.0,-1400.0,no_signal,,sweep
12,4,0.0,-2100.0,no_signal,,sweep
12,4,-700.0,-2100.0,no_signal,,sweep
12,4,-700.0,-1400.0,no_signal,,sweep
12,4,-1400.0,-1400.0,no_signal,,sweep
12,4,-1400.0,-700.0,no_signal,,sweep
12,4,-2100.0,-700.0,no_signal,,sweep
12,4,-2100.0,0.0,no_signal,,sweep
12,4,-1400.0,0.0,no_signal,,sweep
12,4,-700.0,0.0,no_signal,,sweep
12,4,-700.0,700.0,no_signal,,sweep
12,4,-1400.0,700.0,no_signal,,sweep
12,4,-2100.0,700.0,no_signal,,sweep
12,4,-1400.0,1400.0,no_signal,,sweep
12,4,-700.0,1400.0,no_signal,,sweep
12,4,-700.0,2100.0,no_signal,,sweep
12,4,0.0,2100.0,no_signal,,sweep
12,4,0.0,1400.0,no_signal,,sweep
12,4,0.0,700.0,no_signal,,sweep
12,4,700.0,700.0,no_signal,,sweep
12,4,700.0,0.0,no_signal,,sweep
12,4,700.0,-700.0,no_signal,,sweep
12,4,700.0,-1400.0,no_signal,,sweep
12,4,700.0,-2100.0,no_signal,,sweep
12,4,1400.0,-1400.0,no_signal,,sweep
12,4,1400.0,-700.0,no_signal,,sweep
12,4,1400.0,0.0,no_signal,,sweep
12,4,1400.0,700.0,no_signal,,sweep
12,4,700.0,1400.0,no_signal,,sweep
12,4,700.0,2100.0,no_signal,,sweep
12,4,1400.0,1400.0,no_signal,,sweep
12,4,2100.0,700.0,no_signal,,sweep
12,4,2100.0,0.0,no_signal,,sweep
12,4,2100.0,-700.0,no_signal,,sweep
12,5,0.0,0.0,no_signal,,sweep
12,5,-700.0,-700.0,no_signal,,sweep
12,5,0.0,-700.0,no_signal,,sweep
12,5,0.0,-1400.0,no_signal,,sweep
12,5,0.0,-2100.0,no_signal,,sweep
12,5,-700.0,-2100.0,no_signal,,sweep
12,5,-700.0,-1400.0,no_signal,,sweep
12,5,-1400.0,-1400.0,no_signal,,sweep
12,5,-1400.0,-700.0,no_signal,,sweep
12,5,-2100.0,-700.0,no_signal,,sweep
12,5,-2100.0,0.0,no_signal,,sweep
12,5,-1400.0,0.0,no_signal,,sweep
12,5,-700.0,0.0,no_signal,,sweep
12,5,-700.0,700.0,no_signal,,sweep
12,5,-1400.0,700.0,no_signal,,sweep
12,5,-2100.0,700.0,no_signal,,sweep
12,5,-1400.0,1400.0,no_signal,,sweep
12,5,-700.0,1400.0,no_signal,,sweep
12,5,-700.0,2100.0,no_signal,,sweep
12,5,0.0,2100.0,no_signal,,sweep
12,5,0.0,1400.0,no_signal,,sweep
12,5,0.0,700.0,no_signal,,sweep
12,5,700.0,700.0,no_signal,,sweep
12,5,700.0,0.0,no_signal,,sweep
12,5,700.0,-700.0,no_signal,,sweep
12,5,700.0,-1400.0,no_signal,,sweep
12,5,700.0,-2100.0,no_signal,,sweep
12,5,1400.0,-1400.0,no_signal,,sweep
12,5,1400.0,-700.0,no_signal,,sweep
12,5,1400.0,0.0,no_signal,,sweep
12,5,1400.0,700.0,no_signal,,sweep
12,5,700.0,1400.0,no_signal,,sweep
12,5,700.0,2100.0,no_signal,,sweep
12,5,1400.0,1400.0,no_signal,,sweep
12,5,2100.0,700.0,no_signal,,sweep
12,5,2100.0,0.0,no_signal,,sweep
12,5,2100.0,-700.0,no_signal,,sweep
12,6,0.0,0.0,no_signal,,sweep
12,6,-700.0,-700.0,no_signal,,sweep
12,6,0.0,-700.0,no_signal,,sweep
12,6,0.0,-1400.0,no_signal,,sweep
12,6,0.0,-2100.0,no_signal,,sweep
12,6,-700.0,-2100.0,no_signal,,sweep
12,6,-700.0,-1400.0,no_signal,,sweep
12,6,-1400.0,-1400.0,no_signal,,sweep
12,6,-1400.0,-700.0,no_signal,,sweep
12,6,-2100.0,-700.0,no_signal,,sweep
12,6,-2100.0,0.0,no_signal,,sweep
12,6,-1400.0,0.0,no_signal,,sweep
12,6,-700.0,0.0,no_signal,,sweep
12,6,-700.0,700.0,no_signal,,sweep
12,6,-1400.0,700.0,no_signal,,sweep
12,6,-2100.0,700.0,no_signal,,sweep
12,6,-1400.0,1400.0,no_signal,,sweep
12,6,-700.0,1400.0,no_signal,,sweep
12,6,-700.0,2100.0,no_signal,,sweep
12,6,0.0,2100.0,no_signal,,sweep
12,6,0.0,1400.0,no_signal,,sweep
12,6,0.0,700.0,no_signal,,sweep
12,6,700.0,700.0,no_signal,,sweep
12,6,700.0,0.0,no_signal,,sweep
12,6,700.0,-700.0,no_signal,,sweep
12,6,700.0,-1400.0,no_signal,,sweep
12,6,700.0,-2100.0,no_signal,,sweep
12,6,1400.0,-1400.0,no_signal,,sweep
12,6,1400.0,-700.0,no_signal,,sweep
12,6,1400.0,0.0,no_signal,,sweep
12,6,1400.0,700.0,no_signal,,sweep
12,6,700.0,1400.0,no_signal,,sweep
12,6,700.0,2100.0,no_signal,,sweep
12,6,1400.0,1400.0,no_signal,,sweep
12,6,2100.0,700.0,no_signal,,sweep
12,6,2100.0,0.0,no_signal,,sweep
12,6,2100.0,-700.0,no_signal,,sweep
12,7,0.0,0.0,no_signal,,sweep
12,7,-700.0,-700.0,no_signal,,sweep
12,7,0.0,-700.0,no_signal,,sweep
12,7,0.0,-1400.0,no_signal,,sweep
12,7,0.0,-2100.0,no_signal,,sweep
12,7,-700.0,-2100.0,no_signal,,sweep
12,7,-700.0,-1400.0,no_signal,,sweep
12,7,-1400.0,-1400.0,no_signal,,sweep
12,7,-1400.0,-700.0,no_signal,,sweep
12,7,-2100.0,-700.0,no_signal,,sweep
12,7,-2100.0,0.0,no_signal,,sweep
12,7,-1400.0,0.0,no_signal,,sweep
12,7,-700.0,0.0,no_signal,,sweep
12,7,-700.0,700.0,no_signal,,sweep
12,7,-1400.0,700.0,no_signal,,sweep
12,7,-2100.0,700.0,no_signal,,sweep
12,7,-1400.0,1400.0,no_signal,,sweep
12,7,-700.0,1400.0,no_signal,,sweep
12,7,-700.0,2100.0,no_signal,,sweep
12,7,0.0,2100.0,direction,298.35,sweep
12,7,0.0,1400.0,direction,345.37,sweep
12,7,0.0,700.0,direction,51.81,sweep
12,8,0.0,0.0,direction,0.84,sweep
12,8,0.0,-700.0,no_signal,,sweep
12,8,0.0,700.0,no_signal,,sweep
12,8,700.0,700.0,direction,290.81,sweep
12,8,700.0,0.0,direction,6.53,sweep
12,9,0.0,0.0,no_signal,,sweep
12,9,-700.0,-700.0,no_signal,,sweep
12,9,0.0,-700.0,no_signal,,sweep
12,9,0.0,-1400.0,no_signal,,sweep
12,9,0.0,-2100.0,no_signal,,sweep
12,9,-700.0,-2100.0,no_signal,,sweep
12,9,-700.0,-1400.0,no_signal,,sweep
12,9,-1400.0,-1400.0,no_signal,,sweep
12,9,-1400.0,-700.0,no_signal,,sweep
12,9,-2100.0,-700.0,no_signal,,sweep
12,9,-2100.0,0.0,direction,41.21,sweep
12,9,-1400.0,0.0,direction,75.51,sweep
12,9,-700.0,0.0,direction,121.99,sweep
12,9,-700.0,700.0,direction,169.69,sweep
12,10,0.0,0.0,no_signal,,sweep
12,10,-700.0,-700.0,no_signal,,sweep
12,10,0.0,-700.0,no_signal,,sweep
12,10,0.0,-1400.0,no_signal,,sweep
12,10,0.0,-2100.0,no_signal,,sweep
12,10,-700.0,-2100.0,no_signal,,sweep
12,10,-700.0,-1400.0,no_signal,,sweep
12,10,-1400.0,-1400.0,no_signal,,sweep
12,10,-1400.0,-700.0,no_signal,,sweep
12,10,-2100.0,-700.0,no_signal,,sweep
12,10,-2100.0,0.0,no_signal,,sweep
12,10,-1400.0,0.0,no_signal,,sweep
12,10,-700.0,0.0,no_signal,,sweep
12,10,-700.0,700.0,no_signal,,sweep
12,10,-1400.0,700.0,no_signal,,sweep
12,10,-2100.0,700.0,no_signal,,sweep
12,10,-1400.0,1400.0,no_signal,,sweep
12,10,-700.0,1400.0,no_signal,,sweep
12,10,-700.0,2100.0,no_signal,,sweep
12,10,0.0,2100.0,no_signal,,sweep
12,10,0.0,1400.0,no_signal,,sweep
12,10,0.0,700.0,no_signal,,sweep
12,10,700.0,700.0,direction,10.73,sweep
12,10,700.0,0.0,no_signal,,sweep
12,10,1400.0,0.0,direction,84.34,sweep
12,10,1400.0,700.0,direction,62.94,sweep
12,11,0.0,0.0,no_signal,,sweep
12,11,-700.0,-700.0,no_signal,,sweep
12,11,0.0,-700.0,no_signal,,sweep
12,11,0.0,-1400.0,no_signal,,sweep
12,11,0.0,-2100.0,no_signal,,sweep
12,11,-700.0,-2100.0,no_signal,,sweep
12,11,-700.0,-1400.0,no_signal,,sweep
12,11,-1400.0,-1400.0,no_signal,,sweep
12,11,-1400.0,-700.0,no_signal,,sweep
12,11,-2100.0,-700.0,no_signal,,sweep
12,11,-2100.0,0.0,no_signal,,sweep
12,11,-1400.0,0.0,no_signal,,sweep
12,11,-700.0,0.0,no_signal,,sweep
12,11,-700.0,700.0,no_signal,,sweep
12,11,-1400.0,700.0,no_signal,,sweep
12,11,-2100.0,700.0,no_signal,,sweep
12,11,-1400.0,1400.0,no_signal,,sweep
12,11,-700.0,1400.0,no_signal,,sweep
12,11,-700.0,2100.0,no_signal,,sweep
12,11,0.0,2100.0,no_signal,,sweep
12,11,0.0,1400.0,no_signal,,sweep
12,11,0.0,700.0,no_signal,,sweep
12,11,700.0,700.0,no_signal,,sweep
12,11,700.0,0.0,no_signal,,sweep
12,11,700.0,-700.0,no_signal,,sweep
12,11,700.0,-1400.0,no_signal,,sweep
12,11,700.0,-2100.0,no_signal,,sweep
12,11,1400.0,-1400.0,no_signal,,sweep
12,11,1400.0,-700.0,no_signal,,sweep
12,11,1400.0,0.0,no_signal,,sweep
12,11,1400.0,700.0,direction,251.63,sweep
12,11,2100.0,700.0,direction,208.94,sweep
12,11,2100.0,0.0,direction,165.53,sweep
12,12,0.0,0.0,no_signal,,sweep
12,12,-700.0,-700.0,no_signal,,sweep
12,12,0.0,-700.0,no_signal,,sweep
12,12,0.0,-1400.0,no_signal,,sweep
12,12,0.0,-2100.0,no_signal,,sweep
12,12,-700.0,-2100.0,no_signal,,sweep
12,12,-700.0,-1400.0,no_signal,,sweep
12,12,-1400.0,-1400.0,no_signal,,sweep
12,12,-1400.0,-700.0,no_signal,,sweep
12,12,-2100.0,-700.0,no_signal,,sweep
12,12,-2100.0,0.0,no_signal,,sweep
12,12,-1400.0,0.0,no_signal,,sweep
12,12,-700.0,0.0,no_signal,,sweep
12,12,-700.0,700.0,no_signal,,sweep
12,12,-1400.0,700.0,no_signal,,sweep
12,12,-2100.0,700.0,no_signal,,sweep
12,12,-1400.0,1400.0,no_signal,,sweep
12,12,-700.0,1400.0,no_signal,,sweep
12,12,-700.0,2100.0,no_signal,,sweep
12,12,0.0,2100.0,no_signal,,sweep
12,12,0.0,1400.0,no_signal,,sweep
12,12,0.0,700.0,no_signal,,sweep
12,12,700.0,700.0,no_signal,,sweep
12,12,700.0,0.0,no_signal,,sweep
12,12,700.0,-700.0,no_signal,,sweep
12,12,700.0,-1400.0,no_signal,,sweep
12,12,700.0,-2100.0,no_signal,,sweep
12,12,1400.0,-1400.0,no_signal,,sweep
12,12,1400.0,-700.0,no_signal,,sweep
12,12,1400.0,0.0,no_signal,,sweep
12,12,1400.0,700.0,no_signal,,sweep
12,12,700.0,1400.0,no_signal,,sweep
12,12,700.0,2100.0,no_signal,,sweep
12,12,1400.0,1400.0,no_signal,,sweep
12,12,2100.0,700.0,no_signal,,sweep
12,12,2100.0,0.0,no_signal,,sweep
12,12,2100.0,-700.0,no_signal,,sweep
12,13,0.0,0.0,direction,105.12,sweep
12,13,-700.0,0.0,no_signal,,sweep
12,13,-700.0,700.0,no_signal,,sweep
12,13,-1400.0,700.0,no_signal,,sweep
12,13,-700.0,1400.0,no_signal,,sweep
12,13,0.0,1400.0,direction,259.31,sweep
12,13,0.0,700.0,direction,223.34,sweep
12,14,0.0,0.0,no_signal,,sweep
12,14,-700.0,-700.0,no_signal,,sweep
12,14,0.0,-700.0,no_signal,,sweep
12,14,0.0,-1400.0,no_signal,,sweep
12,14,0.0,-2100.0,no_signal,,sweep
12,14,-700.0,-2100.0,no_signal,,sweep
12,14,-700.0,-1400.0,no_signal,,sweep
12,14,-1400.0,-1400.0,no_signal,,sweep
12,14,-1400.0,-700.0,no_signal,,sweep
12,14,-2100.0,-700.0,no_signal,,sweep
12,14,-2100.0,0.0,no_signal,,sweep
12,14,-1400.0,0.0,no_signal,,sweep
12,14,-700.0,0.0,no_signal,,sweep
12,14,-700.0,700.0,no_signal,,sweep
12,14,-1400.0,700.0,no_signal,,sweep
12,14,-2100.0,700.0,no_signal,,sweep
12,14,-1400.0,1400.0,no_signal,,sweep
12,14,-700.0,1400.0,no_signal,,sweep
12,14,-700.0,2100.0,no_signal,,sweep
12,14,0.0,2100.0,no_signal,,sweep
12,14,0.0,1400.0,no_signal,,sweep
12,14,0.0,700.0,no_signal,,sweep
12,14,700.0,700.0,no_signal,,sweep
12,14,700.0,0.0,no_signal,,sweep
12,14,700.0,-700.0,no_signal,,sweep
12,14,700.0,-1400.0,no_signal,,sweep
12,14,700.0,-2100.0,no_signal,,sweep
12,14,1400.0,-1400.0,no_signal,,sweep
12,14,1400.0,-700.0,no_signal,,sweep
12,14,1400.0,0.0,no_signal,,sweep
12,14,1400.0,700.0,no_signal,,sweep
12,14,700.0,1400.0,no_signal,,sweep
12,14,700.0,2100.0,no_signal,,sweep
12,14,1400.0,1400.0,no_signal,,sweep
12,14,2100.0,700.0,no_signal,,sweep
12,14,2100.0,0.0,no_signal,,sweep
12,14,2100.0,-700.0,no_signal,,sweep
12,15,0.0,0.0,no_signal,,sweep
12,15,-700.0,-700.0,no_signal,,sweep
12,15,0.0,-700.0,no_signal,,sweep
12,15,0.0,-1400.0,no_signal,,sweep
12,15,0.0,-2100.0,no_signal,,sweep
12,15,-700.0,-2100.0,no_signal,,sweep
12,15,-700.0,-1400.0,no_signal,,sweep
12,15,-1400.0,-1400.0,no_signal,,sweep
12,15,-1400.0,-700.0,no_signal,,sweep
12,15,-2100.0,-700.0,no_signal,,sweep
12,15,-2100.0,0.0,no_signal,,sweep
12,15,-1400.0,0.0,no_signal,,sweep
12,15,-700.0,0.0,no_signal,,sweep
12,15,-700.0,700.0,no_signal,,sweep
12,15,-1400.0,700.0,no_signal,,sweep
12,15,-2100.0,700.0,no_signal,,sweep
12,15,-1400.0,1400.0,no_signal,,sweep
12,15,-700.0,1400.0,no_signal,,sweep
12,15,-700.0,2100.0,no_signal,,sweep
12,15,0.0,2100.0,no_signal,,sweep
12,15,0.0,1400.0,no_signal,,sweep
12,15,0.0,700.0,no_signal,,sweep
12,15,700.0,700.0,direction,117.38,sweep
12,15,1400.0,700.0,direction,145.35,sweep
12,15,700.0,1400.0,direction,176.15,sweep
12,15,700.0,2100.0,direction,241.37,sweep
12,16,0.0,0.0,no_signal,,sweep
12,16,-700.0,-700.0,no_signal,,sweep
12,16,0.0,-700.0,no_signal,,sweep
12,16,0.0,-1400.0,no_signal,,sweep
12,16,0.0,-2100.0,no_signal,,sweep
12,16,-700.0,-2100.0,no_signal,,sweep
12,16,-700.0,-1400.0,no_signal,,sweep
12,16,-1400.0,-1400.0,no_signal,,sweep
12,16,-1400.0,-700.0,no_signal,,sweep
12,16,-2100.0,-700.0,no_signal,,sweep
12,16,-2100.0,0.0,no_signal,,sweep
12,16,-1400.0,0.0,no_signal,,sweep
12,16,-700.0,0.0,no_signal,,sweep
12,16,-700.0,700.0,no_signal,,sweep
12,16,-1400.0,700.0,no_signal,,sweep
12,16,-2100.0,700.0,no_signal,,sweep
12,16,-1400.0,1400.0,no_signal,,sweep
12,16,-700.0,1400.0,no_signal,,sweep
12,16,-700.0,2100.0,no_signal,,sweep
12,16,0.0,2100.0,no_signal,,sweep
12,16,0.0,1400.0,no_signal,,sweep
12,16,0.0,700.0,no_signal,,sweep
12,16,700.0,700.0,no_signal,,sweep
12,16,700.0,0.0,no_signal,,sweep
12,16,700.0,-700.0,no_signal,,sweep
12,16,700.0,-1400.0,no_signal,,sweep
12,16,700.0,-2100.0,no_signal,,sweep
12,16,1400.0,-1400.0,no_signal,,sweep
12,16,1400.0,-700.0,no_signal,,sweep
12,16,1400.0,0.0,no_signal,,sweep
12,16,1400.0,700.0,no_signal,,sweep
12,16,700.0,1400.0,no_signal,,sweep
12,16,700.0,2100.0,no_signal,,sweep
12,16,1400.0,1400.0,no_signal,,sweep
12,16,2100.0,700.0,no_signal,,sweep
12,16,2100.0,0.0,no_signal,,sweep
12,16,2100.0,-700.0,no_signal,,sweep
12,17,0.0,0.0,direction,254.64,sweep
12,17,-700.0,-700.0,direction,321.12,sweep
12,17,0.0,-700.0,direction,230.90,sweep
12,18,0.0,0.0,no_signal,,sweep
12,18,-700.0,-700.0,no_signal,,sweep
12,18,0.0,-700.0,no_signal,,sweep
12,18,0.0,-1400.0,no_signal,,sweep
12,18,0.0,-2100.0,no_signal,,sweep
12,18,-700.0,-2100.0,no_signal,,sweep
12,18,-700.0,-1400.0,no_signal,,sweep
12,18,-1400.0,-1400.0,no_signal,,sweep
12,18,-1400.0,-700.0,no_signal,,sweep
12,18,-2100.0,-700.0,no_signal,,sweep
12,18,-2100.0,0.0,no_signal,,sweep
12,18,-1400.0,0.0,no_signal,,sweep
12,18,-700.0,0.0,no_signal,,sweep
12,18,-700.0,700.0,direction,25.97,sweep
12,18,-700.0,1400.0,direction,353.06,sweep
12,18,0.0,2100.0,direction,296.76,sweep
12,18,0.0,1400.0,direction,342.47,sweep
12,19,0.0,0.0,no_signal,,sweep
12,19,-700.0,-700.0,no_signal,,sweep
12,19,0.0,-700.0,no_signal,,sweep
12,19,0.0,-1400.0,no_signal,,sweep
12,19,0.0,-2100.0,no_signal,,sweep
12,19,-700.0,-2100.0,no_signal,,sweep
12,19,-700.0,-1400.0,no_signal,,sweep
12,19,-1400.0,-1400.0,no_signal,,sweep
12,19,-1400.0,-700.0,no_signal,,sweep
12,19,-2100.0,-700.0,no_signal,,sweep
12,19,-2100.0,0.0,no_signal,,sweep
12,19,-1400.0,0.0,no_signal,,sweep
12,19,-700.0,0.0,no_signal,,sweep
12,19,-700.0,700.0,no_signal,,sweep
12,19,-1400.0,700.0,no_signal,,sweep
12,19,-2100.0,700.0,no_signal,,sweep
12,19,-1400.0,1400.0,no_signal,,sweep
12,19,-700.0,1400.0,no_signal,,sweep
12,19,-700.0,2100.0,no_signal,,sweep
12,19,0.0,2100.0,no_signal,,sweep
12,19,0.0,1400.0,no_signal,,sweep
12,19,0.0,700.0,no_signal,,sweep
12,19,700.0,700.0,no_signal,,sweep
12,19,700.0,0.0,no_signal,,sweep
12,19,700.0,-700.0,direction,70.88,sweep
12,19,1400.0,-700.0,direction,117.73,sweep
12,19,1400.0,0.0,direction,167.71,sweep
12,20,0.0,0.0,no_signal,,sweep
12,20,-700.0,-700.0,direction,8.24,sweep
12,20,0.0,-700.0,no_signal,,sweep
12,20,0.0,-1400.0,no_signal,,sweep
12,20,-700.0,-1400.0,direction,55.71,sweep
12,20,-700.0,0.0,direction,310.20,sweep
13,1,0.0,0.0,no_signal,,sweep
13,1,-700.0,-700.0,no_signal,,sweep
13,1,0.0,-700.0,no_signal,,sweep
13,1,0.0,-1400.0,no_signal,,sweep
13,1,0.0,-2100.0,no_signal,,sweep
13,1,-700.0,-2100.0,no_signal,,sweep
13,1,-700.0,-1400.0,no_signal,,sweep
13,1,-1400.0,-1400.0,no_signal,,sweep
13,1,-1400.0,-700.0,no_signal,,sweep
13,1,-2100.0,-700.0,no_signal,,sweep
13,1,-2100.0,0.0,no_signal,,sweep
13,1,-1400.0,0.0,no_signal,,sweep
13,1,-700.0,0.0,no_signal,,sweep
13,1,-700.0,700.0,no_signal,,sweep
13,1,-1400.0,700.0,no_signal,,sweep
13,1,-2100.0,700.0,no_signal,,sweep
13,1,-1400.0,1400.0,no_signal,,sweep
13,1,-700.0,1400.0,no_signal,,sweep
13,1,-700.0,2100.0,no_signal,,sweep
13,1,0.0,2100.0,no_signal,,sweep
13,1,0.0,1400.0,no_signal,,sweep
13,1,0.0,700.0,no_signal,,sweep
13,1,700.0,700.0,no_signal,,sweep
13,1,700.0,0.0,no_signal,,sweep
13,1,700.0,-700.0,no_signal,,sweep
13,1,700.0,-1400.0,direction,178.33,sweep
13,1,700.0,-2100.0,direction,110.97,sweep
13,2,0.0,0.0,no_signal,,sweep
13,2,-700.0,-700.0,no_signal,,sweep
13,2,0.0,-700.0,no_signal,,sweep
13,2,0.0,-1400.0,no_signal,,sweep
13,2,0.0,-2100.0,no_signal,,sweep
13,2,-700.0,-2100.0,no_signal,,sweep
13,2,-700.0,-1400.0,no_signal,,sweep
13,2,-1400.0,-1400.0,no_signal,,sweep
13,2,-1400.0,-700.0,no_signal,,sweep
13,2,-2100.0,-700.0,no_signal,,sweep
13,2,-2100.0,0.0,no_signal,,sweep
13,2,-1400.0,0.0,no_signal,,sweep
13,2,-700.0,0.0,no_signal,,sweep
13,2,-700.0,700.0,no_signal,,sweep
13,2,-1400.0,700.0,no_signal,,sweep
13,2,-2100.0,700.0,no_signal,,sweep
13,2,-1400.0,1400.0,no_signal,,sweep
13,2,-700.0,1400.0,no_signal,,sweep
13,2,-700.0,2100.0,no_signal,,sweep
13,2,0.0,2100.0,no_signal,,sweep
13,2,0.0,1400.0,no_signal,,sweep
13,2,0.0,700.0,no_signal,,sweep
13,2,700.0,700.0,no_signal,,sweep
13,2,700.0,0.0,no_signal,,sweep
13,2,700.0,-700.0,no_signal,,sweep
13,2,700.0,-1400.0,no_signal,,sweep
13,2,700.0,-2100.0,no_signal,,sweep
13,2,1400.0,-1400.0,no_signal,,sweep
13,2,1400.0,-700.0,no_signal,,sweep
13,2,1400.0,0.0,no_signal,,sweep
13,2,1400.0,700.0,no_signal,,sweep
13,2,700.0,1400.0,no_signal,,sweep
13,2,700.0,2100.0,no_signal,,sweep
13,2,1400.0,1400.0,no_signal,,sweep
13,2,2100.0,700.0,no_signal,,sweep
13,2,2100.0,0.0,no_signal,,sweep
13,2,2100.0,-700.0,no_signal,,sweep
13,3,0.0,0.0,no_signal,,sweep
13,3,-700.0,-700.0,no_signal,,sweep
13,3,0.0,-700.0,no_signal,,sweep
13,3,0.0,-1400.0,no_signal,,sweep
13,3,0.0,-2100.0,no_signal,,sweep
13,3,-700.0,-2100.0,no_signal,,sweep
13,3,-700.0,-1400.0,no_signal,,sweep
13,3,-1400.0,-1400.0,no_signal,,sweep
13,3,-1400.0,-700.0,no_signal,,sweep
13,3,-2100.0,-700.0,no_signal,,sweep
13,3,-2100.0,0.0,no_signal,,sweep
13,3,-1400.0,0.0,no_signal,,sweep
13,3,-700.0,0.0,no_signal,,sweep
13,3,-700.0,700.0,no_signal,,sweep
13,3,-1400.0,700.0,no_signal,,sweep
13,3,-2100.0,700.0,no_signal,,sweep
13,3,-1400.0,1400.0,no_signal,,sweep
13,3,-700.0,1400.0,no_signal,,sweep
13,3,-700.0,2100.0,no_signal,,sweep
13,3,0.0,2100.0,no_signal,,sweep
13,3,0.0,1400.0,no_signal,,sweep
13,3,0.0,700.0,no_signal,,sweep
13,3,700.0,700.0,no_signal,,sweep
13,3,700.0,0.0,no_signal,,sweep
13,3,700.0,-700.0,no_signal,,sweep
13,3,700.0,-1400.0,no_signal,,sweep
13,3,700.0,-2100.0,no_signal,,sweep
13,3,1400.0,-1400.0,no_signal,,sweep
13,3,1400.0,-700.0,no_signal,,sweep
13,3,1400.0,0.0,no_signal,,sweep
13,3,1400.0,700.0,no_signal,,sweep
13,3,700.0,1400.0,no_signal,,sweep
13,3,700.0,2100.0,no_signal,,sweep
13,3,1400.0,1400.0,no_signal,,sweep
13,3,2100.0,700.0,no_signal,,sweep
13,3,2100.0,0.0,no_signal,,sweep
13,3,2100.0,-700.0,no_signal,,sweep
13,4,0.0,0.0,no_signal,,sweep
13,4,-700.0,-700.0,direction,257.71,sweep
13,4,0.0,-700.0,direction,218.31,sweep
13,4,0.0,-1400.0,direction,177.51,sweep
13,4,0.0,-2100.0,no_signal,,sweep
13,4,-700.0,-2100.0,direction,101.56,sweep
13,5,0.0,0.0,direction,158.83,sweep
13,5,-700.0,-700.0,direction,109.17,sweep
13,5,-1400.0,-700.0,no_signal,,sweep
13,5,-2100.0,0.0,no_signal,,sweep
13,5,-1400.0,0.0,no_signal,,sweep
13,5,-700.0,0.0,direction,134.01,sweep
13,5,-700.0,700.0,direction,218.60,sweep
13,6,0.0,0.0,no_signal,,sweep
13,6,-700.0,-700.0,no_signal,,sweep
13,6,0.0,-700.0,no_signal,,sweep
13,6,0.0,-1400.0,no_signal,,sweep
13,6,0.0,-2100.0,no_signal,,sweep
13,6,-700.0,-2100.0,no_signal,,sweep
13,6,-700.0,-1400.0,no_signal,,sweep
13,6,-1400.0,-1400.0,no_signal,,sweep
13,6,-1400.0,-700.0,no_signal,,sweep
13,6,-2100.0,-700.0,no_signal,,sweep
13,6,-2100.0,0.0,no_signal,,sweep
13,6,-1400.0,0.0,no_signal,,sweep
13,6,-700.0,0.0,no_signal,,sweep
13,6,-700.0,700.0,no_signal,,sweep
13,6,-1400.0,700.0,no_signal,,sweep
13,6,-2100.0,700.0,no_signal,,sweep
13,6,-1400.0,1400.0,no_signal,,sweep
13,6,-700.0,1400.0,no_signal,,sweep
13,6,-700.0,2100.0,no_signal,,sweep
13,6,0.0,2100.0,no_signal,,sweep
13,6,0.0,1400.0,no_signal,,sweep
13,6,0.0,700.0,no_signal,,sweep
13,6,700.0,700.0,no_signal,,sweep
13,6,700.0,0.0,no_signal,,sweep
13,6,700.0,-700.0,no_signal,,sweep
13,6,700.0,-1400.0,no_signal,,sweep
13,6,700.0,-2100.0,no_signal,,sweep
13,6,1400.0,-1400.0,direction,130.66,sweep
13,6,1400.0,-700.0,direction,201.97,sweep
13,7,0.0,0.0,no_signal,,sweep
13,7,-700.0,-700.0,no_signal,,sweep
13,7,0.0,-700.0,no_signal,,sweep
13,7,0.0,-1400.0,no_signal,,sweep
13,7,0.0,-2100.0,no_signal,,sweep
13,7,-700.0,-2100.0,no_signal,,sweep
13,7,-700.0,-1400.0,no_signal,,sweep
13,7,-1400.0,-1400.0,no_signal,,sweep
13,7,-1400.0,-700.0,no_signal,,sweep
13,7,-2100.0,-700.0,no_signal,,sweep
13,7,-2100.0,0.0,no_signal,,sweep
13,7,-1400.0,0.0,no_signal,,sweep
13,7,-700.0,0.0,no_signal,,sweep
13,7,-700.0,700.0,no_signal,,sweep
13,7,-1400.0,700.0,no_signal,,sweep
13,7,-2100.0,700.0,no_signal,,sweep
13,7,-1400.0,1400.0,no_signal,,sweep
13,7,-700.0,1400.0,no_signal,,sweep
13,7,-700.0,2100.0,no_signal,,sweep
13,7,0.0,2100.0,no_signal,,sweep
13,7,0.0,1400.0,no_signal,,sweep
13,7,0.0,700.0,no_signal,,sweep
13,7,700.0,700.0,no_signal,,sweep
13,7,700.0,0.0,no_signal,,sweep
13,7,700.0,-700.0,no_signal,,sweep
13,7,700.0,-1400.0,no_signal,,sweep
13,7,700.0,-2100.0,no_signal,,sweep
13,7,1400.0,-1400.0,no_signal,,sweep
13,7,1400.0,-700.0,no_signal,,sweep
13,7,1400.0,0.0,no_signal,,sweep
13,7,1400.0,700.0,no_signal,,sweep
13,7,700.0,1400.0,no_signal,,sweep
13,7,700.0,2100.0,no_signal,,sweep
13,7,1400.0,1400.0,no_signal,,sweep
13,7,2100.0,700.0,no_signal,,sweep
13,7,2100.0,0.0,no_signal,,sweep
13,7,2100.0,-700.0,no_signal,,sweep
13,8,0.0,0.0,no_signal,,sweep
13,8,-700.0,-700.0,direction,171.63,sweep
13,8,-700.0,-1400.0,direction,135.93,sweep
13,8,-1400.0,-1400.0,no_signal,,sweep
13,8,-1400.0,-700.0,direction,141.04,sweep
13,8,-2100.0,-700.0,no_signal,,sweep
13,8,-2100.0,0.0,no_signal,,sweep
13,8,-1400.0,0.0,direction,252.97,sweep
13,9,0.0,0.0,no_signal,,sweep
13,9,-700.0,-700.0,no_signal,,sweep
13,9,0.0,-700.0,no_signal,,sweep
13,9,0.0,-1400.0,no_signal,,sweep
13,9,0.0,-2100.0,direction,126.16,sweep
13,9,-700.0,-2100.0,direction,88.29,sweep
13,9,-700.0,-1400.0,direction,83.87,sweep
13,9,-1400.0,-1400.0,direction,15.58,sweep
13,10,0.0,0.0,no_signal,,sweep
13,10,-700.0,-700.0,no_signal,,sweep
13,10,0.0,-700.0,no_signal,,sweep
13,10,0.0,-1400.0,no_signal,,sweep
13,10,0.0,-2100.0,no_signal,,sweep
13,10,-700.0,-2100.0,no_signal,,sweep
13,10,-700.0,-1400.0,no_signal,,sweep
13,10,-1400.0,-1400.0,no_signal,,sweep
13,10,-1400.0,-700.0,no_signal,,sweep
13,10,-2100.0,-700.0,no_signal,,sweep
13,10,-2100.0,0.0,no_signal,,sweep
13,10,-1400.0,0.0,no_signal,,sweep
13,10,-700.0,0.0,no_signal,,sweep
13,10,-700.0,700.0,no_signal,,sweep
13,10,-1400.0,700.0,no_signal,,sweep
13,10,-2100.0,700.0,no_signal,,sweep
13,10,-1400.0,1400.0,no_signal,,sweep
13,10,-700.0,1400.0,no_signal,,sweep
13,10,-700.0,2100.0,no_signal,,sweep
13,10,0.0,2100.0,no_signal,,sweep
13,10,0.0,1400.0,no_signal,,sweep
13,10,0.0,700.0,no_signal,,sweep
13,10,700.0,700.0,no_signal,,sweep
13,10,700.0,0.0,no_signal,,sweep
13,10,700.0,-700.0,no_signal,,sweep
13,10,700.0,-1400.0,no_signal,,sweep
13,10,700.0,-2100.0,no_signal,,sweep
13,10,1400.0,-1400.0,no_signal,,sweep
13,10,1400.0,-700.0,no_signal,,sweep
13,10,1400.0,0.0,no_signal,,sweep
13,10,1400.0,700.0,no_signal,,sweep
13,10,700.0,1400.0,no_signal,,sweep
13,10,700.0,2100.0,no_signal,,sweep
13,10,1400.0,1400.0,no_signal,,sweep
13,10,2100.0,700.0,no_signal,,sweep
13,10,2100.0,0.0,no_signal,,sweep
13,10,2100.0,-700.0,no_signal,,sweep
13,11,0.0,0.0,no_signal,,sweep
13,11,-700.0,-700.0,direction,247.25,sweep
13,11,0.0,-700.0,direction,200.50,sweep
13,11,0.0,-1400.0,no_signal,,sweep
13,11,-700.0,-2100.0,no_signal,,sweep
13,11,-700.0,-1400.0,no_signal,,sweep
13,11,-1400.0,-1400.0,no_signal,,sweep
13,11,-1400.0,-700.0,direction,331.69,sweep
13,12,0.0,0.0,no_signal,,sweep
13,12,-700.0,-700.0,no_signal,,sweep
13,12,0.0,-700.0,no_signal,,sweep
13,12,0.0,-1400.0,no_signal,,sweep
13,12,0.0,-2100.0,no_signal,,sweep
13,12,-700.0,-2100.0,no_signal,,sweep
13,12,-700.0,-1400.0,no_signal,,sweep
13,12,-1400.0,-1400.0,no_signal,,sweep
13,12,-1400.0,-700.0,no_signal,,sweep
13,12,-2100.0,-700.0,no_signal,,sweep
13,12,-2100.0,0.0,no_signal,,sweep
13,12,-1400.0,0.0,no_signal,,sweep
13,12,-700.0,0.0,no_signal,,sweep
13,12,-700.0,700.0,direction,56.34,sweep
13,12,-1400.0,1400.0,direction,7.16,sweep
13,12,-700.0,1400.0,direction,15.59,sweep
13,12,-700.0,2100.0,direction,317.51,sweep
13,13,0.0,0.0,no_signal,,sweep
13,13,-700.0,-700.0,no_signal,,sweep
13,13,0.0,-700.0,no_signal,,sweep
13,13,0.0,-1400.0,no_signal,,sweep
13,13,0.0,-2100.0,no_signal,,sweep
13,13,-700.0,-2100.0,no_signal,,sweep
13,13,-700.0,-1400.0,no_signal,,sweep
13,13,-1400.0,-1400.0,no_signal,,sweep
13,13,-1400.0,-700.0,no_signal,,sweep
13,13,-2100.0,-700.0,no_signal,,sweep
13,13,-2100.0,0.0,no_signal,,sweep
13,13,-1400.0,0.0,direction,81.74,sweep
13,13,-700.0,0.0,no_signal,,sweep
13,13,-700.0,700.0,direction,144.26,sweep
13,13,-1400.0,700.0,direction,67.98,sweep
13,14,0.0,0.0,no_signal,,sweep
13,14,-700.0,-700.0,no_signal,,sweep
13,14,0.0,-700.0,no_signal,,sweep
13,14,0.0,-1400.0,no_signal,,sweep
13,14,0.0,-2100.0,no_signal,,sweep
13,14,-700.0,-2100.0,no_signal,,sweep
13,14,-700.0,-1400.0,no_signal,,sweep
13,14,-1400.0,-1400.0,no_signal,,sweep
13,14,-1400.0,-700.0,no_signal,,sweep
13,14,-2100.0,-700.0,no_signal,,sweep
13,14,-2100.0,0.0,no_signal,,sweep
13,14,-1400.0,0.0,no_signal,,sweep
13,14,-700.0,0.0,no_signal,,sweep
13,14,-700.0,700.0,no_signal,,sweep
13,14,-1400.0,700.0,no_signal,,sweep
13,14,-2100.0,700.0,no_signal,,sweep
13,14,-1400.0,1400.0,no_signal,,sweep
13,14,-700.0,1400.0,no_signal,,sweep
13,14,-700.0,2100.0,no_signal,,sweep
13,14,0.0,2100.0,no_signal,,sweep
13,14,0.0,1400.0,no_signal,,sweep
13,14,0.0,700.0,no_signal,,sweep
13,14,700.0,700.0,no_signal,,sweep
13,14,700.0,0.0,no_signal,,sweep
13,14,700.0,-700.0,no_signal,,sweep
13,14,700.0,-1400.0,no_signal,,sweep
13,14,700.0,-2100.0,no_signal,,sweep
13,14,1400.0,-1400.0,no_signal,,sweep
13,14,1400.0,-700.0,no_signal,,sweep
13,14,1400.0,0.0,no_signal,,sweep
13,14,1400.0,700.0,no_signal,,sweep
13,14,700.0,1400.0,no_signal,,sweep
13,14,700.0,2100.0,no_signal,,sweep
13,14,1400.0,1400.0,no_signal,,sweep
13,14,2100.0,700.0,no_signal,,sweep
13,14,2100.0,0.0,no_signal,,sweep
13,14,2100.0,-700.0,no_signal,,sweep
13,15,0.0,0.0,no_signal,,sweep
13,15,-700.0,-700.0,no_signal,,sweep
13,15,0.0,-700.0,no_signal,,sweep
13,15,0.0,-1400.0,no_signal,,sweep
13,15,0.0,-2100.0,no_signal,,sweep
13,15,-700.0,-2100.0,no_signal,,sweep
13,15,-700.0,-1400.0,no_signal,,sweep
13,15,-1400.0,-1400.0,no_signal,,sweep
13,15,-1400.0,-700.0,no_signal,,sweep
13,15,-2100.0,-700.0,no_signal,,sweep
13,15,-2100.0,0.0,no_signal,,sweep
13,15,-1400.0,0.0,no_signal,,sweep
13,15,-700.0,0.0,direction,72.38,sweep
13,15,-700.0,700.0,direction,15.12,sweep
13,15,-1400.0,700.0,direction,4.15,sweep
13,15,-1400.0,1400.0,direction,326.19,sweep
13,16,0.0,0.0,no_signal,,sweep
13,16,-700.0,-700.0,no_signal,,sweep
13,16,0.0,-700.0,no_signal,,sweep
13,16,0.0,-1400.0,no_signal,,sweep
13,16,0.0,-2100.0,no_signal,,sweep
13,16,-700.0,-2100.0,no_signal,,sweep
13,16,-700.0,-1400.0,no_signal,,sweep
13,16,-1400.0,-1400.0,no_signal,,sweep
13,16,-1400.0,-700.0,no_signal,,sweep
13,16,-2100.0,-700.0,no_signal,,sweep
13,16,-2100.0,0.0,no_signal,,sweep
13,16,-1400.0,0.0,no_signal,,sweep
13,16,-700.0,0.0,no_signal,,sweep
13,16,-700.0,700.0,no_signal,,sweep
13,16,-1400.0,700.0,no_signal,,sweep
13,16,-2100.0,700.0,no_signal,,sweep
13,16,-1400.0,1400.0,no_signal,,sweep
13,16,-700.0,1400.0,no_signal,,sweep
13,16,-700.0,2100.0,no_signal,,sweep
13,16,0.0,2100.0,no_signal,,sweep
13,16,0.0,1400.0,no_signal,,sweep
13,16,0.0,700.0,direction,46.25,sweep
13,16,700.0,700.0,direction,93.37,sweep
13,16,1400.0,700.0,direction,136.49,sweep
13,16,700.0,1400.0,direction,182.72,sweep
13,17,0.0,0.0,no_signal,,sweep
13,17,-700.0,-700.0,no_signal,,sweep
13,17,0.0,-700.0,no_signal,,sweep
13,17,0.0,-1400.0,no_signal,,sweep
13,17,0.0,-2100.0,no_signal,,sweep
13,17,-700.0,-2100.0,no_signal,,sweep
13,17,-700.0,-1400.0,no_signal,,sweep
13,17,-1400.0,-1400.0,no_signal,,sweep
13,17,-1400.0,-700.0,no_signal,,sweep
13,17,-2100.0,-700.0,no_signal,,sweep
13,17,-2100.0,0.0,no_signal,,sweep
13,17,-1400.0,0.0,no_signal,,sweep
13,17,-700.0,0.0,no_signal,,sweep
13,17,-700.0,700.0,no_signal,,sweep
13,17,-1400.0,700.0,no_signal,,sweep
13,17,-2100.0,700.0,no_signal,,sweep
13,17,-1400.0,1400.0,no_signal,,sweep
13,17,-700.0,1400.0,no_signal,,sweep
13,17,-700.0,2100.0,no_signal,,sweep
13,17,0.0,2100.0,no_signal,,sweep
13,17,0.0,1400.0,no_signal,,sweep
13,17,0.0,700.0,no_signal,,sweep
13,17,700.0,700.0,direction,239.95,sweep
13,17,700.0,0.0,direction,172.60,sweep
13,18,0.0,0.0,no_signal,,sweep
13,18,-700.0,-700.0,no_signal,,sweep
13,18,0.0,-700.0,no_signal,,sweep
13,18,0.0,-1400.0,no_signal,,sweep
13,18,0.0,-2100.0,no_signal,,sweep
13,18,-700.0,-2100.0,no_signal,,sweep
13,18,-700.0,-1400.0,no_signal,,sweep
13,18,-1400.0,-1400.0,no_signal,,sweep
13,18,-1400.0,-700.0,no_signal,,sweep
13,18,-2100.0,-700.0,no_signal,,sweep
13,18,-2100.0,0.0,no_signal,,sweep
13,18,-1400.0,0.0,no_signal,,sweep
13,18,-700.0,0.0,no_signal,,sweep
13,18,-700.0,700.0,no_signal,,sweep
13,18,-1400.0,700.0,no_signal,,sweep
13,18,-2100.0,700.0,no_signal,,sweep
13,18,-1400.0,1400.0,no_signal,,sweep
13,18,-700.0,1400.0,no_signal,,sweep
13,18,-700.0,2100.0,no_signal,,sweep
13,18,0.0,2100.0,no_signal,,sweep
13,18,0.0,1400.0,no_signal,,sweep
13,18,0.0,700.0,no_signal,,sweep
13,18,700.0,700.0,no_signal,,sweep
13,18,700.0,0.0,no_signal,,sweep
13,18,700.0,-700.0,no_signal,,sweep
13,18,700.0,-1400.0,no_signal,,sweep
13,18,700.0,-2100.0,no_signal,,sweep
13,18,1400.0,-1400.0,no_signal,,sweep
13,18,1400.0,-700.0,no_signal,,sweep
13,18,1400.0,0.0,no_signal,,sweep
13,18,1400.0,700.0,no_signal,,sweep
13,18,700.0,1400.0,no_signal,,sweep
13,18,700.0,2100.0,no_signal,,sweep
13,18,1400.0,1400.0,no_signal,,sweep
13,18,2100.0,700.0,no_signal,,sweep
13,18,2100.0,0.0,no_signal,,sweep
13,18,2100.0,-700.0,no_signal,,sweep
13,19,0.0,0.0,direction,218.54,sweep
13,19,-700.0,-700.0,no_signal,,sweep
13,19,0.0,-700.0,no_signal,,sweep
13,19,0.0,-1400.0,no_signal,,sweep
13,19,-700.0,-1400.0,no_signal,,sweep
13,19,-1400.0,-700.0,no_signal,,sweep
13,19,-1400.0,0.0,direction,327.35,sweep
13,19,-700.0,0.0,direction,278.98,sweep
13,20,0.0,0.0,no_signal,,sweep
13,20,-700.0,-700.0,no_signal,,sweep
13,20,0.0,-700.0,no_signal,,sweep
13,20,0.0,-1400.0,no_signal,,sweep
13,20,0.0,-2100.0,no_signal,,sweep
13,20,-700.0,-2100.0,no_signal,,sweep
13,20,-700.0,-1400.0,no_signal,,sweep
13,20,-1400.0,-1400.0,no_signal,,sweep
13,20,-1400.0,-700.0,no_signal,,sweep
13,20,-2100.0,-700.0,no_signal,,sweep
13,20,-2100.0,0.0,no_signal,,sweep
13,20,-1400.0,0.0,no_signal,,sweep
13,20,-700.0,0.0,no_signal,,sweep
13,20,-700.0,700.0,no_signal,,sweep
13,20,-1400.0,700.0,no_signal,,sweep
13,20,-2100.0,700.0,no_signal,,sweep
13,20,-1400.0,1400.0,no_signal,,sweep
13,20,-700.0,1400.0,no_signal,,sweep
13,20,-700.0,2100.0,no_signal,,sweep
13,20,0.0,2100.0,no_signal,,sweep
13,20,0.0,1400.0,no_signal,,sweep
13,20,0.0,700.0,no_signal,,sweep
13,20,700.0,700.0,no_signal,,sweep
13,20,700.0,0.0,no_signal,,sweep
13,20,700.0,-700.0,no_signal,,sweep
13,20,700.0,-1400.0,no_signal,,sweep
13,20,700.0,-2100.0,no_signal,,sweep
13,20,1400.0,-1400.0,no_signal,,sweep
13,20,1400.0,-700.0,no_signal,,sweep
13,20,1400.0,0.0,no_signal,,sweep
13,20,1400.0,700.0,no_signal,,sweep
13,20,700.0,1400.0,no_signal,,sweep
13,20,700.0,2100.0,no_signal,,sweep
13,20,1400.0,1400.0,no_signal,,sweep
13,20,2100.0,700.0,no_signal,,sweep
13,20,2100.0,0.0,no_signal,,sweep
13,20,2100.0,-700.0,no_signal,,sweep
14,1,0.0,0.0,no_signal,,sweep
14,1,-700.0,-700.0,no_signal,,sweep
14,1,0.0,-700.0,no_signal,,sweep
14,1,0.0,-1400.0,no_signal,,sweep
14,1,0.0,-2100.0,no_signal,,sweep
14,1,-700.0,-2100.0,no_signal,,sweep
14,1,-700.0,-1400.0,no_signal,,sweep
14,1,-1400.0,-1400.0,no_signal,,sweep
14,1,-1400.0,-700.0,no_signal,,sweep
14,1,-2100.0,-700.0,no_signal,,sweep
14,1,-2100.0,0.0,no_signal,,sweep
14,1,-1400.0,0.0,no_signal,,sweep
14,1,-700.0,0.0,no_signal,,sweep
14,1,-700.0,700.0,no_signal,,sweep
14,1,-1400.0,700.0,no_signal,,sweep
14,1,-2100.0,700.0,no_signal,,sweep
14,1,-1400.0,1400.0,no_signal,,sweep
14,1,-700.0,1400.0,no_signal,,sweep
14,1,-700.0,2100.0,no_signal,,sweep
14,1,0.0,2100.0,no_signal,,sweep
14,1,0.0,1400.0,no_signal,,sweep
14,1,0.0,700.0,no_signal,,sweep
14,1,700.0,700.0,no_signal,,sweep
14,1,700.0,0.0,no_signal,,sweep
14,1,700.0,-700.0,no_signal,,sweep
14,1,700.0,-1400.0,no_signal,,sweep
14,1,700.0,-2100.0,no_signal,,sweep
14,1,1400.0,-1400.0,no_signal,,sweep
14,1,1400.0,-700.0,no_signal,,sweep
14,1,1400.0,0.0,no_signal,,sweep
14,1,1400.0,700.0,no_signal,,sweep
14,1,700.0,1400.0,no_signal,,sweep
14,1,700.0,2100.0,no_signal,,sweep
14,1,1400.0,1400.0,no_signal,,sweep
14,1,2100.0,700.0,no_signal,,sweep
14,1,2100.0,0.0,no_signal,,sweep
14,1,2100.0,-700.0,no_signal,,sweep
14,2,0.0,0.0,no_signal,,sweep
14,2,-700.0,-700.0,no_signal,,sweep
14,2,0.0,-700.0,no_signal,,sweep
14,2,0.0,-1400.0,no_signal,,sweep
14,2,0.0,-2100.0,direction,42.68,sweep
14,2,700.0,-700.0,no_signal,,sweep
14,2,700.0,-1400.0,no_signal,,sweep
14,2,700.0,-2100.0,direction,117.77,sweep
14,3,0.0,0.0,direction,271.83,sweep
14,3,-700.0,-700.0,direction,324.07,sweep
14,3,0.0,-700.0,direction,274.97,sweep
14,3,0.0,-1400.0,no_signal,,sweep
14,3,0.0,-2100.0,no_signal,,sweep
14,3,-700.0,-2100.0,direction,49.16,sweep
14,4,0.0,0.0,direction,154.51,sweep
14,4,-700.0,-700.0,no_signal,,sweep
14,4,-1400.0,0.0,no_signal,,sweep
14,4,-700.0,0.0,no_signal,,sweep
14,4,-700.0,700.0,direction,222.33,sweep
14,4,-1400.0,700.0,no_signal,,sweep
14,4,-2100.0,700.0,no_signal,,sweep
14,4,-1400.0,1400.0,direction,294.76,sweep
14,5,0.0,0.0,no_signal,,sweep
14,5,-700.0,-700.0,no_signal,,sweep
14,5,0.0,-700.0,no_signal,,sweep
14,5,0.0,-1400.0,direction,345.42,sweep
14,5,0.0,-2100.0,direction,50.83,sweep
14,5,-700.0,-1400.0,direction,353.72,sweep
14,5,700.0,-700.0,no_signal,,sweep
14,5,700.0,-1400.0,no_signal,,sweep
14,5,700.0,-2100.0,direction,111.77,sweep
14,6,0.0,0.0,no_signal,,sweep
14,6,-700.0,-700.0,no_signal,,sweep
14,6,0.0,-700.0,no_signal,,sweep
14,6,0.0,-1400.0,direction,98.58,sweep
14,6,-700.0,-1400.0,direction,6.54,sweep
14,7,0.0,0.0,no_signal,,sweep
14,7,-700.0,-700.0,no_signal,,sweep
14,7,0.0,-700.0,no_signal,,sweep
14,7,0.0,-1400.0,no_signal,,sweep
14,7,0.0,-2100.0,no_signal,,sweep
14,7,-700.0,-2100.0,no_signal,,sweep
14,7,-700.0,-1400.0,no_signal,,sweep
14,7,-1400.0,-1400.0,no_signal,,sweep
14,7,-1400.0,-700.0,no_signal,,sweep
14,7,-2100.0,-700.0,no_signal,,sweep
14,7,-2100.0,0.0,no_signal,,sweep
14,7,-1400.0,0.0,no_signal,,sweep
14,7,-700.0,0.0,no_signal,,sweep
14,7,-700.0,700.0,no_signal,,sweep
14,7,-1400.0,700.0,no_signal,,sweep
14,7,-2100.0,700.0,no_signal,,sweep
14,7,-1400.0,1400.0,no_signal,,sweep
14,7,-700.0,1400.0,no_signal,,sweep
14,7,-700.0,2100.0,no_signal,,sweep
14,7,0.0,2100.0,no_signal,,sweep
14,7,0.0,1400.0,no_signal,,sweep
14,7,0.0,700.0,no_signal,,sweep
14,7,700.0,700.0,no_signal,,sweep
14,7,700.0,0.0,no_signal,,sweep
14,7,700.0,-700.0,no_signal,,sweep
14,7,700.0,-1400.0,no_signal,,sweep
14,7,700.0,-2100.0,no_signal,,sweep
14,7,1400.0,-1400.0,no_signal,,sweep
14,7,1400.0,-700.0,no_signal,,sweep
14,7,1400.0,0.0,no_signal,,sweep
14,7,1400.0,700.0,no_signal,,sweep
14,7,700.0,1400.0,no_signal,,sweep
14,7,700.0,2100.0,no_signal,,sweep
14,7,1400.0,1400.0,no_signal,,sweep
14,7,2100.0,700.0,no_signal,,sweep
14,7,2100.0,0.0,no_signal,,sweep
14,7,2100.0,-700.0,no_signal,,sweep
14,8,0.0,0.0,no_signal,,sweep
14,8,-700.0,-700.0,no_signal,,sweep
14,8,0.0,-700.0,no_signal,,sweep
14,8,0.0,-1400.0,no_signal,,sweep
14,8,0.0,-2100.0,no_signal,,sweep
14,8,-700.0,-2100.0,no_signal,,sweep
14,8,-700.0,-1400.0,no_signal,,sweep
14,8,-1400.0,-1400.0,no_signal,,sweep
14,8,-1400.0,-700.0,no_signal,,sweep
14,8,-2100.0,-700.0,no_signal,,sweep
14,8,-2100.0,0.0,no_signal,,sweep
14,8,-1400.0,0.0,no_signal,,sweep
14,8,-700.0,0.0,no_signal,,sweep
14,8,-700.0,700.0,no_signal,,sweep
14,8,-1400.0,700.0,no_signal,,sweep
14,8,-2100.0,700.0,no_signal,,sweep
14,8,-1400.0,1400.0,no_signal,,sweep
14,8,-700.0,1400.0,no_signal,,sweep
14,8,-700.0,2100.0,no_signal,,sweep
14,8,0.0,2100.0,no_signal,,sweep
14,8,0.0,1400.0,direction,326.71,sweep
14,8,0.0,700.0,direction,33.82,sweep
14,8,700.0,700.0,no_signal,,sweep
14,8,700.0,0.0,no_signal,,sweep
14,8,1400.0,700.0,no_signal,,sweep
14,8,700.0,1400.0,no_signal,,sweep
14,8,700.0,2100.0,no_signal,,sweep
14,8,1400.0,1400.0,no_signal,,sweep
14,9,0.0,0.0,no_signal,,sweep
14,9,-700.0,-700.0,no_signal,,sweep
14,9,0.0,-700.0,no_signal,,sweep
14,9,0.0,-1400.0,no_signal,,sweep
14,9,0.0,-2100.0,no_signal,,sweep
14,9,-700.0,-2100.0,no_signal,,sweep
14,9,-700.0,-1400.0,no_signal,,sweep
14,9,-1400.0,-1400.0,no_signal,,sweep
14,9,-1400.0,-700.0,no_signal,,sweep
14,9,-2100.0,-700.0,no_signal,,sweep
14,9,-2100.0,0.0,direction,9.72,sweep
14,9,-1400.0,0.0,direction,22.76,sweep
14,9,-700.0,0.0,no_signal,,sweep
14,9,-700.0,700.0,direction,251.18,sweep
14,9,-1400.0,700.0,direction,318.27,sweep
14,10,0.0,0.0,direction,176.64,sweep
14,10,-700.0,-700.0,no_signal,,sweep
14,10,0.0,-700.0,no_signal,,sweep
14,10,-1400.0,-700.0,no_signal,,sweep
14,10,-1400.0,0.0,no_signal,,sweep
14,10,-700.0,0.0,no_signal,,sweep
14,10,-700.0,700.0,direction,275.49,sweep
14,11,0.0,0.0,direction,131.02,sweep
14,11,-1400.0,0.0,no_signal,,sweep
14,11,-700.0,0.0,direction,72.60,sweep
14,11,-700.0,700.0,direction,326.18,sweep
14,12,0.0,0.0,no_signal,,sweep
14,12,-700.0,-700.0,no_signal,,sweep
14,12,0.0,-700.0,no_signal,,sweep
14,12,0.0,-1400.0,no_signal,,sweep
14,12,0.0,-2100.0,no_signal,,sweep
14,12,-700.0,-2100.0,no_signal,,sweep
14,12,-700.0,-1400.0,no_signal,,sweep
14,12,-1400.0,-1400.0,no_signal,,sweep
14,12,-1400.0,-700.0,no_signal,,sweep
14,12,-2100.0,-700.0,no_signal,,sweep
14,12,-2100.0,0.0,no_signal,,sweep
14,12,-1400.0,0.0,direction,86.03,sweep
14,12,-700.0,0.0,direction,119.70,sweep
14,12,-700.0,700.0,direction,146.92,sweep
14,12,-1400.0,700.0,direction,80.43,sweep
14,13,0.0,0.0,direction,51.12,sweep
14,13,-700.0,700.0,no_signal,,sweep
14,13,0.0,1400.0,no_signal,,sweep
14,13,0.0,700.0,no_signal,,sweep
14,13,700.0,700.0,no_signal,,sweep
14,13,700.0,0.0,direction,148.21,sweep
14,14,0.0,0.0,no_signal,,sweep
14,14,-700.0,-700.0,no_signal,,sweep
14,14,0.0,-700.0,no_signal,,sweep
14,14,0.0,-1400.0,no_signal,,sweep
14,14,0.0,-2100.0,no_signal,,sweep
14,14,-700.0,-2100.0,no_signal,,sweep
14,14,-700.0,-1400.0,no_signal,,sweep
14,14,-1400.0,-1400.0,no_signal,,sweep
14,14,-1400.0,-700.0,no_signal,,sweep
14,14,-2100.0,-700.0,no_signal,,sweep
14,14,-2100.0,0.0,no_signal,,sweep
14,14,-1400.0,0.0,no_signal,,sweep
14,14,-700.0,0.0,no_signal,,sweep
14,14,-700.0,700.0,no_signal,,sweep
14,14,-1400.0,700.0,no_signal,,sweep
14,14,-2100.0,700.0,no_signal,,sweep
14,14,-1400.0,1400.0,no_signal,,sweep
14,14,-700.0,1400.0,no_signal,,sweep
14,14,-700.0,2100.0,no_signal,,sweep
14,14,0.0,2100.0,no_signal,,sweep
14,14,0.0,1400.0,no_signal,,sweep
14,14,0.0,700.0,no_signal,,sweep
14,14,700.0,700.0,no_signal,,sweep
14,14,700.0,0.0,no_signal,,sweep
14,14,700.0,-700.0,no_signal,,sweep
14,14,700.0,-1400.0,no_signal,,sweep
14,14,700.0,-2100.0,no_signal,,sweep
14,14,1400.0,-1400.0,no_signal,,sweep
14,14,1400.0,-700.0,no_signal,,sweep
14,14,1400.0,0.0,no_signal,,sweep
14,14,1400.0,700.0,no_signal,,sweep
14,14,700.0,1400.0,no_signal,,sweep
14,14,700.0,2100.0,no_signal,,sweep
14,14,1400.0,1400.0,no_signal,,sweep
14,14,2100.0,700.0,no_signal,,sweep
14,14,2100.0,0.0,no_signal,,sweep
14,14,2100.0,-700.0,no_signal,,sweep
14,15,0.0,0.0,no_signal,,sweep
14,15,-700.0,-700.0,no_signal,,sweep
14,15,0.0,-700.0,no_signal,,sweep
14,15,0.0,-1400.0,no_signal,,sweep
14,15,0.0,-2100.0,no_signal,,sweep
14,15,-700.0,-2100.0,no_signal,,sweep
14,15,-700.0,-1400.0,no_signal,,sweep
14,15,-1400.0,-1400.0,no_signal,,sweep
14,15,-1400.0,-700.0,no_signal,,sweep
14,15,-2100.0,-700.0,no_signal,,sweep
14,15,-2100.0,0.0,no_signal,,sweep
14,15,-1400.0,0.0,no_signal,,sweep
14,15,-700.0,0.0,no_signal,,sweep
14,15,-700.0,700.0,no_signal,,sweep
14,15,-1400.0,700.0,no_signal,,sweep
14,15,-2100.0,700.0,no_signal,,sweep
14,15,-1400.0,1400.0,no_signal,,sweep
14,15,-700.0,1400.0,no_signal,,sweep
14,15,-700.0,2100.0,no_signal,,sweep
14,15,0.0,2100.0,no_signal,,sweep
14,15,0.0,1400.0,no_signal,,sweep
14,15,0.0,700.0,no_signal,,sweep
14,15,700.0,700.0,no_signal,,sweep
14,15,700.0,0.0,no_signal,,sweep
14,15,700.0,-700.0,no_signal,,sweep
14,15,700.0,-1400.0,no_signal,,sweep
14,15,700.0,-2100.0,no_signal,,sweep
14,15,1400.0,-1400.0,no_signal,,sweep
14,15,1400.0,-700.0,no_signal,,sweep
14,15,1400.0,0.0,no_signal,,sweep
14,15,1400.0,700.0,no_signal,,sweep
14,15,700.0,1400.0,no_signal,,sweep
14,15,700.0,2100.0,no_signal,,sweep
14,15,1400.0,1400.0,no_signal,,sweep
14,15,2100.0,700.0,no_signal,,sweep
14,15,2100.0,0.0,no_signal,,sweep
14,15,2100.0,-700.0,no_signal,,sweep
14,16,0.0,0.0,no_signal,,sweep
14,16,-700.0,-700.0,no_signal,,sweep
14,16,0.0,-700.0,no_signal,,sweep
14,16,0.0,-1400.0,no_signal,,sweep
14,16,0.0,-2100.0,no_signal,,sweep
14,16,-700.0,-2100.0,no_signal,,sweep
14,16,-700.0,-1400.0,no_signal,,sweep
14,16,-1400.0,-1400.0,no_signal,,sweep
14,16,-1400.0,-700.0,no_signal,,sweep
14,16,-2100.0,-700.0,no_signal,,sweep
14,16,-2100.0,0.0,no_signal,,sweep
14,16,-1400.0,0.0,no_signal,,sweep
14,16,-700.0,0.0,no_signal,,sweep
14,16,-700.0,700.0,no_signal,,sweep
14,16,-1400.0,700.0,no_signal,,sweep
14,16,-2100.0,700.0,no_signal,,sweep
14,16,-1400.0,1400.0,no_signal,,sweep
14,16,-700.0,1400.0,no_signal,,sweep
14,16,-700.0,2100.0,no_signal,,sweep
14,16,0.0,2100.0,no_signal,,sweep
14,16,0.0,1400.0,no_signal,,sweep
14,16,0.0,700.0,no_signal,,sweep
14,16,700.0,700.0,no_signal,,sweep
14,16,700.0,0.0,no_signal,,sweep
14,16,700.0,-700.0,no_signal,,sweep
14,16,700.0,-1400.0,no_signal,,sweep
14,16,700.0,-2100.0,no_signal,,sweep
14,16,1400.0,-1400.0,no_signal,,sweep
14,16,1400.0,-700.0,no_signal,,sweep
14,16,1400.0,0.0,no_signal,,sweep
14,16,1400.0,700.0,no_signal,,sweep
14,16,700.0,1400.0,no_signal,,sweep
14,16,700.0,2100.0,no_signal,,sweep
14,16,1400.0,1400.0,no_signal,,sweep
14,16,2100.0,700.0,no_signal,,sweep
14,16,2100.0,0.0,no_signal,,sweep
14,16,2100.0,-700.0,no_signal,,sweep
14,17,0.0,0.0,no_signal,,sweep
14,17,-700.0,-700.0,no_signal,,sweep
14,17,0.0,-700.0,no_signal,,sweep
14,17,0.0,-1400.0,no_signal,,sweep
14,17,0.0,-2100.0,no_signal,,sweep
14,17,-700.0,-2100.0,no_signal,,sweep
14,17,-700.0,-1400.0,no_signal,,sweep
14,17,-1400.0,-1400.0,no_signal,,sweep
14,17,-1400.0,-700.0,no_signal,,sweep
14,17,-2100.0,-700.0,no_signal,,sweep
14,17,-2100.0,0.0,no_signal,,sweep
14,17,-1400.0,0.0,no_signal,,sweep
14,17,-700.0,0.0,no_signal,,sweep
14,17,-700.0,700.0,no_signal,,sweep
14,17,-1400.0,700.0,no_signal,,sweep
14,17,-2100.0,700.0,no_signal,,sweep
14,17,-1400.0,1400.0,no_signal,,sweep
14,17,-700.0,1400.0,no_signal,,sweep
14,17,-700.0,2100.0,no_signal,,sweep
14,17,0.0,2100.0,no_signal,,sweep
14,17,0.0,1400.0,no_signal,,sweep
14,17,0.0,700.0,no_signal,,sweep
14,17,700.0,700.0,no_signal,,sweep
14,17,700.0,0.0,no_signal,,sweep
14,17,700.0,-700.0,no_signal,,sweep
14,17,700.0,-1400.0,no_signal,,sweep
14,17,700.0,-2100.0,no_signal,,sweep
14,17,1400.0,-1400.0,no_signal,,sweep
14,17,1400.0,-700.0,no_signal,,sweep
14,17,1400.0,0.0,no_signal,,sweep
14,17,1400.0,700.0,no_signal,,sweep
14,17,700.0,1400.0,no_signal,,sweep
14,17,700.0,2100.0,no_signal,,sweep
14,17,1400.0,1400.0,no_signal,,sweep
14,17,2100.0,700.0,no_signal,,sweep
14,17,2100.0,0.0,no_signal,,sweep
14,17,2100.0,-700.0,no_signal,,sweep
14,18,0.0,0.0,no_signal,,sweep
14,18,-700.0,-700.0,no_signal,,sweep
14,18,0.0,-700.0,no_signal,,sweep
14,18,0.0,-1400.0,no_signal,,sweep
14,18,0.0,-2100.0,no_signal,,sweep
14,18,-700.0,-2100.0,no_signal,,sweep
14,18,-700.0,-1400.0,no_signal,,sweep
14,18,-1400.0,-1400.0,no_signal,,sweep
14,18,-1400.0,-700.0,no_signal,,sweep
14,18,-2100.0,-700.0,no_signal,,sweep
14,18,-2100.0,0.0,no_signal,,sweep
14,18,-1400.0,0.0,no_signal,,sweep
14,18,-700.0,0.0,no_signal,,sweep
14,18,-700.0,700.0,no_signal,,sweep
14,18,-1400.0,700.0,no_signal,,sweep
14,18,-2100.0,700.0,no_signal,,sweep
14,18,-1400.0,1400.0,no_signal,,sweep
14,18,-700.0,1400.0,no_signal,,sweep
14,18,-700.0,2100.0,no_signal,,sweep
14,18,0.0,2100.0,no_signal,,sweep
14,18,0.0,1400.0,no_signal,,sweep
14,18,0.0,700.0,no_signal,,sweep
14,18,700.0,700.0,direction,83.05,sweep
14,18,700.0,0.0,direction,87.60,sweep
14,18,1400.0,700.0,direction,142.91,sweep
14,18,700.0,1400.0,no_signal,,sweep
14,18,700.0,2100.0,no_signal,,sweep
14,18,1400.0,1400.0,direction,198.30,sweep
14,19,0.0,0.0,no_signal,,sweep
14,19,-700.0,-700.0,no_signal,,sweep
14,19,0.0,-700.0,no_signal,,sweep
14,19,0.0,-1400.0,no_signal,,sweep
14,19,0.0,-2100.0,no_signal,,sweep
14,19,-700.0,-2100.0,no_signal,,sweep
14,19,-700.0,-1400.0,no_signal,,sweep
14,19,-1400.0,-1400.0,no_signal,,sweep
14,19,-1400.0,-700.0,no_signal,,sweep
14,19,-2100.0,-700.0,no_signal,,sweep
14,19,-2100.0,0.0,no_signal,,sweep
14,19,-1400.0,0.0,no_signal,,sweep
14,19,-700.0,0.0,no_signal,,sweep
14,19,-700.0,700.0,no_signal,,sweep
14,19,-1400.0,700.0,no_signal,,sweep
14,19,-2100.0,700.0,no_signal,,sweep
14,19,-1400.0,1400.0,no_signal,,sweep
14,19,-700.0,1400.0,no_signal,,sweep
14,19,-700.0,2100.0,no_signal,,sweep
14,19,0.0,2100.0,no_signal,,sweep
14,19,0.0,1400.0,no_signal,,sweep
14,19,0.0,700.0,no_signal,,sweep
14,19,700.0,700.0,no_signal,,sweep
14,19,700.0,0.0,no_signal,,sweep
14,19,700.0,-700.0,no_signal,,sweep
14,19,700.0,-1400.0,no_signal,,sweep
14,19,700.0,-2100.0,no_signal,,sweep
14,19,1400.0,-1400.0,no_signal,,sweep
14,19,1400.0,-700.0,no_signal,,sweep
14,19,1400.0,0.0,no_signal,,sweep
14,19,1400.0,700.0,no_signal,,sweep
14,19,700.0,1400.0,no_signal,,sweep
14,19,700.0,2100.0,no_signal,,sweep
14,19,1400.0,1400.0,no_signal,,sweep
14,19,2100.0,700.0,no_signal,,sweep
14,19,2100.0,0.0,no_signal,,sweep
14,19,2100.0,-700.0,no_signal,,sweep
14,20,0.0,0.0,no_signal,,sweep
14,20,-700.0,-700.0,no_signal,,sweep
14,20,0.0,-700.0,no_signal,,sweep
14,20,0.0,-1400.0,no_signal,,sweep
14,20,0.0,-2100.0,no_signal,,sweep
14,20,-700.0,-2100.0,no_signal,,sweep
14,20,-700.0,-1400.0,no_signal,,sweep
14,20,-1400.0,-1400.0,no_signal,,sweep
14,20,-1400.0,-700.0,no_signal,,sweep
14,20,-2100.0,-700.0,no_signal,,sweep
14,20,-2100.0,0.0,no_signal,,sweep
14,20,-1400.0,0.0,no_signal,,sweep
14,20,-700.0,0.0,no_signal,,sweep
14,20,-700.0,700.0,no_signal,,sweep
14,20,-1400.0,700.0,no_signal,,sweep
14,20,-2100.0,700.0,no_signal,,sweep
14,20,-1400.0,1400.0,no_signal,,sweep
14,20,-700.0,1400.0,no_signal,,sweep
14,20,-700.0,2100.0,no_signal,,sweep
14,20,0.0,2100.0,no_signal,,sweep
14,20,0.0,1400.0,no_signal,,sweep
14,20,0.0,700.0,no_signal,,sweep
14,20,700.0,700.0,no_signal,,sweep
14,20,700.0,0.0,no_signal,,sweep
14,20,700.0,-700.0,no_signal,,sweep
14,20,700.0,-1400.0,no_signal,,sweep
14,20,700.0,-2100.0,no_signal,,sweep
14,20,1400.0,-1400.0,no_signal,,sweep
14,20,1400.0,-700.0,no_signal,,sweep
14,20,1400.0,0.0,no_signal,,sweep
14,20,1400.0,700.0,no_signal,,sweep
14,20,700.0,1400.0,no_signal,,sweep
14,20,700.0,2100.0,no_signal,,sweep
14,20,1400.0,1400.0,no_signal,,sweep
14,20,2100.0,700.0,no_signal,,sweep
14,20,2100.0,0.0,no_signal,,sweep
14,20,2100.0,-700.0,no_signal,,sweep
15,1,0.0,0.0,no_signal,,sweep
15,1,-700.0,-700.0,no_signal,,sweep
15,1,0.0,-700.0,no_signal,,sweep
15,1,0.0,-1400.0,no_signal,,sweep
15,1,0.0,-2100.0,no_signal,,sweep
15,1,-700.0,-2100.0,no_signal,,sweep
15,1,-700.0,-1400.0,no_signal,,sweep
15,1,-1400.0,-1400.0,no_signal,,sweep
15,1,-1400.0,-700.0,no_signal,,sweep
15,1,-2100.0,-700.0,no_signal,,sweep
15,1,-2100.0,0.0,no_signal,,sweep
15,1,-1400.0,0.0,no_signal,,sweep
15,1,-700.0,0.0,no_signal,,sweep
15,1,-700.0,700.0,no_signal,,sweep
15,1,-1400.0,700.0,no_signal,,sweep
15,1,-2100.0,700.0,no_signal,,sweep
15,1,-1400.0,1400.0,no_signal,,sweep
15,1,-700.0,1400.0,no_signal,,sweep
15,1,-700.0,2100.0,no_signal,,sweep
15,1,0.0,2100.0,no_signal,,sweep
15,1,0.0,1400.0,no_signal,,sweep
15,1,0.0,700.0,no_signal,,sweep
15,1,700.0,700.0,no_signal,,sweep
15,1,700.0,0.0,no_signal,,sweep
15,1,700.0,-700.0,no_signal,,sweep
15,1,700.0,-1400.0,no_signal,,sweep
15,1,700.0,-2100.0,no_signal,,sweep
15,1,1400.0,-1400.0,no_signal,,sweep
15,1,1400.0,-700.0,no_signal,,sweep
15,1,1400.0,0.0,no_signal,,sweep
15,1,1400.0,700.0,no_signal,,sweep
15,1,700.0,1400.0,no_signal,,sweep
15,1,700.0,2100.0,no_signal,,sweep
15,1,1400.0,1400.0,no_signal,,sweep
15,1,2100.0,700.0,no_signal,,sweep
15,1,2100.0,0.0,no_signal,,sweep
15,1,2100.0,-700.0,no_signal,,sweep
15,2,0.0,0.0,no_signal,,sweep
15,2,-700.0,-700.0,no_signal,,sweep
15,2,0.0,-700.0,no_signal,,sweep
15,2,0.0,-1400.0,no_signal,,sweep
15,2,0.0,-2100.0,no_signal,,sweep
15,2,-700.0,-2100.0,no_signal,,sweep
15,2,-700.0,-1400.0,no_signal,,sweep
15,2,-1400.0,-1400.0,no_signal,,sweep
15,2,-1400.0,-700.0,no_signal,,sweep
15,2,-2100.0,-700.0,no_signal,,sweep
15,2,-2100.0,0.0,no_signal,,sweep
15,2,-1400.0,0.0,direction,73.21,sweep
15,2,-700.0,0.0,direction,104.26,sweep
15,2,-700.0,700.0,direction,121.48,sweep
15,2,-1400.0,700.0,direction,53.51,sweep
15,3,0.0,0.0,no_signal,,sweep
15,3,-700.0,-700.0,no_signal,,sweep
15,3,0.0,-700.0,no_signal,,sweep
15,3,0.0,-1400.0,no_signal,,sweep
15,3,0.0,-2100.0,no_signal,,sweep
15,3,-700.0,-2100.0,no_signal,,sweep
15,3,-700.0,-1400.0,no_signal,,sweep
15,3,-1400.0,-1400.0,no_signal,,sweep
15,3,-1400.0,-700.0,no_signal,,sweep
15,3,-2100.0,-700.0,no_signal,,sweep
15,3,-2100.0,0.0,no_signal,,sweep
15,3,-1400.0,0.0,no_signal,,sweep
15,3,-700.0,0.0,no_signal,,sweep
15,3,-700.0,700.0,no_signal,,sweep
15,3,-1400.0,700.0,no_signal,,sweep
15,3,-2100.0,700.0,no_signal,,sweep
15,3,-1400.0,1400.0,no_signal,,sweep
15,3,-700.0,1400.0,no_signal,,sweep
15,3,-700.0,2100.0,no_signal,,sweep
15,3,0.0,2100.0,no_signal,,sweep
15,3,0.0,1400.0,no_signal,,sweep
15,3,0.0,700.0,no_signal,,sweep
15,3,700.0,700.0,no_signal,,sweep
15,3,700.0,0.0,no_signal,,sweep
15,3,700.0,-700.0,no_signal,,sweep
15,3,700.0,-1400.0,no_signal,,sweep
15,3,700.0,-2100.0,no_signal,,sweep
15,3,1400.0,-1400.0,no_signal,,sweep
15,3,1400.0,-700.0,no_signal,,sweep
15,3,1400.0,0.0,no_signal,,sweep
15,3,1400.0,700.0,no_signal,,sweep
15,3,700.0,1400.0,no_signal,,sweep
15,3,700.0,2100.0,no_signal,,sweep
15,3,1400.0,1400.0,no_signal,,sweep
15,3,2100.0,700.0,no_signal,,sweep
15,3,2100.0,0.0,no_signal,,sweep
15,3,2100.0,-700.0,no_signal,,sweep
15,4,0.0,0.0,no_signal,,sweep
15,4,-700.0,-700.0,no_signal,,sweep
15,4,0.0,-700.0,no_signal,,sweep
15,4,0.0,-1400.0,no_signal,,sweep
15,4,0.0,-2100.0,no_signal,,sweep
15,4,-700.0,-2100.0,no_signal,,sweep
15,4,-700.0,-1400.0,no_signal,,sweep
15,4,-1400.0,-1400.0,no_signal,,sweep
15,4,-1400.0,-700.0,no_signal,,sweep
15,4,-2100.0,-700.0,no_signal,,sweep
15,4,-2100.0,0.0,no_signal,,sweep
15,4,-1400.0,0.0,no_signal,,sweep
15,4,-700.0,0.0,no_signal,,sweep
15,4,-700.0,700.0,no_signal,,sweep
15,4,-1400.0,700.0,no_signal,,sweep
15,4,-2100.0,700.0,no_signal,,sweep
15,4,-1400.0,1400.0,no_signal,,sweep
15,4,-700.0,1400.0,no_signal,,sweep
15,4,-700.0,2100.0,no_signal,,sweep
15,4,0.0,2100.0,no_signal,,sweep
15,4,0.0,1400.0,no_signal,,sweep
15,4,0.0,700.0,no_signal,,sweep
15,4,700.0,700.0,no_signal,,sweep
15,4,700.0,0.0,no_signal,,sweep
15,4,700.0,-700.0,no_signal,,sweep
15,4,700.0,-1400.0,no_signal,,sweep
15,4,700.0,-2100.0,no_signal,,sweep
15,4,1400.0,-1400.0,no_signal,,sweep
15,4,1400.0,-700.0,no_signal,,sweep
15,4,1400.0,0.0,no_signal,,sweep
15,4,1400.0,700.0,no_signal,,sweep
15,4,700.0,1400.0,no_signal,,sweep
15,4,700.0,2100.0,no_signal,,sweep
15,4,1400.0,1400.0,no_signal,,sweep
15,4,2100.0,700.0,no_signal,,sweep
15,4,2100.0,0.0,no_signal,,sweep
15,4,2100.0,-700.0,no_signal,,sweep
15,5,0.0,0.0,no_signal,,sweep
15,5,-700.0,-700.0,no_signal,,sweep
15,5,0.0,-700.0,no_signal,,sweep
15,5,0.0,-1400.0,no_signal,,sweep
15,5,0.0,-2100.0,no_signal,,sweep
15,5,-700.0,-2100.0,no_signal,,sweep
15,5,-700.0,-1400.0,no_signal,,sweep
15,5,-1400.0,-1400.0,no_signal,,sweep
15,5,-1400.0,-700.0,no_signal,,sweep
15,5,-2100.0,-700.0,no_signal,,sweep
15,5,-2100.0,0.0,no_signal,,sweep
15,5,-1400.0,0.0,no_signal,,sweep
15,5,-700.0,0.0,no_signal,,sweep
15,5,-700.0,700.0,no_signal,,sweep
15,5,-1400.0,700.0,no_signal,,sweep
15,5,-2100.0,700.0,no_signal,,sweep
15,5,-1400.0,1400.0,no_signal,,sweep
15,5,-700.0,1400.0,no_signal,,sweep
15,5,-700.0,2100.0,no_signal,,sweep
15,5,0.0,2100.0,direction,302.80,sweep
15,5,0.0,1400.0,direction,334.23,sweep
15,5,0.0,700.0,no_signal,,sweep
15,5,700.0,700.0,no_signal,,sweep
15,5,700.0,0.0,no_signal,,sweep
15,5,1400.0,700.0,no_signal,,sweep
15,5,700.0,1400.0,direction,265.73,sweep
15,6,0.0,0.0,no_signal,,sweep
15,6,-700.0,-700.0,no_signal,,sweep
15,6,0.0,-700.0,no_signal,,sweep
15,6,0.0,-1400.0,no_signal,,sweep
15,6,0.0,-2100.0,no_signal,,sweep
15,6,-700.0,-2100.0,no_signal,,sweep
15,6,-700.0,-1400.0,no_signal,,sweep
15,6,-1400.0,-1400.0,no_signal,,sweep
15,6,-1400.0,-700.0,no_signal,,sweep
15,6,-2100.0,-700.0,no_signal,,sweep
15,6,-2100.0,0.0,no_signal,,sweep
15,6,-1400.0,0.0,no_signal,,sweep
15,6,-700.0,0.0,no_signal,,sweep
15,6,-700.0,700.0,no_signal,,sweep
15,6,-1400.0,700.0,no_signal,,sweep
15,6,-2100.0,700.0,no_signal,,sweep
15,6,-1400.0,1400.0,no_signal,,sweep
15,6,-700.0,1400.0,no_signal,,sweep
15,6,-700.0,2100.0,no_signal,,sweep
15,6,0.0,2100.0,no_signal,,sweep
15,6,0.0,1400.0,no_signal,,sweep
15,6,0.0,700.0,no_signal,,sweep
15,6,700.0,700.0,no_signal,,sweep
15,6,700.0,0.0,no_signal,,sweep
15,6,700.0,-700.0,no_signal,,sweep
15,6,700.0,-1400.0,no_signal,,sweep
15,6,700.0,-2100.0,no_signal,,sweep
15,6,1400.0,-1400.0,no_signal,,sweep
15,6,1400.0,-700.0,no_signal,,sweep
15,6,1400.0,0.0,no_signal,,sweep
15,6,1400.0,700.0,no_signal,,sweep
15,6,700.0,1400.0,no_signal,,sweep
15,6,700.0,2100.0,no_signal,,sweep
15,6,1400.0,1400.0,no_signal,,sweep
15,6,2100.0,700.0,no_signal,,sweep
15,6,2100.0,0.0,no_signal,,sweep
15,6,2100.0,-700.0,no_signal,,sweep
15,7,0.0,0.0,no_signal,,sweep
15,7,-700.0,-700.0,no_signal,,sweep
15,7,0.0,-700.0,no_signal,,sweep
15,7,0.0,-1400.0,no_signal,,sweep
15,7,0.0,-2100.0,no_signal,,sweep
15,7,-700.0,-2100.0,no_signal,,sweep
15,7,-700.0,-1400.0,no_signal,,sweep
15,7,-1400.0,-1400.0,no_signal,,sweep
15,7,-1400.0,-700.0,no_signal,,sweep
15,7,-2100.0,-700.0,no_signal,,sweep
15,7,-2100.0,0.0,no_signal,,sweep
15,7,-1400.0,0.0,no_signal,,sweep
15,7,-700.0,0.0,no_signal,,sweep
15,7,-700.0,700.0,no_signal,,sweep
15,7,-1400.0,700.0,no_signal,,sweep
15,7,-2100.0,700.0,no_signal,,sweep
15,7,-1400.0,1400.0,no_signal,,sweep
15,7,-700.0,1400.0,no_signal,,sweep
15,7,-700.0,2100.0,no_signal,,sweep
15,7,0.0,2100.0,no_signal,,sweep
15,7,0.0,1400.0,no_signal,,sweep
15,7,0.0,700.0,no_signal,,sweep
15,7,700.0,700.0,no_signal,,sweep
15,7,700.0,0.0,no_signal,,sweep
15,7,700.0,-700.0,no_signal,,sweep
15,7,700.0,-1400.0,no_signal,,sweep
15,7,700.0,-2100.0,no_signal,,sweep
15,7,1400.0,-1400.0,no_signal,,sweep
15,7,1400.0,-700.0,no_signal,,sweep
15,7,1400.0,0.0,no_signal,,sweep
15,7,1400.0,700.0,no_signal,,sweep
15,7,700.0,1400.0,no_signal,,sweep
15,7,700.0,2100.0,no_signal,,sweep
15,7,1400.0,1400.0,no_signal,,sweep
15,7,2100.0,700.0,no_signal,,sweep
15,7,2100.0,0.0,no_signal,,sweep
15,7,2100.0,-700.0,no_signal,,sweep
15,8,0.0,0.0,no_signal,,sweep
15,8,-700.0,-700.0,no_signal,,sweep
15,8,0.0,-700.0,no_signal,,sweep
15,8,0.0,-1400.0,no_signal,,sweep
15,8,0.0,-2100.0,no_signal,,sweep
15,8,-700.0,-2100.0,no_signal,,sweep
15,8,-700.0,-1400.0,no_signal,,sweep
15,8,-1400.0,-1400.0,no_signal,,sweep
15,8,-1400.0,-700.0,no_signal,,sweep
15,8,-2100.0,-700.0,no_signal,,sweep
15,8,-2100.0,0.0,no_signal,,sweep
15,8,-1400.0,0.0,no_signal,,sweep
15,8,-700.0,0.0,no_signal,,sweep
15,8,-700.0,700.0,no_signal,,sweep
15,8,-1400.0,700.0,no_signal,,sweep
15,8,-2100.0,700.0,no_signal,,sweep
15,8,-1400.0,1400.0,no_signal,,sweep
15,8,-700.0,1400.0,no_signal,,sweep
15,8,-700.0,2100.0,no_signal,,sweep
15,8,0.0,2100.0,no_signal,,sweep
15,8,0.0,1400.0,no_signal,,sweep
15,8,0.0,700.0,no_signal,,sweep
15,8,700.0,700.0,direction,229.50,sweep
15,8,700.0,0.0,direction,172.54,sweep
15,8,700.0,-700.0,direction,125.13,sweep
15,9,0.0,0.0,direction,307.03,sweep
15,9,-700.0,-700.0,no_signal,,sweep
15,9,0.0,-700.0,direction,355.74,sweep
15,9,0.0,-1400.0,direction,49.87,sweep
15,9,700.0,0.0,no_signal,,sweep
15,9,700.0,-700.0,no_signal,,sweep
15,9,700.0,-1400.0,direction,101.87,sweep
15,10,0.0,0.0,no_signal,,sweep
15,10,-700.0,-700.0,no_signal,,sweep
15,10,0.0,-700.0,no_signal,,sweep
15,10,0.0,-1400.0,no_signal,,sweep
15,10,0.0,-2100.0,no_signal,,sweep
15,10,-700.0,-2100.0,no_signal,,sweep
15,10,-700.0,-1400.0,no_signal,,sweep
15,10,-1400.0,-1400.0,no_signal,,sweep
15,10,-1400.0,-700.0,no_signal,,sweep
15,10,-2100.0,-700.0,no_signal,,sweep
15,10,-2100.0,0.0,no_signal,,sweep
15,10,-1400.0,0.0,no_signal,,sweep
15,10,-700.0,0.0,no_signal,,sweep
15,10,-700.0,700.0,no_signal,,sweep
15,10,-1400.0,700.0,no_signal,,sweep
15,10,-2100.0,700.0,no_signal,,sweep
15,10,-1400.0,1400.0,no_signal,,sweep
15,10,-700.0,1400.0,no_signal,,sweep
15,10,-700.0,2100.0,no_signal,,sweep
15,10,0.0,2100.0,no_signal,,sweep
15,10,0.0,1400.0,no_signal,,sweep
15,10,0.0,700.0,no_signal,,sweep
15,10,700.0,700.0,no_signal,,sweep
15,10,700.0,0.0,no_signal,,sweep
15,10,700.0,-700.0,no_signal,,sweep
15,10,700.0,-1400.0,no_signal,,sweep
15,10,700.0,-2100.0,no_signal,,sweep
15,10,1400.0,-1400.0,no_signal,,sweep
15,10,1400.0,-700.0,no_signal,,sweep
15,10,1400.0,0.0,no_signal,,sweep
15,10,1400.0,700.0,no_signal,,sweep
15,10,700.0,1400.0,no_signal,,sweep
15,10,700.0,2100.0,no_signal,,sweep
15,10,1400.0,1400.0,no_signal,,sweep
15,10,2100.0,700.0,no_signal,,sweep
15,10,2100.0,0.0,no_signal,,sweep
15,10,2100.0,-700.0,no_signal,,sweep
15,11,0.0,0.0,no_signal,,sweep
15,11,-700.0,-700.0,no_signal,,sweep
15,11,0.0,-700.0,no_signal,,sweep
15,11,0.0,-1400.0,no_signal,,sweep
15,11,0.0,-2100.0,no_signal,,sweep
15,11,-700.0,-2100.0,no_signal,,sweep
15,11,-700.0,-1400.0,no_signal,,sweep
15,11,-1400.0,-1400.0,no_signal,,sweep
15,11,-1400.0,-700.0,no_signal,,sweep
15,11,-2100.0,-700.0,no_signal,,sweep
15,11,-2100.0,0.0,no_signal,,sweep
15,11,-1400.0,0.0,no_signal,,sweep
15,11,-700.0,0.0,no_signal,,sweep
15,11,-700.0,700.0,no_signal,,sweep
15,11,-1400.0,700.0,no_signal,,sweep
15,11,-2100.0,700.0,no_signal,,sweep
15,11,-1400.0,1400.0,no_signal,,sweep
15,11,-700.0,1400.0,no_signal,,sweep
15,11,-700.0,2100.0,no_signal,,sweep
15,11,0.0,2100.0,no_signal,,sweep
15,11,0.0,1400.0,no_signal,,sweep
15,11,0.0,700.0,no_signal,,sweep
15,11,700.0,700.0,no_signal,,sweep
15,11,700.0,0.0,no_signal,,sweep
15,11,700.0,-700.0,direction,332.59,sweep
15,11,700.0,-1400.0,direction,28.27,sweep
15,11,1400.0,-1400.0,direction,95.76,sweep
15,12,0.0,0.0,no_signal,,sweep
15,12,-700.0,-700.0,no_signal,,sweep
15,12,0.0,-700.0,no_signal,,sweep
15,12,0.0,-1400.0,no_signal,,sweep
15,12,0.0,-2100.0,no_signal,,sweep
15,12,-700.0,-2100.0,no_signal,,sweep
15,12,-700.0,-1400.0,no_signal,,sweep
15,12,-1400.0,-1400.0,no_signal,,sweep
15,12,-1400.0,-700.0,direction,233.88,sweep
15,12,-2100.0,-700.0,direction,351.16,sweep
15,13,0.0,0.0,no_signal,,sweep
15,13,-700.0,-700.0,no_signal,,sweep
15,13,0.0,-700.0,no_signal,,sweep
15,13,0.0,-1400.0,no_signal,,sweep
15,13,0.0,-2100.0,no_signal,,sweep
15,13,-700.0,-2100.0,no_signal,,sweep
15,13,-700.0,-1400.0,no_signal,,sweep
15,13,-1400.0,-1400.0,no_signal,,sweep
15,13,-1400.0,-700.0,no_signal,,sweep
15,13,-2100.0,-700.0,no_signal,,sweep
15,13,-2100.0,0.0,no_signal,,sweep
15,13,-1400.0,0.0,no_signal,,sweep
15,13,-700.0,0.0,no_signal,,sweep
15,13,-700.0,700.0,no_signal,,sweep
15,13,-1400.0,700.0,no_signal,,sweep
15,13,-2100.0,700.0,no_signal,,sweep
15,13,-1400.0,1400.0,no_signal,,sweep
15,13,-700.0,1400.0,no_signal,,sweep
15,13,-700.0,2100.0,no_signal,,sweep
15,13,0.0,2100.0,no_signal,,sweep
15,13,0.0,1400.0,no_signal,,sweep
15,13,0.0,700.0,no_signal,,sweep
15,13,700.0,700.0,no_signal,,sweep
15,13,700.0,0.0,no_signal,,sweep
15,13,700.0,-700.0,no_signal,,sweep
15,13,700.0,-1400.0,no_signal,,sweep
15,13,700.0,-2100.0,no_signal,,sweep
15,13,1400.0,-1400.0,no_signal,,sweep
15,13,1400.0,-700.0,no_signal,,sweep
15,13,1400.0,0.0,no_signal,,sweep
15,13,1400.0,700.0,no_signal,,sweep
15,13,700.0,1400.0,no_signal,,sweep
15,13,700.0,2100.0,no_signal,,sweep
15,13,1400.0,1400.0,no_signal,,sweep
15,13,2100.0,700.0,no_signal,,sweep
15,13,2100.0,0.0,no_signal,,sweep
15,13,2100.0,-700.0,no_signal,,sweep
15,14,0.0,0.0,no_signal,,sweep
15,14,-700.0,-700.0,no_signal,,sweep
15,14,0.0,-700.0,no_signal,,sweep
15,14,0.0,-1400.0,no_signal,,sweep
15,14,0.0,-2100.0,no_signal,,sweep
15,14,-700.0,-2100.0,no_signal,,sweep
15,14,-700.0,-1400.0,no_signal,,sweep
15,14,-1400.0,-1400.0,no_signal,,sweep
15,14,-1400.0,-700.0,no_signal,,sweep
15,14,-2100.0,-700.0,no_signal,,sweep
15,14,-2100.0,0.0,no_signal,,sweep
15,14,-1400.0,0.0,no_signal,,sweep
15,14,-700.0,0.0,no_signal,,sweep
15,14,-700.0,700.0,no_signal,,sweep
15,14,-1400.0,700.0,no_signal,,sweep
15,14,-2100.0,700.0,no_signal,,sweep
15,14,-1400.0,1400.0,no_signal,,sweep
15,14,-700.0,1400.0,no_signal,,sweep
15,14,-700.0,2100.0,no_signal,,sweep
15,14,0.0,2100.0,no_signal,,sweep
15,14,0.0,1400.0,no_signal,,sweep
15,14,0.0,700.0,no_signal,,sweep
15,14,700.0,700.0,no_signal,,sweep
15,14,700.0,0.0,no_signal,,sweep
15,14,700.0,-700.0,no_signal,,sweep
15,14,700.0,-1400.0,no_signal,,sweep
15,14,700.0,-2100.0,no_signal,,sweep
15,14,1400.0,-1400.0,no_signal,,sweep
15,14,1400.0,-700.0,no_signal,,sweep
15,14,1400.0,0.0,no_signal,,sweep
15,14,1400.0,700.0,no_signal,,sweep
15,14,700.0,1400.0,no_signal,,sweep
15,14,700.0,2100.0,no_signal,,sweep
15,14,1400.0,1400.0,no_signal,,sweep
15,14,2100.0,700.0,no_signal,,sweep
15,14,2100.0,0.0,no_signal,,sweep
15,14,2100.0,-700.0,no_signal,,sweep
15,15,0.0,0.0,no_signal,,sweep
15,15,-700.0,-700.0,no_signal,,sweep
15,15,0.0,-700.0,no_signal,,sweep
15,15,0.0,-1400.0,no_signal,,sweep
15,15,0.0,-2100.0,no_signal,,sweep
15,15,-700.0,-2100.0,no_signal,,sweep
15,15,-700.0,-1400.0,no_signal,,sweep
15,15,-1400.0,-1400.0,no_signal,,sweep
15,15,-1400.0,-700.0,no_signal,,sweep
15,15,-2100.0,-700.0,no_signal,,sweep
15,15,-2100.0,0.0,no_signal,,sweep
15,15,-1400.0,0.0,no_signal,,sweep
15,15,-700.0,0.0,no_signal,,sweep
15,15,-700.0,700.0,no_signal,,sweep
15,15,-1400.0,700.0,no_signal,,sweep
15,15,-2100.0,700.0,no_signal,,sweep
15,15,-1400.0,1400.0,no_signal,,sweep
15,15,-700.0,1400.0,no_signal,,sweep
15,15,-700.0,2100.0,no_signal,,sweep
15,15,0.0,2100.0,no_signal,,sweep
15,15,0.0,1400.0,no_signal,,sweep
15,15,0.0,700.0,no_signal,,sweep
15,15,700.0,700.0,no_signal,,sweep
15,15,700.0,0.0,no_signal,,sweep
15,15,700.0,-700.0,no_signal,,sweep
15,15,700.0,-1400.0,no_signal,,sweep
15,15,700.0,-2100.0,no_signal,,sweep
15,15,1400.0,-1400.0,no_signal,,sweep
15,15,1400.0,-700.0,no_signal,,sweep
15,15,1400.0,0.0,no_signal,,sweep
15,15,1400.0,700.0,no_signal,,sweep
15,15,700.0,1400.0,no_signal,,sweep
15,15,700.0,2100.0,no_signal,,sweep
15,15,1400.0,1400.0,no_signal,,sweep
15,15,2100.0,700.0,no_signal,,sweep
15,15,2100.0,0.0,no_signal,,sweep
15,15,2100.0,-700.0,no_signal,,sweep
15,16,0.0,0.0,no_signal,,sweep
15,16,-700.0,-700.0,no_signal,,sweep
15,16,0.0,-700.0,no_signal,,sweep
15,16,0.0,-1400.0,no_signal,,sweep
15,16,0.0,-2100.0,no_signal,,sweep
15,16,-700.0,-2100.0,no_signal,,sweep
15,16,-700.0,-1400.0,no_signal,,sweep
15,16,-1400.0,-1400.0,no_signal,,sweep
15,16,-1400.0,-700.0,no_signal,,sweep
15,16,-2100.0,-700.0,no_signal,,sweep
15,16,-2100.0,0.0,no_signal,,sweep
15,16,-1400.0,0.0,no_signal,,sweep
15,16,-700.0,0.0,no_signal,,sweep
15,16,-700.0,700.0,no_signal,,sweep
15,16,-1400.0,700.0,no_signal,,sweep
15,16,-2100.0,700.0,no_signal,,sweep
15,16,-1400.0,1400.0,no_signal,,sweep
15,16,-700.0,1400.0,no_signal,,sweep
15,16,-700.0,2100.0,no_signal,,sweep
15,16,0.0,2100.0,no_signal,,sweep
15,16,0.0,1400.0,no_signal,,sweep
15,16,0.0,700.0,no_signal,,sweep
15,16,700.0,700.0,no_signal,,sweep
15,16,700.0,0.0,no_signal,,sweep
15,16,700.0,-700.0,no_signal,,sweep
15,16,700.0,-1400.0,no_signal,,sweep
15,16,700.0,-2100.0,no_signal,,sweep
15,16,1400.0,-1400.0,no_signal,,sweep
15,16,1400.0,-700.0,no_signal,,sweep
15,16,1400.0,0.0,no_signal,,sweep
15,16,1400.0,700.0,no_signal,,sweep
15,16,700.0,1400.0,no_signal,,sweep
15,16,700.0,2100.0,no_signal,,sweep
15,16,1400.0,1400.0,no_signal,,sweep
15,16,2100.0,700.0,no_signal,,sweep
15,16,2100.0,0.0,no_signal,,sweep
15,16,2100.0,-700.0,no_signal,,sweep
15,17,0.0,0.0,no_signal,,sweep
15,17,-700.0,-700.0,direction,305.85,sweep
15,17,0.0,-700.0,direction,267.86,sweep
15,17,0.0,-1400.0,direction,263.01,sweep
15,17,0.0,-2100.0,direction,94.61,sweep
15,18,0.0,0.0,no_signal,,sweep
15,18,-700.0,-700.0,no_signal,,sweep
15,18,0.0,-700.0,no_signal,,sweep
15,18,0.0,-1400.0,no_signal,,sweep
15,18,0.0,-2100.0,no_signal,,sweep
15,18,-700.0,-2100.0,no_signal,,sweep
15,18,-700.0,-1400.0,no_signal,,sweep
15,18,-1400.0,-1400.0,no_signal,,sweep
15,18,-1400.0,-700.0,no_signal,,sweep
15,18,-2100.0,-700.0,no_signal,,sweep
15,18,-2100.0,0.0,no_signal,,sweep
15,18,-1400.0,0.0,no_signal,,sweep
15,18,-700.0,0.0,no_signal,,sweep
15,18,-700.0,700.0,direction,54.84,sweep
15,18,-1400.0,1400.0,direction,1.77,sweep
15,18,-700.0,1400.0,direction,4.37,sweep
15,18,-700.0,2100.0,direction,306.88,sweep
15,19,0.0,0.0,no_signal,,sweep
15,19,-700.0,-700.0,no_signal,,sweep
15,19,0.0,-700.0,no_signal,,sweep
15,19,0.0,-1400.0,no_signal,,sweep
15,19,0.0,-2100.0,no_signal,,sweep
15,19,-700.0,-2100.0,no_signal,,sweep
15,19,-700.0,-1400.0,no_signal,,sweep
15,19,-1400.0,-1400.0,no_signal,,sweep
15,19,-1400.0,-700.0,no_signal,,sweep
15,19,-2100.0,-700.0,no_signal,,sweep
15,19,-2100.0,0.0,no_signal,,sweep
15,19,-1400.0,0.0,no_signal,,sweep
15,19,-700.0,0.0,no_signal,,sweep
15,19,-700.0,700.0,direction,48.34,sweep
15,19,-700.0,1400.0,direction,337.11,sweep
15,20,0.0,0.0,direction,358.74,sweep
15,20,0.0,-700.0,direction,48.69,sweep
15,20,0.0,700.0,direction,310.50,sweep
15,20,700.0,700.0,direction,263.20,sweep
16,1,0.0,0.0,no_signal,,sweep
16,1,-700.0,-700.0,no_signal,,sweep
16,1,0.0,-700.0,direction,298.38,sweep
16,1,0.0,-1400.0,direction,339.34,sweep
16,1,0.0,-2100.0,direction,46.29,sweep
16,2,0.0,0.0,no_signal,,sweep
16,2,-700.0,-700.0,no_signal,,sweep
16,2,0.0,-700.0,no_signal,,sweep
16,2,0.0,-1400.0,no_signal,,sweep
16,2,0.0,-2100.0,no_signal,,sweep
16,2,-700.0,-2100.0,no_signal,,sweep
16,2,-700.0,-1400.0,no_signal,,sweep
16,2,-1400.0,-1400.0,no_signal,,sweep
16,2,-1400.0,-700.0,direction,117.37,sweep
16,2,-2100.0,-700.0,direction,54.65,sweep
16,2,-2100.0,0.0,direction,344.11,sweep
16,3,0.0,0.0,no_signal,,sweep
16,3,-700.0,-700.0,no_signal,,sweep
16,3,0.0,-700.0,no_signal,,sweep
16,3,0.0,-1400.0,no_signal,,sweep
16,3,0.0,-2100.0,no_signal,,sweep
16,3,-700.0,-2100.0,no_signal,,sweep
16,3,-700.0,-1400.0,no_signal,,sweep
16,3,-1400.0,-1400.0,no_signal,,sweep
16,3,-1400.0,-700.0,no_signal,,sweep
16,3,-2100.0,-700.0,no_signal,,sweep
16,3,-2100.0,0.0,no_signal,,sweep
16,3,-1400.0,0.0,direction,59.13,sweep
16,3,-700.0,0.0,no_signal,,sweep
16,3,-700.0,700.0,no_signal,,sweep
16,3,-1400.0,700.0,direction,340.85,sweep
16,4,0.0,0.0,no_signal,,sweep
16,4,-700.0,-700.0,no_signal,,sweep
16,4,0.0,-700.0,no_signal,,sweep
16,4,0.0,-1400.0,no_signal,,sweep
16,4,0.0,-2100.0,no_signal,,sweep
16,4,-700.0,-2100.0,no_signal,,sweep
16,4,-700.0,-1400.0,no_signal,,sweep
16,4,-1400.0,-1400.0,no_signal,,sweep
16,4,-1400.0,-700.0,no_signal,,sweep
16,4,-2100.0,-700.0,no_signal,,sweep
16,4,-2100.0,0.0,no_signal,,sweep
16,4,-1400.0,0.0,no_signal,,sweep
16,4,-700.0,0.0,no_signal,,sweep
16,4,-700.0,700.0,no_signal,,sweep
16,4,-1400.0,700.0,no_signal,,sweep
16,4,-2100.0,700.0,no_signal,,sweep
16,4,-1400.0,1400.0,no_signal,,sweep
16,4,-700.0,1400.0,no_signal,,sweep
16,4,-700.0,2100.0,no_signal,,sweep
16,4,0.0,2100.0,no_signal,,sweep
16,4,0.0,1400.0,no_signal,,sweep
16,4,0.0,700.0,no_signal,,sweep
16,4,700.0,700.0,no_signal,,sweep
16,4,700.0,0.0,no_signal,,sweep
16,4,700.0,-700.0,no_signal,,sweep
16,4,700.0,-1400.0,no_signal,,sweep
16,4,700.0,-2100.0,no_signal,,sweep
16,4,1400.0,-1400.0,no_signal,,sweep
16,4,1400.0,-700.0,no_signal,,sweep
16,4,1400.0,0.0,no_signal,,sweep
16,4,1400.0,700.0,no_signal,,sweep
16,4,700.0,1400.0,no_signal,,sweep
16,4,700.0,2100.0,no_signal,,sweep
16,4,1400.0,1400.0,no_signal,,sweep
16,4,2100.0,700.0,no_signal,,sweep
16,4,2100.0,0.0,no_signal,,sweep
16,4,2100.0,-700.0,no_signal,,sweep
16,5,0.0,0.0,no_signal,,sweep
16,5,-700.0,-700.0,no_signal,,sweep
16,5,0.0,-700.0,no_signal,,sweep
16,5,0.0,-1400.0,no_signal,,sweep
16,5,0.0,-2100.0,no_signal,,sweep
16,5,-700.0,-2100.0,no_signal,,sweep
16,5,-700.0,-1400.0,no_signal,,sweep
16,5,-1400.0,-1400.0,no_signal,,sweep
16,5,-1400.0,-700.0,no_signal,,sweep
16,5,-2100.0,-700.0,no_signal,,sweep
16,5,-2100.0,0.0,no_signal,,sweep
16,5,-1400.0,0.0,no_signal,,sweep
16,5,-700.0,0.0,no_signal,,sweep
16,5,-700.0,700.0,no_signal,,sweep
16,5,-1400.0,700.0,no_signal,,sweep
16,5,-2100.0,700.0,no_signal,,sweep
16,5,-1400.0,1400.0,no_signal,,sweep
16,5,-700.0,1400.0,no_signal,,sweep
16,5,-700.0,2100.0,no_signal,,sweep
16,5,0.0,2100.0,no_signal,,sweep
16,5,0.0,1400.0,no_signal,,sweep
16,5,0.0,700.0,no_signal,,sweep
16,5,700.0,700.0,no_signal,,sweep
16,5,700.0,0.0,no_signal,,sweep
16,5,700.0,-700.0,no_signal,,sweep
16,5,700.0,-1400.0,no_signal,,sweep
16,5,700.0,-2100.0,no_signal,,sweep
16,5,1400.0,-1400.0,no_signal,,sweep
16,5,1400.0,-700.0,no_signal,,sweep
16,5,1400.0,0.0,no_signal,,sweep
16,5,1400.0,700.0,no_signal,,sweep
16,5,700.0,1400.0,no_signal,,sweep
16,5,700.0,2100.0,no_signal,,sweep
16,5,1400.0,1400.0,no_signal,,sweep
16,5,2100.0,700.0,no_signal,,sweep
16,5,2100.0,0.0,no_signal,,sweep
16,5,2100.0,-700.0,no_signal,,sweep
16,6,0.0,0.0,direction,204.65,sweep
16,6,-700.0,-700.0,direction,136.18,sweep
16,6,0.0,-700.0,direction,164.70,sweep
16,6,-700.0,-1400.0,direction,105.41,sweep
16,7,0.0,0.0,no_signal,,sweep
16,7,-700.0,-700.0,no_signal,,sweep
16,7,0.0,-700.0,no_signal,,sweep
16,7,0.0,-1400.0,no_signal,,sweep
16,7,0.0,-2100.0,no_signal,,sweep
16,7,-700.0,-2100.0,no_signal,,sweep
16,7,-700.0,-1400.0,no_signal,,sweep
16,7,-1400.0,-1400.0,no_signal,,sweep
16,7,-1400.0,-700.0,no_signal,,sweep
16,7,-2100.0,-700.0,no_signal,,sweep
16,7,-2100.0,0.0,no_signal,,sweep
16,7,-1400.0,0.0,no_signal,,sweep
16,7,-700.0,0.0,no_signal,,sweep
16,7,-700.0,700.0,no_signal,,sweep
16,7,-1400.0,700.0,no_signal,,sweep
16,7,-2100.0,700.0,no_signal,,sweep
16,7,-1400.0,1400.0,no_signal,,sweep
16,7,-700.0,1400.0,no_signal,,sweep
16,7,-700.0,2100.0,no_signal,,sweep
16,7,0.0,2100.0,no_signal,,sweep
16,7,0.0,1400.0,no_signal,,sweep
16,7,0.0,700.0,no_signal,,sweep
16,7,700.0,700.0,no_signal,,sweep
16,7,700.0,0.0,no_signal,,sweep
16,7,700.0,-700.0,no_signal,,sweep
16,7,700.0,-1400.0,no_signal,,sweep
16,7,700.0,-2100.0,no_signal,,sweep
16,7,1400.0,-1400.0,no_signal,,sweep
16,7,1400.0,-700.0,no_signal,,sweep
16,7,1400.0,0.0,no_signal,,sweep
16,7,1400.0,700.0,no_signal,,sweep
16,7,700.0,1400.0,no_signal,,sweep
16,7,700.0,2100.0,no_signal,,sweep
16,7,1400.0,1400.0,no_signal,,sweep
16,7,2100.0,700.0,no_signal,,sweep
16,7,2100.0,0.0,no_signal,,sweep
16,7,2100.0,-700.0,no_signal,,sweep
16,8,0.0,0.0,direction,145.85,sweep
16,8,-700.0,-700.0,no_signal,,sweep
16,8,-1400.0,0.0,direction,73.43,sweep
16,8,-700.0,0.0,direction,120.67,sweep
16,8,-700.0,700.0,direction,168.28,sweep
16,9,0.0,0.0,no_signal,,sweep
16,9,-700.0,-700.0,no_signal,,sweep
16,9,0.0,-700.0,no_signal,,sweep
16,9,0.0,-1400.0,no_signal,,sweep
16,9,0.0,-2100.0,no_signal,,sweep
16,9,-700.0,-2100.0,no_signal,,sweep
16,9,-700.0,-1400.0,no_signal,,sweep
16,9,-1400.0,-1400.0,no_signal,,sweep
16,9,-1400.0,-700.0,no_signal,,sweep
16,9,-2100.0,-700.0,no_signal,,sweep
16,9,-2100.0,0.0,no_signal,,sweep
16,9,-1400.0,0.0,no_signal,,sweep
16,9,-700.0,0.0,no_signal,,sweep
16,9,-700.0,700.0,no_signal,,sweep
16,9,-1400.0,700.0,no_signal,,sweep
16,9,-2100.0,700.0,no_signal,,sweep
16,9,-1400.0,1400.0,no_signal,,sweep
16,9,-700.0,1400.0,no_signal,,sweep
16,9,-700.0,2100.0,no_signal,,sweep
16,9,0.0,2100.0,no_signal,,sweep
16,9,0.0,1400.0,no_signal,,sweep
16,9,0.0,700.0,no_signal,,sweep
16,9,700.0,700.0,no_signal,,sweep
16,9,700.0,0.0,no_signal,,sweep
16,9,700.0,-700.0,no_signal,,sweep
16,9,700.0,-1400.0,no_signal,,sweep
16,9,700.0,-2100.0,no_signal,,sweep
16,9,1400.0,-1400.0,no_signal,,sweep
16,9,1400.0,-700.0,no_signal,,sweep
16,9,1400.0,0.0,no_signal,,sweep
16,9,1400.0,700.0,no_signal,,sweep
16,9,700.0,1400.0,no_signal,,sweep
16,9,700.0,2100.0,no_signal,,sweep
16,9,1400.0,1400.0,no_signal,,sweep
16,9,2100.0,700.0,no_signal,,sweep
16,9,2100.0,0.0,no_signal,,sweep
16,9,2100.0,-700.0,no_signal,,sweep
16,10,0.0,0.0,no_signal,,sweep
16,10,-700.0,-700.0,no_signal,,sweep
16,10,0.0,-700.0,no_signal,,sweep
16,10,0.0,-1400.0,no_signal,,sweep
16,10,0.0,-2100.0,no_signal,,sweep
16,10,-700.0,-2100.0,no_signal,,sweep
16,10,-700.0,-1400.0,no_signal,,sweep
16,10,-1400.0,-1400.0,no_signal,,sweep
16,10,-1400.0,-700.0,no_signal,,sweep
16,10,-2100.0,-700.0,no_signal,,sweep
16,10,-2100.0,0.0,no_signal,,sweep
16,10,-1400.0,0.0,no_signal,,sweep
16,10,-700.0,0.0,no_signal,,sweep
16,10,-700.0,700.0,no_signal,,sweep
16,10,-1400.0,700.0,no_signal,,sweep
16,10,-2100.0,700.0,no_signal,,sweep
16,10,-1400.0,1400.0,no_signal,,sweep
16,10,-700.0,1400.0,no_signal,,sweep
16,10,-700.0,2100.0,no_signal,,sweep
16,10,0.0,2100.0,no_signal,,sweep
16,10,0.0,1400.0,no_signal,,sweep
16,10,0.0,700.0,no_signal,,sweep
16,10,700.0,700.0,no_signal,,sweep
16,10,700.0,0.0,no_signal,,sweep
16,10,700.0,-700.0,no_signal,,sweep
16,10,700.0,-1400.0,no_signal,,sweep
16,10,700.0,-2100.0,no_signal,,sweep
16,10,1400.0,-1400.0,no_signal,,sweep
16,10,1400.0,-700.0,no_signal,,sweep
16,10,1400.0,0.0,no_signal,,sweep
16,10,1400.0,700.0,no_signal,,sweep
16,10,700.0,1400.0,no_signal,,sweep
16,10,700.0,2100.0,no_signal,,sweep
16,10,1400.0,1400.0,no_signal,,sweep
16,10,2100.0,700.0,no_signal,,sweep
16,10,2100.0,0.0,no_signal,,sweep
16,10,2100.0,-700.0,no_signal,,sweep
16,11,0.0,0.0,no_signal,,sweep
16,11,-700.0,-700.0,direction,143.10,sweep
16,11,-1400.0,-1400.0,no_signal,,sweep
16,11,-1400.0,-700.0,direction,113.97,sweep
16,11,-2100.0,-700.0,no_signal,,sweep
16,11,-2100.0,0.0,no_signal,,sweep
16,11,-1400.0,0.0,direction,162.88,sweep
16,11,-700.0,0.0,direction,174.18,sweep
16,12,0.0,0.0,no_signal,,sweep
16,12,-700.0,-700.0,no_signal,,sweep
16,12,0.0,-700.0,no_signal,,sweep
16,12,0.0,-1400.0,no_signal,,sweep
16,12,0.0,-2100.0,no_signal,,sweep
16,12,-700.0,-2100.0,no_signal,,sweep
16,12,-700.0,-1400.0,no_signal,,sweep
16,12,-1400.0,-1400.0,no_signal,,sweep
16,12,-1400.0,-700.0,no_signal,,sweep
16,12,-2100.0,-700.0,no_signal,,sweep
16,12,-2100.0,0.0,no_signal,,sweep
16,12,-1400.0,0.0,no_signal,,sweep
16,12,-700.0,0.0,no_signal,,sweep
16,12,-700.0,700.0,no_signal,,sweep
16,12,-1400.0,700.0,no_signal,,sweep
16,12,-2100.0,700.0,no_signal,,sweep
16,12,-1400.0,1400.0,no_signal,,sweep
16,12,-700.0,1400.0,no_signal,,sweep
16,12,-700.0,2100.0,no_signal,,sweep
16,12,0.0,2100.0,no_signal,,sweep
16,12,0.0,1400.0,no_signal,,sweep
16,12,0.0,700.0,no_signal,,sweep
16,12,700.0,700.0,no_signal,,sweep
16,12,700.0,0.0,no_signal,,sweep
16,12,700.0,-700.0,no_signal,,sweep
16,12,700.0,-1400.0,no_signal,,sweep
16,12,700.0,-2100.0,no_signal,,sweep
16,12,1400.0,-1400.0,no_signal,,sweep
16,12,1400.0,-700.0,no_signal,,sweep
16,12,1400.0,0.0,no_signal,,sweep
16,12,1400.0,700.0,no_signal,,sweep
16,12,700.0,1400.0,no_signal,,sweep
16,12,700.0,2100.0,no_signal,,sweep
16,12,1400.0,1400.0,no_signal,,sweep
16,12,2100.0,700.0,no_signal,,sweep
16,12,2100.0,0.0,no_signal,,sweep
16,12,2100.0,-700.0,no_signal,,sweep
16,13,0.0,0.0,direction,62.92,sweep
16,13,-700.0,700.0,direction,354.06,sweep
16,13,0.0,1400.0,no_signal,,sweep
16,13,0.0,700.0,direction,340.47,sweep
16,14,0.0,0.0,no_signal,,sweep
16,14,-700.0,-700.0,no_signal,,sweep
16,14,0.0,-700.0,no_signal,,sweep
16,14,0.0,-1400.0,no_signal,,sweep
16,14,0.0,-2100.0,no_signal,,sweep
16,14,-700.0,-2100.0,no_signal,,sweep
16,14,-700.0,-1400.0,no_signal,,sweep
16,14,-1400.0,-1400.0,no_signal,,sweep
16,14,-1400.0,-700.0,no_signal,,sweep
16,14,-2100.0,-700.0,no_signal,,sweep
16,14,-2100.0,0.0,no_signal,,sweep
16,14,-1400.0,0.0,no_signal,,sweep
16,14,-700.0,0.0,no_signal,,sweep
16,14,-700.0,700.0,no_signal,,sweep
16,14,-1400.0,700.0,no_signal,,sweep
16,14,-2100.0,700.0,no_signal,,sweep
16,14,-1400.0,1400.0,no_signal,,sweep
16,14,-700.0,1400.0,no_signal,,sweep
16,14,-700.0,2100.0,no_signal,,sweep
16,14,0.0,2100.0,no_signal,,sweep
16,14,0.0,1400.0,no_signal,,sweep
16,14,0.0,700.0,no_signal,,sweep
16,14,700.0,700.0,no_signal,,sweep
16,14,700.0,0.0,no_signal,,sweep
16,14,700.0,-700.0,no_signal,,sweep
16,14,700.0,-1400.0,no_signal,,sweep
16,14,700.0,-2100.0,no_signal,,sweep
16,14,1400.0,-1400.0,no_signal,,sweep
16,14,1400.0,-700.0,no_signal,,sweep
16,14,1400.0,0.0,no_signal,,sweep
16,14,1400.0,700.0,no_signal,,sweep
16,14,700.0,1400.0,no_signal,,sweep
16,14,700.0,2100.0,no_signal,,sweep
16,14,1400.0,1400.0,no_signal,,sweep
16,14,2100.0,700.0,no_signal,,sweep
16,14,2100.0,0.0,no_signal,,sweep
16,14,2100.0,-700.0,no_signal,,sweep
16,15,0.0,0.0,no_signal,,sweep
16,15,-700.0,-700.0,no_signal,,sweep
16,15,0.0,-700.0,no_signal,,sweep
16,15,0.0,-1400.0,no_signal,,sweep
16,15,0.0,-2100.0,no_signal,,sweep
16,15,-700.0,-2100.0,no_signal,,sweep
16,15,-700.0,-1400.0,no_signal,,sweep
16,15,-1400.0,-1400.0,no_signal,,sweep
16,15,-1400.0,-700.0,no_signal,,sweep
16,15,-2100.0,-700.0,no_signal,,sweep
16,15,-2100.0,0.0,no_signal,,sweep
16,15,-1400.0,0.0,no_signal,,sweep
16,15,-700.0,0.0,no_signal,,sweep
16,15,-700.0,700.0,direction,64.40,sweep
16,15,-1400.0,700.0,no_signal,,sweep
16,15,-1400.0,1400.0,direction,3.89,sweep
16,15,-700.0,1400.0,direction,9.67,sweep
16,15,-700.0,2100.0,direction,299.77,sweep
16,16,0.0,0.0,no_signal,,sweep
16,16,-700.0,-700.0,no_signal,,sweep
16,16,0.0,-700.0,no_signal,,sweep
16,16,0.0,-1400.0,no_signal,,sweep
16,16,0.0,-2100.0,no_signal,,sweep
16,16,-700.0,-2100.0,no_signal,,sweep
16,16,-700.0,-1400.0,no_signal,,sweep
16,16,-1400.0,-1400.0,no_signal,,sweep
16,16,-1400.0,-700.0,no_signal,,sweep
16,16,-2100.0,-700.0,no_signal,,sweep
16,16,-2100.0,0.0,no_signal,,sweep
16,16,-1400.0,0.0,no_signal,,sweep
16,16,-700.0,0.0,no_signal,,sweep
16,16,-700.0,700.0,no_signal,,sweep
16,16,-1400.0,700.0,no_signal,,sweep
16,16,-2100.0,700.0,no_signal,,sweep
16,16,-1400.0,1400.0,no_signal,,sweep
16,16,-700.0,1400.0,no_signal,,sweep
16,16,-700.0,2100.0,no_signal,,sweep
16,16,0.0,2100.0,no_signal,,sweep
16,16,0.0,1400.0,no_signal,,sweep
16,16,0.0,700.0,no_signal,,sweep
16,16,700.0,700.0,no_signal,,sweep
16,16,700.0,0.0,no_signal,,sweep
16,16,700.0,-700.0,no_signal,,sweep
16,16,700.0,-1400.0,no_signal,,sweep
16,16,700.0,-2100.0,no_signal,,sweep
16,16,1400.0,-1400.0,no_signal,,sweep
16,16,1400.0,-700.0,no_signal,,sweep
16,16,1400.0,0.0,no_signal,,sweep
16,16,1400.0,700.0,no_signal,,sweep
16,16,700.0,1400.0,no_signal,,sweep
16,16,700.0,2100.0,no_signal,,sweep
16,16,1400.0,1400.0,no_signal,,sweep
16,16,2100.0,700.0,no_signal,,sweep
16,16,2100.0,0.0,no_signal,,sweep
16,16,2100.0,-700.0,no_signal,,sweep
16,17,0.0,0.0,no_signal,,sweep
16,17,-700.0,-700.0,no_signal,,sweep
16,17,0.0,-700.0,no_signal,,sweep
16,17,0.0,-1400.0,no_signal,,sweep
16,17,0.0,-2100.0,no_signal,,sweep
16,17,-700.0,-2100.0,no_signal,,sweep
16,17,-700.0,-1400.0,no_signal,,sweep
16,17,-1400.0,-1400.0,no_signal,,sweep
16,17,-1400.0,-700.0,no_signal,,sweep
16,17,-2100.0,-700.0,no_signal,,sweep
16,17,-2100.0,0.0,no_signal,,sweep
16,17,-1400.0,0.0,no_signal,,sweep
16,17,-700.0,0.0,no_signal,,sweep
16,17,-700.0,700.0,no_signal,,sweep
16,17,-1400.0,700.0,no_signal,,sweep
16,17,-2100.0,700.0,no_signal,,sweep
16,17,-1400.0,1400.0,no_signal,,sweep
16,17,-700.0,1400.0,no_signal,,sweep
16,17,-700.0,2100.0,no_signal,,sweep
16,17,0.0,2100.0,no_signal,,sweep
16,17,0.0,1400.0,no_signal,,sweep
16,17,0.0,700.0,no_signal,,sweep
16,17,700.0,700.0,direction,23.21,sweep
16,17,700.0,0.0,no_signal,,sweep
16,17,1400.0,0.0,direction,92.74,sweep
16,17,1400.0,700.0,direction,100.47,sweep
16,18,0.0,0.0,no_signal,,sweep
16,18,-700.0,-700.0,no_signal,,sweep
16,18,0.0,-700.0,no_signal,,sweep
16,18,0.0,-1400.0,no_signal,,sweep
16,18,0.0,-2100.0,no_signal,,sweep
16,18,-700.0,-2100.0,no_signal,,sweep
16,18,-700.0,-1400.0,no_signal,,sweep
16,18,-1400.0,-1400.0,no_signal,,sweep
16,18,-1400.0,-700.0,no_signal,,sweep
16,18,-2100.0,-700.0,no_signal,,sweep
16,18,-2100.0,0.0,no_signal,,sweep
16,18,-1400.0,0.0,no_signal,,sweep
16,18,-700.0,0.0,no_signal,,sweep
16,18,-700.0,700.0,no_signal,,sweep
16,18,-1400.0,700.0,no_signal,,sweep
16,18,-2100.0,700.0,no_signal,,sweep
16,18,-1400.0,1400.0,no_signal,,sweep
16,18,-700.0,1400.0,no_signal,,sweep
16,18,-700.0,2100.0,no_signal,,sweep
16,18,0.0,2100.0,no_signal,,sweep
16,18,0.0,1400.0,no_signal,,sweep
16,18,0.0,700.0,no_signal,,sweep
16,18,700.0,700.0,no_signal,,sweep
16,18,700.0,0.0,no_signal,,sweep
16,18,700.0,-700.0,no_signal,,sweep
16,18,700.0,-1400.0,no_signal,,sweep
16,18,700.0,-2100.0,no_signal,,sweep
16,18,1400.0,-1400.0,no_signal,,sweep
16,18,1400.0,-700.0,no_signal,,sweep
16,18,1400.0,0.0,no_signal,,sweep
16,18,1400.0,700.0,no_signal,,sweep
16,18,700.0,1400.0,no_signal,,sweep
16,18,700.0,2100.0,no_signal,,sweep
16,18,1400.0,1400.0,no_signal,,sweep
16,18,2100.0,700.0,no_signal,,sweep
16,18,2100.0,0.0,no_signal,,sweep
16,18,2100.0,-700.0,no_signal,,sweep
16,19,0.0,0.0,direction,168.95,sweep
16,19,-700.0,-700.0,direction,67.47,sweep
16,20,0.0,0.0,no_signal,,sweep
16,20,-700.0,-700.0,no_signal,,sweep
16,20,0.0,-700.0,no_signal,,sweep
16,20,0.0,-1400.0,no_signal,,sweep
16,20,0.0,-2100.0,no_signal,,sweep
16,20,-700.0,-2100.0,no_signal,,sweep
16,20,-700.0,-1400.0,no_signal,,sweep
16,20,-1400.0,-1400.0,no_signal,,sweep
16,20,-1400.0,-700.0,no_signal,,sweep
16,20,-2100.0,-700.0,no_signal,,sweep
16,20,-2100.0,0.0,no_signal,,sweep
16,20,-1400.0,0.0,no_signal,,sweep
16,20,-700.0,0.0,no_signal,,sweep
16,20,-700.0,700.0,direction,170.48,sweep
16,20,-1400.0,700.0,no_signal,,sweep
16,20,-2100.0,700.0,no_signal,,sweep
16,20,-1400.0,1400.0,direction,297.18,sweep
16,20,-700.0,1400.0,direction,239.28,sweep
17,1,0.0,0.0,no_signal,,sweep
17,1,-700.0,-700.0,direction,262.59,sweep
17,1,0.0,-700.0,no_signal,,sweep
17,1,0.0,-1400.0,direction,178.21,sweep
17,2,0.0,0.0,no_signal,,sweep
17,2,-700.0,-700.0,no_signal,,sweep
17,2,0.0,-700.0,no_signal,,sweep
17,2,0.0,-1400.0,no_signal,,sweep
17,2,0.0,-2100.0,no_signal,,sweep
17,2,-700.0,-2100.0,no_signal,,sweep
17,2,-700.0,-1400.0,no_signal,,sweep
17,2,-1400.0,-1400.0,no_signal,,sweep
17,2,-1400.0,-700.0,no_signal,,sweep
17,2,-2100.0,-700.0,no_signal,,sweep
17,2,-2100.0,0.0,no_signal,,sweep
17,2,-1400.0,0.0,no_signal,,sweep
17,2,-700.0,0.0,no_signal,,sweep
17,2,-700.0,700.0,no_signal,,sweep
17,2,-1400.0,700.0,no_signal,,sweep
17,2,-2100.0,700.0,no_signal,,sweep
17,2,-1400.0,1400.0,no_signal,,sweep
17,2,-700.0,1400.0,no_signal,,sweep
17,2,-700.0,2100.0,no_signal,,sweep
17,2,0.0,2100.0,no_signal,,sweep
17,2,0.0,1400.0,no_signal,,sweep
17,2,0.0,700.0,no_signal,,sweep
17,2,700.0,700.0,no_signal,,sweep
17,2,700.0,0.0,no_signal,,sweep
17,2,700.0,-700.0,no_signal,,sweep
17,2,700.0,-1400.0,no_signal,,sweep
17,2,700.0,-2100.0,no_signal,,sweep
17,2,1400.0,-1400.0,no_signal,,sweep
17,2,1400.0,-700.0,no_signal,,sweep
17,2,1400.0,0.0,no_signal,,sweep
17,2,1400.0,700.0,no_signal,,sweep
17,2,700.0,1400.0,no_signal,,sweep
17,2,700.0,2100.0,no_signal,,sweep
17,2,1400.0,1400.0,no_signal,,sweep
17,2,2100.0,700.0,no_signal,,sweep
17,2,2100.0,0.0,no_signal,,sweep
17,2,2100.0,-700.0,no_signal,,sweep
17,3,0.0,0.0,no_signal,,sweep
17,3,-700.0,-700.0,no_signal,,sweep
17,3,0.0,-700.0,no_signal,,sweep
17,3,0.0,-1400.0,no_signal,,sweep
17,3,0.0,-2100.0,no_signal,,sweep
17,3,-700.0,-2100.0,no_signal,,sweep
17,3,-700.0,-1400.0,no_signal,,sweep
17,3,-1400.0,-1400.0,no_signal,,sweep
17,3,-1400.0,-700.0,no_signal,,sweep
17,3,-2100.0,-700.0,no_signal,,sweep
17,3,-2100.0,0.0,no_signal,,sweep
17,3,-1400.0,0.0,no_signal,,sweep
17,3,-700.0,0.0,no_signal,,sweep
17,3,-700.0,700.0,no_signal,,sweep
17,3,-1400.0,700.0,no_signal,,sweep
17,3,-2100.0,700.0,no_signal,,sweep
17,3,-1400.0,1400.0,no_signal,,sweep
17,3,-700.0,1400.0,no_signal,,sweep
17,3,-700.0,2100.0,no_signal,,sweep
17,3,0.0,2100.0,no_signal,,sweep
17,3,0.0,1400.0,no_signal,,sweep
17,3,0.0,700.0,no_signal,,sweep
17,3,700.0,700.0,no_signal,,sweep
17,3,700.0,0.0,no_signal,,sweep
17,3,700.0,-700.0,no_signal,,sweep
17,3,700.0,-1400.0,no_signal,,sweep
17,3,700.0,-2100.0,no_signal,,sweep
17,3,1400.0,-1400.0,no_signal,,sweep
17,3,1400.0,-700.0,no_signal,,sweep
17,3,1400.0,0.0,no_signal,,sweep
17,3,1400.0,700.0,no_signal,,sweep
17,3,700.0,1400.0,no_signal,,sweep
17,3,700.0,2100.0,no_signal,,sweep
17,3,1400.0,1400.0,no_signal,,sweep
17,3,2100.0,700.0,no_signal,,sweep
17,3,2100.0,0.0,no_signal,,sweep
17,3,2100.0,-700.0,no_signal,,sweep
17,4,0.0,0.0,no_signal,,sweep
17,4,-700.0,-700.0,direction,229.06,sweep
17,4,0.0,-700.0,direction,190.03,sweep
17,4,0.0,-1400.0,direction,146.49,sweep
17,5,0.0,0.0,direction,110.77,sweep
17,5,-700.0,0.0,direction,62.53,sweep
17,5,-700.0,700.0,direction,11.23,sweep
17,6,0.0,0.0,no_signal,,sweep
17,6,-700.0,-700.0,no_signal,,sweep
17,6,0.0,-700.0,no_signal,,sweep
17,6,0.0,-1400.0,no_signal,,sweep
17,6,0.0,-2100.0,no_signal,,sweep
17,6,-700.0,-2100.0,no_signal,,sweep
17,6,-700.0,-1400.0,no_signal,,sweep
17,6,-1400.0,-1400.0,no_signal,,sweep
17,6,-1400.0,-700.0,no_signal,,sweep
17,6,-2100.0,-700.0,no_signal,,sweep
17,6,-2100.0,0.0,no_signal,,sweep
17,6,-1400.0,0.0,no_signal,,sweep
17,6,-700.0,0.0,no_signal,,sweep
17,6,-700.0,700.0,no_signal,,sweep
17,6,-1400.0,700.0,no_signal,,sweep
17,6,-2100.0,700.0,no_signal,,sweep
17,6,-1400.0,1400.0,no_signal,,sweep
17,6,-700.0,1400.0,no_signal,,sweep
17,6,-700.0,2100.0,no_signal,,sweep
17,6,0.0,2100.0,no_signal,,sweep
17,6,0.0,1400.0,no_signal,,sweep
17,6,0.0,700.0,no_signal,,sweep
17,6,700.0,700.0,no_signal,,sweep
17,6,700.0,0.0,no_signal,,sweep
17,6,700.0,-700.0,no_signal,,sweep
17,6,700.0,-1400.0,no_signal,,sweep
17,6,700.0,-2100.0,no_signal,,sweep
17,6,1400.0,-1400.0,no_signal,,sweep
17,6,1400.0,-700.0,no_signal,,sweep
17,6,1400.0,0.0,no_signal,,sweep
17,6,1400.0,700.0,no_signal,,sweep
17,6,700.0,1400.0,no_signal,,sweep
17,6,700.0,2100.0,no_signal,,sweep
17,6,1400.0,1400.0,no_signal,,sweep
17,6,2100.0,700.0,no_signal,,sweep
17,6,2100.0,0.0,no_signal,,sweep
17,6,2100.0,-700.0,no_signal,,sweep
17,7,0.0,0.0,no_signal,,sweep
17,7,-700.0,-700.0,no_signal,,sweep
17,7,0.0,-700.0,no_signal,,sweep
17,7,0.0,-1400.0,no_signal,,sweep
17,7,0.0,-2100.0,no_signal,,sweep
17,7,-700.0,-2100.0,no_signal,,sweep
17,7,-700.0,-1400.0,no_signal,,sweep
17,7,-1400.0,-1400.0,no_signal,,sweep
17,7,-1400.0,-700.0,no_signal,,sweep
17,7,-2100.0,-700.0,no_signal,,sweep
17,7,-2100.0,0.0,no_signal,,sweep
17,7,-1400.0,0.0,no_signal,,sweep
17,7,-700.0,0.0,no_signal,,sweep
17,7,-700.0,700.0,direction,108.97,sweep
17,7,-1400.0,700.0,direction,50.12,sweep
17,7,-1400.0,1400.0,direction,346.45,sweep
17,8,0.0,0.0,no_signal,,sweep
17,8,-700.0,-700.0,no_signal,,sweep
17,8,0.0,-700.0,no_signal,,sweep
17,8,0.0,-1400.0,no_signal,,sweep
17,8,0.0,-2100.0,no_signal,,sweep
17,8,-700.0,-2100.0,no_signal,,sweep
17,8,-700.0,-1400.0,no_signal,,sweep
17,8,-1400.0,-1400.0,no_signal,,sweep
17,8,-1400.0,-700.0,no_signal,,sweep
17,8,-2100.0,-700.0,no_signal,,sweep
17,8,-2100.0,0.0,no_signal,,sweep
17,8,-1400.0,0.0,no_signal,,sweep
17,8,-700.0,0.0,no_signal,,sweep
17,8,-700.0,700.0,no_signal,,sweep
17,8,-1400.0,700.0,no_signal,,sweep
17,8,-2100.0,700.0,no_signal,,sweep
17,8,-1400.0,1400.0,no_signal,,sweep
17,8,-700.0,1400.0,no_signal,,sweep
17,8,-700.0,2100.0,no_signal,,sweep
17,8,0.0,2100.0,no_signal,,sweep
17,8,0.0,1400.0,no_signal,,sweep
17,8,0.0,700.0,no_signal,,sweep
17,8,700.0,700.0,no_signal,,sweep
17,8,700.0,0.0,direction,324.91,sweep
17,8,700.0,-700.0,direction,20.75,sweep
17,8,700.0,-1400.0,no_signal,,sweep
17,8,1400.0,-1400.0,direction,93.77,sweep
17,9,0.0,0.0,no_signal,,sweep
17,9,-700.0,-700.0,no_signal,,sweep
17,9,0.0,-700.0,no_signal,,sweep
17,9,0.0,-1400.0,no_signal,,sweep
17,9,0.0,-2100.0,no_signal,,sweep
17,9,-700.0,-2100.0,no_signal,,sweep
17,9,-700.0,-1400.0,no_signal,,sweep
17,9,-1400.0,-1400.0,no_signal,,sweep
17,9,-1400.0,-700.0,no_signal,,sweep
17,9,-2100.0,-700.0,no_signal,,sweep
17,9,-2100.0,0.0,no_signal,,sweep
17,9,-1400.0,0.0,no_signal,,sweep
17,9,-700.0,0.0,no_signal,,sweep
17,9,-700.0,700.0,no_signal,,sweep
17,9,-1400.0,700.0,no_signal,,sweep
17,9,-2100.0,700.0,no_signal,,sweep
17,9,-1400.0,1400.0,no_signal,,sweep
17,9,-700.0,1400.0,no_signal,,sweep
17,9,-700.0,2100.0,no_signal,,sweep
17,9,0.0,2100.0,no_signal,,sweep
17,9,0.0,1400.0,no_signal,,sweep
17,9,0.0,700.0,no_signal,,sweep
17,9,700.0,700.0,no_signal,,sweep
17,9,700.0,0.0,no_signal,,sweep
17,9,700.0,-700.0,no_signal,,sweep
17,9,700.0,-1400.0,no_signal,,sweep
17,9,700.0,-2100.0,no_signal,,sweep
17,9,1400.0,-1400.0,no_signal,,sweep
17,9,1400.0,-700.0,no_signal,,sweep
17,9,1400.0,0.0,no_signal,,sweep
17,9,1400.0,700.0,no_signal,,sweep
17,9,700.0,1400.0,no_signal,,sweep
17,9,700.0,2100.0,no_signal,,sweep
17,9,1400.0,1400.0,no_signal,,sweep
17,9,2100.0,700.0,no_signal,,sweep
17,9,2100.0,0.0,no_signal,,sweep
17,9,2100.0,-700.0,no_signal,,sweep
17,10,0.0,0.0,direction,350.28,sweep
17,10,0.0,-700.0,direction,60.23,sweep
17,11,0.0,0.0,no_signal,,sweep
17,11,-700.0,-700.0,direction,151.54,sweep
17,11,-700.0,-1400.0,no_signal,,sweep
17,11,-1400.0,-1400.0,no_signal,,sweep
17,11,-1400.0,-700.0,no_signal,,sweep
17,11,-2100.0,-700.0,no_signal,,sweep
17,11,-2100.0,0.0,no_signal,,sweep
17,11,-1400.0,0.0,direction,236.01,sweep
17,12,0.0,0.0,no_signal,,sweep
17,12,-700.0,-700.0,no_signal,,sweep
17,12,0.0,-700.0,no_signal,,sweep
17,12,0.0,-1400.0,no_signal,,sweep
17,12,0.0,-2100.0,no_signal,,sweep
17,12,-700.0,-2100.0,no_signal,,sweep
17,12,-700.0,-1400.0,no_signal,,sweep
17,12,-1400.0,-1400.0,no_signal,,sweep
17,12,-1400.0,-700.0,no_signal,,sweep
17,12,-2100.0,-700.0,no_signal,,sweep
17,12,-2100.0,0.0,no_signal,,sweep
17,12,-1400.0,0.0,no_signal,,sweep
17,12,-700.0,0.0,no_signal,,sweep
17,12,-700.0,700.0,no_signal,,sweep
17,12,-1400.0,700.0,no_signal,,sweep
17,12,-2100.0,700.0,no_signal,,sweep
17,12,-1400.0,1400.0,no_signal,,sweep
17,12,-700.0,1400.0,no_signal,,sweep
17,12,-700.0,2100.0,no_signal,,sweep
17,12,0.0,2100.0,no_signal,,sweep
17,12,0.0,1400.0,no_signal,,sweep
17,12,0.0,700.0,no_signal,,sweep
17,12,700.0,700.0,no_signal,,sweep
17,12,700.0,0.0,no_signal,,sweep
17,12,700.0,-700.0,no_signal,,sweep
17,12,700.0,-1400.0,no_signal,,sweep
17,12,700.0,-2100.0,no_signal,,sweep
17,12,1400.0,-1400.0,no_signal,,sweep
17,12,1400.0,-700.0,no_signal,,sweep
17,12,1400.0,0.0,no_signal,,sweep
17,12,1400.0,700.0,no_signal,,sweep
17,12,700.0,1400.0,no_signal,,sweep
17,12,700.0,2100.0,no_signal,,sweep
17,12,1400.0,1400.0,no_signal,,sweep
17,12,2100.0,700.0,no_signal,,sweep
17,12,2100.0,0.0,no_signal,,sweep
17,12,2100.0,-700.0,no_signal,,sweep
17,13,0.0,0.0,no_signal,,sweep
17,13,-700.0,-700.0,no_signal,,sweep
17,13,0.0,-700.0,no_signal,,sweep
17,13,0.0,-1400.0,no_signal,,sweep
17,13,0.0,-2100.0,no_signal,,sweep
17,13,-700.0,-2100.0,no_signal,,sweep
17,13,-700.0,-1400.0,no_signal,,sweep
17,13,-1400.0,-1400.0,no_signal,,sweep
17,13,-1400.0,-700.0,no_signal,,sweep
17,13,-2100.0,-700.0,no_signal,,sweep
17,13,-2100.0,0.0,no_signal,,sweep
17,13,-1400.0,0.0,no_signal,,sweep
17,13,-700.0,0.0,no_signal,,sweep
17,13,-700.0,700.0,no_signal,,sweep
17,13,-1400.0,700.0,no_signal,,sweep
17,13,-2100.0,700.0,no_signal,,sweep
17,13,-1400.0,1400.0,no_signal,,sweep
17,13,-700.0,1400.0,no_signal,,sweep
17,13,-700.0,2100.0,no_signal,,sweep
17,13,0.0,2100.0,no_signal,,sweep
17,13,0.0,1400.0,no_signal,,sweep
17,13,0.0,700.0,no_signal,,sweep
17,13,700.0,700.0,no_signal,,sweep
17,13,700.0,0.0,no_signal,,sweep
17,13,700.0,-700.0,no_signal,,sweep
17,13,700.0,-1400.0,no_signal,,sweep
17,13,700.0,-2100.0,no_signal,,sweep
17,13,1400.0,-1400.0,no_signal,,sweep
17,13,1400.0,-700.0,no_signal,,sweep
17,13,1400.0,0.0,no_signal,,sweep
17,13,1400.0,700.0,no_signal,,sweep
17,13,700.0,1400.0,no_signal,,sweep
17,13,700.0,2100.0,no_signal,,sweep
17,13,1400.0,1400.0,no_signal,,sweep
17,13,2100.0,700.0,no_signal,,sweep
17,13,2100.0,0.0,no_signal,,sweep
17,13,2100.0,-700.0,no_signal,,sweep
17,14,0.0,0.0,direction,166.27,sweep
17,14,-700.0,-700.0,direction,104.26,sweep
17,14,-1400.0,-700.0,no_signal,,sweep
17,14,-2100.0,0.0,no_signal,,sweep
17,14,-1400.0,0.0,direction,27.84,sweep
17,15,0.0,0.0,no_signal,,sweep
17,15,-700.0,-700.0,no_signal,,sweep
17,15,0.0,-700.0,no_signal,,sweep
17,15,0.0,-1400.0,no_signal,,sweep
17,15,0.0,-2100.0,no_signal,,sweep
17,15,-700.0,-2100.0,no_signal,,sweep
17,15,-700.0,-1400.0,no_signal,,sweep
17,15,-1400.0,-1400.0,no_signal,,sweep
17,15,-1400.0,-700.0,no_signal,,sweep
17,15,-2100.0,-700.0,no_signal,,sweep
17,15,-2100.0,0.0,no_signal,,sweep
17,15,-1400.0,0.0,no_signal,,sweep
17,15,-700.0,0.0,no_signal,,sweep
17,15,-700.0,700.0,no_signal,,sweep
17,15,-1400.0,700.0,no_signal,,sweep
17,15,-2100.0,700.0,no_signal,,sweep
17,15,-1400.0,1400.0,no_signal,,sweep
17,15,-700.0,1400.0,no_signal,,sweep
17,15,-700.0,2100.0,no_signal,,sweep
17,15,0.0,2100.0,no_signal,,sweep
17,15,0.0,1400.0,no_signal,,sweep
17,15,0.0,700.0,no_signal,,sweep
17,15,700.0,700.0,no_signal,,sweep
17,15,700.0,0.0,no_signal,,sweep
17,15,700.0,-700.0,no_signal,,sweep
17,15,700.0,-1400.0,no_signal,,sweep
17,15,700.0,-2100.0,no_signal,,sweep
17,15,1400.0,-1400.0,no_signal,,sweep
17,15,1400.0,-700.0,no_signal,,sweep
17,15,1400.0,0.0,no_signal,,sweep
17,15,1400.0,700.0,no_signal,,sweep
17,15,700.0,1400.0,no_signal,,sweep
17,15,700.0,2100.0,no_signal,,sweep
17,15,1400.0,1400.0,no_signal,,sweep
17,15,2100.0,700.0,no_signal,,sweep
17,15,2100.0,0.0,no_signal,,sweep
17,15,2100.0,-700.0,no_signal,,sweep
17,16,0.0,0.0,no_signal,,sweep
17,16,-700.0,-700.0,direction,302.77,sweep
17,16,0.0,-700.0,direction,254.32,sweep
17,16,0.0,-1400.0,direction,198.42,sweep
17,17,0.0,0.0,no_signal,,sweep
17,17,-700.0,-700.0,no_signal,,sweep
17,17,0.0,-700.0,no_signal,,sweep
17,17,0.0,-1400.0,no_signal,,sweep
17,17,0.0,-2100.0,no_signal,,sweep
17,17,-700.0,-2100.0,no_signal,,sweep
17,17,-700.0,-1400.0,no_signal,,sweep
17,17,-1400.0,-1400.0,no_signal,,sweep
17,17,-1400.0,-700.0,no_signal,,sweep
17,17,-2100.0,-700.0,no_signal,,sweep
17,17,-2100.0,0.0,no_signal,,sweep
17,17,-1400.0,0.0,no_signal,,sweep
17,17,-700.0,0.0,no_signal,,sweep
17,17,-700.0,700.0,no_signal,,sweep
17,17,-1400.0,700.0,no_signal,,sweep
17,17,-2100.0,700.0,no_signal,,sweep
17,17,-1400.0,1400.0,no_signal,,sweep
17,17,-700.0,1400.0,no_signal,,sweep
17,17,-700.0,2100.0,no_signal,,sweep
17,17,0.0,2100.0,no_signal,,sweep
17,17,0.0,1400.0,no_signal,,sweep
17,17,0.0,700.0,no_signal,,sweep
17,17,700.0,700.0,no_signal,,sweep
17,17,700.0,0.0,no_signal,,sweep
17,17,700.0,-700.0,no_signal,,sweep
17,17,700.0,-1400.0,no_signal,,sweep
17,17,700.0,-2100.0,no_signal,,sweep
17,17,1400.0,-1400.0,no_signal,,sweep
17,17,1400.0,-700.0,no_signal,,sweep
17,17,1400.0,0.0,no_signal,,sweep
17,17,1400.0,700.0,no_signal,,sweep
17,17,700.0,1400.0,no_signal,,sweep
17,17,700.0,2100.0,no_signal,,sweep
17,17,1400.0,1400.0,no_signal,,sweep
17,17,2100.0,700.0,no_signal,,sweep
17,17,2100.0,0.0,no_signal,,sweep
17,17,2100.0,-700.0,no_signal,,sweep
17,18,0.0,0.0,no_signal,,sweep
17,18,-700.0,-700.0,direction,139.66,sweep
17,18,-1400.0,-1400.0,no_signal,,sweep
17,18,-1400.0,-700.0,direction,106.24,sweep
17,18,-2100.0,-700.0,direction,58.22,sweep
17,18,-2100.0,0.0,direction,9.37,sweep
17,19,0.0,0.0,direction,287.17,sweep
17,19,-700.0,-700.0,direction,335.43,sweep
17,19,0.0,-700.0,direction,305.89,sweep
17,19,0.0,-1400.0,direction,33.36,sweep
17,20,0.0,0.0,no_signal,,sweep
17,20,-700.0,-700.0,direction,133.81,sweep
17,20,-1400.0,-700.0,direction,88.89,sweep
17,20,-2100.0,-700.0,direction,44.74,sweep
17,20,-2100.0,0.0,direction,359.67,sweep
18,1,0.0,0.0,no_signal,,sweep
18,1,-700.0,-700.0,no_signal,,sweep
18,1,0.0,-700.0,no_signal,,sweep
18,1,0.0,-1400.0,no_signal,,sweep
18,1,0.0,-2100.0,no_signal,,sweep
18,1,-700.0,-2100.0,no_signal,,sweep
18,1,-700.0,-1400.0,no_signal,,sweep
18,1,-1400.0,-1400.0,direction,101.86,sweep
18,1,-1400.0,-700.0,direction,122.72,sweep
18,1,-2100.0,-700.0,direction,36.88,sweep
18,2,0.0,0.0,no_signal,,sweep
18,2,-700.0,-700.0,no_signal,,sweep
18,2,0.0,-700.0,no_signal,,sweep
18,2,0.0,-1400.0,no_signal,,sweep
18,2,0.0,-2100.0,no_signal,,sweep
18,2,-700.0,-2100.0,no_signal,,sweep
18,2,-700.0,-1400.0,no_signal,,sweep
18,2,-1400.0,-1400.0,no_signal,,sweep
18,2,-1400.0,-700.0,no_signal,,sweep
18,2,-2100.0,-700.0,no_signal,,sweep
18,2,-2100.0,0.0,no_signal,,sweep
18,2,-1400.0,0.0,no_signal,,sweep
18,2,-700.0,0.0,no_signal,,sweep
18,2,-700.0,700.0,no_signal,,sweep
18,2,-1400.0,700.0,no_signal,,sweep
18,2,-2100.0,700.0,no_signal,,sweep
18,2,-1400.0,1400.0,no_signal,,sweep
18,2,-700.0,1400.0,no_signal,,sweep
18,2,-700.0,2100.0,no_signal,,sweep
18,2,0.0,2100.0,no_signal,,sweep
18,2,0.0,1400.0,no_signal,,sweep
18,2,0.0,700.0,no_signal,,sweep
18,2,700.0,700.0,no_signal,,sweep
18,2,700.0,0.0,no_signal,,sweep
18,2,700.0,-700.0,no_signal,,sweep
18,2,700.0,-1400.0,no_signal,,sweep
18,2,700.0,-2100.0,no_signal,,sweep
18,2,1400.0,-1400.0,no_signal,,sweep
18,2,1400.0,-700.0,no_signal,,sweep
18,2,1400.0,0.0,direction,133.69,sweep
18,2,1400.0,700.0,direction,178.86,sweep
18,2,700.0,1400.0,direction,271.72,sweep
18,3,0.0,0.0,no_signal,,sweep
18,3,-700.0,-700.0,no_signal,,sweep
18,3,0.0,-700.0,no_signal,,sweep
18,3,0.0,-1400.0,no_signal,,sweep
18,3,0.0,-2100.0,no_signal,,sweep
18,3,-700.0,-2100.0,no_signal,,sweep
18,3,-700.0,-1400.0,no_signal,,sweep
18,3,-1400.0,-1400.0,no_signal,,sweep
18,3,-1400.0,-700.0,no_signal,,sweep
18,3,-2100.0,-700.0,no_signal,,sweep
18,3,-2100.0,0.0,no_signal,,sweep
18,3,-1400.0,0.0,no_signal,,sweep
18,3,-700.0,0.0,no_signal,,sweep
18,3,-700.0,700.0,no_signal,,sweep
18,3,-1400.0,700.0,no_signal,,sweep
18,3,-2100.0,700.0,no_signal,,sweep
18,3,-1400.0,1400.0,no_signal,,sweep
18,3,-700.0,1400.0,no_signal,,sweep
18,3,-700.0,2100.0,no_signal,,sweep
18,3,0.0,2100.0,no_signal,,sweep
18,3,0.0,1400.0,no_signal,,sweep
18,3,0.0,700.0,no_signal,,sweep
18,3,700.0,700.0,no_signal,,sweep
18,3,700.0,0.0,no_signal,,sweep
18,3,700.0,-700.0,no_signal,,sweep
18,3,700.0,-1400.0,no_signal,,sweep
18,3,700.0,-2100.0,no_signal,,sweep
18,3,1400.0,-1400.0,no_signal,,sweep
18,3,1400.0,-700.0,no_signal,,sweep
18,3,1400.0,0.0,no_signal,,sweep
18,3,1400.0,700.0,no_signal,,sweep
18,3,700.0,1400.0,no_signal,,sweep
18,3,700.0,2100.0,no_signal,,sweep
18,3,1400.0,1400.0,no_signal,,sweep
18,3,2100.0,700.0,no_signal,,sweep
18,3,2100.0,0.0,no_signal,,sweep
18,3,2100.0,-700.0,no_signal,,sweep
18,4,0.0,0.0,no_signal,,sweep
18,4,-700.0,-700.0,no_signal,,sweep
18,4,0.0,-700.0,no_signal,,sweep
18,4,0.0,-1400.0,no_signal,,sweep
18,4,0.0,-2100.0,no_signal,,sweep
18,4,-700.0,-2100.0,no_signal,,sweep
18,4,-700.0,-1400.0,no_signal,,sweep
18,4,-1400.0,-1400.0,no_signal,,sweep
18,4,-1400.0,-700.0,no_signal,,sweep
18,4,-2100.0,-700.0,no_signal,,sweep
18,4,-2100.0,0.0,no_signal,,sweep
18,4,-1400.0,0.0,no_signal,,sweep
18,4,-700.0,0.0,no_signal,,sweep
18,4,-700.0,700.0,no_signal,,sweep
18,4,-1400.0,700.0,no_signal,,sweep
18,4,-2100.0,700.0,no_signal,,sweep
18,4,-1400.0,1400.0,no_signal,,sweep
18,4,-700.0,1400.0,no_signal,,sweep
18,4,-700.0,2100.0,no_signal,,sweep
18,4,0.0,2100.0,no_signal,,sweep
18,4,0.0,1400.0,no_signal,,sweep
18,4,0.0,700.0,no_signal,,sweep
18,4,700.0,700.0,no_signal,,sweep
18,4,700.0,0.0,no_signal,,sweep
18,4,700.0,-700.0,no_signal,,sweep
18,4,700.0,-1400.0,no_signal,,sweep
18,4,700.0,-2100.0,no_signal,,sweep
18,4,1400.0,-1400.0,no_signal,,sweep
18,4,1400.0,-700.0,no_signal,,sweep
18,4,1400.0,0.0,no_signal,,sweep
18,4,1400.0,700.0,no_signal,,sweep
18,4,700.0,1400.0,no_signal,,sweep
18,4,700.0,2100.0,no_signal,,sweep
18,4,1400.0,1400.0,no_signal,,sweep
18,4,2100.0,700.0,no_signal,,sweep
18,4,2100.0,0.0,no_signal,,sweep
18,4,2100.0,-700.0,no_signal,,sweep
18,5,0.0,0.0,direction,183.51,sweep
18,5,-700.0,-700.0,direction,124.22,sweep
18,5,-1400.0,-700.0,direction,67.29,sweep
18,5,-2100.0,-700.0,direction,34.36,sweep
18,6,0.0,0.0,no_signal,,sweep
18,6,-700.0,-700.0,direction,196.78,sweep
18,6,0.0,-700.0,direction,187.07,sweep
18,6,-700.0,-1400.0,direction,127.64,sweep
18,7,0.0,0.0,no_signal,,sweep
18,7,-700.0,-700.0,no_signal,,sweep
18,7,0.0,-700.0,no_signal,,sweep
18,7,0.0,-1400.0,no_signal,,sweep
18,7,0.0,-2100.0,no_signal,,sweep
18,7,-700.0,-2100.0,no_signal,,sweep
18,7,-700.0,-1400.0,no_signal,,sweep
18,7,-1400.0,-1400.0,no_signal,,sweep
18,7,-1400.0,-700.0,no_signal,,sweep
18,7,-2100.0,-700.0,no_signal,,sweep
18,7,-2100.0,0.0,no_signal,,sweep
18,7,-1400.0,0.0,no_signal,,sweep
18,7,-700.0,0.0,no_signal,,sweep
18,7,-700.0,700.0,no_signal,,sweep
18,7,-1400.0,700.0,no_signal,,sweep
18,7,-2100.0,700.0,no_signal,,sweep
18,7,-1400.0,1400.0,no_signal,,sweep
18,7,-700.0,1400.0,no_signal,,sweep
18,7,-700.0,2100.0,no_signal,,sweep
18,7,0.0,2100.0,no_signal,,sweep
18,7,0.0,1400.0,no_signal,,sweep
18,7,0.0,700.0,no_signal,,sweep
18,7,700.0,700.0,no_signal,,sweep
18,7,700.0,0.0,no_signal,,sweep
18,7,700.0,-700.0,no_signal,,sweep
18,7,700.0,-1400.0,no_signal,,sweep
18,7,700.0,-2100.0,no_signal,,sweep
18,7,1400.0,-1400.0,no_signal,,sweep
18,7,1400.0,-700.0,no_signal,,sweep
18,7,1400.0,0.0,no_signal,,sweep
18,7,1400.0,700.0,no_signal,,sweep
18,7,700.0,1400.0,no_signal,,sweep
18,7,700.0,2100.0,no_signal,,sweep
18,7,1400.0,1400.0,no_signal,,sweep
18,7,2100.0,700.0,no_signal,,sweep
18,7,2100.0,0.0,no_signal,,sweep
18,7,2100.0,-700.0,no_signal,,sweep
18,8,0.0,0.0,no_signal,,sweep
18,8,-700.0,-700.0,no_signal,,sweep
18,8,0.0,-700.0,no_signal,,sweep
18,8,0.0,-1400.0,no_signal,,sweep
18,8,0.0,-2100.0,no_signal,,sweep
18,8,-700.0,-2100.0,no_signal,,sweep
18,8,-700.0,-1400.0,no_signal,,sweep
18,8,-1400.0,-1400.0,no_signal,,sweep
18,8,-1400.0,-700.0,no_signal,,sweep
18,8,-2100.0,-700.0,no_signal,,sweep
18,8,-2100.0,0.0,no_signal,,sweep
18,8,-1400.0,0.0,no_signal,,sweep
18,8,-700.0,0.0,no_signal,,sweep
18,8,-700.0,700.0,no_signal,,sweep
18,8,-1400.0,700.0,no_signal,,sweep
18,8,-2100.0,700.0,no_signal,,sweep
18,8,-1400.0,1400.0,no_signal,,sweep
18,8,-700.0,1400.0,no_signal,,sweep
18,8,-700.0,2100.0,no_signal,,sweep
18,8,0.0,2100.0,no_signal,,sweep
18,8,0.0,1400.0,no_signal,,sweep
18,8,0.0,700.0,no_signal,,sweep
18,8,700.0,700.0,no_signal,,sweep
18,8,700.0,0.0,no_signal,,sweep
18,8,700.0,-700.0,no_signal,,sweep
18,8,700.0,-1400.0,no_signal,,sweep
18,8,700.0,-2100.0,no_signal,,sweep
18,8,1400.0,-1400.0,no_signal,,sweep
18,8,1400.0,-700.0,no_signal,,sweep
18,8,1400.0,0.0,no_signal,,sweep
18,8,1400.0,700.0,no_signal,,sweep
18,8,700.0,1400.0,no_signal,,sweep
18,8,700.0,2100.0,no_signal,,sweep
18,8,1400.0,1400.0,no_signal,,sweep
18,8,2100.0,700.0,no_signal,,sweep
18,8,2100.0,0.0,no_signal,,sweep
18,8,2100.0,-700.0,no_signal,,sweep
18,9,0.0,0.0,no_signal,,sweep
18,9,-700.0,-700.0,no_signal,,sweep
18,9,0.0,-700.0,no_signal,,sweep
18,9,0.0,-1400.0,no_signal,,sweep
18,9,0.0,-2100.0,no_signal,,sweep
18,9,-700.0,-2100.0,no_signal,,sweep
18,9,-700.0,-1400.0,no_signal,,sweep
18,9,-1400.0,-1400.0,no_signal,,sweep
18,9,-1400.0,-700.0,no_signal,,sweep
18,9,-2100.0,-700.0,no_signal,,sweep
18,9,-2100.0,0.0,direction,358.13,sweep
18,9,-1400.0,0.0,direction,350.43,sweep
18,9,-700.0,0.0,no_signal,,sweep
18,9,-700.0,700.0,no_signal,,sweep
18,9,-1400.0,700.0,direction,290.23,sweep
18,10,0.0,0.0,direction,322.06,sweep
18,10,0.0,-700.0,direction,354.98,sweep
18,10,0.0,-1400.0,direction,29.66,sweep
18,10,700.0,0.0,direction,294.96,sweep
18,11,0.0,0.0,direction,172.76,sweep
18,11,-700.0,-700.0,no_signal,,sweep
18,11,0.0,-700.0,direction,117.67,sweep
18,11,-1400.0,0.0,no_signal,,sweep
18,11,-700.0,0.0,no_signal,,sweep
18,11,-700.0,700.0,no_signal,,sweep
18,11,-1400.0,700.0,no_signal,,sweep
18,11,0.0,700.0,direction,239.06,sweep
18,12,0.0,0.0,no_signal,,sweep
18,12,-700.0,-700.0,no_signal,,sweep
18,12,0.0,-700.0,no_signal,,sweep
18,12,0.0,-1400.0,no_signal,,sweep
18,12,0.0,-2100.0,no_signal,,sweep
18,12,-700.0,-2100.0,no_signal,,sweep
18,12,-700.0,-1400.0,no_signal,,sweep
18,12,-1400.0,-1400.0,no_signal,,sweep
18,12,-1400.0,-700.0,no_signal,,sweep
18,12,-2100.0,-700.0,no_signal,,sweep
18,12,-2100.0,0.0,no_signal,,sweep
18,12,-1400.0,0.0,no_signal,,sweep
18,12,-700.0,0.0,no_signal,,sweep
18,12,-700.0,700.0,no_signal,,sweep
18,12,-1400.0,700.0,no_signal,,sweep
18,12,-2100.0,700.0,no_signal,,sweep
18,12,-1400.0,1400.0,no_signal,,sweep
18,12,-700.0,1400.0,no_signal,,sweep
18,12,-700.0,2100.0,no_signal,,sweep
18,12,0.0,2100.0,no_signal,,sweep
18,12,0.0,1400.0,direction,321.46,sweep
18,12,0.0,700.0,direction,3.38,sweep
18,12,700.0,700.0,direction,22.43,sweep
18,12,700.0,0.0,direction,79.88,sweep
18,13,0.0,0.0,no_signal,,sweep
18,13,-700.0,-700.0,no_signal,,sweep
18,13,0.0,-700.0,no_signal,,sweep
18,13,0.0,-1400.0,no_signal,,sweep
18,13,0.0,-2100.0,no_signal,,sweep
18,13,-700.0,-2100.0,no_signal,,sweep
18,13,-700.0,-1400.0,no_signal,,sweep
18,13,-1400.0,-1400.0,no_signal,,sweep
18,13,-1400.0,-700.0,no_signal,,sweep
18,13,-2100.0,-700.0,no_signal,,sweep
18,13,-2100.0,0.0,no_signal,,sweep
18,13,-1400.0,0.0,no_signal,,sweep
18,13,-700.0,0.0,no_signal,,sweep
18,13,-700.0,700.0,no_signal,,sweep
18,13,-1400.0,700.0,no_signal,,sweep
18,13,-2100.0,700.0,no_signal,,sweep
18,13,-1400.0,1400.0,no_signal,,sweep
18,13,-700.0,1400.0,no_signal,,sweep
18,13,-700.0,2100.0,no_signal,,sweep
18,13,0.0,2100.0,no_signal,,sweep
18,13,0.0,1400.0,no_signal,,sweep
18,13,0.0,700.0,no_signal,,sweep
18,13,700.0,700.0,direction,279.60,sweep
18,13,700.0,0.0,no_signal,,sweep
18,13,700.0,-700.0,no_signal,,sweep
18,13,1400.0,-700.0,direction,139.86,sweep
18,13,1400.0,0.0,direction,202.95,sweep
18,14,0.0,0.0,direction,269.54,sweep
18,14,-700.0,-700.0,direction,341.25,sweep
18,14,0.0,-700.0,direction,265.86,sweep
18,15,0.0,0.0,no_signal,,sweep
18,15,-700.0,-700.0,no_signal,,sweep
18,15,0.0,-700.0,direction,356.80,sweep
18,15,0.0,-1400.0,no_signal,,sweep
18,15,700.0,0.0,direction,295.06,sweep
18,15,700.0,-700.0,direction,352.44,sweep
18,15,700.0,-1400.0,no_signal,,sweep
18,15,1400.0,-1400.0,no_signal,,sweep
18,15,1400.0,-700.0,no_signal,,sweep
18,15,1400.0,0.0,direction,245.00,sweep
18,16,0.0,0.0,no_signal,,sweep
18,16,-700.0,-700.0,no_signal,,sweep
18,16,0.0,-700.0,no_signal,,sweep
18,16,0.0,-1400.0,no_signal,,sweep
18,16,0.0,-2100.0,no_signal,,sweep
18,16,-700.0,-2100.0,no_signal,,sweep
18,16,-700.0,-1400.0,no_signal,,sweep
18,16,-1400.0,-1400.0,no_signal,,sweep
18,16,-1400.0,-700.0,no_signal,,sweep
18,16,-2100.0,-700.0,no_signal,,sweep
18,16,-2100.0,0.0,no_signal,,sweep
18,16,-1400.0,0.0,no_signal,,sweep
18,16,-700.0,0.0,no_signal,,sweep
18,16,-700.0,700.0,no_signal,,sweep
18,16,-1400.0,700.0,no_signal,,sweep
18,16,-2100.0,700.0,no_signal,,sweep
18,16,-1400.0,1400.0,no_signal,,sweep
18,16,-700.0,1400.0,no_signal,,sweep
18,16,-700.0,2100.0,no_signal,,sweep
18,16,0.0,2100.0,no_signal,,sweep
18,16,0.0,1400.0,no_signal,,sweep
18,16,0.0,700.0,no_signal,,sweep
18,16,700.0,700.0,no_signal,,sweep
18,16,700.0,0.0,no_signal,,sweep
18,16,700.0,-700.0,no_signal,,sweep
18,16,700.0,-1400.0,no_signal,,sweep
18,16,700.0,-2100.0,no_signal,,sweep
18,16,1400.0,-1400.0,no_signal,,sweep
18,16,1400.0,-700.0,no_signal,,sweep
18,16,1400.0,0.0,no_signal,,sweep
18,16,1400.0,700.0,no_signal,,sweep
18,16,700.0,1400.0,no_signal,,sweep
18,16,700.0,2100.0,no_signal,,sweep
18,16,1400.0,1400.0,no_signal,,sweep
18,16,2100.0,700.0,no_signal,,sweep
18,16,2100.0,0.0,no_signal,,sweep
18,16,2100.0,-700.0,no_signal,,sweep
18,17,0.0,0.0,no_signal,,sweep
18,17,-700.0,-700.0,no_signal,,sweep
18,17,0.0,-700.0,no_signal,,sweep
18,17,0.0,-1400.0,no_signal,,sweep
18,17,0.0,-2100.0,no_signal,,sweep
18,17,-700.0,-2100.0,no_signal,,sweep
18,17,-700.0,-1400.0,no_signal,,sweep
18,17,-1400.0,-1400.0,no_signal,,sweep
18,17,-1400.0,-700.0,no_signal,,sweep
18,17,-2100.0,-700.0,no_signal,,sweep
18,17,-2100.0,0.0,no_signal,,sweep
18,17,-1400.0,0.0,no_signal,,sweep
18,17,-700.0,0.0,no_signal,,sweep
18,17,-700.0,700.0,no_signal,,sweep
18,17,-1400.0,700.0,no_signal,,sweep
18,17,-2100.0,700.0,no_signal,,sweep
18,17,-1400.0,1400.0,no_signal,,sweep
18,17,-700.0,1400.0,no_signal,,sweep
18,17,-700.0,2100.0,no_signal,,sweep
18,17,0.0,2100.0,no_signal,,sweep
18,17,0.0,1400.0,no_signal,,sweep
18,17,0.0,700.0,no_signal,,sweep
18,17,700.0,700.0,no_signal,,sweep
18,17,700.0,0.0,no_signal,,sweep
18,17,700.0,-700.0,no_signal,,sweep
18,17,700.0,-1400.0,no_signal,,sweep
18,17,700.0,-2100.0,no_signal,,sweep
18,17,1400.0,-1400.0,no_signal,,sweep
18,17,1400.0,-700.0,no_signal,,sweep
18,17,1400.0,0.0,no_signal,,sweep
18,17,1400.0,700.0,no_signal,,sweep
18,17,700.0,1400.0,no_signal,,sweep
18,17,700.0,2100.0,no_signal,,sweep
18,17,1400.0,1400.0,no_signal,,sweep
18,17,2100.0,700.0,no_signal,,sweep
18,17,2100.0,0.0,no_signal,,sweep
18,17,2100.0,-700.0,no_signal,,sweep
18,18,0.0,0.0,direction,61.46,sweep
18,18,-700.0,700.0,no_signal,,sweep
18,18,0.0,1400.0,direction,316.05,sweep
18,18,0.0,700.0,direction,23.78,sweep
18,19,0.0,0.0,no_signal,,sweep
18,19,-700.0,-700.0,no_signal,,sweep
18,19,0.0,-700.0,no_signal,,sweep
18,19,0.0,-1400.0,no_signal,,sweep
18,19,0.0,-2100.0,no_signal,,sweep
18,19,-700.0,-2100.0,no_signal,,sweep
18,19,-700.0,-1400.0,no_signal,,sweep
18,19,-1400.0,-1400.0,no_signal,,sweep
18,19,-1400.0,-700.0,no_signal,,sweep
18,19,-2100.0,-700.0,no_signal,,sweep
18,19,-2100.0,0.0,no_signal,,sweep
18,19,-1400.0,0.0,no_signal,,sweep
18,19,-700.0,0.0,no_signal,,sweep
18,19,-700.0,700.0,direction,98.01,sweep
18,19,-1400.0,700.0,direction,47.43,sweep
18,19,-1400.0,1400.0,direction,355.69,sweep
18,20,0.0,0.0,no_signal,,sweep
18,20,-700.0,-700.0,no_signal,,sweep
18,20,0.0,-700.0,no_signal,,sweep
18,20,0.0,-1400.0,no_signal,,sweep
18,20,0.0,-2100.0,no_signal,,sweep
18,20,-700.0,-2100.0,no_signal,,sweep
18,20,-700.0,-1400.0,no_signal,,sweep
18,20,-1400.0,-1400.0,no_signal,,sweep
18,20,-1400.0,-700.0,no_signal,,sweep
18,20,-2100.0,-700.0,no_signal,,sweep
18,20,-2100.0,0.0,no_signal,,sweep
18,20,-1400.0,0.0,no_signal,,sweep
18,20,-700.0,0.0,no_signal,,sweep
18,20,-700.0,700.0,no_signal,,sweep
18,20,-1400.0,700.0,no_signal,,sweep
18,20,-2100.0,700.0,no_signal,,sweep
18,20,-1400.0,1400.0,no_signal,,sweep
18,20,-700.0,1400.0,no_signal,,sweep
18,20,-700.0,2100.0,no_signal,,sweep
18,20,0.0,2100.0,no_signal,,sweep
18,20,0.0,1400.0,no_signal,,sweep
18,20,0.0,700.0,no_signal,,sweep
18,20,700.0,700.0,direction,334.71,sweep
18,20,700.0,0.0,direction,11.21,sweep
18,20,1400.0,-700.0,direction,68.33,sweep
18,20,1400.0,0.0,direction,31.76,sweep
19,1,0.0,0.0,no_signal,,sweep
19,1,-700.0,-700.0,no_signal,,sweep
19,1,0.0,-700.0,no_signal,,sweep
19,1,0.0,-1400.0,no_signal,,sweep
19,1,0.0,-2100.0,no_signal,,sweep
19,1,-700.0,-2100.0,no_signal,,sweep
19,1,-700.0,-1400.0,no_signal,,sweep
19,1,-1400.0,-1400.0,no_signal,,sweep
19,1,-1400.0,-700.0,no_signal,,sweep
19,1,-2100.0,-700.0,no_signal,,sweep
19,1,-2100.0,0.0,no_signal,,sweep
19,1,-1400.0,0.0,no_signal,,sweep
19,1,-700.0,0.0,no_signal,,sweep
19,1,-700.0,700.0,no_signal,,sweep
19,1,-1400.0,700.0,no_signal,,sweep
19,1,-2100.0,700.0,no_signal,,sweep
19,1,-1400.0,1400.0,no_signal,,sweep
19,1,-700.0,1400.0,no_signal,,sweep
19,1,-700.0,2100.0,no_signal,,sweep
19,1,0.0,2100.0,no_signal,,sweep
19,1,0.0,1400.0,no_signal,,sweep
19,1,0.0,700.0,no_signal,,sweep
19,1,700.0,700.0,no_signal,,sweep
19,1,700.0,0.0,no_signal,,sweep
19,1,700.0,-700.0,no_signal,,sweep
19,1,700.0,-1400.0,no_signal,,sweep
19,1,700.0,-2100.0,no_signal,,sweep
19,1,1400.0,-1400.0,no_signal,,sweep
19,1,1400.0,-700.0,no_signal,,sweep
19,1,1400.0,0.0,no_signal,,sweep
19,1,1400.0,700.0,no_signal,,sweep
19,1,700.0,1400.0,no_signal,,sweep
19,1,700.0,2100.0,no_signal,,sweep
19,1,1400.0,1400.0,no_signal,,sweep
19,1,2100.0,700.0,no_signal,,sweep
19,1,2100.0,0.0,no_signal,,sweep
19,1,2100.0,-700.0,no_signal,,sweep
19,2,0.0,0.0,no_signal,,sweep
19,2,-700.0,-700.0,no_signal,,sweep
19,2,0.0,-700.0,no_signal,,sweep
19,2,0.0,-1400.0,no_signal,,sweep
19,2,0.0,-2100.0,no_signal,,sweep
19,2,-700.0,-2100.0,no_signal,,sweep
19,2,-700.0,-1400.0,no_signal,,sweep
19,2,-1400.0,-1400.0,no_signal,,sweep
19,2,-1400.0,-700.0,no_signal,,sweep
19,2,-2100.0,-700.0,no_signal,,sweep
19,2,-2100.0,0.0,no_signal,,sweep
19,2,-1400.0,0.0,no_signal,,sweep
19,2,-700.0,0.0,no_signal,,sweep
19,2,-700.0,700.0,no_signal,,sweep
19,2,-1400.0,700.0,no_signal,,sweep
19,2,-2100.0,700.0,no_signal,,sweep
19,2,-1400.0,1400.0,no_signal,,sweep
19,2,-700.0,1400.0,no_signal,,sweep
19,2,-700.0,2100.0,no_signal,,sweep
19,2,0.0,2100.0,no_signal,,sweep
19,2,0.0,1400.0,no_signal,,sweep
19,2,0.0,700.0,no_signal,,sweep
19,2,700.0,700.0,no_signal,,sweep
19,2,700.0,0.0,no_signal,,sweep
19,2,700.0,-700.0,no_signal,,sweep
19,2,700.0,-1400.0,no_signal,,sweep
19,2,700.0,-2100.0,no_signal,,sweep
19,2,1400.0,-1400.0,no_signal,,sweep
19,2,1400.0,-700.0,no_signal,,sweep
19,2,1400.0,0.0,no_signal,,sweep
19,2,1400.0,700.0,no_signal,,sweep
19,2,700.0,1400.0,no_signal,,sweep
19,2,700.0,2100.0,no_signal,,sweep
19,2,1400.0,1400.0,no_signal,,sweep
19,2,2100.0,700.0,no_signal,,sweep
19,2,2100.0,0.0,no_signal,,sweep
19,2,2100.0,-700.0,no_signal,,sweep
19,3,0.0,0.0,direction,131.09,sweep
19,3,-1400.0,0.0,direction,33.68,sweep
19,3,-700.0,0.0,direction,73.42,sweep
19,4,0.0,0.0,no_signal,,sweep
19,4,-700.0,-700.0,no_signal,,sweep
19,4,0.0,-700.0,direction,346.33,sweep
19,4,0.0,-1400.0,direction,17.84,sweep
19,4,700.0,0.0,direction,297.93,sweep
19,4,700.0,-700.0,direction,331.03,sweep
19,5,0.0,0.0,no_signal,,sweep
19,5,-700.0,-700.0,no_signal,,sweep
19,5,0.0,-700.0,no_signal,,sweep
19,5,0.0,-1400.0,no_signal,,sweep
19,5,0.0,-2100.0,no_signal,,sweep
19,5,-700.0,-2100.0,no_signal,,sweep
19,5,-700.0,-1400.0,no_signal,,sweep
19,5,-1400.0,-1400.0,no_signal,,sweep
19,5,-1400.0,-700.0,no_signal,,sweep
19,5,-2100.0,-700.0,no_signal,,sweep
19,5,-2100.0,0.0,no_signal,,sweep
19,5,-1400.0,0.0,no_signal,,sweep
19,5,-700.0,0.0,no_signal,,sweep
19,5,-700.0,700.0,direction,54.49,sweep
19,5,-1400.0,1400.0,no_signal,,sweep
19,5,-700.0,1400.0,direction,9.48,sweep
19,5,-700.0,2100.0,direction,313.06,sweep
19,5,0.0,2100.0,direction,256.86,sweep
19,6,0.0,0.0,no_signal,,sweep
19,6,-700.0,-700.0,no_signal,,sweep
19,6,0.0,-700.0,no_signal,,sweep
19,6,0.0,-1400.0,no_signal,,sweep
19,6,0.0,-2100.0,no_signal,,sweep
19,6,-700.0,-2100.0,no_signal,,sweep
19,6,-700.0,-1400.0,no_signal,,sweep
19,6,-1400.0,-1400.0,no_signal,,sweep
19,6,-1400.0,-700.0,no_signal,,sweep
19,6,-2100.0,-700.0,no_signal,,sweep
19,6,-2100.0,0.0,no_signal,,sweep
19,6,-1400.0,0.0,no_signal,,sweep
19,6,-700.0,0.0,no_signal,,sweep
19,6,-700.0,700.0,no_signal,,sweep
19,6,-1400.0,700.0,no_signal,,sweep
19,6,-2100.0,700.0,no_signal,,sweep
19,6,-1400.0,1400.0,no_signal,,sweep
19,6,-700.0,1400.0,no_signal,,sweep
19,6,-700.0,2100.0,no_signal,,sweep
19,6,0.0,2100.0,no_signal,,sweep
19,6,0.0,1400.0,no_signal,,sweep
19,6,0.0,700.0,no_signal,,sweep
19,6,700.0,700.0,no_signal,,sweep
19,6,700.0,0.0,no_signal,,sweep
19,6,700.0,-700.0,no_signal,,sweep
19,6,700.0,-1400.0,no_signal,,sweep
19,6,700.0,-2100.0,no_signal,,sweep
19,6,1400.0,-1400.0,no_signal,,sweep
19,6,1400.0,-700.0,no_signal,,sweep
19,6,1400.0,0.0,no_signal,,sweep
19,6,1400.0,700.0,no_signal,,sweep
19,6,700.0,1400.0,no_signal,,sweep
19,6,700.0,2100.0,no_signal,,sweep
19,6,1400.0,1400.0,no_signal,,sweep
19,6,2100.0,700.0,no_signal,,sweep
19,6,2100.0,0.0,no_signal,,sweep
19,6,2100.0,-700.0,no_signal,,sweep
19,7,0.0,0.0,no_signal,,sweep
19,7,-700.0,-700.0,no_signal,,sweep
19,7,0.0,-700.0,no_signal,,sweep
19,7,0.0,-1400.0,no_signal,,sweep
19,7,0.0,-2100.0,no_signal,,sweep
19,7,-700.0,-2100.0,no_signal,,sweep
19,7,-700.0,-1400.0,no_signal,,sweep
19,7,-1400.0,-1400.0,no_signal,,sweep
19,7,-1400.0,-700.0,no_signal,,sweep
19,7,-2100.0,-700.0,no_signal,,sweep
19,7,-2100.0,0.0,no_signal,,sweep
19,7,-1400.0,0.0,direction,82.84,sweep
19,7,-700.0,0.0,no_signal,,sweep
19,7,-700.0,700.0,no_signal,,sweep
19,7,-1400.0,700.0,direction,56.90,sweep
19,7,-2100.0,700.0,direction,12.09,sweep
19,7,-1400.0,1400.0,no_signal,,sweep
19,7,-700.0,1400.0,no_signal,,sweep
19,8,0.0,0.0,direction,97.90,sweep
19,8,-700.0,0.0,direction,57.98,sweep
19,8,-700.0,700.0,direction,20.70,sweep
19,8,-700.0,1400.0,direction,320.36,sweep
19,9,0.0,0.0,no_signal,,sweep
19,9,-700.0,-700.0,no_signal,,sweep
19,9,0.0,-700.0,no_signal,,sweep
19,9,0.0,-1400.0,no_signal,,sweep
19,9,0.0,-2100.0,no_signal,,sweep
19,9,-700.0,-2100.0,no_signal,,sweep
19,9,-700.0,-1400.0,no_signal,,sweep
19,9,-1400.0,-1400.0,no_signal,,sweep
19,9,-1400.0,-700.0,no_signal,,sweep
19,9,-2100.0,-700.0,no_signal,,sweep
19,9,-2100.0,0.0,no_signal,,sweep
19,9,-1400.0,0.0,no_signal,,sweep
19,9,-700.0,0.0,no_signal,,sweep
19,9,-700.0,700.0,no_signal,,sweep
19,9,-1400.0,700.0,no_signal,,sweep
19,9,-2100.0,700.0,no_signal,,sweep
19,9,-1400.0,1400.0,no_signal,,sweep
19,9,-700.0,1400.0,no_signal,,sweep
19,9,-700.0,2100.0,no_signal,,sweep
19,9,0.0,2100.0,no_signal,,sweep
19,9,0.0,1400.0,no_signal,,sweep
19,9,0.0,700.0,no_signal,,sweep
19,9,700.0,700.0,no_signal,,sweep
19,9,700.0,0.0,no_signal,,sweep
19,9,700.0,-700.0,no_signal,,sweep
19,9,700.0,-1400.0,no_signal,,sweep
19,9,700.0,-2100.0,no_signal,,sweep
19,9,1400.0,-1400.0,no_signal,,sweep
19,9,1400.0,-700.0,no_signal,,sweep
19,9,1400.0,0.0,no_signal,,sweep
19,9,1400.0,700.0,no_signal,,sweep
19,9,700.0,1400.0,no_signal,,sweep
19,9,700.0,2100.0,no_signal,,sweep
19,9,1400.0,1400.0,no_signal,,sweep
19,9,2100.0,700.0,no_signal,,sweep
19,9,2100.0,0.0,no_signal,,sweep
19,9,2100.0,-700.0,no_signal,,sweep
19,10,0.0,0.0,no_signal,,sweep
19,10,-700.0,-700.0,no_signal,,sweep
19,10,0.0,-700.0,no_signal,,sweep
19,10,0.0,-1400.0,no_signal,,sweep
19,10,0.0,-2100.0,no_signal,,sweep
19,10,-700.0,-2100.0,no_signal,,sweep
19,10,-700.0,-1400.0,no_signal,,sweep
19,10,-1400.0,-1400.0,no_signal,,sweep
19,10,-1400.0,-700.0,no_signal,,sweep
19,10,-2100.0,-700.0,no_signal,,sweep
19,10,-2100.0,0.0,no_signal,,sweep
19,10,-1400.0,0.0,no_signal,,sweep
19,10,-700.0,0.0,no_signal,,sweep
19,10,-700.0,700.0,no_signal,,sweep
19,10,-1400.0,700.0,no_signal,,sweep
19,10,-2100.0,700.0,no_signal,,sweep
19,10,-1400.0,1400.0,no_signal,,sweep
19,10,-700.0,1400.0,no_signal,,sweep
19,10,-700.0,2100.0,no_signal,,sweep
19,10,0.0,2100.0,no_signal,,sweep
19,10,0.0,1400.0,no_signal,,sweep
19,10,0.0,700.0,no_signal,,sweep
19,10,700.0,700.0,no_signal,,sweep
19,10,700.0,0.0,no_signal,,sweep
19,10,700.0,-700.0,no_signal,,sweep
19,10,700.0,-1400.0,no_signal,,sweep
19,10,700.0,-2100.0,no_signal,,sweep
19,10,1400.0,-1400.0,no_signal,,sweep
19,10,1400.0,-700.0,no_signal,,sweep
19,10,1400.0,0.0,no_signal,,sweep
19,10,1400.0,700.0,no_signal,,sweep
19,10,700.0,1400.0,no_signal,,sweep
19,10,700.0,2100.0,no_signal,,sweep
19,10,1400.0,1400.0,no_signal,,sweep
19,10,2100.0,700.0,no_signal,,sweep
19,10,2100.0,0.0,no_signal,,sweep
19,10,2100.0,-700.0,no_signal,,sweep
19,11,0.0,0.0,direction,203.84,sweep
19,11,-700.0,-700.0,direction,116.44,sweep
19,12,0.0,0.0,no_signal,,sweep
19,12,-700.0,-700.0,no_signal,,sweep
19,12,0.0,-700.0,no_signal,,sweep
19,12,0.0,-1400.0,no_signal,,sweep
19,12,0.0,-2100.0,no_signal,,sweep
19,12,-700.0,-2100.0,no_signal,,sweep
19,12,-700.0,-1400.0,no_signal,,sweep
19,12,-1400.0,-1400.0,no_signal,,sweep
19,12,-1400.0,-700.0,no_signal,,sweep
19,12,-2100.0,-700.0,no_signal,,sweep
19,12,-2100.0,0.0,no_signal,,sweep
19,12,-1400.0,0.0,no_signal,,sweep
19,12,-700.0,0.0,no_signal,,sweep
19,12,-700.0,700.0,no_signal,,sweep
19,12,-1400.0,700.0,no_signal,,sweep
19,12,-2100.0,700.0,no_signal,,sweep
19,12,-1400.0,1400.0,no_signal,,sweep
19,12,-700.0,1400.0,no_signal,,sweep
19,12,-700.0,2100.0,no_signal,,sweep
19,12,0.0,2100.0,no_signal,,sweep
19,12,0.0,1400.0,no_signal,,sweep
19,12,0.0,700.0,no_signal,,sweep
19,12,700.0,700.0,no_signal,,sweep
19,12,700.0,0.0,no_signal,,sweep
19,12,700.0,-700.0,no_signal,,sweep
19,12,700.0,-1400.0,no_signal,,sweep
19,12,700.0,-2100.0,no_signal,,sweep
19,12,1400.0,-1400.0,no_signal,,sweep
19,12,1400.0,-700.0,no_signal,,sweep
19,12,1400.0,0.0,no_signal,,sweep
19,12,1400.0,700.0,no_signal,,sweep
19,12,700.0,1400.0,no_signal,,sweep
19,12,700.0,2100.0,no_signal,,sweep
19,12,1400.0,1400.0,no_signal,,sweep
19,12,2100.0,700.0,no_signal,,sweep
19,12,2100.0,0.0,no_signal,,sweep
19,12,2100.0,-700.0,no_signal,,sweep
19,13,0.0,0.0,direction,285.74,sweep
19,13,-700.0,-700.0,direction,333.94,sweep
19,13,0.0,-700.0,direction,304.65,sweep
19,13,0.0,-1400.0,no_signal,,sweep
19,13,0.0,-2100.0,no_signal,,sweep
19,13,-700.0,-1400.0,no_signal,,sweep
19,13,700.0,-700.0,direction,233.90,sweep
19,14,0.0,0.0,no_signal,,sweep
19,14,-700.0,-700.0,no_signal,,sweep
19,14,0.0,-700.0,no_signal,,sweep
19,14,0.0,-1400.0,no_signal,,sweep
19,14,0.0,-2100.0,no_signal,,sweep
19,14,-700.0,-2100.0,no_signal,,sweep
19,14,-700.0,-1400.0,no_signal,,sweep
19,14,-1400.0,-1400.0,no_signal,,sweep
19,14,-1400.0,-700.0,no_signal,,sweep
19,14,-2100.0,-700.0,no_signal,,sweep
19,14,-2100.0,0.0,no_signal,,sweep
19,14,-1400.0,0.0,no_signal,,sweep
19,14,-700.0,0.0,no_signal,,sweep
19,14,-700.0,700.0,no_signal,,sweep
19,14,-1400.0,700.0,no_signal,,sweep
19,14,-2100.0,700.0,no_signal,,sweep
19,14,-1400.0,1400.0,no_signal,,sweep
19,14,-700.0,1400.0,no_signal,,sweep
19,14,-700.0,2100.0,no_signal,,sweep
19,14,0.0,2100.0,no_signal,,sweep
19,14,0.0,1400.0,no_signal,,sweep
19,14,0.0,700.0,no_signal,,sweep
19,14,700.0,700.0,no_signal,,sweep
19,14,700.0,0.0,no_signal,,sweep
19,14,700.0,-700.0,no_signal,,sweep
19,14,700.0,-1400.0,no_signal,,sweep
19,14,700.0,-2100.0,no_signal,,sweep
19,14,1400.0,-1400.0,no_signal,,sweep
19,14,1400.0,-700.0,no_signal,,sweep
19,14,1400.0,0.0,no_signal,,sweep
19,14,1400.0,700.0,no_signal,,sweep
19,14,700.0,1400.0,no_signal,,sweep
19,14,700.0,2100.0,no_signal,,sweep
19,14,1400.0,1400.0,no_signal,,sweep
19,14,2100.0,700.0,no_signal,,sweep
19,14,2100.0,0.0,no_signal,,sweep
19,14,2100.0,-700.0,no_signal,,sweep
19,15,0.0,0.0,no_signal,,sweep
19,15,-700.0,-700.0,no_signal,,sweep
19,15,0.0,-700.0,direction,308.02,sweep
19,15,0.0,-1400.0,direction,7.44,sweep
19,15,0.0,-2100.0,direction,58.03,sweep
19,16,0.0,0.0,no_signal,,sweep
19,16,-700.0,-700.0,no_signal,,sweep
19,16,0.0,-700.0,no_signal,,sweep
19,16,0.0,-1400.0,no_signal,,sweep
19,16,0.0,-2100.0,no_signal,,sweep
19,16,-700.0,-2100.0,no_signal,,sweep
19,16,-700.0,-1400.0,no_signal,,sweep
19,16,-1400.0,-1400.0,no_signal,,sweep
19,16,-1400.0,-700.0,no_signal,,sweep
19,16,-2100.0,-700.0,no_signal,,sweep
19,16,-2100.0,0.0,no_signal,,sweep
19,16,-1400.0,0.0,no_signal,,sweep
19,16,-700.0,0.0,no_signal,,sweep
19,16,-700.0,700.0,no_signal,,sweep
19,16,-1400.0,700.0,no_signal,,sweep
19,16,-2100.0,700.0,no_signal,,sweep
19,16,-1400.0,1400.0,no_signal,,sweep
19,16,-700.0,1400.0,no_signal,,sweep
19,16,-700.0,2100.0,no_signal,,sweep
19,16,0.0,2100.0,no_signal,,sweep
19,16,0.0,1400.0,no_signal,,sweep
19,16,0.0,700.0,no_signal,,sweep
19,16,700.0,700.0,no_signal,,sweep
19,16,700.0,0.0,no_signal,,sweep
19,16,700.0,-700.0,no_signal,,sweep
19,16,700.0,-1400.0,no_signal,,sweep
19,16,700.0,-2100.0,no_signal,,sweep
19,16,1400.0,-1400.0,no_signal,,sweep
19,16,1400.0,-700.0,no_signal,,sweep
19,16,1400.0,0.0,no_signal,,sweep
19,16,1400.0,700.0,no_signal,,sweep
19,16,700.0,1400.0,no_signal,,sweep
19,16,700.0,2100.0,no_signal,,sweep
19,16,1400.0,1400.0,no_signal,,sweep
19,16,2100.0,700.0,no_signal,,sweep
19,16,2100.0,0.0,no_signal,,sweep
19,16,2100.0,-700.0,no_signal,,sweep
19,17,0.0,0.0,no_signal,,sweep
19,17,-700.0,-700.0,no_signal,,sweep
19,17,0.0,-700.0,no_signal,,sweep
19,17,0.0,-1400.0,no_signal,,sweep
19,17,0.0,-2100.0,no_signal,,sweep
19,17,-700.0,-2100.0,no_signal,,sweep
19,17,-700.0,-1400.0,no_signal,,sweep
19,17,-1400.0,-1400.0,no_signal,,sweep
19,17,-1400.0,-700.0,no_signal,,sweep
19,17,-2100.0,-700.0,no_signal,,sweep
19,17,-2100.0,0.0,no_signal,,sweep
19,17,-1400.0,0.0,no_signal,,sweep
19,17,-700.0,0.0,no_signal,,sweep
19,17,-700.0,700.0,no_signal,,sweep
19,17,-1400.0,700.0,no_signal,,sweep
19,17,-2100.0,700.0,no_signal,,sweep
19,17,-1400.0,1400.0,no_signal,,sweep
19,17,-700.0,1400.0,no_signal,,sweep
19,17,-700.0,2100.0,no_signal,,sweep
19,17,0.0,2100.0,no_signal,,sweep
19,17,0.0,1400.0,no_signal,,sweep
19,17,0.0,700.0,no_signal,,sweep
19,17,700.0,700.0,no_signal,,sweep
19,17,700.0,0.0,direction,302.51,sweep
19,17,700.0,-700.0,direction,0.09,sweep
19,17,700.0,-1400.0,direction,57.98,sweep
19,18,0.0,0.0,no_signal,,sweep
19,18,-700.0,-700.0,no_signal,,sweep
19,18,0.0,-700.0,no_signal,,sweep
19,18,0.0,-1400.0,direction,51.54,sweep
19,18,700.0,0.0,no_signal,,sweep
19,18,700.0,-700.0,direction,194.02,sweep
19,18,700.0,-1400.0,direction,107.20,sweep
19,19,0.0,0.0,no_signal,,sweep
19,19,-700.0,-700.0,no_signal,,sweep
19,19,0.0,-700.0,no_signal,,sweep
19,19,0.0,-1400.0,no_signal,,sweep
19,19,0.0,-2100.0,no_signal,,sweep
19,19,-700.0,-2100.0,no_signal,,sweep
19,19,-700.0,-1400.0,no_signal,,sweep
19,19,-1400.0,-1400.0,no_signal,,sweep
19,19,-1400.0,-700.0,no_signal,,sweep
19,19,-2100.0,-700.0,direction,54.83,sweep
19,19,-2100.0,0.0,direction,20.81,sweep
19,19,-1400.0,0.0,no_signal,,sweep
19,19,-700.0,0.0,no_signal,,sweep
19,19,-700.0,700.0,no_signal,,sweep
19,19,-1400.0,700.0,direction,268.92,sweep
19,20,0.0,0.0,no_signal,,sweep
19,20,-700.0,-700.0,no_signal,,sweep
19,20,0.0,-700.0,no_signal,,sweep
19,20,0.0,-1400.0,no_signal,,sweep
19,20,0.0,-2100.0,no_signal,,sweep
19,20,-700.0,-2100.0,no_signal,,sweep
19,20,-700.0,-1400.0,no_signal,,sweep
19,20,-1400.0,-1400.0,no_signal,,sweep
19,20,-1400.0,-700.0,no_signal,,sweep
19,20,-2100.0,-700.0,no_signal,,sweep
19,20,-2100.0,0.0,no_signal,,sweep
19,20,-1400.0,0.0,no_signal,,sweep
19,20,-700.0,0.0,no_signal,,sweep
19,20,-700.0,700.0,no_signal,,sweep
19,20,-1400.0,700.0,no_signal,,sweep
19,20,-2100.0,700.0,no_signal,,sweep
19,20,-1400.0,1400.0,no_signal,,sweep
19,20,-700.0,1400.0,no_signal,,sweep
19,20,-700.0,2100.0,no_signal,,sweep
19,20,0.0,2100.0,no_signal,,sweep
19,20,0.0,1400.0,no_signal,,sweep
19,20,0.0,700.0,no_signal,,sweep
19,20,700.0,700.0,no_signal,,sweep
19,20,700.0,0.0,no_signal,,sweep
19,20,700.0,-700.0,no_signal,,sweep
19,20,700.0,-1400.0,no_signal,,sweep
19,20,700.0,-2100.0,no_signal,,sweep
19,20,1400.0,-1400.0,no_signal,,sweep
19,20,1400.0,-700.0,no_signal,,sweep
19,20,1400.0,0.0,no_signal,,sweep
19,20,1400.0,700.0,no_signal,,sweep
19,20,700.0,1400.0,no_signal,,sweep
19,20,700.0,2100.0,no_signal,,sweep
19,20,1400.0,1400.0,no_signal,,sweep
19,20,2100.0,700.0,no_signal,,sweep
19,20,2100.0,0.0,no_signal,,sweep
19,20,2100.0,-700.0,no_signal,,sweep
20,1,0.0,0.0,no_signal,,sweep
20,1,-700.0,-700.0,no_signal,,sweep
20,1,0.0,-700.0,no_signal,,sweep
20,1,0.0,-1400.0,no_signal,,sweep
20,1,0.0,-2100.0,no_signal,,sweep
20,1,-700.0,-2100.0,no_signal,,sweep
20,1,-700.0,-1400.0,no_signal,,sweep
20,1,-1400.0,-1400.0,no_signal,,sweep
20,1,-1400.0,-700.0,no_signal,,sweep
20,1,-2100.0,-700.0,no_signal,,sweep
20,1,-2100.0,0.0,no_signal,,sweep
20,1,-1400.0,0.0,no_signal,,sweep
20,1,-700.0,0.0,no_signal,,sweep
20,1,-700.0,700.0,no_signal,,sweep
20,1,-1400.0,700.0,no_signal,,sweep
20,1,-2100.0,700.0,no_signal,,sweep
20,1,-1400.0,1400.0,no_signal,,sweep
20,1,-700.0,1400.0,no_signal,,sweep
20,1,-700.0,2100.0,no_signal,,sweep
20,1,0.0,2100.0,no_signal,,sweep
20,1,0.0,1400.0,no_signal,,sweep
20,1,0.0,700.0,no_signal,,sweep
20,1,700.0,700.0,no_signal,,sweep
20,1,700.0,0.0,no_signal,,sweep
20,1,700.0,-700.0,no_signal,,sweep
20,1,700.0,-1400.0,no_signal,,sweep
20,1,700.0,-2100.0,no_signal,,sweep
20,1,1400.0,-1400.0,no_signal,,sweep
20,1,1400.0,-700.0,no_signal,,sweep
20,1,1400.0,0.0,no_signal,,sweep
20,1,1400.0,700.0,no_signal,,sweep
20,1,700.0,1400.0,no_signal,,sweep
20,1,700.0,2100.0,no_signal,,sweep
20,1,1400.0,1400.0,no_signal,,sweep
20,1,2100.0,700.0,no_signal,,sweep
20,1,2100.0,0.0,no_signal,,sweep
20,1,2100.0,-700.0,no_signal,,sweep
20,2,0.0,0.0,no_signal,,sweep
20,2,-700.0,-700.0,no_signal,,sweep
20,2,0.0,-700.0,no_signal,,sweep
20,2,0.0,-1400.0,no_signal,,sweep
20,2,0.0,-2100.0,no_signal,,sweep
20,2,-700.0,-2100.0,no_signal,,sweep
20,2,-700.0,-1400.0,no_signal,,sweep
20,2,-1400.0,-1400.0,no_signal,,sweep
20,2,-1400.0,-700.0,no_signal,,sweep
20,2,-2100.0,-700.0,no_signal,,sweep
20,2,-2100.0,0.0,no_signal,,sweep
20,2,-1400.0,0.0,direction,87.75,sweep
20,2,-700.0,0.0,direction,128.95,sweep
20,2,-700.0,700.0,direction,170.39,sweep
20,3,0.0,0.0,no_signal,,sweep
20,3,-700.0,-700.0,no_signal,,sweep
20,3,0.0,-700.0,no_signal,,sweep
20,3,0.0,-1400.0,no_signal,,sweep
20,3,0.0,-2100.0,no_signal,,sweep
20,3,-700.0,-2100.0,no_signal,,sweep
20,3,-700.0,-1400.0,no_signal,,sweep
20,3,-1400.0,-1400.0,no_signal,,sweep
20,3,-1400.0,-700.0,no_signal,,sweep
20,3,-2100.0,-700.0,no_signal,,sweep
20,3,-2100.0,0.0,direction,46.25,sweep
20,3,-1400.0,0.0,direction,79.37,sweep
20,3,-700.0,0.0,direction,119.72,sweep
20,3,-700.0,700.0,direction,155.73,sweep
20,4,0.0,0.0,direction,328.37,sweep
20,4,0.0,-700.0,direction,14.47,sweep
20,4,700.0,700.0,direction,276.27,sweep
20,5,0.0,0.0,no_signal,,sweep
20,5,-700.0,-700.0,no_signal,,sweep
20,5,0.0,-700.0,no_signal,,sweep
20,5,0.0,-1400.0,no_signal,,sweep
20,5,0.0,-2100.0,no_signal,,sweep
20,5,-700.0,-2100.0,no_signal,,sweep
20,5,-700.0,-1400.0,no_signal,,sweep
20,5,-1400.0,-1400.0,no_signal,,sweep
20,5,-1400.0,-700.0,no_signal,,sweep
20,5,-2100.0,-700.0,no_signal,,sweep
20,5,-2100.0,0.0,no_signal,,sweep
20,5,-1400.0,0.0,no_signal,,sweep
20,5,-700.0,0.0,no_signal,,sweep
20,5,-700.0,700.0,no_signal,,sweep
20,5,-1400.0,700.0,no_signal,,sweep
20,5,-2100.0,700.0,no_signal,,sweep
20,5,-1400.0,1400.0,no_signal,,sweep
20,5,-700.0,1400.0,no_signal,,sweep
20,5,-700.0,2100.0,no_signal,,sweep
20,5,0.0,2100.0,no_signal,,sweep
20,5,0.0,1400.0,no_signal,,sweep
20,5,0.0,700.0,no_signal,,sweep
20,5,700.0,700.0,no_signal,,sweep
20,5,700.0,0.0,direction,331.17,sweep
20,5,700.0,-700.0,direction,17.65,sweep
20,5,1400.0,-1400.0,direction,83.15,sweep
20,5,1400.0,-700.0,direction,66.54,sweep
20,6,0.0,0.0,direction,262.85,sweep
20,6,-700.0,-700.0,direction,312.60,sweep
20,6,0.0,-700.0,direction,254.90,sweep
20,6,0.0,-1400.0,direction,146.86,sweep
20,7,0.0,0.0,direction,49.19,sweep
20,7,-700.0,700.0,no_signal,,sweep
20,7,0.0,1400.0,direction,322.22,sweep
20,7,0.0,700.0,direction,12.31,sweep
20,8,0.0,0.0,no_signal,,sweep
20,8,-700.0,-700.0,no_signal,,sweep
20,8,0.0,-700.0,no_signal,,sweep
20,8,0.0,-1400.0,no_signal,,sweep
20,8,0.0,-2100.0,no_signal,,sweep
20,8,-700.0,-2100.0,no_signal,,sweep
20,8,-700.0,-1400.0,no_signal,,sweep
20,8,-1400.0,-1400.0,no_signal,,sweep
20,8,-1400.0,-700.0,no_signal,,sweep
20,8,-2100.0,-700.0,no_signal,,sweep
20,8,-2100.0,0.0,no_signal,,sweep
20,8,-1400.0,0.0,no_signal,,sweep
20,8,-700.0,0.0,no_signal,,sweep
20,8,-700.0,700.0,no_signal,,sweep
20,8,-1400.0,700.0,no_signal,,sweep
20,8,-2100.0,700.0,no_signal,,sweep
20,8,-1400.0,1400.0,no_signal,,sweep
20,8,-700.0,1400.0,no_signal,,sweep
20,8,-700.0,2100.0,no_signal,,sweep
20,8,0.0,2100.0,no_signal,,sweep
20,8,0.0,1400.0,no_signal,,sweep
20,8,0.0,700.0,no_signal,,sweep
20,8,700.0,700.0,no_signal,,sweep
20,8,700.0,0.0,no_signal,,sweep
20,8,700.0,-700.0,no_signal,,sweep
20,8,700.0,-1400.0,no_signal,,sweep
20,8,700.0,-2100.0,no_signal,,sweep
20,8,1400.0,-1400.0,no_signal,,sweep
20,8,1400.0,-700.0,no_signal,,sweep
20,8,1400.0,0.0,no_signal,,sweep
20,8,1400.0,700.0,no_signal,,sweep
20,8,700.0,1400.0,no_signal,,sweep
20,8,700.0,2100.0,no_signal,,sweep
20,8,1400.0,1400.0,no_signal,,sweep
20,8,2100.0,700.0,no_signal,,sweep
20,8,2100.0,0.0,no_signal,,sweep
20,8,2100.0,-700.0,no_signal,,sweep
20,9,0.0,0.0,direction,253.10,sweep
20,9,-700.0,-700.0,direction,15.03,sweep
20,9,0.0,-700.0,direction,135.95,sweep
20,10,0.0,0.0,no_signal,,sweep
20,10,-700.0,-700.0,direction,119.80,sweep
20,10,-1400.0,-700.0,direction,75.32,sweep
20,10,-2100.0,0.0,direction,8.44,sweep
20,10,-1400.0,0.0,direction,34.69,sweep
20,11,0.0,0.0,no_signal,,sweep
20,11,-700.0,-700.0,direction,126.78,sweep
20,11,-1400.0,-700.0,direction,76.41,sweep
20,11,-2100.0,-700.0,no_signal,,sweep
20,11,-2100.0,0.0,no_signal,,sweep
20,11,-1400.0,0.0,no_signal,,sweep
20,11,-700.0,0.0,direction,180.72,sweep
20,12,0.0,0.0,no_signal,,sweep
20,12,-700.0,-700.0,no_signal,,sweep
20,12,0.0,-700.0,no_signal,,sweep
20,12,0.0,-1400.0,no_signal,,sweep
20,12,0.0,-2100.0,no_signal,,sweep
20,12,-700.0,-2100.0,no_signal,,sweep
20,12,-700.0,-1400.0,no_signal,,sweep
20,12,-1400.0,-1400.0,no_signal,,sweep
20,12,-1400.0,-700.0,no_signal,,sweep
20,12,-2100.0,-700.0,no_signal,,sweep
20,12,-2100.0,0.0,no_signal,,sweep
20,12,-1400.0,0.0,no_signal,,sweep
20,12,-700.0,0.0,no_signal,,sweep
20,12,-700.0,700.0,no_signal,,sweep
20,12,-1400.0,700.0,no_signal,,sweep
20,12,-2100.0,700.0,no_signal,,sweep
20,12,-1400.0,1400.0,no_signal,,sweep
20,12,-700.0,1400.0,no_signal,,sweep
20,12,-700.0,2100.0,no_signal,,sweep
20,12,0.0,2100.0,no_signal,,sweep
20,12,0.0,1400.0,no_signal,,sweep
20,12,0.0,700.0,no_signal,,sweep
20,12,700.0,700.0,no_signal,,sweep
20,12,700.0,0.0,no_signal,,sweep
20,12,700.0,-700.0,no_signal,,sweep
20,12,700.0,-1400.0,no_signal,,sweep
20,12,700.0,-2100.0,no_signal,,sweep
20,12,1400.0,-1400.0,direction,109.64,sweep
20,12,1400.0,-700.0,direction,249.80,sweep
20,13,0.0,0.0,no_signal,,sweep
20,13,-700.0,-700.0,no_signal,,sweep
20,13,0.0,-700.0,no_signal,,sweep
20,13,0.0,-1400.0,no_signal,,sweep
20,13,0.0,-2100.0,no_signal,,sweep
20,13,-700.0,-2100.0,no_signal,,sweep
20,13,-700.0,-1400.0,no_signal,,sweep
20,13,-1400.0,-1400.0,no_signal,,sweep
20,13,-1400.0,-700.0,no_signal,,sweep
20,13,-2100.0,-700.0,no_signal,,sweep
20,13,-2100.0,0.0,no_signal,,sweep
20,13,-1400.0,0.0,no_signal,,sweep
20,13,-700.0,0.0,no_signal,,sweep
20,13,-700.0,700.0,no_signal,,sweep
20,13,-1400.0,700.0,no_signal,,sweep
20,13,-2100.0,700.0,no_signal,,sweep
20,13,-1400.0,1400.0,no_signal,,sweep
20,13,-700.0,1400.0,no_signal,,sweep
20,13,-700.0,2100.0,no_signal,,sweep
20,13,0.0,2100.0,no_signal,,sweep
20,13,0.0,1400.0,no_signal,,sweep
20,13,0.0,700.0,no_signal,,sweep
20,13,700.0,700.0,no_signal,,sweep
20,13,700.0,0.0,no_signal,,sweep
20,13,700.0,-700.0,no_signal,,sweep
20,13,700.0,-1400.0,no_signal,,sweep
20,13,700.0,-2100.0,no_signal,,sweep
20,13,1400.0,-1400.0,no_signal,,sweep
20,13,1400.0,-700.0,no_signal,,sweep
20,13,1400.0,0.0,no_signal,,sweep
20,13,1400.0,700.0,no_signal,,sweep
20,13,700.0,1400.0,no_signal,,sweep
20,13,700.0,2100.0,no_signal,,sweep
20,13,1400.0,1400.0,no_signal,,sweep
20,13,2100.0,700.0,no_signal,,sweep
20,13,2100.0,0.0,no_signal,,sweep
20,13,2100.0,-700.0,no_signal,,sweep
20,14,0.0,0.0,no_signal,,sweep
20,14,-700.0,-700.0,no_signal,,sweep
20,14,0.0,-700.0,no_signal,,sweep
20,14,0.0,-1400.0,no_signal,,sweep
20,14,0.0,-2100.0,no_signal,,sweep
20,14,-700.0,-2100.0,no_signal,,sweep
20,14,-700.0,-1400.0,no_signal,,sweep
20,14,-1400.0,-1400.0,no_signal,,sweep
20,14,-1400.0,-700.0,no_signal,,sweep
20,14,-2100.0,-700.0,no_signal,,sweep
20,14,-2100.0,0.0,no_signal,,sweep
20,14,-1400.0,0.0,no_signal,,sweep
20,14,-700.0,0.0,no_signal,,sweep
20,14,-700.0,700.0,no_signal,,sweep
20,14,-1400.0,700.0,no_signal,,sweep
20,14,-2100.0,700.0,no_signal,,sweep
20,14,-1400.0,1400.0,no_signal,,sweep
20,14,-700.0,1400.0,no_signal,,sweep
20,14,-700.0,2100.0,no_signal,,sweep
20,14,0.0,2100.0,no_signal,,sweep
20,14,0.0,1400.0,no_signal,,sweep
20,14,0.0,700.0,no_signal,,sweep
20,14,700.0,700.0,no_signal,,sweep
20,14,700.0,0.0,no_signal,,sweep
20,14,700.0,-700.0,no_signal,,sweep
20,14,700.0,-1400.0,no_signal,,sweep
20,14,700.0,-2100.0,no_signal,,sweep
20,14,1400.0,-1400.0,no_signal,,sweep
20,14,1400.0,-700.0,no_signal,,sweep
20,14,1400.0,0.0,no_signal,,sweep
20,14,1400.0,700.0,no_signal,,sweep
20,14,700.0,1400.0,no_signal,,sweep
20,14,700.0,2100.0,no_signal,,sweep
20,14,1400.0,1400.0,no_signal,,sweep
20,14,2100.0,700.0,no_signal,,sweep
20,14,2100.0,0.0,no_signal,,sweep
20,14,2100.0,-700.0,no_signal,,sweep
20,15,0.0,0.0,no_signal,,sweep
20,15,-700.0,-700.0,no_signal,,sweep
20,15,0.0,-700.0,no_signal,,sweep
20,15,0.0,-1400.0,no_signal,,sweep
20,15,0.0,-2100.0,no_signal,,sweep
20,15,-700.0,-2100.0,no_signal,,sweep
20,15,-700.0,-1400.0,no_signal,,sweep
20,15,-1400.0,-1400.0,no_signal,,sweep
20,15,-1400.0,-700.0,no_signal,,sweep
20,15,-2100.0,-700.0,no_signal,,sweep
20,15,-2100.0,0.0,no_signal,,sweep
20,15,-1400.0,0.0,no_signal,,sweep
20,15,-700.0,0.0,no_signal,,sweep
20,15,-700.0,700.0,no_signal,,sweep
20,15,-1400.0,700.0,no_signal,,sweep
20,15,-2100.0,700.0,no_signal,,sweep
20,15,-1400.0,1400.0,no_signal,,sweep
20,15,-700.0,1400.0,no_signal,,sweep
20,15,-700.0,2100.0,no_signal,,sweep
20,15,0.0,2100.0,no_signal,,sweep
20,15,0.0,1400.0,no_signal,,sweep
20,15,0.0,700.0,no_signal,,sweep
20,15,700.0,700.0,no_signal,,sweep
20,15,700.0,0.0,no_signal,,sweep
20,15,700.0,-700.0,no_signal,,sweep
20,15,700.0,-1400.0,no_signal,,sweep
20,15,700.0,-2100.0,no_signal,,sweep
20,15,1400.0,-1400.0,no_signal,,sweep
20,15,1400.0,-700.0,no_signal,,sweep
20,15,1400.0,0.0,no_signal,,sweep
20,15,1400.0,700.0,no_signal,,sweep
20,15,700.0,1400.0,no_signal,,sweep
20,15,700.0,2100.0,no_signal,,sweep
20,15,1400.0,1400.0,no_signal,,sweep
20,15,2100.0,700.0,no_signal,,sweep
20,15,2100.0,0.0,no_signal,,sweep
20,15,2100.0,-700.0,no_signal,,sweep
20,16,0.0,0.0,direction,41.28,sweep
20,16,0.0,1400.0,direction,319.95,sweep
20,16,0.0,700.0,direction,1.53,sweep
20,16,700.0,700.0,direction,5.81,sweep
20,17,0.0,0.0,direction,46.49,sweep
20,17,0.0,1400.0,direction,310.58,sweep
20,17,0.0,700.0,direction,355.35,sweep
20,18,0.0,0.0,no_signal,,sweep
20,18,-700.0,-700.0,no_signal,,sweep
20,18,0.0,-700.0,no_signal,,sweep
20,18,0.0,-1400.0,no_signal,,sweep
20,18,0.0,-2100.0,no_signal,,sweep
20,18,-700.0,-2100.0,no_signal,,sweep
20,18,-700.0,-1400.0,no_signal,,sweep
20,18,-1400.0,-1400.0,no_signal,,sweep
20,18,-1400.0,-700.0,direction,93.74,sweep
20,18,-2100.0,-700.0,no_signal,,sweep
20,18,-2100.0,0.0,direction,30.67,sweep
20,18,-1400.0,0.0,direction,100.92,sweep
20,19,0.0,0.0,direction,74.84,sweep
20,19,-700.0,0.0,direction,24.48,sweep
20,19,-700.0,700.0,direction,337.25,sweep
20,20,0.0,0.0,no_signal,,sweep
20,20,-700.0,-700.0,no_signal,,sweep
20,20,0.0,-700.0,no_signal,,sweep
20,20,0.0,-1400.0,no_signal,,sweep
20,20,0.0,-2100.0,no_signal,,sweep
20,20,-700.0,-2100.0,no_signal,,sweep
20,20,-700.0,-1400.0,no_signal,,sweep
20,20,-1400.0,-1400.0,no_signal,,sweep
20,20,-1400.0,-700.0,no_signal,,sweep
20,20,-2100.0,-700.0,no_signal,,sweep
20,20,-2100.0,0.0,no_signal,,sweep
20,20,-1400.0,0.0,no_signal,,sweep
20,20,-700.0,0.0,no_signal,,sweep
20,20,-700.0,700.0,no_signal,,sweep
20,20,-1400.0,700.0,no_signal,,sweep
20,20,-2100.0,700.0,no_signal,,sweep
20,20,-1400.0,1400.0,no_signal,,sweep
20,20,-700.0,1400.0,no_signal,,sweep
20,20,-700.0,2100.0,no_signal,,sweep
20,20,0.0,2100.0,no_signal,,sweep
20,20,0.0,1400.0,no_signal,,sweep
20,20,0.0,700.0,no_signal,,sweep
20,20,700.0,700.0,direction,20.91,sweep
20,20,700.0,0.0,no_signal,,sweep
20,20,1400.0,0.0,no_signal,,sweep
20,20,1400.0,700.0,no_signal,,sweep
20,20,700.0,1400.0,direction,317.42,sweep
20,20,1400.0,1400.0,no_signal,,sweep
20,20,2100.0,700.0,no_signal,,sweep
